date,code,name,market,listing_status,sector_code,sector_name,open,high,low,close,volume,amount,adj_factor,vwap,market_cap,shares_out,frgn_net_amt,inst_net_amt,nps_net_amt,tust_net_amt,dealer_net_amt,frgn_net_qty,inst_net_qty,nps_net_qty,short_sell_amt,short_sell_qty,loan_balance_amt,loan_balance_qty,announce_date,revenue,op_income,net_income,total_equity,total_assets,cash_flow_op,cash_flow_inv,cash_flow_fin,div_amount,eps,roe,usdkrw,us10y_yield,kr10y_yield,wti,dxy,cnykrw,gold,ex_div_date,earnings_date,bps,debt_ratio
20150102,000660,SK하이닉스,KOSPI,Listed,2612,FICS  반도체&nbsp;및&nbsp;관련장비,47950.0,48400.0,47650.0,47750.0,1155944.0,55196326000.0,1.0,47750.0,3960332.0,728002365.0,-2214507500.0,-9531805200.0,-259030950.0,-1279137200.0,-8765101450.0,-46369.0,-199017.0,-5452.0,,,,,20150331,18797998000000.0,5336100000000.0,4323595000000.0,21387703000000.0,29677906000000.0,9319520000000.0,-7125530000000.0,-1462257000000.0,375.0,6002.0,20.215331211584527,1093.5999755859375,2.122999906539917,2.798,52.689998626708984,91.08000183105469,,1186.0,,20150331,160838.0,48.43
20150102,005930,삼성전자,KOSPI,Listed,264,FICS  반도체&nbsp;및&nbsp;관련장비,26799.0,26799.0,26540.0,26600.0,175499.0,4668273400.0,1.0,26600.0,6416887.0,5919637922.0,28476934000.0,-27448674000.0,9165047000.0,577734000.0,-43882729000.0,21328.0,-20583.0,6906.0,,,,,20150331,200653482000000.0,26413442000000.0,19060144000000.0,185132014000000.0,242179521000000.0,40061761000000.0,-27167787000000.0,-6573509000000.0,370.0,126305.0,10.295433830261254,1093.5999755859375,2.122999906539917,2.798,52.689998626708984,91.08000183105469,,1186.0,,20150331,62864.0,26.64
20150102,000105,유한양행우,KOSPI,Listed,,기준 분기는,13093.0,13093.0,13093.0,13095.0,0.0,,1.0,,93802.0,1180940.0,,,0.0,0.0,0.0,,,0.0,,,,,20150331,5975.0,513.0,441.0,34841272820.0,47983400927.704,,,,510.0,507.0,3.19,1093.5999755859375,2.122999906539917,2.798,52.689998626708984,91.08000183105469,,1186.0,,20150331,29503.0,37.72
20150102,000157,두산2우B,KOSPI,Listed,,기준 분기는,48237.0,48237.0,48237.0,48238.0,0.0,,1.0,,150278.0,893038.0,,,0.0,0.0,0.0,,,0.0,,,,,,,,,,,,,,,,,1093.5999755859375,2.122999906539917,2.798,52.689998626708984,91.08000183105469,,1186.0,,,,
20150102,000227,유유제약2우B,KOSPI,Listed,,기준 분기는,3410.0,3486.0,3410.0,3487.0,79.0,275473.0,1.0,3487.0,725.0,325560.0,,,0.0,0.0,0.0,,,0.0,,,,,,,,,,,,,,,,,1093.5999755859375,2.122999906539917,2.798,52.689998626708984,91.08000183105469,,1186.0,,,,
20150102,0004Y0,디비금융제14호스팩,KOSDAQ,Listed,,FICS  창업투자&nbsp;및&nbsp;종금,,,,,,,1.0,,107.0,5315000.0,,,,,,,,,,,,,,,-0.0,0.0,10385510000.0,11909064317.0,,,,,2.0,,1093.5999755859375,2.122999906539917,2.798,52.689998626708984,91.08000183105469,,1186.0,,,1954.0,14.67
20150102,00088K,한화3우B,KOSDAQ,Listed,,기준 분기는,,,,,,,1.0,,61691.0,19404441.0,,,,,,,,,,,,,,,,,,,,,,,,,1093.5999755859375,2.122999906539917,2.798,52.689998626708984,91.08000183105469,,1186.0,,,,
20150102,0008Z0,에스엔시스,KOSDAQ,Listed,,FICS  조선,,,,,,,1.0,,2911.0,9436564.0,,,,,,,,,,,,,20150331,332.0,30.0,30.0,167036619364.0,222676517274.1484,,,,,347.0,28.3,1093.5999755859375,2.122999906539917,2.798,52.689998626708984,91.08000183105469,,1186.0,,20150331,17701.0,33.31
20150102,0009K0,에임드바이오,KOSDAQ,Listed,,FICS  바이오,,,,,,,1.0,,36697.0,64156161.0,,,,,,,,,,,,,20150331,1.0,-59.0,-52.0,98800487940.0,102278265115.48799,,,,,-90.0,-65.72,1093.5999755859375,2.122999906539917,2.798,52.689998626708984,91.08000183105469,,1186.0,,20150331,1540.0,3.52
20150102,00104K,CJ4우(전환),KOSDAQ,Listed,,기준 분기는,,,,,,,1.0,,55173.0,4226512.0,,,,,,,,,,,,,,,,,,,,,,,,,1093.5999755859375,2.122999906539917,2.798,52.689998626708984,91.08000183105469,,1186.0,,,,
20150102,001065,JW중외제약우,KOSPI,Listed,,기준 분기는,9119.0,9119.0,9119.0,9123.0,0.0,,1.0,,6054.0,341951.0,,,0.0,0.0,0.0,,,0.0,,,,,,,,,,,,,,,,,1093.5999755859375,2.122999906539917,2.798,52.689998626708984,91.08000183105469,,1186.0,,,,
20150102,0010V0,제이피아이헬스케어,KOSDAQ,Listed,,FICS  의료&nbsp;장비&nbsp;및&nbsp;서비스,,,,,,,1.0,,905.0,5105400.0,,,,,,,,,,,,,20150331,119.0,7.0,11.0,61545597000.0,80901687256.5,,,,,270.0,15.41,1093.5999755859375,2.122999906539917,2.798,52.689998626708984,91.08000183105469,,1186.0,,20150331,12055.0,31.45
20150102,001260,남광토건,KOSPI,Listed,,FICS  건설,39846.0,40677.0,39149.0,40681.0,152662.0,6210442822.0,1.0,40681.0,989.0,9832572.0,-7020390.0,,0.0,0.0,0.0,-2398.0,,0.0,,,,,20150331,876.0,2.0,2.0,124726175820.0,401231634995.358,,,,,25.0,3.85,1093.5999755859375,2.122999906539917,2.798,52.689998626708984,91.08000183105469,,1186.0,,20150331,12685.0,221.69
20150102,001440,대한전선,KOSPI,Listed,,FICS  전기장비,0.0,0.0,0.0,25935.0,0.0,,1.0,,43348.0,186447300.0,,,,,,,,,,,,,,,,,,,,,,,,,1093.5999755859375,2.122999906539917,2.798,52.689998626708984,91.08000183105469,,1186.0,,,,
20150102,001530,DI동일,KOSPI,Listed,,FICS  섬유&nbsp;및&nbsp;의복,6039.0,6072.0,5965.0,6074.0,40.0,242960.0,1.0,6074.0,4014.0,19729280.0,-5801800.0,5164700.0,0.0,0.0,5164700.0,-79.0,70.0,0.0,,,,,20150331,1458.0,-3.0,3.0,524345074560.0,1022105853839.808,,,,238.0,20.0,-2.14,1093.5999755859375,2.122999906539917,2.798,52.689998626708984,91.08000183105469,,1186.0,,20150331,26577.0,94.93
20150102,0015G0,그린광학,KOSDAQ,Listed,,FICS  상업서비스,,,,,,,1.0,,2352.0,11702541.0,,,,,,,,,,,,,20150331,116.0,9.0,9.0,38805625956.0,101740590131.44081,,,,,89.0,1.77,1093.5999755859375,2.122999906539917,2.798,52.689998626708984,91.08000183105469,,1186.0,,20150331,3316.0,162.18
20150102,0015N0,아로마티카,KOSDAQ,Listed,,FICS  개인생활용품,,,,,,,1.0,,2110.0,12715050.0,,,,,,,,,,,,,20150331,130.0,19.0,16.0,27464508000.0,40353601604.4,,,,,155.0,23.66,1093.5999755859375,2.122999906539917,2.798,52.689998626708984,91.08000183105469,,1186.0,,20150331,2160.0,46.93
20150102,001940,KISCO홀딩스,KOSPI,Listed,,FICS  금속&nbsp;및&nbsp;광물,9860.0,9860.0,9700.0,9861.0,15.0,147915.0,1.0,9861.0,3692.0,14176380.0,393500.0,,0.0,0.0,0.0,8.0,,0.0,,,,,,,,,,,,,,,,,1093.5999755859375,2.122999906539917,2.798,52.689998626708984,91.08000183105469,,1186.0,,,,
20150102,002690,동일제강,KOSDAQ,Listed,,FICS  금속&nbsp;및&nbsp;광물,,,,,,,1.0,,331.0,20300360.0,,,,,,,,,,,,,,,,,,,,,,,,,1093.5999755859375,2.122999906539917,2.798,52.689998626708984,91.08000183105469,,1186.0,,,,
20150102,00279K,아모레퍼시픽홀딩스3우C,KOSDAQ,Listed,,기준 분기는,,,,,,,1.0,,22208.0,7092200.0,,,,,,,,,,,,,,,,,,,,,,,,,1093.5999755859375,2.122999906539917,2.798,52.689998626708984,91.08000183105469,,1186.0,,,,
20150102,002800,신신제약,KOSDAQ,Listed,,FICS  제약,,,,,,,1.0,,802.0,15170500.0,,,,,,,,,,,,,,,,,,,,,,,,,1093.5999755859375,2.122999906539917,2.798,52.689998626708984,91.08000183105469,,1186.0,,,,
20150102,002840,미원상사,KOSPI,Listed,,FICS  화학,23049.0,23196.0,23049.0,23198.0,16.0,371168.0,1.0,23198.0,7315.0,4750000.0,,,0.0,0.0,0.0,,,0.0,,,,,20150331,1131.0,108.0,104.0,425595250000.0,499308347300.0,,,,500.0,2180.0,11.07,1093.5999755859375,2.122999906539917,2.798,52.689998626708984,91.08000183105469,,1186.0,,20150331,89599.0,17.32
20150102,003060,에이프로젠바이오로직스,KOSPI,Listed,,FICS  제약,7191.0,7296.0,7124.0,7312.0,67963.0,496945456.0,1.0,7312.0,1166.0,198407845.0,19555503.0,,0.0,0.0,0.0,47540.0,,0.0,,,,,20150331,211.0,-107.0,-245.0,244835280730.0,468786112013.73096,,,,,-123.0,-57.2,1093.5999755859375,2.122999906539917,2.798,52.689998626708984,91.08000183105469,,1186.0,,20150331,1234.0,91.47
20150102,0030R0,대신밸류리츠,KOSDAQ,Listed,,FICS  부동산,,,,,,,1.0,,2840.0,59780000.0,,,,,,,,,,,,,,,,,,,,,,98.0,,,1093.5999755859375,2.122999906539917,2.798,52.689998626708984,91.08000183105469,,1186.0,,,,
20150102,003380,하림지주,KOSDAQ,Listed,,FICS  식료품,,,,,,,1.0,,10326.0,112005621.0,,,,,,,,,,,,,20150331,33060.0,2552.0,1023.0,3572307276174.0,9820629932929.943,,,,120.0,432.0,3.93,1093.5999755859375,2.122999906539917,2.798,52.689998626708984,91.08000183105469,,1186.0,,20150331,31894.0,174.91
20150102,003535,한화투자증권우,KOSPI,Listed,,기준 분기는,1899.0,1974.0,1895.0,1975.0,1078.0,2129050.0,1.0,1975.0,10351.0,4800000.0,,,0.0,0.0,0.0,,,0.0,,,,,20150331,4694.0,377.0,215.0,41692800000.0,354046919040.0,,,,,98.0,3.72,1093.5999755859375,2.122999906539917,2.798,52.689998626708984,91.08000183105469,,1186.0,,20150331,8686.0,749.18
20150102,0037T0,KB제32호스팩,KOSDAQ,Listed,,FICS  창업투자&nbsp;및&nbsp;종금,,,,,,,1.0,,127.0,6330000.0,,,,,,,,,,,,,,,-0.0,0.0,12368820000.0,14425754766.000002,,,,,7.0,,1093.5999755859375,2.122999906539917,2.798,52.689998626708984,91.08000183105469,,1186.0,,,1954.0,16.63
20150102,003925,남양유업우,KOSPI,Listed,,기준 분기는,24323.0,24323.0,24323.0,24324.0,40.0,972960.0,1.0,24324.0,3012.0,2000000.0,,492000.0,0.0,0.0,492000.0,,2.0,0.0,,,,,,,,,,,,,,,,,1093.5999755859375,2.122999906539917,2.798,52.689998626708984,91.08000183105469,,1186.0,,,,
20150102,004150,한솔홀딩스,KOSPI,Listed,,FICS  복합&nbsp;산업,0.0,0.0,0.0,6837.0,0.0,,1.0,,1304.0,41026620.0,,,,,,,,,,,,,,,,,,,,,,,,,1093.5999755859375,2.122999906539917,2.798,52.689998626708984,91.08000183105469,,1186.0,,,,
20150102,0041B0,교보18호스팩,KOSDAQ,Listed,,FICS  창업투자&nbsp;및&nbsp;종금,,,,,,,1.0,,105.0,5040000.0,,,,,,,,,,,,,,,-0.0,-0.0,9570960000.0,11488023288.0,,,,,-11.0,,1093.5999755859375,2.122999906539917,2.798,52.689998626708984,91.08000183105469,,1186.0,,,1899.0,20.03
20150102,0041J0,엘에스스팩1호,KOSDAQ,Listed,,FICS  창업투자&nbsp;및&nbsp;종금,,,,,,,1.0,,82.0,4110000.0,,,,,,,,,,,,,,,-0.0,0.0,8224110000.0,9948705867.0,,,,,2.0,,1093.5999755859375,2.122999906539917,2.798,52.689998626708984,91.08000183105469,,1186.0,,,2001.0,20.97
20150102,0041L0,하나35호스팩,KOSDAQ,Listed,,FICS  창업투자&nbsp;및&nbsp;종금,,,,,,,1.0,,122.0,6030000.0,,,,,,,,,,,,,,,-0.0,-0.0,11463030000.0,13258140498.0,,,,,-6.0,,1093.5999755859375,2.122999906539917,2.798,52.689998626708984,91.08000183105469,,1186.0,,,1901.0,15.66
20150102,004310,현대약품,KOSPI,Listed,,FICS  제약,2392.0,2402.0,2339.0,2403.0,32230.0,77448690.0,1.0,2403.0,1619.0,32000000.0,-3389460.0,,0.0,0.0,0.0,-1375.0,,0.0,,,,,,,,,,,,,,,,,1093.5999755859375,2.122999906539917,2.798,52.689998626708984,91.08000183105469,,1186.0,,,,
20150102,004440,삼일씨엔에스,KOSDAQ,Listed,,FICS  건축소재,,,,,,,1.0,,604.0,12731947.0,,,,,,,,,,,,,,,,,,,,,,,,,1093.5999755859375,2.122999906539917,2.798,52.689998626708984,91.08000183105469,,1186.0,,,,
20150102,0044K0,삼성스팩10호,KOSDAQ,Listed,,FICS  창업투자&nbsp;및&nbsp;종금,,,,,,,1.0,,151.0,7520000.0,,,,,,,,,,,,,,,-2.0,-2.0,14536160000.0,16751470784.000002,,,,,-45.0,,1093.5999755859375,2.122999906539917,2.798,52.689998626708984,91.08000183105469,,1186.0,,,1933.0,15.24
20150102,00499K,롯데지주우,KOSDAQ,Listed,,기준 분기는,,,,,,,1.0,,29479.0,805603.0,,,,,,,,,,,,,,,,,,,,,,,,,1093.5999755859375,2.122999906539917,2.798,52.689998626708984,91.08000183105469,,1186.0,,,,
20150102,005257,녹십자홀딩스2우,KOSPI,Listed,,기준 분기는,0.0,0.0,0.0,13650.0,0.0,,1.0,,7689.0,845990.0,,,,,,,,,,,,,,,,,,,,,,,,,1093.5999755859375,2.122999906539917,2.798,52.689998626708984,91.08000183105469,,1186.0,,,,
20150102,005305,롯데칠성우,KOSPI,Listed,,기준 분기는,65196.0,65196.0,64257.0,65197.0,744.0,48506568.0,1.0,65197.0,12350.0,775310.0,,435558000.0,0.0,469908000.0,0.0,,634.0,0.0,,,,,,,,,,,,,,,,,1093.5999755859375,2.122999906539917,2.798,52.689998626708984,91.08000183105469,,1186.0,,,,
20150102,0054V0,엔에이치스팩32호,KOSDAQ,Listed,,FICS  창업투자&nbsp;및&nbsp;종금,,,,,,,1.0,,238.0,6216500.0,,,,,,,,,,,,,,,-0.0,-0.0,8665801000.0,16367098348.7,,,,,-20.0,,1093.5999755859375,2.122999906539917,2.798,52.689998626708984,91.08000183105469,,1186.0,,,1394.0,88.87
20150102,005820,원림,KOSPI,Listed,,FICS  용기&nbsp;및&nbsp;포장,16712.0,17238.0,16712.0,17239.0,618.0,10653702.0,1.0,17239.0,346.0,2297970.0,,7505400.0,0.0,0.0,7505400.0,,422.0,0.0,,,,,,,,,,,,,,,,,1093.5999755859375,2.122999906539917,2.798,52.689998626708984,91.08000183105469,,1186.0,,,,
20150102,005965,동부건설우,KOSPI,Listed,,기준 분기는,0.0,0.0,0.0,15561.0,0.0,,1.0,,1367.0,225732.0,,,,,,,,,,,,,,,,,,,,,,,,,1093.5999755859375,2.122999906539917,2.798,52.689998626708984,91.08000183105469,,1186.0,,,,
20150102,006620,동구바이오제약,KOSDAQ,Listed,,FICS  제약,,,,,,,1.0,,1639.0,28464992.0,,,,,,,,,,,,,20150331,620.0,22.0,-16.0,116421817280.0,283009795625.952,,,,120.0,-57.0,0.68,1093.5999755859375,2.122999906539917,2.798,52.689998626708984,91.08000183105469,,1186.0,,20150331,4090.0,143.09
20150102,00680K,미래에셋증권2우B,KOSDAQ,Listed,,기준 분기는,,,,,,,1.0,,124614.0,137500000.0,,,,,,,,,,,,,20150331,66724.0,3000.0,2438.0,3031600000000.0,34008791960000.0,,,,250.0,325.0,10.6,1093.5999755859375,2.122999906539917,2.798,52.689998626708984,91.08000183105469,,1186.0,,20150331,22048.0,1021.81
20150102,0068Y0,비엔케이제3호스팩,KOSDAQ,Listed,,FICS  창업투자&nbsp;및&nbsp;종금,,,,,,,1.0,,87.0,4310000.0,,,,,,,,,,,,,,,,,,,,,,,,,1093.5999755859375,2.122999906539917,2.798,52.689998626708984,91.08000183105469,,1186.0,,,,
20150102,0071M0,삼성스팩11호,KOSDAQ,Listed,,FICS  창업투자&nbsp;및&nbsp;종금,,,,,,,1.0,,118.0,5760000.0,,,,,,,,,,,,,,,-0.0,-0.0,10851840000.0,12645649152.0,,,,,-4.0,,1093.5999755859375,2.122999906539917,2.798,52.689998626708984,91.08000183105469,,1186.0,,,1884.0,16.53
20150102,007280,한국특강,KOSPI,Listed,,FICS  금속&nbsp;및&nbsp;광물,3634.0,3634.0,3634.0,3635.0,0.0,,1.0,,881.0,60813311.0,,,0.0,0.0,0.0,,,0.0,,,,,,,,,,,,,,,,,1093.5999755859375,2.122999906539917,2.798,52.689998626708984,91.08000183105469,,1186.0,,,,
20150102,0072Z0,KB제33호스팩,KOSDAQ,Listed,,FICS  창업투자&nbsp;및&nbsp;종금,,,,,,,1.0,,157.0,7885000.0,,,,,,,,,,,,,,,,,,,,,,,,,1093.5999755859375,2.122999906539917,2.798,52.689998626708984,91.08000183105469,,1186.0,,,,
20150102,007680,대원,KOSDAQ,Listed,,FICS  건설,,,,,,,1.0,,573.0,13446474.0,,,,,,,,,,,,,,,,,,,,,,,,,1093.5999755859375,2.122999906539917,2.798,52.689998626708984,91.08000183105469,,1186.0,,,,
20150102,00806K,대덕1우,KOSDAQ,Listed,,기준 분기는,,,,,,,1.0,,3683.0,1212357.0,,,,,,,,,,,,,,,,,,,,,,,,,1093.5999755859375,2.122999906539917,2.798,52.689998626708984,91.08000183105469,,1186.0,,,,
20150102,008290,원풍물산,KOSDAQ,Listed,,FICS  섬유&nbsp;및&nbsp;의복,2059.0,2142.0,2059.0,2143.0,320336.0,686480048.0,1.0,2143.0,194.0,40693679.0,,,0.0,0.0,0.0,,,0.0,,,,,,,,,,,,,,,,,1093.5999755859375,2.122999906539917,2.798,52.689998626708984,91.08000183105469,,1186.0,,,,
20150102,0091W0,신영스팩11호,KOSDAQ,Listed,,FICS  창업투자&nbsp;및&nbsp;종금,,,,,,,1.0,,125.0,6068000.0,,,,,,,,,,,,,,,,,,,,,,,,,1093.5999755859375,2.122999906539917,2.798,52.689998626708984,91.08000183105469,,1186.0,,,,
20150102,009310,참엔지니어링,KOSPI,Listed,,FICS  디스플레이&nbsp;및&nbsp;관련부품,0.0,0.0,0.0,14300.0,0.0,,1.0,,198.0,16973483.0,,,,,,,,,,,,,,,,,,,,,,,,,1093.5999755859375,2.122999906539917,2.798,52.689998626708984,91.08000183105469,,1186.0,,,,1200.0
20150102,0093G0,미래에셋비전스팩8호,KOSDAQ,Listed,,FICS  창업투자&nbsp;및&nbsp;종금,,,,,,,1.0,,127.0,6400000.0,,,,,,,,,,,,,,,,,,,,,,,,,1093.5999755859375,2.122999906539917,2.798,52.689998626708984,91.08000183105469,,1186.0,,,,
20150102,0096B0,삼성스팩12호,KOSDAQ,Listed,,FICS  창업투자&nbsp;및&nbsp;종금,,,,,,,1.0,,273.0,6580000.0,,,,,,,,,,,,,,,,,,,,,,,,,1093.5999755859375,2.122999906539917,2.798,52.689998626708984,91.08000183105469,,1186.0,,,,
20150102,0096D0,미래에셋비전스팩9호,KOSDAQ,Listed,,FICS  창업투자&nbsp;및&nbsp;종금,,,,,,,1.0,,146.0,5500000.0,,,,,,,,,,,,,,,,,,,,,,,,,1093.5999755859375,2.122999906539917,2.798,52.689998626708984,91.08000183105469,,1186.0,,,,
20150102,009900,명신산업,KOSDAQ,Listed,,FICS  자동차부품,,,,,,,1.0,,4848.0,52470133.0,,,,,,,,,,,,,20150331,4246.0,316.0,289.0,783011794759.0,1448102013227.2944,,,,150.0,551.0,14.45,1093.5999755859375,2.122999906539917,2.798,52.689998626708984,91.08000183105469,,1186.0,,20150331,14923.0,84.94
20150102,010400,우진아이엔에스,KOSDAQ,Listed,,FICS  기계,,,,,,,1.0,,311.0,7622000.0,,,,,,,,,,,,,,,,,,,,,,,,,1093.5999755859375,2.122999906539917,2.798,52.689998626708984,91.08000183105469,,1186.0,,,,
20150102,011000,진원생명과학,KOSPI,Listed,,FICS  바이오,4163.0,4668.0,4139.0,4670.0,6816400.0,31832588000.0,1.0,4670.0,1767.0,85409936.0,635889575.0,-500000.0,0.0,0.0,-500000.0,355924.0,,0.0,,,,,20150331,51.0,-117.0,-115.0,55516458400.0,125900224359.52002,,,,,-135.0,-71.52,1093.5999755859375,2.122999906539917,2.798,52.689998626708984,91.08000183105469,,1186.0,,20150331,650.0,126.78
20150102,011300,성안머티리얼스,KOSPI,Listed,,FICS  섬유&nbsp;및&nbsp;의복,654.0,666.0,654.0,667.0,136142.0,90806714.0,1.0,667.0,589.0,155617675.0,4365668.0,,0.0,0.0,0.0,6596.0,,0.0,,,,,,,,,,,,,,,,,1093.5999755859375,2.122999906539917,2.798,52.689998626708984,91.08000183105469,,1186.0,,,,
20150102,0120G0,삼양바이오팜,KOSDAQ,Listed,,FICS  의료&nbsp;장비&nbsp;및&nbsp;서비스,,,,,,,1.0,,4758.0,7435870.0,,,,,,,,,,,,,,,,,,,,,,,,,1093.5999755859375,2.122999906539917,2.798,52.689998626708984,91.08000183105469,,1186.0,,,,
20150102,012340,뉴인텍,KOSDAQ,Listed,,FICS  전기장비,1734.0,1758.0,1721.0,1762.0,23063.0,40637006.0,1.0,1762.0,242.0,53005062.0,-110416.0,,0.0,0.0,0.0,-153.0,,0.0,,,,,20150331,202.0,-12.0,-15.0,21997100730.0,82185567747.42601,,,,,-28.0,-27.36,1093.5999755859375,2.122999906539917,2.798,52.689998626708984,91.08000183105469,,1186.0,,20150331,415.0,273.62
20150102,0126Z0,삼성에피스홀딩스,KOSDAQ,Listed,,FICS  바이오,,,,,,,1.0,,128147.0,24883049.0,,,,,,,,,,,,,,,,,,,,,,,,,1093.5999755859375,2.122999906539917,2.798,52.689998626708984,91.08000183105469,,1186.0,,,,
20150102,013310,아진산업,KOSDAQ,Listed,,FICS  자동차부품,,,,,,,1.0,,1173.0,38806582.0,,,,,,,,,,,,,20150331,2610.0,50.0,-129.0,372038701634.0,1671049032259.2744,,,,100.0,232.0,5.18,1093.5999755859375,2.122999906539917,2.798,52.689998626708984,91.08000183105469,,1186.0,,20150331,9587.0,349.16
20150102,013570,디와이,KOSPI,Listed,,FICS  기계,0.0,0.0,0.0,6580.0,0.0,,1.0,,1184.0,26319633.0,,,,,,,,,,,,,,,,,,,,,,,,,1093.5999755859375,2.122999906539917,2.798,52.689998626708984,91.08000183105469,,1186.0,,,,
20150102,013890,지누스,KOSDAQ,Listed,,FICS  내구소비재,,,,,,,1.0,,2697.0,22254576.0,,,,,,,,,,,,,20150331,3150.0,140.0,-99.0,678942604608.0,1138790430708.9983,,,,90.0,359.0,5.68,1093.5999755859375,2.122999906539917,2.798,52.689998626708984,91.08000183105469,,1186.0,,20150331,30508.0,67.73
20150102,014790,HL D&I,KOSPI,Listed,,FICS  건설,6500.0,6660.0,6390.0,6470.0,43809.0,283444230.0,1.0,6470.0,1101.0,37858601.0,-38785470.0,-58140.0,0.0,0.0,-58140.0,-6027.0,-9.0,0.0,,,,,,,,,,,,,,,,,1093.5999755859375,2.122999906539917,2.798,52.689998626708984,91.08000183105469,,1186.0,,,,
20150102,014820,동원시스템즈,KOSPI,Listed,,FICS  용기&nbsp;및&nbsp;포장,24250.0,25550.0,24250.0,24600.0,10017.0,246418200.0,1.0,24600.0,7943.0,28991282.0,-21583000.0,,0.0,0.0,0.0,-860.0,,0.0,,,,,20150331,3564.0,202.0,153.0,837993006210.0,1532354011155.606,,,,300.0,523.0,7.07,1093.5999755859375,2.122999906539917,2.798,52.689998626708984,91.08000183105469,,1186.0,,20150331,28905.0,82.86
20150102,014825,동원시스템즈우,KOSPI,Listed,,기준 분기는,15050.0,15900.0,15000.0,15400.0,959.0,14768600.0,1.0,15400.0,7943.0,264111.0,-167050.0,,0.0,0.0,0.0,-11.0,,0.0,,,,,20150331,3564.0,202.0,153.0,7634128455.0,13959767292.813,,,,350.0,523.0,7.07,1093.5999755859375,2.122999906539917,2.798,52.689998626708984,91.08000183105469,,1186.0,,20150331,28905.0,82.86
20150102,014830,유니드,KOSPI,Listed,,FICS  화학,49040.0,49127.0,48355.0,48784.0,14420.0,703465280.0,1.0,48784.0,4541.0,6767600.0,-100903000.0,44817800.0,92311300.0,123159900.0,-28029800.0,-1773.0,777.0,1623.0,,,,,20150331,3174.0,160.0,134.0,1093650927600.0,1487474626628.76,,,,1800.0,1824.0,6.94,1093.5999755859375,2.122999906539917,2.798,52.689998626708984,91.08000183105469,,1186.0,,20150331,161601.0,36.01
20150102,014910,성문전자,KOSPI,Listed,,FICS  전기장비,1300.0,1315.0,1255.0,1260.0,35287.0,44461620.0,1.0,1260.0,247.0,22460985.0,,,0.0,0.0,0.0,,,0.0,,,,,20150331,115.0,5.0,7.0,44225679465.0,83449434582.5085,,,,5.0,30.0,7.48,1093.5999755859375,2.122999906539917,2.798,52.689998626708984,91.08000183105469,,1186.0,,20150331,1969.0,88.69
20150102,014915,성문전자우,KOSPI,Listed,,기준 분기는,1780.0,1845.0,1780.0,1780.0,82.0,145960.0,1.0,1780.0,247.0,600000.0,,,0.0,0.0,0.0,,,0.0,,,,,,,,,,,,,,,,,1093.5999755859375,2.122999906539917,2.798,52.689998626708984,91.08000183105469,,1186.0,,,,
20150102,014940,오리엔탈정공,KOSDAQ,Listed,,FICS  조선,3197.0,3222.0,3105.0,3149.0,152793.0,481145157.0,1.0,3149.0,3850.0,45573661.0,,,0.0,0.0,0.0,,,0.0,,,,,20150331,528.0,64.0,59.0,128791165986.0,245244138270.5412,,,,100.0,129.0,21.4,1093.5999755859375,2.122999906539917,2.798,52.689998626708984,91.08000183105469,,1186.0,,20150331,2826.0,90.42
20150102,014950,삼익제약,KOSDAQ,Listed,,FICS  제약,,,,,,,1.0,,1499.0,9171413.0,,,,,,,,,,,,,20150331,158.0,11.0,9.0,54331450612.0,70342929107.3564,,,,,102.0,7.02,1093.5999755859375,2.122999906539917,2.798,52.689998626708984,91.08000183105469,,1186.0,,20150331,5924.0,29.47
20150102,014970,삼륭물산,KOSDAQ,Listed,,FICS  용기&nbsp;및&nbsp;포장,3195.0,3375.0,3155.0,3280.0,230220.0,755121600.0,1.0,3280.0,1107.0,15125000.0,-16176345.0,,0.0,0.0,0.0,-4880.0,,0.0,,,,,20150331,232.0,8.0,18.0,56023000000.0,99171914600.0,,,,75.0,116.0,-6.61,1093.5999755859375,2.122999906539917,2.798,52.689998626708984,91.08000183105469,,1186.0,,20150331,3704.0,77.02
20150102,014990,인디에프,KOSPI,Listed,,FICS  섬유&nbsp;및&nbsp;의복,1360.0,1360.0,1315.0,1345.0,231942.0,311961990.0,1.0,1345.0,689.0,75112995.0,-8108900.0,,0.0,0.0,0.0,-6061.0,,0.0,,,,,20150331,220.0,-24.0,-31.0,34251525720.0,111338009505.43199,,,,,-42.0,3.25,1093.5999755859375,2.122999906539917,2.798,52.689998626708984,91.08000183105469,,1186.0,,20150331,456.0,225.06
20150102,015020,이스타코,KOSPI,Listed,,FICS  부동산,2220.0,2400.0,2180.0,2370.0,1351487.0,3203024190.0,1.0,2370.0,269.0,42851600.0,179637270.0,-1490695.0,0.0,0.0,-1490695.0,77563.0,-651.0,0.0,,,,,,,,,,,,,,,,,1093.5999755859375,2.122999906539917,2.798,52.689998626708984,91.08000183105469,,1186.0,,,,
20150102,015230,대창단조,KOSPI,Listed,,FICS  기계,3080.0,3080.0,2975.0,2983.0,33110.0,98767130.0,1.0,2983.0,1805.0,28572230.0,-49968400.0,6590250.0,0.0,0.0,6590250.0,-1172.0,155.0,0.0,,,,,20150331,865.0,106.0,85.0,356810008240.0,448688585361.80005,,,,160.0,314.0,10.61,1093.5999755859375,2.122999906539917,2.798,52.689998626708984,91.08000183105469,,1186.0,,20150331,12488.0,25.75
20150102,015260,에이엔피,KOSPI,Listed,,FICS  전자&nbsp;장비&nbsp;및&nbsp;기기,6323.0,6633.0,6323.0,6642.0,499715.0,3319107030.0,1.0,6642.0,208.0,45116894.0,29501930.0,,0.0,0.0,0.0,28227.0,,0.0,,,,,,,,,,,,,,,,,1093.5999755859375,2.122999906539917,2.798,52.689998626708984,91.08000183105469,,1186.0,,,,
20150102,015360,INVENI,KOSPI,Listed,,FICS  가스,36100.0,36100.0,34750.0,35650.0,1147.0,40890550.0,1.0,35650.0,3801.0,5700000.0,7796400.0,,0.0,0.0,0.0,220.0,,0.0,,,,,20150331,1503.0,161.0,88.0,821484000000.0,1726841516400.0,,,,3000.0,1476.0,13.17,1093.5999755859375,2.122999906539917,2.798,52.689998626708984,91.08000183105469,,1186.0,,20150331,144120.0,110.21
20150102,015590,DKME,KOSPI,Listed,,FICS  기계,912.0,921.0,894.0,920.0,20204.0,18587680.0,1.0,920.0,1220.0,236981544.0,1549350.0,,0.0,0.0,0.0,1049.0,,0.0,,,,,20150331,334.0,3.0,31.0,130576830744.0,195499630989.91678,,,,,13.0,7.98,1093.5999755859375,2.122999906539917,2.798,52.689998626708984,91.08000183105469,,1186.0,,20150331,551.0,49.72
20150102,015710,코콤,KOSDAQ,Listed,,FICS  IT&nbsp;서비스,9700.0,9770.0,9220.0,9650.0,897547.0,8661328550.0,1.0,9650.0,638.0,17530500.0,19700270.0,,0.0,0.0,0.0,2083.0,,0.0,,,,,20150331,210.0,0.0,6.0,133862898000.0,159176372011.80002,,,,70.0,32.0,3.64,1093.5999755859375,2.122999906539917,2.798,52.689998626708984,91.08000183105469,,1186.0,,20150331,7636.0,18.91
20150102,015750,성우하이텍,KOSDAQ,Listed,,FICS  자동차부품,11241.0,11431.0,11098.0,11432.0,178953.0,2045790696.0,1.0,11432.0,5864.0,80000000.0,-74046050.0,-352082650.0,0.0,-428407950.0,174229750.0,-6276.0,-29817.0,0.0,,,,,20150331,11851.0,634.0,617.0,1624960000000.0,3884954368000.0,,,,150.0,721.0,12.17,1093.5999755859375,2.122999906539917,2.798,52.689998626708984,91.08000183105469,,1186.0,,20150331,20312.0,139.08
20150102,015760,한국전력,KOSPI,Listed,,FICS  전력,42350.0,42950.0,42200.0,42700.0,637596.0,27225349200.0,1.0,42700.0,335105.0,641964077.0,4009676500.0,-3063163200.0,452028650.0,-650534750.0,-2621306650.0,94083.0,-72067.0,10591.0,,,,,20150331,238716.0,32974.0,18775.0,48018912959600.0,254509842468471.94,,,,213.0,2350.0,19.43,1093.5999755859375,2.122999906539917,2.798,52.689998626708984,91.08000183105469,,1186.0,,20150331,74800.0,430.02
20150102,015860,일진홀딩스,KOSPI,Listed,,FICS  전기장비,6740.0,7130.0,6690.0,7090.0,510429.0,3618941610.0,1.0,7090.0,3592.0,49347483.0,156686380.0,14433180.0,0.0,25156310.0,-10723130.0,22570.0,2067.0,0.0,,,,,20150331,5173.0,329.0,296.0,520221165786.0,986131241863.9415,,,,150.0,322.0,8.75,1093.5999755859375,2.122999906539917,2.798,52.689998626708984,91.08000183105469,,1186.0,,20150331,10542.0,89.56
20150102,015890,태경산업,KOSPI,Listed,,FICS  복합&nbsp;산업,5750.0,5840.0,5700.0,5800.0,17423.0,101053400.0,1.0,5800.0,1528.0,29228750.0,-20162520.0,7043270.0,0.0,7043270.0,0.0,-3496.0,1218.0,0.0,,,,,20150331,1984.0,167.0,136.0,239704978750.0,400043639035.875,,,,250.0,200.0,6.97,1093.5999755859375,2.122999906539917,2.798,52.689998626708984,91.08000183105469,,1186.0,,20150331,8201.0,66.89
20150102,016090,대현,KOSPI,Listed,,FICS  섬유&nbsp;및&nbsp;의복,2855.0,2910.0,2800.0,2830.0,507967.0,1437546610.0,1.0,2830.0,781.0,44282310.0,-84176235.0,-77348715.0,0.0,-62789295.0,0.0,-29529.0,-27088.0,0.0,,,,,20150331,468.0,-20.0,-5.0,269900679450.0,315486904209.10504,,,,90.0,-10.0,2.28,1093.5999755859375,2.122999906539917,2.798,52.689998626708984,91.08000183105469,,1186.0,,20150331,6095.0,16.89
20150102,016100,리더스코스메틱,KOSDAQ,Listed,,FICS  용기&nbsp;및&nbsp;포장,23900.0,24650.0,23800.0,24350.0,344684.0,8393055400.0,1.0,24350.0,415.0,19100894.0,695730900.0,379857550.0,93408450.0,-65730000.0,196891900.0,28563.0,15567.0,3836.0,,,,,,,,,,,,,,,,,1093.5999755859375,2.122999906539917,2.798,52.689998626708984,91.08000183105469,,1186.0,,,,
20150102,016250,SGC E&C,KOSDAQ,Listed,,FICS  건설,28702.0,28702.0,27518.0,28283.0,47801.0,1351955683.0,1.0,28283.0,793.0,5036986.0,92614100.0,-19600200.0,0.0,-19600200.0,0.0,860.0,-185.0,0.0,,,,,,,,,,,,,,,,,1093.5999755859375,2.122999906539917,2.798,52.689998626708984,91.08000183105469,,1186.0,,,,
20150102,016360,삼성증권,KOSPI,Listed,,FICS  증권,43260.0,43842.0,43066.0,43261.0,208846.0,9034886806.0,1.0,43261.0,73047.0,89300000.0,-2589895000.0,929006000.0,-203574550.0,428301250.0,1463430150.0,-57836.0,20684.0,-4553.0,,,,,20150331,27250.0,2896.0,2167.0,7960469900000.0,76972967651060.02,,,,3500.0,2450.0,12.54,1093.5999755859375,2.122999906539917,2.798,52.689998626708984,91.08000183105469,,1186.0,,20150331,89143.0,866.94
20150102,016380,KG스틸,KOSPI,Listed,,FICS  금속&nbsp;및&nbsp;광물,228907.0,239044.0,227237.0,235725.0,156013.0,36776164425.0,1.0,235725.0,5540.0,100008897.0,-5568160.0,5520000.0,0.0,0.0,5520000.0,-3887.0,4000.0,0.0,,,,,20150331,7230.0,257.0,150.0,2116488287211.0,3518450128659.566,,,,250.0,350.0,7.47,1093.5999755859375,2.122999906539917,2.798,52.689998626708984,91.08000183105469,,1186.0,,20150331,21163.0,66.24
20150102,016450,한세예스24홀딩스,KOSPI,Listed,,FICS  섬유&nbsp;및&nbsp;의복,12200.0,12450.0,11150.0,12450.0,47206.0,587714700.0,1.0,12450.0,1732.0,40000000.0,82387600.0,-145629500.0,-147221250.0,0.0,0.0,6798.0,-12149.0,-12279.0,,,,,20150331,8796.0,239.0,26.0,482880000000.0,1536137856000.0,,,,250.0,-101.0,-8.29,1093.5999755859375,2.122999906539917,2.798,52.689998626708984,91.08000183105469,,1186.0,,20150331,12072.0,218.12
20150102,016580,환인제약,KOSPI,Listed,,FICS  제약,23300.0,23300.0,22250.0,23250.0,41849.0,972989250.0,1.0,23250.0,2159.0,18600070.0,-17848450.0,200905150.0,0.0,108504250.0,-4694900.0,-854.0,8661.0,0.0,,,,,20150331,663.0,32.0,33.0,441937663200.0,494749213952.39996,,,,300.0,176.0,3.95,1093.5999755859375,2.122999906539917,2.798,52.689998626708984,91.08000183105469,,1186.0,,20150331,23760.0,11.95
20150102,016590,신대양제지,KOSPI,Listed,,FICS  종이&nbsp;및&nbsp;목재,3360.0,3530.0,3300.0,3530.0,59000.0,208270000.0,1.0,3530.0,5839.0,40297820.0,-3575200.0,119639100.0,0.0,0.0,0.0,-99.0,3453.0,0.0,,,,,,,,,,,,,,,,,1093.5999755859375,2.122999906539917,2.798,52.689998626708984,91.08000183105469,,1186.0,,,,
20150102,016600,큐캐피탈,KOSDAQ,Listed,,FICS  창업투자&nbsp;및&nbsp;종금,320.0,323.0,314.0,319.0,58435.0,18640765.0,1.0,319.0,440.0,178247112.0,-817247.0,,0.0,0.0,0.0,-2561.0,,0.0,,,,,20150331,44.0,9.0,7.0,142597689600.0,188100612351.36,,,,,4.0,-1.73,1093.5999755859375,2.122999906539917,2.798,52.689998626708984,91.08000183105469,,1186.0,,20150331,800.0,31.91
20150102,016610,DB증권,KOSPI,Listed,,FICS  증권,3630.0,3710.0,3550.0,3690.0,133098.0,491131620.0,1.0,3690.0,4584.0,42446389.0,45289410.0,29250000.0,0.0,0.0,29250000.0,12458.0,8000.0,0.0,,,,,,,,,,,,,,,,,1093.5999755859375,2.122999906539917,2.798,52.689998626708984,91.08000183105469,,1186.0,,,,
20150102,016670,디모아,KOSDAQ,Listed,,FICS  일반&nbsp;소프트웨어,47040.0,48156.0,46769.0,46939.0,46351.0,2175669589.0,1.0,46939.0,361.0,7594234.0,110859315.0,,0.0,0.0,0.0,63476.0,,0.0,,,,,,,,,,,,,,,,,1093.5999755859375,2.122999906539917,2.798,52.689998626708984,91.08000183105469,,1186.0,,,,
20150102,016710,대성홀딩스,KOSPI,Listed,,FICS  가스,10550.0,10900.0,10550.0,10750.0,12029.0,129311750.0,1.0,10750.0,1430.0,16089459.0,-40081500.0,87152750.0,40374850.0,45750050.0,0.0,-3722.0,8046.0,3722.0,,,,,20150331,1648.0,-83.0,-29.0,456409683453.0,814097952375.1161,,,,250.0,-148.0,5.67,1093.5999755859375,2.122999906539917,2.798,52.689998626708984,91.08000183105469,,1186.0,,20150331,28367.0,78.37
20150102,016740,두올,KOSDAQ,Listed,,FICS  자동차부품,,,,,,,1.0,,1000.0,28674024.0,,,,,,,,,,,,,,,,,,,,,,,,,1093.5999755859375,2.122999906539917,2.798,52.689998626708984,91.08000183105469,,1186.0,,,,
20150102,016790,현대사료,KOSDAQ,Listed,,FICS  식료품,,,,,,,1.0,,1873.0,188471729.0,,,,,,,,,,,,,20150331,270.0,5.0,2.0,76142578516.0,103546292523.9084,,,,,1.0,88.99,1093.5999755859375,2.122999906539917,2.798,52.689998626708984,91.08000183105469,,1186.0,,20150331,404.0,35.99
20150102,016800,퍼시스,KOSPI,Listed,,FICS  내구소비재,30800.0,32000.0,30800.0,31700.0,3584.0,113612800.0,1.0,31700.0,5347.0,11500000.0,8616200.0,-10086750.0,0.0,4872100.0,-14612450.0,259.0,-326.0,0.0,,,,,,,,,,,,,,,,,1093.5999755859375,2.122999906539917,2.798,52.689998626708984,91.08000183105469,,1186.0,,,,
20150102,016880,웅진,KOSPI,Listed,,FICS  미디어,1925.0,1925.0,1870.0,1900.0,45242.0,85959800.0,1.0,1900.0,2126.0,79927080.0,-1232420.0,-164430.0,0.0,0.0,-164430.0,-647.0,-87.0,0.0,,,,,,,,,,,,,,,,,1093.5999755859375,2.122999906539917,2.798,52.689998626708984,91.08000183105469,,1186.0,,,,
20150102,016920,카스,KOSDAQ,Listed,,FICS  기계,0.0,0.0,0.0,1718.0,0.0,,1.0,,300.0,26493538.0,,,,,,,,,,,,,20150331,366.0,-10.0,-10.0,71559046138.0,184829860269.8402,,,,10.0,-38.0,-1.05,1093.5999755859375,2.122999906539917,2.798,52.689998626708984,91.08000183105469,,1186.0,,20150331,2701.0,158.29
20150102,017000,신원종합개발,KOSDAQ,Listed,,FICS  건설,2740.0,2760.0,2650.0,2710.0,970164.0,2629144440.0,1.0,2710.0,418.0,11668027.0,27655506.0,,0.0,0.0,0.0,101629.0,,0.0,,,,,20150331,514.0,33.0,38.0,119107219616.0,232926078681.0496,,,,,325.0,3.16,1093.5999755859375,2.122999906539917,2.798,52.689998626708984,91.08000183105469,,1186.0,,20150331,10208.0,95.56
20150102,017040,광명전기,KOSPI,Listed,,FICS  전기장비,2450.0,2480.0,2350.0,2350.0,2269228.0,5332685800.0,1.0,2350.0,575.0,43337615.0,-218458420.0,,0.0,0.0,0.0,-91000.0,,0.0,,,,,,,,,,,,,,,,,1093.5999755859375,2.122999906539917,2.798,52.689998626708984,91.08000183105469,,1186.0,,,,
20150102,017180,명문제약,KOSPI,Listed,,FICS  제약,1972.0,1995.0,1950.0,1998.0,40825.0,81568350.0,1.0,1998.0,596.0,33953454.0,7761925.0,,0.0,0.0,0.0,3179.0,,0.0,,,,,20150331,499.0,5.0,-7.0,99279899496.0,258763130046.3744,,,,,-16.0,1.65,1093.5999755859375,2.122999906539917,2.798,52.689998626708984,91.08000183105469,,1186.0,,20150331,2924.0,160.64
20150102,017250,인터엠,KOSDAQ,Listed,,FICS  전자&nbsp;장비&nbsp;및&nbsp;기기,2539.0,2549.0,2490.0,2512.0,42837.0,107606544.0,1.0,2512.0,212.0,21045467.0,4857465.0,18793095.0,0.0,0.0,18793095.0,2070.0,8057.0,0.0,,,,,20150331,150.0,17.0,12.0,42322434137.0,92190958280.6271,,,,,57.0,7.16,1093.5999755859375,2.122999906539917,2.798,52.689998626708984,91.08000183105469,,1186.0,,20150331,2011.0,117.83
20150102,017370,우신시스템,KOSPI,Listed,,FICS  자동차부품,2560.0,2585.0,2520.0,2585.0,24224.0,62619040.0,1.0,2585.0,1208.0,18314054.0,-3006775.0,,0.0,0.0,0.0,-1193.0,,0.0,,,,,20150331,1050.0,52.0,66.0,173965198946.0,460694639848.79724,,,,50.0,362.0,19.88,1093.5999755859375,2.122999906539917,2.798,52.689998626708984,91.08000183105469,,1186.0,,20150331,9499.0,164.82
20150102,017390,서울가스,KOSPI,Listed,,FICS  가스,139500.0,139500.0,139500.0,139500.0,4.0,558000.0,1.0,139500.0,3320.0,5000000.0,,,0.0,0.0,0.0,,,0.0,,,,,20150331,1963.0,-134.0,-74.0,1409605000000.0,1963861686000.0,,,,2500.0,-1495.0,2.73,1093.5999755859375,2.122999906539917,2.798,52.689998626708984,91.08000183105469,,1186.0,,20150331,281921.0,39.32
20150102,017480,삼현철강,KOSDAQ,Listed,,FICS  금속&nbsp;및&nbsp;광물,3775.0,3815.0,3725.0,3810.0,30488.0,116159280.0,1.0,3810.0,729.0,15702890.0,4028480.0,,0.0,0.0,0.0,1071.0,,0.0,,,,,20150331,531.0,10.0,14.0,197699385100.0,221225611926.9,,,,300.0,87.0,3.33,1093.5999755859375,2.122999906539917,2.798,52.689998626708984,91.08000183105469,,1186.0,,20150331,12590.0,11.9
20150102,017510,세명전기,KOSDAQ,Listed,,FICS  전기장비,3870.0,3890.0,3770.0,3770.0,166084.0,626136680.0,1.0,3770.0,1419.0,15246000.0,-15529730.0,,0.0,0.0,0.0,-4074.0,,0.0,,,,,20150331,65.0,19.0,18.0,87069906000.0,107566161872.40001,,,,80.0,120.0,12.43,1093.5999755859375,2.122999906539917,2.798,52.689998626708984,91.08000183105469,,1186.0,,20150331,5711.0,23.54
20150102,017550,수산세보틱스,KOSPI,Listed,,FICS  기계,1495.0,1525.0,1490.0,1490.0,165214.0,246168860.0,1.0,1490.0,1132.0,62399130.0,-9247340.0,,0.0,0.0,0.0,-6148.0,,0.0,,,,,20150331,526.0,41.0,39.0,192126921270.0,269995962460.731,,,,10.0,63.0,6.5,1093.5999755859375,2.122999906539917,2.798,52.689998626708984,91.08000183105469,,1186.0,,20150331,3079.0,40.53
20150102,017650,대림제지,KOSDAQ,Listed,,FICS  종이&nbsp;및&nbsp;목재,4365.0,4410.0,4330.0,4405.0,17521.0,77180005.0,1.0,4405.0,681.0,9000000.0,6233885.0,,0.0,0.0,0.0,1423.0,,0.0,,,,,20150331,432.0,9.0,13.0,304578000000.0,353767347000.0,,,,100.0,149.0,4.9,1093.5999755859375,2.122999906539917,2.798,52.689998626708984,91.08000183105469,,1186.0,,20150331,33842.0,16.15
20150102,017670,SK텔레콤,KOSPI,Listed,,FICS  무선통신,46239.0,47361.0,46067.0,47016.0,690730.0,32475361680.0,1.0,47016.0,116845.0,214790053.0,-1924604000.0,2736305000.0,5277902500.0,2353741500.0,-3190453000.0,-7048.0,9915.0,19384.0,,,,,,,,,,,,,,,,,1093.5999755859375,2.122999906539917,2.798,52.689998626708984,91.08000183105469,,1186.0,,,,
20150102,017800,현대엘리베이터,KOSPI,Listed,,FICS  기계,38139.0,38699.0,36397.0,36398.0,340032.0,12376484736.0,1.0,36398.0,35925.0,39092385.0,-5206551500.0,1143483900.0,28850600.0,717639500.0,-626814000.0,-86872.0,19512.0,486.0,,,,,,,,,,,,,,,,,1093.5999755859375,2.122999906539917,2.798,52.689998626708984,91.08000183105469,,1186.0,,,,
20150102,017810,풀무원,KOSPI,Listed,,FICS  식료품,10950.0,11300.0,10950.0,11200.0,3462.0,38774400.0,1.0,11200.0,5035.0,38120542.0,-60283500.0,2514000.0,0.0,0.0,-10874000.0,-539.0,22.0,0.0,,,,,,,,,,,,,,,,,1093.5999755859375,2.122999906539917,2.798,52.689998626708984,91.08000183105469,,1186.0,,,,
20150102,017860,DS단석,KOSDAQ,Listed,,FICS  화학,,,,,,,1.0,,3446.0,17584212.0,,,,,,,,,,,,,20150331,2548.0,14.0,-14.0,274753312500.0,749994117131.2501,,,,,-83.0,-4.35,1093.5999755859375,2.122999906539917,2.798,52.689998626708984,91.08000183105469,,1186.0,,20150331,15625.0,172.97
20150102,017890,한국알콜,KOSDAQ,Listed,,FICS  화학,4950.0,5030.0,4850.0,4865.0,39234.0,190873410.0,1.0,4865.0,2299.0,21273506.0,-9053750.0,-4749435.0,0.0,0.0,0.0,-1847.0,-972.0,0.0,,,,,20150331,1063.0,105.0,127.0,556578737478.0,655649752749.084,,,,110.0,494.0,6.32,1093.5999755859375,2.122999906539917,2.798,52.689998626708984,91.08000183105469,,1186.0,,20150331,26163.0,17.8
20150102,017900,광전자,KOSPI,Listed,,FICS  전자&nbsp;장비&nbsp;및&nbsp;기기,1640.0,1640.0,1605.0,1610.0,25458.0,40987380.0,1.0,1610.0,1058.0,57943763.0,3509375.0,,0.0,0.0,0.0,2166.0,,0.0,,,,,20150331,330.0,0.0,26.0,275001099198.0,302941210876.5168,,,,50.0,44.0,3.2,1093.5999755859375,2.122999906539917,2.798,52.689998626708984,91.08000183105469,,1186.0,,20150331,4746.0,10.16
20150102,017940,E1,KOSPI,Listed,,FICS  석유&nbsp;및&nbsp;가스,69100.0,69300.0,68300.0,68700.0,4629.0,318012300.0,1.0,68700.0,5865.0,6860000.0,2535500.0,-42657800.0,26449500.0,18376900.0,-35889700.0,37.0,-624.0,384.0,,,,,,,,,,,,,,,,,1093.5999755859375,2.122999906539917,2.798,52.689998626708984,91.08000183105469,,1186.0,,,,
20150102,017960,한국카본,KOSPI,Listed,,FICS  화학,5770.0,5810.0,5690.0,5790.0,89452.0,517927080.0,1.0,5790.0,14612.0,51908452.0,6676810.0,-10600940.0,0.0,51480.0,-60193840.0,1166.0,-1842.0,0.0,,,,,20150331,2390.0,340.0,250.0,589472380912.0,1034818764691.016,,,,130.0,539.0,13.11,1093.5999755859375,2.122999906539917,2.798,52.689998626708984,91.08000183105469,,1186.0,,20150331,11356.0,75.55
20150102,018000,유니슨,KOSDAQ,Listed,,FICS  에너지&nbsp;시설&nbsp;및&nbsp;서비스,1954.0,1954.0,1879.0,1917.0,44481.0,85270077.0,1.0,1917.0,2704.0,221714282.0,5213915.0,,0.0,0.0,0.0,2020.0,,0.0,,,,,20150331,163.0,-28.0,-51.0,95337141260.0,265227926985.32,,,,,-27.0,-24.48,1093.5999755859375,2.122999906539917,2.798,52.689998626708984,91.08000183105469,,1186.0,,20150331,430.0,178.2
20150102,018120,진로발효,KOSDAQ,Listed,,FICS  음료,29697.0,29697.0,29194.0,29497.0,6380.0,188190860.0,1.0,29497.0,1194.0,6621120.0,25225000.0,16390050.0,12778150.0,3685200.0,-8820000.0,853.0,562.0,436.0,,,,,20150331,233.0,20.0,18.0,89391741120.0,103077616685.472,,,,1100.0,266.0,14.56,1093.5999755859375,2.122999906539917,2.798,52.689998626708984,91.08000183105469,,1186.0,,20150331,13501.0,15.31
20150102,018250,애경산업,KOSDAQ,Listed,,FICS  개인생활용품,,,,,,,1.0,,3623.0,26409935.0,,,,,,,,,,,,,20150331,1669.0,38.0,43.0,397627981360.0,478982666346.25604,,,,580.0,19.0,7.73,1093.5999755859375,2.122999906539917,2.798,52.689998626708984,91.08000183105469,,1186.0,,20150331,15056.0,20.46
20150102,018260,삼성에스디에스,KOSPI,Listed,,FICS  IT&nbsp;서비스,298000.0,319000.0,295000.0,318000.0,684126.0,217552068000.0,1.0,318000.0,136184.0,77377800.0,-51285180500.0,51615107000.0,14157901500.0,6974319500.0,10658662500.0,-165668.0,166642.0,45355.0,,,,,20150331,36702.0,2415.0,2266.0,9877353547800.0,13090456656899.34,,,,2900.0,2731.0,8.22,1093.5999755859375,2.122999906539917,2.798,52.689998626708984,91.08000183105469,,1186.0,,20150331,127651.0,32.53
20150102,018290,브이티,KOSDAQ,Listed,,FICS  개인생활용품,9544.0,9683.0,9339.0,9512.0,483776.0,4601677312.0,1.0,9512.0,6834.0,34941838.0,1947665.0,,0.0,0.0,0.0,3471.0,,0.0,,,,,20150331,1219.0,163.0,88.0,284985630728.0,392653202017.03845,,,,,351.0,38.73,1093.5999755859375,2.122999906539917,2.798,52.689998626708984,91.08000183105469,,1186.0,,20150331,8156.0,37.78
20150102,018310,삼목에스폼,KOSDAQ,Listed,,FICS  건축자재,28232.0,30271.0,28096.0,29637.0,100943.0,2991647691.0,1.0,29637.0,3057.0,14700000.0,252948450.0,-114951900.0,0.0,3415150.0,77382000.0,7717.0,-3473.0,0.0,,,,,,,,,,,,,,,,,1093.5999755859375,2.122999906539917,2.798,52.689998626708984,91.08000183105469,,1186.0,,,,
20150102,018470,조일알미늄,KOSPI,Listed,,FICS  금속&nbsp;및&nbsp;광물,978.0,992.0,968.0,983.0,20812.0,20458196.0,1.0,983.0,1615.0,126631721.0,2275010.0,,0.0,0.0,0.0,2220.0,,0.0,,,,,,,,,,,,,,,,,1093.5999755859375,2.122999906539917,2.798,52.689998626708984,91.08000183105469,,1186.0,,,,
20150102,018500,동원금속,KOSPI,Listed,,FICS  자동차부품,1654.0,1658.0,1644.0,1654.0,41386.0,68452444.0,1.0,1654.0,638.0,46754933.0,748710.0,,0.0,0.0,0.0,423.0,,0.0,,,,,,,,,,,,,,,,,1093.5999755859375,2.122999906539917,2.798,52.689998626708984,91.08000183105469,,1186.0,,,,
20150102,018620,우진비앤지,KOSDAQ,Listed,,FICS  제약,2082.0,2136.0,1982.0,2139.0,287307.0,614549673.0,1.0,2139.0,248.0,28889293.0,-7865405.0,,0.0,0.0,0.0,-2190.0,,0.0,,,,,20150331,132.0,-8.0,-13.0,27935946331.0,48904667647.0486,,,,,-29.0,-19.41,1093.5999755859375,2.122999906539917,2.798,52.689998626708984,91.08000183105469,,1186.0,,20150331,967.0,75.06
20150102,018670,SK가스,KOSPI,Listed,,FICS  석유&nbsp;및&nbsp;가스,91816.0,91816.0,84338.0,86259.0,73968.0,6380405712.0,1.0,86259.0,22049.0,9245244.0,-889005000.0,-901563900.0,-674285700.0,-115003300.0,-141187300.0,-9852.0,-9936.0,-7404.0,,,,,,,,,,,,,,,,,1093.5999755859375,2.122999906539917,2.798,52.689998626708984,91.08000183105469,,1186.0,,,,
20150102,018680,서울제약,KOSDAQ,Listed,,FICS  제약,9644.0,9678.0,9504.0,9679.0,3297.0,31911663.0,1.0,9679.0,363.0,11659319.0,24680.0,,0.0,0.0,0.0,3.0,,0.0,,,,,,,,,,,,,,,,,1093.5999755859375,2.122999906539917,2.798,52.689998626708984,91.08000183105469,,1186.0,,,,
20150102,018700,바른손,KOSDAQ,Listed,,FICS  개인생활용품,4429.0,4583.0,4378.0,4550.0,735000.0,3344250000.0,1.0,4550.0,331.0,35119757.0,-6997795.0,,0.0,0.0,0.0,-4934.0,,0.0,,,,,20150331,178.0,2.0,24.0,33644727206.0,47163178597.3708,,,,,68.0,-12.92,1093.5999755859375,2.122999906539917,2.798,52.689998626708984,91.08000183105469,,1186.0,,20150331,958.0,40.18
20150102,018880,한온시스템,KOSPI,Listed,,FICS  자동차부품,8774.0,8979.0,8747.0,8839.0,793941.0,7017644499.0,1.0,8839.0,25691.0,678762552.0,2576735650.0,-2755471800.0,-1671598550.0,-196210650.0,-703199600.0,54094.0,-57891.0,-35102.0,,,,,20150331,27010.0,747.0,133.0,1918182971952.0,6630583079146.478,,,,177.0,42.0,-11.35,1093.5999755859375,2.122999906539917,2.798,52.689998626708984,91.08000183105469,,1186.0,,20150331,2826.0,245.67
20150102,019010,베뉴지,KOSDAQ,Listed,,FICS  호텔&nbsp;및&nbsp;레저,995.0,995.0,960.0,990.0,6763.0,6695370.0,1.0,990.0,1183.0,48200000.0,1202800.0,,0.0,0.0,0.0,124.0,,0.0,,,,,20150331,107.0,14.0,322.0,416689000000.0,698245757300.0,,,,50.0,650.0,13.71,1093.5999755859375,2.122999906539917,2.798,52.689998626708984,91.08000183105469,,1186.0,,20150331,8645.0,67.57
20150102,019170,신풍제약,KOSPI,Listed,,FICS  제약,4290.0,4360.0,4250.0,4275.0,20386.0,87150150.0,1.0,4275.0,7825.0,52984990.0,2999285.0,-3531120.0,0.0,0.0,-3531120.0,691.0,-819.0,0.0,,,,,20150331,626.0,72.0,64.0,272289863610.0,352043564661.36896,,,,,116.0,-1.61,1093.5999755859375,2.122999906539917,2.798,52.689998626708984,91.08000183105469,,1186.0,,20150331,5139.0,29.29
20150102,019175,신풍제약우,KOSPI,Listed,,기준 분기는,2905.0,2905.0,2900.0,2900.0,57.0,165300.0,1.0,2900.0,7825.0,2200000.0,,,0.0,0.0,0.0,,,0.0,,,,,,,,,,,,,,,,,1093.5999755859375,2.122999906539917,2.798,52.689998626708984,91.08000183105469,,1186.0,,,,
20150102,019180,티에이치엔,KOSPI,Listed,,FICS  자동차부품,1420.0,1420.0,1360.0,1385.0,939.0,1300515.0,1.0,1385.0,1404.0,18000000.0,,,0.0,0.0,0.0,,,0.0,,,,,20150331,2769.0,216.0,222.0,188100000000.0,575228610000.0,,,,60.0,1234.0,30.85,1093.5999755859375,2.122999906539917,2.798,52.689998626708984,91.08000183105469,,1186.0,,20150331,10450.0,205.81
20150102,019210,와이지-원,KOSDAQ,Listed,,FICS  기계,9330.0,9390.0,9230.0,9240.0,55456.0,512413440.0,1.0,9240.0,1856.0,33573819.0,-8181250.0,189897460.0,6328340.0,60966670.0,119029200.0,-865.0,20310.0,677.0,,,,,20150331,1688.0,226.0,108.0,364880264892.0,1041404764028.2572,,,,160.0,287.0,4.89,1093.5999755859375,2.122999906539917,2.798,52.689998626708984,91.08000183105469,,1186.0,,20150331,10868.0,185.41
20150102,019440,세아특수강,KOSPI,Listed,,FICS  금속&nbsp;및&nbsp;광물,23850.0,24200.0,23500.0,24100.0,7872.0,189715200.0,1.0,24100.0,1347.0,8570000.0,-3261250.0,3204450.0,-81747950.0,10580650.0,51757900.0,-134.0,110.0,-3445.0,,,,,20150331,2414.0,107.0,76.0,345850920000.0,672783794676.0,,,,1000.0,852.0,5.83,1093.5999755859375,2.122999906539917,2.798,52.689998626708984,91.08000183105469,,1186.0,,20150331,40356.0,94.53
20150102,019490,엑시큐어하이트론,KOSPI,Listed,,FICS  보안장비,3522.0,3649.0,3437.0,3649.0,640.0,2335360.0,1.0,3649.0,413.0,76432270.0,,-2000.0,0.0,0.0,-2000.0,,,0.0,,,,,,,,,,,,,,,,,1093.5999755859375,2.122999906539917,2.798,52.689998626708984,91.08000183105469,,1186.0,,,,
20150102,019540,일지테크,KOSDAQ,Listed,,FICS  자동차부품,11400.0,12450.0,11400.0,12200.0,169150.0,2063630000.0,1.0,12200.0,576.0,13513500.0,-4348150.0,214766600.0,103713850.0,85313750.0,92798050.0,-277.0,17730.0,8646.0,,,,,20150331,2031.0,77.0,52.0,170986315500.0,642002318807.85,,,,100.0,382.0,13.4,1093.5999755859375,2.122999906539917,2.798,52.689998626708984,91.08000183105469,,1186.0,,20150331,12653.0,275.47
20150102,019550,SBI인베스트먼트,KOSDAQ,Listed,,FICS  창업투자&nbsp;및&nbsp;종금,365.0,376.0,365.0,373.0,170449.0,63577477.0,1.0,373.0,1137.0,162066575.0,-1884927.0,,0.0,0.0,0.0,-5114.0,,0.0,,,,,,,,,,,,,,,,,1093.5999755859375,2.122999906539917,2.798,52.689998626708984,91.08000183105469,,1186.0,,,,
20150102,019570,플루토스,KOSDAQ,Listed,,FICS  창업투자&nbsp;및&nbsp;종금,615.0,615.0,592.0,601.0,5703.0,3427503.0,1.0,601.0,197.0,67110042.0,,,0.0,0.0,0.0,,,0.0,,,,,,,,,,,,,,,,,1093.5999755859375,2.122999906539917,2.798,52.689998626708984,91.08000183105469,,1186.0,,,,
20150102,019660,글로본,KOSDAQ,Listed,,FICS  개인생활용품,3782.0,3798.0,3587.0,3798.0,7012.0,26631576.0,1.0,3798.0,377.0,13944333.0,,,0.0,0.0,0.0,,,0.0,,,,,,,,,,,,,,,,,1093.5999755859375,2.122999906539917,2.798,52.689998626708984,91.08000183105469,,1186.0,,,,
20150102,019680,대교,KOSPI,Listed,,FICS  교육,7000.0,7230.0,6990.0,7230.0,36480.0,263750400.0,1.0,7230.0,1625.0,84702850.0,12667600.0,62077480.0,-49550570.0,48559040.0,-39995690.0,1830.0,8588.0,-7000.0,,,,,20150331,1614.0,6.0,-6.0,311960596550.0,609352633241.115,,,,30.0,-2.0,-3.81,1093.5999755859375,2.122999906539917,2.798,52.689998626708984,91.08000183105469,,1186.0,,20150331,3683.0,95.33
20150102,019685,대교우B,KOSPI,Listed,,기준 분기는,4220.0,4290.0,4200.0,4205.0,3698.0,15550090.0,1.0,4205.0,1625.0,19426990.0,-4215.0,13067805.0,0.0,13067805.0,0.0,-1.0,3084.0,0.0,,,,,20150331,1614.0,6.0,-6.0,71549604170.0,139757841825.26102,,,,45.0,-2.0,-3.81,1093.5999755859375,2.122999906539917,2.798,52.689998626708984,91.08000183105469,,1186.0,,20150331,3683.0,95.33
20150102,019770,서연탑메탈,KOSDAQ,Listed,,FICS  자동차부품,5180.0,5190.0,5050.0,5070.0,41460.0,210202200.0,1.0,5070.0,442.0,11650000.0,-1356190.0,4762050.0,0.0,5125570.0,-363520.0,-264.0,929.0,0.0,,,,,20150331,495.0,37.0,33.0,100516200000.0,168525460920.0,,,,65.0,282.0,10.05,1093.5999755859375,2.122999906539917,2.798,52.689998626708984,91.08000183105469,,1186.0,,20150331,8628.0,67.66
20150102,019990,에너토크,KOSDAQ,Listed,,FICS  기계,3672.0,3853.0,3672.0,3853.0,3711.0,14298483.0,1.0,3853.0,770.0,9756088.0,,,0.0,0.0,0.0,,,0.0,,,,,,,,,,,,,,,,,1093.5999755859375,2.122999906539917,2.798,52.689998626708984,91.08000183105469,,1186.0,,,,
20150102,020000,한섬,KOSPI,Listed,,FICS  섬유&nbsp;및&nbsp;의복,32050.0,32500.0,31500.0,32000.0,79320.0,2538240000.0,1.0,32000.0,3574.0,22437747.0,-371275850.0,-243422750.0,-793147000.0,385867500.0,273311100.0,-11643.0,-7623.0,-24905.0,,,,,20150331,4490.0,260.0,229.0,1491437043090.0,1840582454877.369,,,,750.0,812.0,2.54,1093.5999755859375,2.122999906539917,2.798,52.689998626708984,91.08000183105469,,1186.0,,20150331,66470.0,23.41
20150102,020120,키다리스튜디오,KOSPI,Listed,,FICS  미디어,3050.0,3100.0,2910.0,3100.0,6405.0,19855500.0,1.0,3100.0,1323.0,37063766.0,,,0.0,0.0,0.0,,,0.0,,,,,,,,,,,,,,,,,1093.5999755859375,2.122999906539917,2.798,52.689998626708984,91.08000183105469,,1186.0,,,,
20150102,020150,롯데에너지머티리얼즈,KOSPI,Listed,,FICS  전자&nbsp;장비&nbsp;및&nbsp;기기,6854.0,7038.0,6854.0,7019.0,91981.0,645614639.0,1.0,7019.0,21024.0,52365463.0,-74623730.0,215027210.0,83529810.0,-9851490.0,-16381920.0,-10344.0,29739.0,11565.0,,,,,20150331,1661.0,-291.0,-277.0,1373703190879.0,1698721365840.9712,,,,200.0,-529.0,-8.11,1093.5999755859375,2.122999906539917,2.798,52.689998626708984,91.08000183105469,,1186.0,,20150331,26233.0,23.66
20150102,020180,대신정보통신,KOSDAQ,Listed,,FICS  IT&nbsp;서비스,617.0,622.0,612.0,617.0,59421.0,36662757.0,1.0,617.0,415.0,38428915.0,11264721.0,,0.0,0.0,0.0,18341.0,,0.0,,,,,,,,,,,,,,,,,1093.5999755859375,2.122999906539917,2.798,52.689998626708984,91.08000183105469,,1186.0,,,,
20150102,020400,대동금속,KOSDAQ,Listed,,FICS  자동차부품,4957.0,4957.0,4625.0,4847.0,344.0,1667368.0,1.0,4847.0,186.0,3189166.0,-94800.0,,0.0,0.0,0.0,-4.0,,0.0,,,,,20150331,275.0,-4.0,-5.0,44150814104.0,96955187772.38399,,,,60.0,-156.0,-2.98,1093.5999755859375,2.122999906539917,2.798,52.689998626708984,91.08000183105469,,1186.0,,20150331,13844.0,119.6
20150102,020560,아시아나항공,KOSPI,Listed,,FICS  항공운수,34840.0,35794.0,33313.0,33743.0,1427753.0,48176669479.0,1.0,33743.0,16829.0,205990711.0,-4229395680.0,-34147790.0,356105850.0,206491330.0,149125170.0,-578265.0,-8316.0,48722.0,,,,,20150331,18070.0,-960.0,-3364.0,578215925777.0,7440713819268.746,,,,,-5.0,-49.29,1093.5999755859375,2.122999906539917,2.798,52.689998626708984,91.08000183105469,,1186.0,,20150331,2807.0,1186.84
20150102,020710,시공테크,KOSDAQ,Listed,,FICS  호텔&nbsp;및&nbsp;레저,3365.0,3490.0,3365.0,3475.0,177648.0,617326800.0,1.0,3475.0,844.0,20047970.0,4708255.0,,0.0,0.0,0.0,1384.0,,0.0,,,,,20150331,380.0,42.0,28.0,176482279910.0,227238583612.11603,,,,120.0,138.0,16.55,1093.5999755859375,2.122999906539917,2.798,52.689998626708984,91.08000183105469,,1186.0,,20150331,8803.0,28.76
20150102,020760,일진디스플,KOSPI,Listed,,FICS  디스플레이&nbsp;및&nbsp;관련부품,5480.0,5592.0,5424.0,5473.0,358807.0,1963750711.0,1.0,5473.0,464.0,51513741.0,92704770.0,-147515850.0,8238720.0,-8089650.0,-31894620.0,13466.0,-21515.0,1200.0,,,,,20150331,138.0,-25.0,-28.0,27199255248.0,71030855080.15201,,,,,-54.0,-19.96,1093.5999755859375,2.122999906539917,2.798,52.689998626708984,91.08000183105469,,1186.0,,20150331,528.0,161.15
20150102,021040,대호특수강,KOSDAQ,Listed,,FICS  금속&nbsp;및&nbsp;광물,3730.0,3730.0,3640.0,3715.0,201940.0,750207100.0,1.0,3715.0,281.0,21704774.0,,,0.0,0.0,0.0,,,0.0,,,,,,,,,,,,,,,,,1093.5999755859375,2.122999906539917,2.798,52.689998626708984,91.08000183105469,,1186.0,,,,
20150102,021045,대호특수강우,KOSDAQ,Listed,,기준 분기는,4800.0,4950.0,4780.0,4960.0,1415.0,7018400.0,1.0,4960.0,281.0,848492.0,,,0.0,0.0,0.0,,,0.0,,,,,,,,,,,,,,,,,1093.5999755859375,2.122999906539917,2.798,52.689998626708984,91.08000183105469,,1186.0,,,,
20150102,021050,서원,KOSPI,Listed,,FICS  금속&nbsp;및&nbsp;광물,990.0,1007.0,978.0,987.0,32117.0,31699479.0,1.0,987.0,498.0,47474590.0,3123995.0,,0.0,0.0,0.0,2643.0,,0.0,,,,,20150331,4151.0,79.0,-34.0,148595466700.0,441269097912.31995,,,,,-50.0,-7.05,1093.5999755859375,2.122999906539917,2.798,52.689998626708984,91.08000183105469,,1186.0,,20150331,3130.0,196.96
20150102,021080,에이티넘인베스트,KOSDAQ,Listed,,FICS  창업투자&nbsp;및&nbsp;종금,1320.0,1335.0,1310.0,1320.0,71049.0,93784680.0,1.0,1320.0,1483.0,48000000.0,10348845.0,,0.0,0.0,0.0,7829.0,,0.0,,,,,,,,,,,,,,,,,1093.5999755859375,2.122999906539917,2.798,52.689998626708984,91.08000183105469,,1186.0,,,,
20150102,021240,코웨이,KOSPI,Listed,,FICS  내구소비재,82700.0,86300.0,82600.0,85000.0,128127.0,10890795000.0,1.0,85000.0,63208.0,71909133.0,-1925514600.0,1486996700.0,1639671100.0,1078869200.0,-1604954300.0,-22814.0,17265.0,19213.0,,,,,20150331,12747.0,2111.0,1480.0,3729351455646.0,7284169263167.767,,,,2630.0,2208.0,17.67,1093.5999755859375,2.122999906539917,2.798,52.689998626708984,91.08000183105469,,1186.0,,20150331,51862.0,95.32
20150102,021320,KCC건설,KOSDAQ,Listed,,FICS  건설,7900.0,7950.0,7700.0,7740.0,37938.0,293640120.0,1.0,7740.0,1243.0,21400000.0,19583000.0,,0.0,0.0,0.0,2495.0,,0.0,,,,,,,,,,,,,,,,,1093.5999755859375,2.122999906539917,2.798,52.689998626708984,91.08000183105469,,1186.0,,,,
20150102,021650,한국큐빅,KOSDAQ,Listed,,FICS  자동차부품,2291.0,2327.0,2287.0,2314.0,19774.0,45757036.0,1.0,2314.0,379.0,16350563.0,-471870.0,,0.0,0.0,0.0,-184.0,,0.0,,,,,20150331,569.0,20.0,19.0,99411423040.0,171285881897.91998,,,,85.0,116.0,8.99,1093.5999755859375,2.122999906539917,2.798,52.689998626708984,91.08000183105469,,1186.0,,20150331,6080.0,72.3
20150102,021820,세원정공,KOSPI,Listed,,FICS  자동차부품,29575.0,29863.0,29057.0,29461.0,3553.0,104674933.0,1.0,29461.0,6.0,10000000.0,-6962100.0,14851600.0,0.0,0.0,0.0,-267.0,573.0,0.0,,,,,,,,,,,,,,,,,1093.5999755859375,2.122999906539917,2.798,52.689998626708984,91.08000183105469,,1186.0,,,,
20150102,021880,메이슨캐피탈,KOSDAQ,Listed,,FICS  소비자&nbsp;금융,351.0,351.0,325.0,330.0,28259.0,9325470.0,1.0,330.0,528.0,212184408.0,,,0.0,0.0,0.0,,,0.0,,,,,,,,,,,,,,,,,1093.5999755859375,2.122999906539917,2.798,52.689998626708984,91.08000183105469,,1186.0,,,,
20150102,022100,포스코DX,KOSDAQ,Listed,,FICS  IT&nbsp;서비스,5260.0,5310.0,5220.0,5250.0,260996.0,1370229000.0,1.0,5250.0,40137.0,152034729.0,105944630.0,-89786260.0,-39939900.0,0.0,-49846360.0,20135.0,-17084.0,-7600.0,,,,,20150331,2447.0,217.0,175.0,571194476853.0,806640840211.8065,,,,125.0,115.0,13.74,1093.5999755859375,2.122999906539917,2.798,52.689998626708984,91.08000183105469,,1186.0,,20150331,3757.0,41.22
20150102,022220,티케이지애강,KOSDAQ,Listed,,FICS  건축자재,2075.0,2160.0,2050.0,2100.0,15992.0,33583200.0,1.0,2100.0,378.0,51794579.0,580175.0,,0.0,0.0,0.0,284.0,,0.0,,,,,20150331,176.0,-26.0,-23.0,92142556041.0,146598806661.231,,,,,-44.0,-1.95,1093.5999755859375,2.122999906539917,2.798,52.689998626708984,91.08000183105469,,1186.0,,20150331,1779.0,59.1
20150102,023000,삼원강재,KOSPI,Listed,,FICS  자동차부품,4130.0,4165.0,4060.0,4105.0,13847.0,56841935.0,1.0,4105.0,988.0,40000000.0,6695825.0,,0.0,0.0,0.0,1633.0,,0.0,,,,,20150331,932.0,42.0,38.0,256520000000.0,314698736000.0,,,,110.0,95.0,4.11,1093.5999755859375,2.122999906539917,2.798,52.689998626708984,91.08000183105469,,1186.0,,20150331,6413.0,22.68
20150102,023150,MH에탄올,KOSPI,Listed,,FICS  음료,7420.0,7480.0,7270.0,7310.0,18273.0,133575630.0,1.0,7310.0,375.0,7378526.0,-3540560.0,-12581090.0,0.0,0.0,-12581090.0,-479.0,-1721.0,0.0,,,,,20150331,225.0,-4.0,-27.0,74833010692.0,359647449385.752,,,,250.0,-144.0,-1.98,1093.5999755859375,2.122999906539917,2.798,52.689998626708984,91.08000183105469,,1186.0,,20150331,10142.0,380.6
20150102,023160,태광,KOSDAQ,Listed,,FICS  기계,11400.0,11550.0,11150.0,11150.0,33492.0,373435800.0,1.0,11150.0,6320.0,26500000.0,-114343800.0,-33921250.0,-69182700.0,45349050.0,-4096050.0,-10176.0,-3038.0,-6175.0,,,,,20150331,786.0,144.0,297.0,617132000000.0,681252014800.0001,,,,285.0,494.0,11.2,1093.5999755859375,2.122999906539917,2.798,52.689998626708984,91.08000183105469,,1186.0,,20150331,23288.0,10.39
20150102,023350,한국종합기술,KOSPI,Listed,,FICS  건설,4750.0,4900.0,4750.0,4855.0,5758.0,27955090.0,1.0,4855.0,544.0,10950000.0,-6470675.0,,0.0,0.0,0.0,-1334.0,,0.0,,,,,,,,,,,,,,,,,1093.5999755859375,2.122999906539917,2.798,52.689998626708984,91.08000183105469,,1186.0,,,,
20150102,023410,유진기업,KOSDAQ,Listed,,FICS  건축소재,3100.0,3235.0,3090.0,3200.0,599498.0,1918393600.0,1.0,3200.0,2744.0,77310863.0,1217045.0,125690740.0,71480555.0,-3812600.0,7021695.0,215.0,39631.0,22514.0,,,,,20150331,3202.0,74.0,369.0,1150462952303.0,2477176828898.82,,,,170.0,487.0,1.96,1093.5999755859375,2.122999906539917,2.798,52.689998626708984,91.08000183105469,,1186.0,,20150331,14881.0,115.32
20150102,023440,제이스코홀딩스,KOSDAQ,Listed,,FICS  금속&nbsp;및&nbsp;광물,1697.0,1798.0,1683.0,1785.0,8527.0,15220695.0,1.0,1785.0,695.0,88616044.0,,,0.0,0.0,0.0,,,0.0,,,,,20150331,104.0,-19.0,-64.0,71601763552.0,131611201584.9312,,,,,-75.0,-52.32,1093.5999755859375,2.122999906539917,2.798,52.689998626708984,91.08000183105469,,1186.0,,20150331,808.0,83.81
20150102,023450,동남합성,KOSPI,Listed,,FICS  화학,12125.0,12544.0,12125.0,12381.0,46.0,569526.0,1.0,12381.0,1051.0,3500000.0,,,0.0,0.0,0.0,,,0.0,,,,,,,,,,,,,,,,,1093.5999755859375,2.122999906539917,2.798,52.689998626708984,91.08000183105469,,1186.0,,,,
20150102,023530,롯데쇼핑,KOSPI,Listed,,FICS  도소매,248004.0,249379.0,243419.0,243878.0,49012.0,11952948536.0,1.0,243878.0,20990.0,28288755.0,1662453500.0,-3907799000.0,-1829844000.0,525737500.0,-629891000.0,6196.0,-14536.0,-6819.0,,,,,20150331,36018.0,2328.0,961.0,15422293718370.0,35144322925421.555,,,,1200.0,3981.0,-8.5,1093.5999755859375,2.122999906539917,2.798,52.689998626708984,91.08000183105469,,1186.0,,20150331,545174.0,127.88
20150102,023590,다우기술,KOSPI,Listed,,FICS  증권,12100.0,12500.0,12050.0,12350.0,236419.0,2919774650.0,1.0,12350.0,16757.0,44866617.0,101628800.0,889639600.0,98704700.0,41124400.0,273058700.0,8257.0,72222.0,7986.0,,,,,,,,,,,,,,,,,1093.5999755859375,2.122999906539917,2.798,52.689998626708984,91.08000183105469,,1186.0,,,,
20150102,023600,삼보판지,KOSDAQ,Listed,,FICS  용기&nbsp;및&nbsp;포장,7582.0,7695.0,7410.0,7471.0,91626.0,684537846.0,1.0,7471.0,1525.0,16008300.0,-34625890.0,,0.0,0.0,0.0,-3991.0,,0.0,,,,,20150331,1441.0,66.0,80.0,594788386500.0,762102359622.45,,,,190.0,409.0,4.18,1093.5999755859375,2.122999906539917,2.798,52.689998626708984,91.08000183105469,,1186.0,,20150331,37155.0,28.13
20150102,023760,한국캐피탈,KOSDAQ,Listed,,FICS  소비자&nbsp;금융,544.0,548.0,533.0,541.0,112301.0,60754841.0,1.0,541.0,2606.0,315609576.0,-1136118.0,,0.0,0.0,0.0,-1877.0,,0.0,,,,,20150331,1360.0,302.0,264.0,736001531232.0,4965949531528.551,,,,30.0,84.0,13.44,1093.5999755859375,2.122999906539917,2.798,52.689998626708984,91.08000183105469,,1186.0,,20150331,2332.0,574.72
20150102,023770,플레이위드,KOSDAQ,Listed,,FICS  게임&nbsp;소프트웨어,2800.0,2800.0,2690.0,2751.0,25926.0,71322426.0,1.0,2751.0,290.0,8946495.0,9955270.0,,0.0,0.0,0.0,1825.0,,0.0,,,,,20150331,80.0,-2.0,-21.0,18429779700.0,34185398365.53,,,,,-236.0,-13.35,1093.5999755859375,2.122999906539917,2.798,52.689998626708984,91.08000183105469,,1186.0,,20150331,2060.0,85.49
20150102,023790,동일스틸럭스,KOSDAQ,Listed,,FICS  금속&nbsp;및&nbsp;광물,1947.0,2017.0,1940.0,2014.0,3412.0,6871768.0,1.0,2014.0,430.0,26139617.0,,,0.0,0.0,0.0,,,0.0,,,,,,,,,,,,,,,,,1093.5999755859375,2.122999906539917,2.798,52.689998626708984,91.08000183105469,,1186.0,,,,
20150102,023800,인지컨트롤스,KOSPI,Listed,,FICS  자동차부품,4900.0,4910.0,4815.0,4910.0,3354.0,16468140.0,1.0,4910.0,1010.0,15809197.0,-4077990.0,,0.0,0.0,0.0,-833.0,,0.0,,,,,20150331,1820.0,124.0,123.0,240442077173.0,694805470406.8181,,,,150.0,737.0,7.54,1093.5999755859375,2.122999906539917,2.798,52.689998626708984,91.08000183105469,,1186.0,,20150331,15209.0,188.97
20150102,023810,인팩,KOSPI,Listed,,FICS  자동차부품,7390.0,7390.0,7250.0,7370.0,11485.0,84644450.0,1.0,7370.0,638.0,10000000.0,30671080.0,,0.0,0.0,0.0,4184.0,,0.0,,,,,,,,,,,,,,,,,1093.5999755859375,2.122999906539917,2.798,52.689998626708984,91.08000183105469,,1186.0,,,,
20150102,023900,풍국주정,KOSDAQ,Listed,,FICS  화학,6520.0,6520.0,6393.0,6453.0,17934.0,115728102.0,1.0,6453.0,1168.0,12600000.0,105474950.0,-59039800.0,0.0,0.0,-59039800.0,10879.0,-6104.0,0.0,,,,,20150331,434.0,57.0,44.0,169747200000.0,194377518720.0,,,,160.0,305.0,6.63,1093.5999755859375,2.122999906539917,2.798,52.689998626708984,91.08000183105469,,1186.0,,20150331,13472.0,14.51
20150102,023910,대한약품,KOSDAQ,Listed,,FICS  제약,19900.0,20450.0,19900.0,20350.0,15523.0,315893050.0,1.0,20350.0,1818.0,6000000.0,99321950.0,-548750.0,0.0,-508050.0,0.0,4891.0,-27.0,0.0,,,,,20150331,542.0,84.0,87.0,306222000000.0,359198406000.0,,,,900.0,1453.0,11.24,1093.5999755859375,2.122999906539917,2.798,52.689998626708984,91.08000183105469,,1186.0,,20150331,51037.0,17.3
20150102,023960,에쓰씨엔지니어링,KOSPI,Listed,,FICS  건설,817.0,817.0,767.0,785.0,6737.0,5288545.0,1.0,785.0,461.0,38035975.0,,,0.0,0.0,0.0,,,0.0,,,,,,,,,,,,,,,,,1093.5999755859375,2.122999906539917,2.798,52.689998626708984,91.08000183105469,,1186.0,,,,
20150102,024060,흥구석유,KOSDAQ,Listed,,FICS  석유&nbsp;및&nbsp;가스,2160.0,2160.0,2110.0,2155.0,21109.0,45489895.0,1.0,2155.0,1845.0,15000000.0,-7548150.0,-237540.0,0.0,0.0,-237540.0,-3504.0,-111.0,0.0,,,,,20150331,251.0,-2.0,2.0,80760000000.0,95498700000.00002,,,,30.0,12.0,0.29,1093.5999755859375,2.122999906539917,2.798,52.689998626708984,91.08000183105469,,1186.0,,20150331,5384.0,18.25
20150102,024070,WISCOM,KOSPI,Listed,,FICS  화학,5393.0,5403.0,5217.0,5394.0,6668.0,35967192.0,1.0,5394.0,301.0,15326438.0,-4569340.0,,0.0,0.0,0.0,-850.0,,0.0,,,,,,,,,,,,,,,,,1093.5999755859375,2.122999906539917,2.798,52.689998626708984,91.08000183105469,,1186.0,,,,
20150102,024090,디씨엠,KOSPI,Listed,,FICS  금속&nbsp;및&nbsp;광물,16300.0,16500.0,16000.0,16500.0,156950.0,2589675000.0,1.0,16500.0,1448.0,11400000.0,103192600.0,,0.0,0.0,0.0,6307.0,,0.0,,,,,20150331,480.0,-11.0,2.0,341829000000.0,383668869600.0,,,,800.0,19.0,3.55,1093.5999755859375,2.122999906539917,2.798,52.689998626708984,91.08000183105469,,1186.0,,20150331,29985.0,12.24
20150102,024110,기업은행,KOSPI,Listed,,FICS  상업은행,13900.0,14100.0,13700.0,13700.0,1490527.0,20420219900.0,1.0,13700.0,167858.0,797425869.0,-24327250.0,-5191587500.0,-738533000.0,-1143131900.0,-1171843550.0,-1311.0,-376788.0,-53494.0,,,,,20150331,53744.0,7095.0,5342.0,35230274892420.0,483306526111663.75,,,,1065.0,651.0,7.85,1093.5999755859375,2.122999906539917,2.798,52.689998626708984,91.08000183105469,,1186.0,,20150331,44180.0,1271.85
20150102,024120,KB오토시스,KOSDAQ,Listed,,FICS  자동차부품,3880.0,3955.0,3875.0,3910.0,1506.0,5888460.0,1.0,3910.0,396.0,11500000.0,,,0.0,0.0,0.0,,,0.0,,,,,,,,,,,,,,,,,1093.5999755859375,2.122999906539917,2.798,52.689998626708984,91.08000183105469,,1186.0,,,,
20150102,024720,콜마홀딩스,KOSPI,Listed,,FICS  개인생활용품,21640.0,22190.0,21139.0,21265.0,81635.0,1735968275.0,1.0,21265.0,3501.0,34296259.0,-296722650.0,42682000.0,31245200.0,-34165100.0,1206800.0,-6917.0,1003.0,732.0,,,,,20150331,1655.0,163.0,53.0,632525904737.0,981616951561.3502,,,,50.0,59.0,7.5,1093.5999755859375,2.122999906539917,2.798,52.689998626708984,91.08000183105469,,1186.0,,20150331,18443.0,55.19
20150102,024740,한일단조,KOSDAQ,Listed,,FICS  자동차부품,1868.0,1868.0,1831.0,1852.0,652.0,1207504.0,1.0,1852.0,727.0,32897049.0,69265.0,,0.0,0.0,0.0,31.0,,0.0,,,,,20150331,323.0,15.0,14.0,137443870722.0,253254076192.3572,,,,,39.0,3.06,1093.5999755859375,2.122999906539917,2.798,52.689998626708984,91.08000183105469,,1186.0,,20150331,4178.0,84.26
20150102,024800,유성티엔에스,KOSDAQ,Listed,,FICS  육상운수,2145.0,2180.0,2115.0,2160.0,103160.0,222825600.0,1.0,2160.0,868.0,37051812.0,-15734760.0,,0.0,0.0,0.0,-7336.0,,0.0,,,,,20150331,150.0,3.0,128.0,568411847892.0,674250133969.4904,,,,,329.0,8.53,1093.5999755859375,2.122999906539917,2.798,52.689998626708984,91.08000183105469,,1186.0,,20150331,15341.0,18.62
20150102,024830,세원물산,KOSDAQ,Listed,,FICS  자동차부품,14808.0,14904.0,14273.0,14866.0,526.0,7819516.0,1.0,14866.0,6.0,8350000.0,-688600.0,-100.0,0.0,0.0,-100.0,-90.0,,0.0,,,,,,,,,,,,,,,,,1093.5999755859375,2.122999906539917,2.798,52.689998626708984,91.08000183105469,,1186.0,,,,
20150102,024840,KBI메탈,KOSDAQ,Listed,,FICS  전기장비,1770.0,1789.0,1742.0,1756.0,80162.0,140764472.0,1.0,1756.0,596.0,34909199.0,-635273.0,,0.0,0.0,0.0,-1684.0,,0.0,,,,,,,,,,,,,,,,,1093.5999755859375,2.122999906539917,2.798,52.689998626708984,91.08000183105469,,1186.0,,,,
20150102,024850,HLB이노베이션,KOSDAQ,Listed,,FICS  반도체&nbsp;및&nbsp;관련장비,337.0,337.0,330.0,333.0,113870.0,37918710.0,1.0,333.0,2478.0,144536112.0,-314900.0,,0.0,0.0,0.0,-940.0,,0.0,,,,,,,,,,,,,,,,,1093.5999755859375,2.122999906539917,2.798,52.689998626708984,91.08000183105469,,1186.0,,,,
20150102,024880,케이피에프,KOSDAQ,Listed,,FICS  기계,3635.0,3660.0,3565.0,3570.0,6478.0,23126460.0,1.0,3570.0,1098.0,20682798.0,3566535.0,-452165.0,0.0,0.0,0.0,990.0,-126.0,0.0,,,,,20150331,1741.0,86.0,72.0,260623937598.0,606367653215.5068,,,,150.0,332.0,10.34,1093.5999755859375,2.122999906539917,2.798,52.689998626708984,91.08000183105469,,1186.0,,20150331,12601.0,132.66
20150102,024890,대원화성,KOSPI,Listed,,FICS  섬유&nbsp;및&nbsp;의복,2200.0,2220.0,2160.0,2195.0,84233.0,184891435.0,1.0,2195.0,302.0,41249152.0,-617945.0,,0.0,0.0,0.0,-276.0,,0.0,,,,,20150331,311.0,8.0,-21.0,37330482560.0,132881585720.576,,,,,-52.0,-20.61,1093.5999755859375,2.122999906539917,2.798,52.689998626708984,91.08000183105469,,1186.0,,20150331,905.0,255.96
20150102,024900,디와이덕양,KOSPI,Listed,,FICS  자동차부품,2680.0,2710.0,2600.0,2670.0,118954.0,317607180.0,1.0,2670.0,745.0,32564980.0,-15058365.0,-2761335.0,0.0,-21256825.0,18495490.0,-5552.0,-1042.0,0.0,,,,,20150331,4137.0,-36.0,-5.0,104338195920.0,579212627010.696,,,,50.0,-15.0,8.25,1093.5999755859375,2.122999906539917,2.798,52.689998626708984,91.08000183105469,,1186.0,,20150331,3204.0,455.13
20150102,024910,경창산업,KOSDAQ,Listed,,FICS  자동차부품,5485.0,5509.0,5348.0,5430.0,31159.0,169193370.0,1.0,5430.0,538.0,35819005.0,-8732380.0,-25672170.0,-17055920.0,-2909910.0,0.0,-980.0,-2947.0,-1957.0,,,,,,,,,,,,,,,,,1093.5999755859375,2.122999906539917,2.798,52.689998626708984,91.08000183105469,,1186.0,,,,
20150102,024940,PN풍년,KOSDAQ,Listed,,FICS  내구소비재,3100.0,3145.0,3075.0,3115.0,27536.0,85774640.0,1.0,3115.0,574.0,10000000.0,11859670.0,,0.0,0.0,0.0,3806.0,,0.0,,,,,,,,,,,,,,,,,1093.5999755859375,2.122999906539917,2.798,52.689998626708984,91.08000183105469,,1186.0,,,,
20150102,024950,삼천리자전거,KOSDAQ,Listed,,FICS  레저용품,18750.0,19000.0,18750.0,18950.0,26979.0,511252050.0,1.0,18950.0,571.0,13273577.0,-293064500.0,-34900200.0,0.0,-697450.0,-4147000.0,-15575.0,-1852.0,0.0,,,,,,,,,,,,,,,,,1093.5999755859375,2.122999906539917,2.798,52.689998626708984,91.08000183105469,,1186.0,,,,
20150102,025000,KPX케미칼,KOSPI,Listed,,FICS  화학,59000.0,59000.0,58700.0,58700.0,99.0,5811300.0,1.0,58700.0,2560.0,4840000.0,,5061100.0,0.0,5061100.0,0.0,,86.0,0.0,,,,,20150331,2142.0,119.0,225.0,723841360000.0,916962234848.0,,,,500.0,4600.0,8.71,1093.5999755859375,2.122999906539917,2.798,52.689998626708984,91.08000183105469,,1186.0,,20150331,149554.0,26.68
20150102,025320,시노펙스,KOSDAQ,Listed,,FICS  휴대폰&nbsp;및&nbsp;관련부품,1462.0,1550.0,1462.0,1543.0,789723.0,1218542589.0,1.0,1543.0,6115.0,87733546.0,141588420.0,,0.0,0.0,0.0,83488.0,,0.0,,,,,20150331,542.0,19.0,62.0,184766847876.0,276355774368.1332,,,,,19.0,16.9,1093.5999755859375,2.122999906539917,2.798,52.689998626708984,91.08000183105469,,1186.0,,20150331,2106.0,49.57
20150102,025440,DH오토웨어,KOSDAQ,Listed,,FICS  자동차부품,3887.0,3926.0,3828.0,3926.0,7352.0,28863952.0,1.0,3926.0,352.0,48781224.0,1700355.0,,0.0,0.0,0.0,2122.0,,0.0,,,,,20150331,1345.0,-47.0,-6.0,74732835168.0,367551029923.2576,,,,,-11.0,-1.91,1093.5999755859375,2.122999906539917,2.798,52.689998626708984,91.08000183105469,,1186.0,,20150331,1532.0,391.82
20150102,025530,SJM홀딩스,KOSPI,Listed,,FICS  자동차부품,4660.0,4700.0,4620.0,4700.0,3113.0,14631100.0,1.0,4700.0,568.0,14934008.0,,3089695.0,2836100.0,1450680.0,-1197085.0,,659.0,604.0,,,,,,,,,,,,,,,,,1093.5999755859375,2.122999906539917,2.798,52.689998626708984,91.08000183105469,,1186.0,,,,
20150102,025540,한국단자,KOSPI,Listed,,FICS  자동차부품,66400.0,67700.0,65600.0,66500.0,10595.0,704567500.0,1.0,66500.0,6746.0,10115000.0,-27570600.0,45175600.0,-40245900.0,179516500.0,-133859400.0,-414.0,675.0,-602.0,,,,,20150331,3806.0,420.0,385.0,1171397920000.0,1590055536608.0,,,,700.0,3803.0,10.13,1093.5999755859375,2.122999906539917,2.798,52.689998626708984,91.08000183105469,,1186.0,,20150331,115808.0,35.74
20150102,025550,한국선재,KOSDAQ,Listed,,FICS  금속&nbsp;및&nbsp;광물,1770.0,1785.0,1740.0,1775.0,74735.0,132654625.0,1.0,1775.0,886.0,25514004.0,12794385.0,,0.0,0.0,0.0,7267.0,,0.0,,,,,20150331,560.0,28.0,21.0,136117211340.0,277488547037.72394,,,,100.0,43.0,1.25,1093.5999755859375,2.122999906539917,2.798,52.689998626708984,91.08000183105469,,1186.0,,20150331,5335.0,103.86
20150102,025560,미래산업,KOSPI,Listed,,FICS  반도체&nbsp;및&nbsp;관련장비,69661.0,73303.0,69138.0,71770.0,19120.0,1372242400.0,1.0,71770.0,594.0,4482654.0,-20752748.0,-2931341.0,0.0,0.0,-2931341.0,-130289.0,-19058.0,0.0,,,,,20150331,226.0,60.0,64.0,121753365294.0,156842685171.7308,,,,,1430.0,10.09,1093.5999755859375,2.122999906539917,2.798,52.689998626708984,91.08000183105469,,1186.0,,20150331,27161.0,28.82
20150102,025620,차AI헬스케어,KOSPI,Listed,,FICS  개인생활용품,388656.0,430759.0,380992.0,395432.0,3976.0,1572237632.0,1.0,395432.0,1196.0,8479500.0,-6213290.0,,0.0,0.0,0.0,-2617.0,,0.0,,,,,,,,,,,,,,,,,1093.5999755859375,2.122999906539917,2.798,52.689998626708984,91.08000183105469,,1186.0,,,,
20150102,025750,한솔홈데코,KOSPI,Listed,,FICS  종이&nbsp;및&nbsp;목재,1650.0,1655.0,1590.0,1610.0,1635435.0,2633050350.0,1.0,1610.0,514.0,80565149.0,-127712345.0,-330000.0,0.0,0.0,0.0,-79056.0,-200.0,0.0,,,,,20150331,720.0,-6.0,-23.0,123586938566.0,260101070906.0036,,,,,-28.0,-12.16,1093.5999755859375,2.122999906539917,2.798,52.689998626708984,91.08000183105469,,1186.0,,20150331,1534.0,110.46
20150102,025770,한국정보통신,KOSDAQ,Listed,,FICS  상업서비스,8060.0,8410.0,7960.0,8320.0,200514.0,1668276480.0,1.0,8320.0,3021.0,37444271.0,299111990.0,,0.0,0.0,0.0,36263.0,,0.0,,,,,,,,,,,,,,,,,1093.5999755859375,2.122999906539917,2.798,52.689998626708984,91.08000183105469,,1186.0,,,,
20150102,025820,이구산업,KOSPI,Listed,,FICS  금속&nbsp;및&nbsp;광물,1155.0,1165.0,1130.0,1160.0,46119.0,53498040.0,1.0,1160.0,1692.0,33442000.0,,,0.0,0.0,0.0,,,0.0,,,,,20150331,1313.0,32.0,-6.0,143900926000.0,391338568257.0,,,,50.0,-17.0,5.52,1093.5999755859375,2.122999906539917,2.798,52.689998626708984,91.08000183105469,,1186.0,,20150331,4303.0,171.95
20150102,025860,남해화학,KOSPI,Listed,,FICS  화학,9500.0,9800.0,9200.0,9350.0,291771.0,2728058850.0,1.0,9350.0,3293.0,49678843.0,-171040540.0,-301329100.0,0.0,17414970.0,-241651590.0,-18044.0,-32337.0,0.0,,,,,20150331,3603.0,157.0,97.0,581639893844.0,866178129912.4849,,,,80.0,205.0,6.52,1093.5999755859375,2.122999906539917,2.798,52.689998626708984,91.08000183105469,,1186.0,,20150331,11708.0,48.92
20150102,025870,신라에스지,KOSDAQ,Listed,,FICS  식료품,3675.0,3795.0,3605.0,3620.0,13353.0,48337860.0,1.0,3620.0,234.0,4000000.0,,,0.0,0.0,0.0,,,0.0,,,,,,,,,,,,,,,,,1093.5999755859375,2.122999906539917,2.798,52.689998626708984,91.08000183105469,,1186.0,,,,
20150102,025880,케이씨피드,KOSDAQ,Listed,,FICS  식료품,1432.0,1459.0,1409.0,1460.0,13903.0,20298380.0,1.0,1460.0,463.0,16715858.0,-850430.0,,0.0,0.0,0.0,-540.0,,0.0,,,,,20150331,319.0,43.0,38.0,82509475088.0,125488660661.33922,,,,100.0,213.0,11.24,1093.5999755859375,2.122999906539917,2.798,52.689998626708984,91.08000183105469,,1186.0,,20150331,4936.0,52.09
20150102,025890,한국주강,KOSPI,Listed,,FICS  금속&nbsp;및&nbsp;광물,2400.0,2450.0,2370.0,2435.0,12413.0,30225655.0,1.0,2435.0,192.0,11309259.0,,,0.0,0.0,0.0,,,0.0,,,,,,,,,,,,,,,,,1093.5999755859375,2.122999906539917,2.798,52.689998626708984,91.08000183105469,,1186.0,,,,
20150102,025900,동화기업,KOSDAQ,Listed,,FICS  건축자재,5553.0,5838.0,5553.0,5839.0,78190.0,456551410.0,1.0,5839.0,4853.0,50557285.0,-15015150.0,,0.0,0.0,0.0,-745.0,,0.0,,,,,20150331,2017.0,23.0,-96.0,1010235668870.0,2552259393833.168,,,,,105.0,-1.21,1093.5999755859375,2.122999906539917,2.798,52.689998626708984,91.08000183105469,,1186.0,,20150331,19982.0,152.64
20150102,025950,동신건설,KOSDAQ,Listed,,FICS  건설,4660.0,4855.0,4660.0,4750.0,2871.0,13637250.0,1.0,4750.0,2100.0,8400000.0,,,0.0,0.0,0.0,,,0.0,,,,,20150331,103.0,-20.0,-19.0,96037200000.0,107427211920.0,,,,250.0,-222.0,-2.21,1093.5999755859375,2.122999906539917,2.798,52.689998626708984,91.08000183105469,,1186.0,,20150331,11433.0,11.86
20150102,025980,아난티,KOSDAQ,Listed,,FICS  호텔&nbsp;및&nbsp;레저,2630.0,2700.0,2450.0,2480.0,673822.0,1671078560.0,1.0,2480.0,7282.0,94699536.0,-278906000.0,-580253550.0,0.0,-129195500.0,-451058050.0,-21910.0,-45232.0,0.0,,,,,20150331,734.0,92.0,72.0,733826704464.0,1588734815164.56,,,,,74.0,-6.05,1093.5999755859375,2.122999906539917,2.798,52.689998626708984,91.08000183105469,,1186.0,,20150331,7749.0,116.5
20150102,026040,제이에스티나,KOSDAQ,Listed,,FICS  섬유&nbsp;및&nbsp;의복,17450.0,17600.0,16550.0,16650.0,321744.0,5357037600.0,1.0,16650.0,515.0,16503790.0,-511703800.0,-315490200.0,-170129300.0,-23508650.0,-84511950.0,-30013.0,-18803.0,-10197.0,,,,,,,,,,,,,,,,,1093.5999755859375,2.122999906539917,2.798,52.689998626708984,91.08000183105469,,1186.0,,,,
20150102,026150,특수건설,KOSDAQ,Listed,,FICS  건설,2608.0,2608.0,2547.0,2583.0,22219.0,57391677.0,1.0,2583.0,1096.0,17546331.0,-566340.0,,0.0,0.0,0.0,-188.0,,0.0,,,,,20150331,407.0,-39.0,-45.0,114524902437.0,216658210430.3166,,,,,-287.0,13.43,1093.5999755859375,2.122999906539917,2.798,52.689998626708984,91.08000183105469,,1186.0,,20150331,6527.0,89.18
20150102,026890,스틱인베스트먼트,KOSPI,Listed,,FICS  창업투자&nbsp;및&nbsp;종금,3605.0,3640.0,3560.0,3590.0,104936.0,376720240.0,1.0,3590.0,4372.0,41678175.0,32766885.0,,0.0,0.0,0.0,9086.0,,0.0,,,,,20150331,179.0,41.0,34.0,279327128850.0,336756786541.56,,,,250.0,84.0,0.28,1093.5999755859375,2.122999906539917,2.798,52.689998626708984,91.08000183105469,,1186.0,,20150331,6702.0,20.56
20150102,026910,광진실업,KOSDAQ,Listed,,FICS  금속&nbsp;및&nbsp;광물,2390.0,2415.0,2350.0,2395.0,936.0,2241720.0,1.0,2395.0,165.0,6405405.0,,,0.0,0.0,0.0,,,0.0,,,,,,,,,,,,,,,,,1093.5999755859375,2.122999906539917,2.798,52.689998626708984,91.08000183105469,,1186.0,,,,
20150102,026940,부국철강,KOSPI,Listed,,FICS  금속&nbsp;및&nbsp;광물,2155.0,2200.0,2140.0,2175.0,18401.0,40022175.0,1.0,2175.0,411.0,20000000.0,-838480.0,9681285.0,0.0,9762315.0,-81030.0,-389.0,4452.0,0.0,,,,,20150331,436.0,-1.0,3.0,135780000000.0,159813060000.0,,,,75.0,17.0,0.46,1093.5999755859375,2.122999906539917,2.798,52.689998626708984,91.08000183105469,,1186.0,,20150331,6789.0,17.7
20150102,026960,동서,KOSDAQ,Listed,,기준 분기는,22450.0,22750.0,22000.0,22500.0,58776.0,1322460000.0,1.0,22500.0,27517.0,99700000.0,45735650.0,210401050.0,-45865350.0,42485350.0,95886650.0,2028.0,9328.0,-2043.0,,,,,20150331,1373.0,135.0,340.0,1709555900000.0,1773322335070.0002,,,,250.0,339.0,8.57,1093.5999755859375,2.122999906539917,2.798,52.689998626708984,91.08000183105469,,1186.0,,20150331,17147.0,3.73
20150102,027040,서울전자통신,KOSDAQ,Listed,,FICS  전자&nbsp;장비&nbsp;및&nbsp;기기,439.0,449.0,435.0,440.0,167878.0,73866320.0,1.0,440.0,132.0,69588847.0,6554675.0,,0.0,0.0,0.0,13920.0,,0.0,,,,,,,,,,,,,,,,,1093.5999755859375,2.122999906539917,2.798,52.689998626708984,91.08000183105469,,1186.0,,,,
20150102,027050,코리아나,KOSDAQ,Listed,,FICS  개인생활용품,2760.0,2770.0,2705.0,2745.0,599023.0,1644318135.0,1.0,2745.0,922.0,40000000.0,-8751275.0,-2137810.0,0.0,0.0,-2137810.0,-3150.0,-785.0,0.0,,,,,20150331,168.0,-16.0,-26.0,108960000000.0,131176944000.0,,,,,-65.0,-2.29,1093.5999755859375,2.122999906539917,2.798,52.689998626708984,91.08000183105469,,1186.0,,20150331,2724.0,20.39
20150102,027360,아주IB투자,KOSDAQ,Listed,,FICS  창업투자&nbsp;및&nbsp;종금,,,,,,,1.0,,2525.0,121145406.0,,,,,,,,,,,,,20150331,93.0,23.0,21.0,266035311576.0,343584604900.40405,,,,50.0,18.0,1.73,1093.5999755859375,2.122999906539917,2.798,52.689998626708984,91.08000183105469,,1186.0,,20150331,2196.0,29.15
20150102,027410,BGF,KOSPI,Listed,,FICS  화학,19459.0,19459.0,18943.0,19176.0,92910.0,1781642160.0,1.0,19176.0,3862.0,95716791.0,2832114300.0,-3316351700.0,-79788400.0,663327200.0,-497559000.0,38168.0,-44694.0,-1082.0,,,,,20150331,1160.0,110.0,261.0,1773440703648.0,2078472504675.4558,,,,130.0,167.0,3.3,1093.5999755859375,2.122999906539917,2.798,52.689998626708984,91.08000183105469,,1186.0,,20150331,18528.0,17.2
20150102,027580,상보,KOSDAQ,Listed,,FICS  화학,4369.0,4381.0,4244.0,4337.0,16328.0,70814536.0,1.0,4337.0,456.0,59181279.0,-2508490.0,,0.0,0.0,0.0,-331.0,,0.0,,,,,20150331,127.0,-21.0,-13.0,47640929595.0,103318884012.67651,,,,,-22.0,-30.09,1093.5999755859375,2.122999906539917,2.798,52.689998626708984,91.08000183105469,,1186.0,,20150331,805.0,116.87
20150102,027710,팜스토리,KOSDAQ,Listed,,FICS  식료품,1280.0,1295.0,1225.0,1235.0,838483.0,1035526505.0,1.0,1235.0,1316.0,111416600.0,32632170.0,,0.0,0.0,0.0,26217.0,,0.0,,,,,20150331,3614.0,193.0,125.0,286340662000.0,809971830599.4,,,,25.0,98.0,6.01,1093.5999755859375,2.122999906539917,2.798,52.689998626708984,91.08000183105469,,1186.0,,20150331,2570.0,182.87
20150102,027740,마니커,KOSPI,Listed,,FICS  식료품,2578.0,2634.0,2523.0,2589.0,29932.0,77493948.0,1.0,2589.0,497.0,63511228.0,14225508.0,,0.0,0.0,0.0,23749.0,,0.0,,,,,20150331,1033.0,13.0,8.0,40710697148.0,158213982326.2724,,,,,14.0,-17.56,1093.5999755859375,2.122999906539917,2.798,52.689998626708984,91.08000183105469,,1186.0,,20150331,641.0,288.63
20150102,027830,대성창투,KOSDAQ,Listed,,FICS  창업투자&nbsp;및&nbsp;종금,1343.0,1404.0,1324.0,1390.0,1062281.0,1476570590.0,1.0,1390.0,866.0,54000000.0,913545.0,720000.0,0.0,0.0,0.0,137.0,500.0,0.0,,,,,20150331,17.0,0.0,12.0,97524000000.0,98089639200.0,,,,,22.0,4.03,1093.5999755859375,2.122999906539917,2.798,52.689998626708984,91.08000183105469,,1186.0,,20150331,1806.0,0.58
20150102,027970,한국제지,KOSPI,Listed,,FICS  종이&nbsp;및&nbsp;목재,1823.0,1823.0,1755.0,1785.0,133520.0,238333200.0,1.0,1785.0,1397.0,190178237.0,3405122.0,,0.0,0.0,0.0,9176.0,,0.0,,,,,20150331,1816.0,2.0,-6.0,447299213424.0,720420113140.6945,,,,,-3.0,-0.45,1093.5999755859375,2.122999906539917,2.798,52.689998626708984,91.08000183105469,,1186.0,,20150331,2352.0,61.06
20150102,028050,삼성E&A,KOSPI,Listed,,FICS  건설,23438.0,23563.0,22441.0,22535.0,647746.0,14596956110.0,1.0,22535.0,50862.0,196000000.0,-4070995050.0,-262067650.0,-1634150.0,414764150.0,-402974700.0,-111364.0,-7272.0,-45.0,,,,,,,,,,,,,,,,,1093.5999755859375,2.122999906539917,2.798,52.689998626708984,91.08000183105469,,1186.0,,,,
20150102,028080,휴맥스홀딩스,KOSDAQ,Listed,,FICS  셋톱&nbsp;박스,9950.0,10450.0,9720.0,10250.0,50340.0,515985000.0,1.0,10250.0,196.0,12577506.0,-10690800.0,-92710.0,-30456620.0,18068140.0,5646260.0,-1040.0,-30.0,-3000.0,,,,,,,,,,,,,,,,,1093.5999755859375,2.122999906539917,2.798,52.689998626708984,91.08000183105469,,1186.0,,,,
20150102,028100,동아지질,KOSPI,Listed,,FICS  건설,7540.0,7630.0,7530.0,7560.0,6774.0,51211440.0,1.0,7560.0,2195.0,13389502.0,-2315760.0,,0.0,0.0,0.0,-305.0,,0.0,,,,,20150331,1309.0,52.0,49.0,236324710300.0,462274765817.83,,,,500.0,370.0,7.02,1093.5999755859375,2.122999906539917,2.798,52.689998626708984,91.08000183105469,,1186.0,,20150331,17650.0,95.61
20150102,028260,삼성물산,KOSPI,Listed,,FICS  복합&nbsp;산업,160500.0,174000.0,158500.0,171000.0,3083018.0,527196078000.0,1.0,171000.0,414742.0,169976544.0,34600930500.0,-32752169000.0,-20442240000.0,-9110886000.0,536503000.0,206272.0,-195425.0,-122012.0,,,,,20150331,105196.0,8384.0,8045.0,35547364623264.0,54728722573977.26,,,,2600.0,2927.0,5.77,1093.5999755859375,2.122999906539917,2.798,52.689998626708984,91.08000183105469,,1186.0,,20150331,209131.0,53.96
20150102,02826K,삼성물산우B,KOSDAQ,Listed,,기준 분기는,,,,,,,1.0,,414742.0,1467590.0,,,,,,,,,,,,,,,,,,,,,,,,,1093.5999755859375,2.122999906539917,2.798,52.689998626708984,91.08000183105469,,1186.0,,,,
20150102,028300,HLB,KOSDAQ,Listed,,FICS  의료&nbsp;장비&nbsp;및&nbsp;서비스,3089.0,3390.0,3044.0,3258.0,1191450.0,3881744100.0,1.0,3258.0,64730.0,131833110.0,51931110.0,,0.0,0.0,0.0,7201.0,,0.0,,,,,20150331,221.0,-230.0,-764.0,379152024360.0,588974754640.824,,,,,-556.0,-48.86,1093.5999755859375,2.122999906539917,2.798,52.689998626708984,91.08000183105469,,1186.0,,20150331,2876.0,55.34
20150102,028670,팬오션,KOSPI,Listed,,FICS  해상운수,3915.0,3967.0,3855.0,3945.0,1808622.0,7135013790.0,1.0,3945.0,22879.0,534569512.0,64368260.0,13624000.0,0.0,0.0,13624000.0,24604.0,5200.0,0.0,,,,,20150331,14146.0,1270.0,958.0,5803821191784.0,11051055931275.916,,,,120.0,163.0,4.14,1093.5999755859375,2.122999906539917,2.798,52.689998626708984,91.08000183105469,,1186.0,,20150331,10857.0,90.41
20150102,029460,케이씨,KOSPI,Listed,,FICS  반도체&nbsp;및&nbsp;관련장비,6625.0,6875.0,6550.0,6833.0,100127.0,684167791.0,1.0,6833.0,3307.0,13231263.0,127986430.0,-45179690.0,0.0,-97560580.0,9050630.0,15917.0,-5737.0,0.0,,,,,20150331,1750.0,27.0,65.0,1041512098308.0,1254293019992.3242,,,,320.0,488.0,9.17,1093.5999755859375,2.122999906539917,2.798,52.689998626708984,91.08000183105469,,1186.0,,20150331,78716.0,20.43
20150102,029480,광무,KOSDAQ,Listed,,FICS  전자&nbsp;장비&nbsp;및&nbsp;기기,4030.0,4325.0,3990.0,4255.0,39004.0,165962020.0,1.0,4255.0,1317.0,63635826.0,11752609.0,,0.0,0.0,0.0,15154.0,,0.0,,,,,20150331,20.0,-12.0,25.0,234243475506.0,255817299600.10263,,,,,44.0,-21.71,1093.5999755859375,2.122999906539917,2.798,52.689998626708984,91.08000183105469,,1186.0,,20150331,3681.0,9.21
20150102,029530,신도리코,KOSPI,Listed,,FICS  사무기기,66500.0,68200.0,66400.0,68000.0,5363.0,364684000.0,1.0,68000.0,4838.0,10080029.0,4621300.0,42404700.0,67810500.0,70529400.0,-100216400.0,70.0,615.0,1000.0,,,,,20150331,804.0,15.0,135.0,1241587412017.0,1321918117574.4998,,,,1500.0,1344.0,4.17,1093.5999755859375,2.122999906539917,2.798,52.689998626708984,91.08000183105469,,1186.0,,20150331,123173.0,6.47
20150102,029780,삼성카드,KOSPI,Listed,,FICS  소비자&nbsp;금융,43650.0,44150.0,43500.0,43750.0,56764.0,2483425000.0,1.0,43750.0,62795.0,115858891.0,151907050.0,-197382100.0,-116213850.0,339861200.0,-638578350.0,3468.0,-4514.0,-2650.0,,,,,20150331,12000.0,1800.0,1360.0,9636910835598.0,35761612419820.62,,,,2800.0,1174.0,7.38,1093.5999755859375,2.122999906539917,2.798,52.689998626708984,91.08000183105469,,1186.0,,20150331,83178.0,271.09
20150102,030000,제일기획,KOSPI,Listed,,FICS  미디어,17200.0,17450.0,17100.0,17150.0,539622.0,9254517300.0,1.0,17150.0,26229.0,115041225.0,45902150.0,-722190150.0,-385862700.0,1981952200.0,-852045450.0,2846.0,-42227.0,-22397.0,,,,,,,,,,,,,,,,,1093.5999755859375,2.122999906539917,2.798,52.689998626708984,91.08000183105469,,1186.0,,,,
20150102,030190,NICE평가정보,KOSDAQ,Listed,,FICS  상업서비스,4730.0,5040.0,4725.0,4990.0,196823.0,982146770.0,1.0,4990.0,10014.0,59506593.0,-43557440.0,247357030.0,86603040.0,160753990.0,0.0,-8825.0,50424.0,17652.0,,,,,,,,,,,,,,,,,1093.5999755859375,2.122999906539917,2.798,52.689998626708984,91.08000183105469,,1186.0,,,,
20150102,030200,KT,KOSPI,Listed,,FICS  무선통신,31100.0,31850.0,31050.0,31600.0,631854.0,19966586400.0,1.0,31600.0,133823.0,252021685.0,-3082395150.0,4036466700.0,2595370600.0,2950928700.0,-3776256850.0,-97717.0,127248.0,81858.0,,,,,20150331,68618.0,3214.0,970.0,18149593666960.0,40533487536421.766,,,,600.0,553.0,5.55,1093.5999755859375,2.122999906539917,2.798,52.689998626708984,91.08000183105469,,1186.0,,20150331,72016.0,123.33
20150102,030210,다올투자증권,KOSPI,Listed,,FICS  증권,1815.0,1840.0,1795.0,1830.0,210116.0,384512280.0,1.0,1830.0,2147.0,60911106.0,109105555.0,,0.0,0.0,0.0,59951.0,,0.0,,,,,20150331,3010.0,115.0,97.0,582492906678.0,7982948787440.654,,,,150.0,148.0,2.07,1093.5999755859375,2.122999906539917,2.798,52.689998626708984,91.08000183105469,,1186.0,,20150331,9563.0,1270.48
20150102,030350,드래곤플라이,KOSDAQ,Listed,,FICS  게임&nbsp;소프트웨어,33818.0,35213.0,33772.0,34684.0,27558.0,955821672.0,1.0,34684.0,135.0,13877794.0,65698080.0,-7381490.0,0.0,0.0,-7381490.0,8524.0,-959.0,0.0,,,,,20150331,42.0,-4.0,-10.0,10755290350.0,21889166920.319996,,,,,-70.0,-51.13,1093.5999755859375,2.122999906539917,2.798,52.689998626708984,91.08000183105469,,1186.0,,20150331,775.0,103.52
20150102,030520,한글과컴퓨터,KOSDAQ,Listed,,FICS  일반&nbsp;소프트웨어,20550.0,20550.0,19850.0,20000.0,79435.0,1588700000.0,1.0,20000.0,5948.0,24179744.0,70645100.0,-521384500.0,-133145100.0,-239956250.0,40043350.0,3526.0,-26037.0,-6649.0,,,,,20150331,1044.0,116.0,46.0,380444092096.0,536768569538.2464,,,,410.0,322.0,4.87,1093.5999755859375,2.122999906539917,2.798,52.689998626708984,91.08000183105469,,1186.0,,20150331,15734.0,41.09
20150102,030530,원익홀딩스,KOSDAQ,Listed,,FICS  반도체&nbsp;및&nbsp;관련장비,8477.0,8508.0,8294.0,8386.0,328116.0,2751580776.0,1.0,8386.0,21896.0,77237981.0,489908450.0,-246154400.0,59636200.0,-495556350.0,-56754400.0,35646.0,-17948.0,4305.0,,,,,20150331,1434.0,-81.0,300.0,1002008327513.0,1501910282109.2356,,,,,314.0,-1.27,1093.5999755859375,2.122999906539917,2.798,52.689998626708984,91.08000183105469,,1186.0,,20150331,12973.0,49.89
20150102,030610,교보증권,KOSPI,Listed,,FICS  증권,8090.0,8200.0,8020.0,8200.0,140444.0,1151640800.0,1.0,8200.0,10997.0,113962961.0,385565510.0,,0.0,0.0,0.0,47520.0,,0.0,,,,,,,,,,,,,,,,,1093.5999755859375,2.122999906539917,2.798,52.689998626708984,91.08000183105469,,1186.0,,,,
20150102,030720,동원수산,KOSPI,Listed,,FICS  식료품,7640.0,7650.0,7330.0,7390.0,48297.0,356914830.0,1.0,7390.0,287.0,4653805.0,-227070.0,-222806210.0,0.0,0.0,0.0,-31.0,-30000.0,0.0,,,,,20150331,362.0,15.0,17.0,54593786455.0,116426708993.933,,,,250.0,358.0,14.2,1093.5999755859375,2.122999906539917,2.798,52.689998626708984,91.08000183105469,,1186.0,,20150331,11731.0,113.26
20150102,030960,양지사,KOSDAQ,Listed,,FICS  상업서비스,2060.0,2060.0,1980.0,2020.0,1608.0,3248160.0,1.0,2020.0,1403.0,15980000.0,,12285.0,0.0,0.0,12285.0,,6.0,0.0,,,,,20150331,100.0,-7.0,2.0,214068080000.0,243031491224.0,,,,50.0,9.0,-0.78,1093.5999755859375,2.122999906539917,2.798,52.689998626708984,91.08000183105469,,1186.0,,20150331,13396.0,13.53
20150102,031210,서울보증보험,KOSDAQ,Listed,,FICS  보험,,,,,,,1.0,,34910.0,69821598.0,,,,,,,,,,,,,20150331,6558.0,809.0,618.0,5181390965982.0,9384017178490.002,,,,,886.0,4.46,1093.5999755859375,2.122999906539917,2.798,52.689998626708984,91.08000183105469,,1186.0,,20150331,74209.0,81.11
20150102,031310,아이즈비전,KOSDAQ,Listed,,FICS  통신장비,3230.0,3235.0,3070.0,3165.0,61365.0,194220225.0,1.0,3165.0,389.0,26355043.0,-3806925.0,,0.0,0.0,0.0,-1219.0,,0.0,,,,,20150331,466.0,16.0,75.0,162742390525.0,230817532481.60748,,,,,288.0,-0.83,1093.5999755859375,2.122999906539917,2.798,52.689998626708984,91.08000183105469,,1186.0,,20150331,6175.0,41.83
20150102,031330,에스에이엠티,KOSDAQ,Listed,,FICS  전자&nbsp;장비&nbsp;및&nbsp;기기,1578.0,1597.0,1568.0,1568.0,2661.0,4172448.0,1.0,1568.0,3854.0,99995067.0,955055.0,,0.0,0.0,0.0,580.0,,0.0,,,,,,,,,,,,,,,,,1093.5999755859375,2.122999906539917,2.798,52.689998626708984,91.08000183105469,,1186.0,,,,
20150102,031430,신세계인터내셔날,KOSPI,Listed,,FICS  섬유&nbsp;및&nbsp;의복,22800.0,23500.0,22800.0,23100.0,53205.0,1229035500.0,1.0,23100.0,3916.0,35343000.0,35638500.0,-95433500.0,71825500.0,291187000.0,-160631500.0,311.0,-850.0,625.0,,,,,20150331,4129.0,70.0,64.0,857067750000.0,1438245391275.0002,,,,400.0,202.0,0.27,1093.5999755859375,2.122999906539917,2.798,52.689998626708984,91.08000183105469,,1186.0,,20150331,24250.0,67.81
20150102,031440,신세계푸드,KOSPI,Listed,,FICS  식료품,105000.0,109000.0,104500.0,108500.0,9236.0,1002106000.0,1.0,108500.0,1463.0,3872480.0,40018000.0,258826500.0,135891000.0,29111000.0,59712000.0,381.0,2394.0,1256.0,,,,,,,,,,,,,,,,,1093.5999755859375,2.122999906539917,2.798,52.689998626708984,91.08000183105469,,1186.0,,,,
20150102,031510,오스템,KOSDAQ,Listed,,FICS  자동차부품,2305.0,2325.0,2270.0,2310.0,38266.0,88394460.0,1.0,2310.0,308.0,28000000.0,1198755.0,-5019630.0,0.0,0.0,-5019630.0,516.0,-2173.0,0.0,,,,,,,,,,,,,,,,,1093.5999755859375,2.122999906539917,2.798,52.689998626708984,91.08000183105469,,1186.0,,,,
20150102,031820,아이티센씨티에스,KOSPI,Listed,,FICS  IT&nbsp;서비스,940.0,953.0,924.0,954.0,282343.0,269355222.0,1.0,954.0,702.0,121051466.0,2725840.0,,0.0,0.0,0.0,1956.0,,0.0,,,,,20150331,2588.0,110.0,266.0,191140264814.0,521564440597.9618,,,,,103.0,9.48,1093.5999755859375,2.122999906539917,2.798,52.689998626708984,91.08000183105469,,1186.0,,20150331,1579.0,172.87
20150102,031860,디에이치엑스컴퍼니,KOSDAQ,Listed,,FICS  컴퓨터&nbsp;및&nbsp;주변기기,19201.0,19398.0,18860.0,19267.0,16097.0,310140899.0,1.0,19267.0,119.0,18985423.0,-629785.0,,0.0,0.0,0.0,-441.0,,0.0,,,,,,,,,,,,,,,,,1093.5999755859375,2.122999906539917,2.798,52.689998626708984,91.08000183105469,,1186.0,,,,
20150102,031980,피에스케이홀딩스,KOSDAQ,Listed,,FICS  반도체&nbsp;및&nbsp;관련장비,12586.0,12586.0,12204.0,12374.0,76513.0,946771862.0,1.0,12374.0,9713.0,21562395.0,72251200.0,-6763450.0,1924950.0,5866250.0,42612400.0,4978.0,-635.0,115.0,,,,,20150331,628.0,206.0,216.0,514349370330.0,599268451371.483,,,,700.0,1150.0,26.23,1093.5999755859375,2.122999906539917,2.798,52.689998626708984,91.08000183105469,,1186.0,,20150331,23854.0,16.51
20150102,032080,아즈텍WB,KOSDAQ,Listed,,FICS  섬유&nbsp;및&nbsp;의복,2015.0,2060.0,2000.0,2015.0,21232.0,42782480.0,1.0,2015.0,271.0,21491029.0,5188820.0,,0.0,0.0,0.0,2606.0,,0.0,,,,,,,,,,,,,,,,,1093.5999755859375,2.122999906539917,2.798,52.689998626708984,91.08000183105469,,1186.0,,,,
20150102,032190,다우데이타,KOSDAQ,Listed,,FICS  증권,7120.0,7270.0,7050.0,7230.0,201803.0,1459035690.0,1.0,7230.0,7407.0,38300000.0,-61844760.0,14418340.0,0.0,0.0,14418340.0,-8601.0,2000.0,0.0,,,,,20150331,35994.0,4420.0,3355.0,1550460600000.0,15699808989540.0,,,,450.0,1707.0,13.17,1093.5999755859375,2.122999906539917,2.798,52.689998626708984,91.08000183105469,,1186.0,,20150331,40482.0,912.59
20150102,032280,삼일,KOSDAQ,Listed,,FICS  육상운수,2470.0,2470.0,2405.0,2445.0,30925.0,75611625.0,1.0,2445.0,230.0,16213590.0,-3670740.0,,0.0,0.0,0.0,-1503.0,,0.0,,,,,20150331,260.0,6.0,3.0,67383680040.0,110960705921.868,,,,30.0,21.0,1.68,1093.5999755859375,2.122999906539917,2.798,52.689998626708984,91.08000183105469,,1186.0,,20150331,4156.0,64.67
20150102,032300,한국파마,KOSDAQ,Listed,,FICS  제약,,,,,,,1.0,,1516.0,10906701.0,,,,,,,,,,,,,,,,,,,,,,,,,1093.5999755859375,2.122999906539917,2.798,52.689998626708984,91.08000183105469,,1186.0,,,,
20150102,032350,롯데관광개발,KOSPI,Listed,,FICS  호텔&nbsp;및&nbsp;레저,8535.0,8535.0,8203.0,8205.0,13828.0,113458740.0,1.0,8205.0,16981.0,79539484.0,-5646150.0,,0.0,0.0,0.0,-412.0,,0.0,,,,,20150331,1813.0,447.0,108.0,347508005596.0,2184504824777.5752,,,,,137.0,-16.18,1093.5999755859375,2.122999906539917,2.798,52.689998626708984,91.08000183105469,,1186.0,,20150331,4369.0,528.62
20150102,032500,케이엠더블유,KOSDAQ,Listed,,FICS  통신장비,7634.0,7634.0,7417.0,7587.0,95481.0,724414347.0,1.0,7587.0,6192.0,40930109.0,49528000.0,-50067150.0,0.0,18094750.0,-68161900.0,3173.0,-3242.0,0.0,,,,,20150331,314.0,-31.0,46.0,109856412556.0,214209018842.9444,,,,,7.0,-20.68,1093.5999755859375,2.122999906539917,2.798,52.689998626708984,91.08000183105469,,1186.0,,20150331,2684.0,94.99
20150102,032540,TJ미디어,KOSDAQ,Listed,,FICS  레저용품,2515.0,2585.0,2515.0,2550.0,6397.0,16312350.0,1.0,2550.0,767.0,13931609.0,-228995.0,,0.0,0.0,0.0,-88.0,,0.0,,,,,20150331,248.0,17.0,16.0,83311021820.0,125308107919.462,,,,320.0,116.0,5.64,1093.5999755859375,2.122999906539917,2.798,52.689998626708984,91.08000183105469,,1186.0,,20150331,5980.0,50.41
20150102,032560,황금에스티,KOSPI,Listed,,FICS  금속&nbsp;및&nbsp;광물,4092.0,4186.0,4071.0,4096.0,32239.0,132050944.0,1.0,4096.0,1016.0,17000000.0,2244555.0,-71262285.0,0.0,-71262285.0,0.0,450.0,-14369.0,0.0,,,,,20150331,795.0,40.0,45.0,382738000000.0,480872023200.0,,,,150.0,220.0,4.61,1093.5999755859375,2.122999906539917,2.798,52.689998626708984,91.08000183105469,,1186.0,,20150331,22514.0,25.64
20150102,032580,피델릭스,KOSDAQ,Listed,,FICS  반도체&nbsp;및&nbsp;관련장비,1940.0,1980.0,1890.0,1930.0,733907.0,1416440510.0,1.0,1930.0,367.0,33132064.0,22185945.0,,0.0,0.0,0.0,11631.0,,0.0,,,,,,,,,,,,,,,,,1093.5999755859375,2.122999906539917,2.798,52.689998626708984,91.08000183105469,,1186.0,,,,
20150102,032620,유비케어,KOSDAQ,Listed,,FICS  의료&nbsp;장비&nbsp;및&nbsp;서비스,2630.0,2670.0,2615.0,2665.0,273999.0,730207335.0,1.0,2665.0,2020.0,52197139.0,55740580.0,,0.0,0.0,0.0,21026.0,,0.0,,,,,,,,,,,,,,,,,1093.5999755859375,2.122999906539917,2.798,52.689998626708984,91.08000183105469,,1186.0,,,,
20150102,032640,LG유플러스,KOSPI,Listed,,FICS  무선통신,11500.0,11750.0,11400.0,11600.0,1001563.0,11618130800.0,1.0,11600.0,65763.0,429828355.0,356582550.0,-1130241200.0,-518861900.0,406561900.0,-1898814650.0,31401.0,-98314.0,-44643.0,,,,,20150331,39232.0,2271.0,1362.0,8937420985515.0,19569376989883.645,,,,250.0,319.0,4.34,1093.5999755859375,2.122999906539917,2.798,52.689998626708984,91.08000183105469,,1186.0,,20150331,20793.0,118.96
20150102,032680,소프트센,KOSDAQ,Listed,,FICS  IT&nbsp;서비스,661.0,697.0,661.0,690.0,273408.0,188651520.0,1.0,690.0,301.0,105590764.0,15047930.0,,0.0,0.0,0.0,8938.0,,0.0,,,,,,,,,,,,,,,,,1093.5999755859375,2.122999906539917,2.798,52.689998626708984,91.08000183105469,,1186.0,,,,
20150102,032685,소프트센우,KOSDAQ,Listed,,기준 분기는,3640.0,3656.0,3508.0,3652.0,323.0,1179596.0,1.0,3652.0,301.0,357142.0,,,0.0,0.0,0.0,,,0.0,,,,,,,,,,,,,,,,,1093.5999755859375,2.122999906539917,2.798,52.689998626708984,91.08000183105469,,1186.0,,,,
20150102,032750,삼진,KOSDAQ,Listed,,FICS  내구소비재,4001.0,4047.0,3954.0,4022.0,33518.0,134809396.0,1.0,4022.0,321.0,9031122.0,27452510.0,9913120.0,0.0,0.0,9913120.0,4547.0,1648.0,0.0,,,,,20150331,277.0,10.0,15.0,109213358346.0,124459543171.1016,,,,80.0,170.0,6.14,1093.5999755859375,2.122999906539917,2.798,52.689998626708984,91.08000183105469,,1186.0,,20150331,12093.0,13.96
20150102,032790,엠젠솔루션,KOSDAQ,Listed,,FICS  사무기기,0.0,0.0,0.0,6539.0,0.0,,1.0,,478.0,49860058.0,,,,,,,,,,,,,,,,,,,,,,,,,1093.5999755859375,2.122999906539917,2.798,52.689998626708984,91.08000183105469,,1186.0,,,,
20150102,032800,판타지오,KOSDAQ,Listed,,FICS  미디어,8120.0,8460.0,8075.0,8350.0,3429269.0,28634396150.0,1.0,8350.0,240.0,45957058.0,39775065.0,,0.0,0.0,0.0,32652.0,,0.0,,,,,20150331,104.0,-9.0,-12.0,47933211494.0,92645311175.6032,,,,,-25.0,-16.84,1093.5999755859375,2.122999906539917,2.798,52.689998626708984,91.08000183105469,,1186.0,,20150331,1043.0,93.28
20150102,032820,우리기술,KOSDAQ,Listed,,FICS  상업서비스,467.0,484.0,463.0,480.0,100733.0,48351840.0,1.0,480.0,6699.0,166664586.0,1054687.0,,0.0,0.0,0.0,2225.0,,0.0,,,,,,,,,,,,,,,,,1093.5999755859375,2.122999906539917,2.798,52.689998626708984,91.08000183105469,,1186.0,,,,
20150102,032830,삼성생명,KOSPI,Listed,,FICS  보험,115000.0,116500.0,113000.0,115000.0,308565.0,35484975000.0,1.0,115000.0,316400.0,200000000.0,10899449500.0,-13834391000.0,-5987580000.0,-3374840000.0,-3410829500.0,95144.0,-121158.0,-52578.0,,,,,20150331,95573.0,2666.0,2558.0,46898400000000.0,384257350560000.0,,,,4500.0,1365.0,6.45,1093.5999755859375,2.122999906539917,2.798,52.689998626708984,91.08000183105469,,1186.0,,20150331,234492.0,719.34
20150102,032850,비트컴퓨터,KOSDAQ,Listed,,FICS  의료&nbsp;장비&nbsp;및&nbsp;서비스,4880.0,5070.0,4860.0,5030.0,225722.0,1135381660.0,1.0,5030.0,811.0,16623293.0,119541400.0,-528940.0,0.0,-528940.0,0.0,24116.0,-106.0,0.0,,,,,,,,,,,,,,,,,1093.5999755859375,2.122999906539917,2.798,52.689998626708984,91.08000183105469,,1186.0,,,,
20150102,032860,더라미,KOSDAQ,Listed,,FICS  개인생활용품,107465.0,117105.0,105110.0,110204.0,118726.0,13084080104.0,1.0,110204.0,518.0,40395863.0,164964045.0,-80401610.0,0.0,0.0,0.0,355863.0,-167102.0,0.0,,,,,20150331,118.0,-5.0,-4.0,56554208200.0,60388583515.96001,,,,,-10.0,-1.12,1093.5999755859375,2.122999906539917,2.798,52.689998626708984,91.08000183105469,,1186.0,,20150331,1400.0,6.78
20150102,032940,원익,KOSDAQ,Listed,,FICS  개인생활용품,2831.0,2831.0,2749.0,2809.0,12437.0,34935533.0,1.0,2809.0,1311.0,18193230.0,,,0.0,0.0,0.0,,,0.0,,,,,20150331,396.0,21.0,83.0,282886533270.0,378162717675.336,,,,,455.0,11.07,1093.5999755859375,2.122999906539917,2.798,52.689998626708984,91.08000183105469,,1186.0,,20150331,15549.0,33.68
20150102,032960,동일기연,KOSDAQ,Listed,,FICS  전자&nbsp;장비&nbsp;및&nbsp;기기,7492.0,7492.0,7274.0,7316.0,770.0,5633320.0,1.0,7316.0,582.0,4118595.0,-752600.0,,0.0,0.0,0.0,-74.0,,0.0,,,,,,,,,,,,,,,,,1093.5999755859375,2.122999906539917,2.798,52.689998626708984,91.08000183105469,,1186.0,,,,
20150102,032980,바이온,KOSDAQ,Listed,,FICS  조선,10406.0,11045.0,10044.0,10408.0,399266.0,4155560528.0,1.0,10408.0,183.0,30388995.0,15352250.0,,0.0,0.0,0.0,6320.0,,0.0,,,,,20150331,31.0,3.0,-10.0,20938017555.0,76469827714.371,,,,,-56.0,-59.44,1093.5999755859375,2.122999906539917,2.798,52.689998626708984,91.08000183105469,,1186.0,,20150331,689.0,265.22
20150102,033050,제이엠아이,KOSDAQ,Listed,,FICS  상업서비스,1205.0,1260.0,1205.0,1235.0,24059.0,29712865.0,1.0,1235.0,266.0,32579342.0,1353220.0,,0.0,0.0,0.0,1107.0,,0.0,,,,,,,,,,,,,,,,,1093.5999755859375,2.122999906539917,2.798,52.689998626708984,91.08000183105469,,1186.0,,,,
20150102,033100,제룡전기,KOSDAQ,Listed,,FICS  전기장비,3155.0,3230.0,3010.0,3010.0,648318.0,1951437180.0,1.0,3010.0,5726.0,16062409.0,-78971095.0,,0.0,0.0,0.0,-25714.0,,0.0,,,,,20150331,698.0,225.0,200.0,230463444332.0,263396670527.04282,,,,1000.0,1244.0,28.97,1093.5999755859375,2.122999906539917,2.798,52.689998626708984,91.08000183105469,,1186.0,,20150331,14348.0,14.29
20150102,033130,디지틀조선,KOSDAQ,Listed,,FICS  미디어,3480.0,3505.0,3345.0,3350.0,2157713.0,7228338550.0,1.0,3350.0,560.0,37115267.0,151742870.0,,0.0,0.0,0.0,44496.0,,0.0,,,,,20150331,100.0,22.0,19.0,89818946140.0,104845655829.222,,,,30.0,53.0,4.92,1093.5999755859375,2.122999906539917,2.798,52.689998626708984,91.08000183105469,,1186.0,,20150331,2420.0,16.73
20150102,033160,엠케이전자,KOSDAQ,Listed,,FICS  반도체&nbsp;및&nbsp;관련장비,5380.0,5380.0,5180.0,5260.0,76581.0,402816060.0,1.0,5260.0,1890.0,22596480.0,-3171490.0,-762930.0,0.0,0.0,-762930.0,-597.0,-147.0,0.0,,,,,20150331,3769.0,-64.0,-79.0,429446102400.0,1050038664978.24,,,,100.0,-55.0,-3.14,1093.5999755859375,2.122999906539917,2.798,52.689998626708984,91.08000183105469,,1186.0,,20150331,19005.0,144.51
20150102,033170,시그네틱스,KOSDAQ,Listed,,FICS  반도체&nbsp;및&nbsp;관련장비,1475.0,1490.0,1465.0,1480.0,270521.0,400371080.0,1.0,1480.0,670.0,85728319.0,70674365.0,-69752210.0,0.0,0.0,0.0,47717.0,-47129.0,0.0,,,,,20150331,258.0,-40.0,-39.0,48693685192.0,101307212041.956,,,,,-45.0,-66.61,1093.5999755859375,2.122999906539917,2.798,52.689998626708984,91.08000183105469,,1186.0,,20150331,568.0,108.05
20150102,033180,KH 필룩스,KOSPI,Listed,,FICS  전자&nbsp;장비&nbsp;및&nbsp;기기,24458.0,24627.0,24050.0,24435.0,14955.0,365425425.0,1.0,24435.0,1381.0,26020020.0,-20614945.0,,0.0,0.0,0.0,-9058.0,,0.0,,,,,20150331,496.0,19.0,-18.0,462635955600.0,1023489524573.88,,,,,-15.0,-9.8,1093.5999755859375,2.122999906539917,2.798,52.689998626708984,91.08000183105469,,1186.0,,20150331,17780.0,121.23
20150102,033200,모아텍,KOSDAQ,Listed,,FICS  전자&nbsp;장비&nbsp;및&nbsp;기기,2935.0,2935.0,2870.0,2895.0,16703.0,48355185.0,1.0,2895.0,458.0,14331185.0,1256670.0,,0.0,0.0,0.0,435.0,,0.0,,,,,,,,,,,,,,,,,1093.5999755859375,2.122999906539917,2.798,52.689998626708984,91.08000183105469,,1186.0,,,,
20150102,033230,인성정보,KOSDAQ,Listed,,FICS  IT&nbsp;서비스,3781.0,4069.0,3781.0,4006.0,871402.0,3490836412.0,1.0,4006.0,923.0,50515380.0,139237000.0,,0.0,0.0,0.0,24942.0,,0.0,,,,,20150331,805.0,-3.0,-4.0,83198830860.0,197297707501.404,,,,,3.0,-8.69,1093.5999755859375,2.122999906539917,2.798,52.689998626708984,91.08000183105469,,1186.0,,20150331,1647.0,137.14
20150102,033240,자화전자,KOSPI,Listed,,FICS  통신장비,12350.0,13000.0,12300.0,12850.0,136950.0,1759807500.0,1.0,12850.0,4205.0,21756636.0,156047800.0,-139839750.0,-47216050.0,-62539700.0,-34274500.0,12154.0,-10949.0,-3700.0,,,,,20150331,2494.0,207.0,239.0,456867599364.0,813772567987.1569,,,,,791.0,4.33,1093.5999755859375,2.122999906539917,2.798,52.689998626708984,91.08000183105469,,1186.0,,20150331,20999.0,78.12
20150102,033250,체시스,KOSPI,Listed,,FICS  자동차부품,672.0,679.0,658.0,672.0,17949.0,12061728.0,1.0,672.0,336.0,32000000.0,-224701.0,,0.0,0.0,0.0,-270.0,,0.0,,,,,20150331,186.0,5.0,2.0,42816000000.0,82934592000.0,,,,,6.0,22.76,1093.5999755859375,2.122999906539917,2.798,52.689998626708984,91.08000183105469,,1186.0,,20150331,1338.0,93.7
20150102,033270,유나이티드제약,KOSPI,Listed,,FICS  제약,13450.0,13600.0,13400.0,13600.0,66790.0,908344000.0,1.0,13600.0,3209.0,16333822.0,-60122100.0,290437250.0,0.0,190434800.0,-78169050.0,-4465.0,21486.0,0.0,,,,,20150331,749.0,121.0,135.0,494261453720.0,569290342394.6959,,,,450.0,829.0,10.27,1093.5999755859375,2.122999906539917,2.798,52.689998626708984,91.08000183105469,,1186.0,,20150331,30260.0,15.18
20150102,033290,코웰패션,KOSDAQ,Listed,,FICS  육상운수,787.0,792.0,780.0,792.0,134389.0,106436088.0,1.0,792.0,1176.0,56156301.0,-2086641.0,,0.0,0.0,0.0,-2267.0,,0.0,,,,,20150331,2016.0,43.0,-6.0,422744633928.0,1025282560665.5784,,,,160.0,-4.0,5.95,1093.5999755859375,2.122999906539917,2.798,52.689998626708984,91.08000183105469,,1186.0,,20150331,7528.0,142.53
20150102,033310,엠투엔,KOSDAQ,Listed,,FICS  자동차부품,1607.0,1631.0,1591.0,1616.0,21758.0,35160928.0,1.0,1616.0,780.0,40342231.0,-672955.0,,0.0,0.0,0.0,-328.0,,0.0,,,,,20150331,215.0,11.0,-2.0,141278492962.0,186699528449.283,,,,,-4.0,-0.08,1093.5999755859375,2.122999906539917,2.798,52.689998626708984,91.08000183105469,,1186.0,,20150331,3502.0,32.15
20150102,033320,제이씨현시스템,KOSDAQ,Listed,,FICS  컴퓨터&nbsp;및&nbsp;주변기기,3520.0,3800.0,3490.0,3655.0,3197238.0,11685904890.0,1.0,3655.0,824.0,19114432.0,145973485.0,5159350.0,0.0,0.0,5159350.0,40053.0,,0.0,,,,,20150331,805.0,8.0,5.0,114629248704.0,155402872468.01282,,,,,22.0,4.71,1093.5999755859375,2.122999906539917,2.798,52.689998626708984,91.08000183105469,,1186.0,,20150331,5997.0,35.57
20150102,033340,좋은사람들,KOSDAQ,Listed,,FICS  섬유&nbsp;및&nbsp;의복,1963.0,2020.0,1920.0,1958.0,2652510.0,5193614580.0,1.0,1958.0,1635.0,96950558.0,-82317910.0,,0.0,0.0,0.0,-60073.0,,0.0,,,,,20150331,198.0,-14.0,-22.0,51189894624.0,75827590906.5312,,,,,-22.0,-13.23,1093.5999755859375,2.122999906539917,2.798,52.689998626708984,91.08000183105469,,1186.0,,20150331,528.0,48.13
20150102,033500,동성화인텍,KOSDAQ,Listed,,FICS  화학,7790.0,7790.0,7690.0,7780.0,73405.0,571090900.0,1.0,7780.0,7497.0,29989494.0,16787290.0,,0.0,0.0,0.0,2161.0,,0.0,,,,,20150331,1950.0,217.0,170.0,256440163194.0,507597659026.2036,,,,350.0,657.0,28.79,1093.5999755859375,2.122999906539917,2.798,52.689998626708984,91.08000183105469,,1186.0,,20150331,8551.0,97.94
20150102,033530,SJG세종,KOSPI,Listed,,FICS  자동차부품,12850.0,13400.0,12800.0,13300.0,31470.0,418551000.0,1.0,13300.0,2896.0,27820961.0,9900750.0,-115239500.0,0.0,778550.0,-11659650.0,797.0,-8873.0,0.0,,,,,20150331,4653.0,176.0,140.0,501055507610.0,1302844530887.522,,,,150.0,471.0,13.92,1093.5999755859375,2.122999906539917,2.798,52.689998626708984,91.08000183105469,,1186.0,,20150331,18010.0,160.02
20150102,033540,파라텍,KOSDAQ,Listed,,FICS  기계,2932.0,2952.0,2837.0,2955.0,22623.0,66850965.0,1.0,2955.0,430.0,37751063.0,-3045880.0,,0.0,0.0,0.0,-686.0,,0.0,,,,,20150331,433.0,-50.0,-49.0,94906172382.0,206629718510.0904,,,,,-130.0,-8.57,1093.5999755859375,2.122999906539917,2.798,52.689998626708984,91.08000183105469,,1186.0,,20150331,2514.0,117.72
20150102,033560,블루콤,KOSDAQ,Listed,,FICS  휴대폰&nbsp;및&nbsp;관련부품,14250.0,14400.0,13900.0,14200.0,374616.0,5319547200.0,1.0,14200.0,485.0,17100000.0,162228950.0,29894250.0,0.0,0.0,29894250.0,11486.0,2103.0,0.0,,,,,20150331,17.0,2.0,36.0,181260000000.0,214901856000.0,,,,,209.0,9.49,1093.5999755859375,2.122999906539917,2.798,52.689998626708984,91.08000183105469,,1186.0,,20150331,10600.0,18.56
20150102,033640,네패스,KOSDAQ,Listed,,FICS  반도체&nbsp;및&nbsp;관련장비,8680.0,8730.0,8500.0,8600.0,338763.0,2913361800.0,1.0,8600.0,3975.0,23059202.0,-160220100.0,60301500.0,0.0,0.0,60301500.0,-18602.0,7000.0,0.0,,,,,20150331,1375.0,108.0,41.0,125649591698.0,359872995582.24176,,,,,134.0,19.55,1093.5999755859375,2.122999906539917,2.798,52.689998626708984,91.08000183105469,,1186.0,,20150331,5449.0,186.41
20150102,033780,KT&G,KOSPI,Listed,,FICS  담배,77600.0,78400.0,76700.0,78200.0,426486.0,33351205200.0,1.0,78200.0,168706.0,117976645.0,-869905700.0,3640818600.0,-1893383700.0,6581431800.0,-1214223400.0,-11174.0,46777.0,-24361.0,,,,,20150331,16158.0,2460.0,2057.0,10734340998615.0,17303757689767.38,,,,1400.0,1974.0,12.53,1093.5999755859375,2.122999906539917,2.798,52.689998626708984,91.08000183105469,,1186.0,,20150331,90987.0,61.2
20150102,033790,피노,KOSDAQ,Listed,,FICS  전자&nbsp;장비&nbsp;및&nbsp;기기,1635.0,1675.0,1635.0,1650.0,14439.0,23824350.0,1.0,1650.0,4034.0,68037321.0,3368370.0,,0.0,0.0,0.0,2029.0,,0.0,,,,,,,,,,,,,,,,,1093.5999755859375,2.122999906539917,2.798,52.689998626708984,91.08000183105469,,1186.0,,,,
20150102,033830,티비씨,KOSDAQ,Listed,,FICS  미디어,549.0,549.0,549.0,549.0,4.0,2196.0,1.0,549.0,630.0,100000000.0,,,0.0,0.0,0.0,,,0.0,,,,,20150331,96.0,2.0,7.0,137600000000.0,144314880000.0,,,,11.0,7.0,3.03,1093.5999755859375,2.122999906539917,2.798,52.689998626708984,91.08000183105469,,1186.0,,20150331,1376.0,4.88
20150102,033920,무학,KOSPI,Listed,,FICS  음료,37031.0,37474.0,36784.0,37228.0,35167.0,1309197076.0,1.0,37228.0,2399.0,28500000.0,225444250.0,-256833850.0,-182228450.0,4917750.0,-138739150.0,6005.0,-6841.0,-4850.0,,,,,20150331,328.0,9.0,101.0,647776500000.0,760813499250.0001,,,,130.0,354.0,8.87,1093.5999755859375,2.122999906539917,2.798,52.689998626708984,91.08000183105469,,1186.0,,20150331,22729.0,17.45
20150102,034020,두산에너빌리티,KOSPI,Listed,,FICS  기계,17824.0,18092.0,17365.0,17404.0,545645.0,9496405580.0,1.0,17404.0,515011.0,640561146.0,1351895100.0,-3565759650.0,-109262700.0,-966871100.0,-1236000750.0,58931.0,-155358.0,-4746.0,,,,,20150331,47003.0,3707.0,1589.0,7741822010556.0,17633547993443.402,,,,,288.0,-1.35,1093.5999755859375,2.122999906539917,2.798,52.689998626708984,91.08000183105469,,1186.0,,20150331,12086.0,127.77
20150102,034120,SBS,KOSPI,Listed,,FICS  미디어,29300.0,29350.0,28650.0,29000.0,76410.0,2215890000.0,1.0,29000.0,3610.0,18551238.0,,-495622300.0,-469809300.0,335332900.0,-689303900.0,,-17200.0,-16252.0,,,,,20150331,2475.0,177.0,60.0,967985047602.0,1609371940143.0852,,,,350.0,798.0,4.9,1093.5999755859375,2.122999906539917,2.798,52.689998626708984,91.08000183105469,,1186.0,,20150331,52179.0,66.26
20150102,034220,LG디스플레이,KOSPI,Listed,,FICS  디스플레이&nbsp;및&nbsp;관련부품,30870.0,30917.0,29808.0,29808.0,1098804.0,32753149632.0,1.0,29808.0,66350.0,500000000.0,1506692700.0,-10131230500.0,-2272077800.0,-3532429200.0,-4196588200.0,47448.0,-311527.0,-69950.0,,,,,20150331,72232.0,4256.0,1305.0,7494000000000.0,27185234399999.996,,,,,399.0,-4.89,1093.5999755859375,2.122999906539917,2.798,52.689998626708984,91.08000183105469,,1186.0,,20150331,14988.0,262.76
20150102,034230,파라다이스,KOSDAQ,Listed,,FICS  호텔&nbsp;및&nbsp;레저,23700.0,23850.0,23350.0,23350.0,293204.0,6846313400.0,1.0,23350.0,16134.0,92405559.0,-973303550.0,-294659000.0,400555550.0,-293672700.0,62775350.0,-41459.0,-12543.0,17084.0,,,,,20150331,2898.0,303.0,193.0,1730016875598.0,3133752568458.217,,,,150.0,146.0,6.34,1093.5999755859375,2.122999906539917,2.798,52.689998626708984,91.08000183105469,,1186.0,,20150331,18722.0,81.14
20150102,034310,NICE,KOSPI,Listed,,FICS  IT&nbsp;서비스,15200.0,15550.0,14450.0,15300.0,74094.0,1133638200.0,1.0,15300.0,5082.0,37128442.0,-34310950.0,333521950.0,10731900.0,61084400.0,-108910900.0,-2214.0,21499.0,685.0,,,,,,,,,,,,,,,,,1093.5999755859375,2.122999906539917,2.798,52.689998626708984,91.08000183105469,,1186.0,,,,
20150102,034590,인천도시가스,KOSPI,Listed,,FICS  가스,32650.0,33300.0,32350.0,33200.0,1787.0,59328400.0,1.0,33200.0,1159.0,4374754.0,,8045600.0,0.0,7582200.0,0.0,,243.0,0.0,,,,,,,,,,,,,,,,,1093.5999755859375,2.122999906539917,2.798,52.689998626708984,91.08000183105469,,1186.0,,,,
20150102,034730,SK,KOSPI,Listed,,FICS  석유&nbsp;및&nbsp;가스,211500.0,231000.0,211500.0,230500.0,173289.0,39943114500.0,1.0,230500.0,191407.0,72502703.0,-7965625500.0,4832501500.0,-2321494000.0,5548554000.0,-919723500.0,-35679.0,21016.0,-10273.0,,,,,20150331,310740.0,4913.0,9138.0,35471294918423.0,88901706454043.56,,,,1500.0,288.0,6.94,1093.5999755859375,2.122999906539917,2.798,52.689998626708984,91.08000183105469,,1186.0,,20150331,489241.0,150.63
20150102,03473K,SK우,KOSDAQ,Listed,,기준 분기는,,,,,,,1.0,,191407.0,566135.0,,,,,,,,,,,,,,,,,,,,,,,,,1093.5999755859375,2.122999906539917,2.798,52.689998626708984,91.08000183105469,,1186.0,,,,
20150102,034810,해성산업,KOSDAQ,Listed,,FICS  종이&nbsp;및&nbsp;목재,20587.0,21422.0,20440.0,21374.0,95974.0,2051348276.0,1.0,21374.0,2487.0,32556857.0,32976150.0,,0.0,0.0,0.0,1523.0,,0.0,,,,,20150331,5767.0,209.0,181.0,788429405969.0,1547135023332.9688,,,,225.0,250.0,-0.37,1093.5999755859375,2.122999906539917,2.798,52.689998626708984,91.08000183105469,,1186.0,,20150331,24217.0,96.23
20150102,03481K,해성산업1우,KOSDAQ,Listed,,기준 분기는,,,,,,,1.0,,2487.0,1388922.0,,,,,,,,,,,,,,,,,,,,,,,,,1093.5999755859375,2.122999906539917,2.798,52.689998626708984,91.08000183105469,,1186.0,,,,
20150102,034830,한국토지신탁,KOSDAQ,Listed,,FICS  부동산,3735.0,3820.0,3630.0,3785.0,831356.0,3146682460.0,1.0,3785.0,3348.0,252489230.0,116283945.0,647419565.0,15916945.0,378213010.0,319770715.0,31370.0,171559.0,4253.0,,,,,20150331,472.0,-8.0,26.0,1232147442400.0,2286249579373.1997,,,,70.0,10.0,-0.05,1093.5999755859375,2.122999906539917,2.798,52.689998626708984,91.08000183105469,,1186.0,,20150331,4880.0,85.55
20150102,034940,조아제약,KOSDAQ,Listed,,FICS  제약,3550.0,3570.0,3530.0,3555.0,94750.0,336836250.0,1.0,3555.0,309.0,30979827.0,3953480.0,,0.0,0.0,0.0,1119.0,,0.0,,,,,,,,,,,,,,,,,1093.5999755859375,2.122999906539917,2.798,52.689998626708984,91.08000183105469,,1186.0,,,,
20150102,034950,한국기업평가,KOSDAQ,Listed,,FICS  상업서비스,38000.0,38400.0,37550.0,38200.0,1313.0,50156600.0,1.0,38200.0,4495.0,4540514.0,-4006550.0,37519200.0,0.0,37519200.0,0.0,-105.0,983.0,0.0,,,,,20150331,222.0,46.0,42.0,125122944298.0,160570274417.6234,,,,3954.0,828.0,21.75,1093.5999755859375,2.122999906539917,2.798,52.689998626708984,91.08000183105469,,1186.0,,20150331,27557.0,28.33
20150102,035000,HS애드,KOSPI,Listed,,FICS  미디어,7630.0,7690.0,7620.0,7690.0,496.0,3814240.0,1.0,7690.0,1527.0,16567409.0,,-3433850.0,0.0,0.0,0.0,,-450.0,0.0,,,,,,,,,,,,,,,,,1093.5999755859375,2.122999906539917,2.798,52.689998626708984,91.08000183105469,,1186.0,,,,
20150102,035080,그래디언트,KOSDAQ,Listed,,FICS  온라인쇼핑,46400.0,46750.0,46100.0,46550.0,27171.0,1264810050.0,1.0,46550.0,1637.0,13676598.0,279127940.0,-12918560.0,-7634180.0,0.0,-1118000.0,30035.0,-1392.0,-822.0,,,,,,,,,,,,,,,,,1093.5999755859375,2.122999906539917,2.798,52.689998626708984,91.08000183105469,,1186.0,,,,
20150102,035150,백산,KOSPI,Listed,,FICS  섬유&nbsp;및&nbsp;의복,4485.0,4600.0,4485.0,4515.0,34762.0,156950430.0,1.0,4515.0,2756.0,20538867.0,-2193840.0,88057895.0,0.0,49421275.0,0.0,-488.0,19415.0,0.0,,,,,,,,,,,,,,,,,1093.5999755859375,2.122999906539917,2.798,52.689998626708984,91.08000183105469,,1186.0,,,,
20150102,035200,프럼파스트,KOSDAQ,Listed,,FICS  건축자재,1997.0,2048.0,1972.0,1996.0,45529.0,90875884.0,1.0,1996.0,343.0,9730590.0,6131530.0,,0.0,0.0,0.0,1952.0,,0.0,,,,,,,,,,,,,,,,,1093.5999755859375,2.122999906539917,2.798,52.689998626708984,91.08000183105469,,1186.0,,,,
20150102,035250,강원랜드,KOSPI,Listed,,FICS  호텔&nbsp;및&nbsp;레저,30050.0,30500.0,29900.0,30300.0,301199.0,9126329700.0,1.0,30300.0,38338.0,213940500.0,-321955250.0,138762550.0,-610146800.0,3797726700.0,-1302791750.0,-10593.0,4351.0,-20125.0,,,,,20150331,3682.0,530.0,656.0,4237091602500.0,5029427732167.5,,,,1170.0,296.0,9.4,1093.5999755859375,2.122999906539917,2.798,52.689998626708984,91.08000183105469,,1186.0,,20150331,19805.0,18.7
20150102,035290,골드앤에스,KOSDAQ,Listed,,FICS  교육,11160.0,12826.0,10995.0,12328.0,53999.0,665699672.0,1.0,12328.0,170.0,47676480.0,20851495.0,,0.0,0.0,0.0,5672.0,,0.0,,,,,,,,,,,,,,,,,1093.5999755859375,2.122999906539917,2.798,52.689998626708984,91.08000183105469,,1186.0,,,,
20150102,035420,NAVER,KOSPI,Listed,,FICS  인터넷&nbsp;서비스,142801.0,146807.0,142601.0,146407.0,64225.0,9402989575.0,1.0,146407.0,391347.0,156852638.0,6481154000.0,-2812850000.0,548805000.0,1762531000.0,-9423566000.0,8877.0,-3918.0,753.0,,,,,20150331,32581.0,5996.0,5099.0,28999386271354.0,41060231021610.13,,,,1130.0,3456.0,8.46,1093.5999755859375,2.122999906539917,2.798,52.689998626708984,91.08000183105469,,1186.0,,20150331,184883.0,41.59
20150102,035460,기산텔레콤,KOSDAQ,Listed,,FICS  상업서비스,1780.0,1780.0,1745.0,1750.0,39328.0,68824000.0,1.0,1750.0,277.0,14577340.0,2166000.0,,0.0,0.0,0.0,1230.0,,0.0,,,,,,,,,,,,,,,,,1093.5999755859375,2.122999906539917,2.798,52.689998626708984,91.08000183105469,,1186.0,,,,
20150102,035510,신세계 I&C,KOSPI,Listed,,FICS  IT&nbsp;서비스,11000.0,11250.0,10500.0,10500.0,67840.0,712320000.0,1.0,10500.0,2336.0,13980900.0,-116884000.0,4980500.0,160041000.0,-102545500.0,-6222000.0,-1095.0,59.0,1510.0,,,,,20150331,1636.0,126.0,126.0,464627249700.0,592446206092.4701,,,,430.0,902.0,11.03,1093.5999755859375,2.122999906539917,2.798,52.689998626708984,91.08000183105469,,1186.0,,20150331,33233.0,27.51
20150102,035600,KG이니시스,KOSDAQ,Listed,,FICS  인터넷&nbsp;서비스,18000.0,18800.0,17700.0,18500.0,1049810.0,19421485000.0,1.0,18500.0,2945.0,27554434.0,-815332950.0,1788266650.0,18422700.0,1069167050.0,172252150.0,-45369.0,96755.0,980.0,,,,,20150331,3582.0,320.0,240.0,546955514900.0,1369631304861.09,,,,500.0,686.0,10.56,1093.5999755859375,2.122999906539917,2.798,52.689998626708984,91.08000183105469,,1186.0,,20150331,19850.0,150.41
20150102,035610,솔본,KOSDAQ,Listed,,FICS  의료&nbsp;장비&nbsp;및&nbsp;서비스,4415.0,4580.0,4375.0,4560.0,123108.0,561372480.0,1.0,4560.0,989.0,27345997.0,2855260.0,,0.0,0.0,0.0,677.0,,0.0,,,,,20150331,270.0,44.0,221.0,230663484695.0,267823372079.3645,,,,,541.0,19.96,1093.5999755859375,2.122999906539917,2.798,52.689998626708984,91.08000183105469,,1186.0,,20150331,8435.0,16.11
20150102,035620,바른손이앤에이,KOSDAQ,Listed,,FICS  미디어,1170.0,1205.0,1130.0,1145.0,2875502.0,3292449790.0,1.0,1145.0,287.0,74439675.0,-379791555.0,,0.0,0.0,0.0,-329068.0,,0.0,,,,,,,,,,,,,,,,,1093.5999755859375,2.122999906539917,2.798,52.689998626708984,91.08000183105469,,1186.0,,,,
20150102,035720,카카오,KOSDAQ,Listed,,FICS  인터넷&nbsp;서비스,24968.0,27839.0,24948.0,27538.0,1162901.0,32023967738.0,1.0,27538.0,272066.0,442384158.0,1902304300.0,18024402400.0,3869884600.0,11964799200.0,-2510561700.0,14576.0,135307.0,29056.0,,,,,20150331,21261.0,1940.0,607.0,10819831736364.0,19856555202575.21,,,,68.0,197.0,2.24,1093.5999755859375,2.122999906539917,2.798,52.689998626708984,91.08000183105469,,1186.0,,20150331,24458.0,83.52
20150102,035760,CJ ENM,KOSDAQ,Listed,,FICS  미디어,257600.0,265900.0,246300.0,254000.0,22399.0,5689346000.0,1.0,254000.0,13661.0,21929154.0,701535100.0,-874929200.0,-223271900.0,-346427900.0,61534400.0,2761.0,-3427.0,-877.0,,,,,20150331,15249.0,521.0,-95.0,2941796009100.0,7365668847584.58,,,,,-1097.0,2.96,1093.5999755859375,2.122999906539917,2.798,52.689998626708984,91.08000183105469,,1186.0,,20150331,134150.0,150.38
20150102,035810,이지홀딩스,KOSDAQ,Listed,,FICS  식료품,5377.0,5377.0,5217.0,5258.0,1157386.0,6085535588.0,1.0,5258.0,3045.0,64516185.0,-206474840.0,-727607250.0,-754199050.0,27337440.0,-1954280.0,-39244.0,-138066.0,-143110.0,,,,,20150331,8400.0,643.0,482.0,724774822290.0,1627191953523.2788,,,,250.0,441.0,4.79,1093.5999755859375,2.122999906539917,2.798,52.689998626708984,91.08000183105469,,1186.0,,20150331,11234.0,124.51
20150102,035890,서희건설,KOSDAQ,Listed,,FICS  건설,692.0,702.0,675.0,700.0,630816.0,441571200.0,1.0,700.0,3729.0,229808457.0,-4391380.0,-556946.0,0.0,-556946.0,0.0,-6001.0,-806.0,0.0,,,,,20150331,2369.0,283.0,328.0,1291983145254.0,1919757755532.9187,,,,45.0,144.0,11.78,1093.5999755859375,2.122999906539917,2.798,52.689998626708984,91.08000183105469,,1186.0,,20150331,5622.0,48.59
20150102,035900,JYP Ent.,KOSDAQ,Listed,,FICS  미디어,4165.0,4215.0,4135.0,4200.0,99161.0,416476200.0,1.0,4200.0,24304.0,35532492.0,26580420.0,,0.0,0.0,0.0,6374.0,,0.0,,,,,20150331,1942.0,376.0,297.0,668899161900.0,966492399029.31,,,,534.0,767.0,30.41,1093.5999755859375,2.122999906539917,2.798,52.689998626708984,91.08000183105469,,1186.0,,20150331,18825.0,44.49
20150102,036000,예림당,KOSDAQ,Listed,,FICS  미디어,6600.0,6730.0,6450.0,6650.0,654428.0,4351946200.0,1.0,6650.0,723.0,23034277.0,-24776380.0,-109369620.0,-65861410.0,-34000550.0,56600250.0,-3983.0,-16657.0,-10000.0,,,,,,,,,,,,,,,,,1093.5999755859375,2.122999906539917,2.798,52.689998626708984,91.08000183105469,,1186.0,,,,
20150102,036010,아비코전자,KOSDAQ,Listed,,FICS  전자&nbsp;장비&nbsp;및&nbsp;기기,5080.0,5290.0,5030.0,5190.0,101417.0,526354230.0,1.0,5190.0,955.0,13292934.0,50139510.0,-77375530.0,-77375530.0,0.0,0.0,9727.0,-15000.0,-15000.0,,,,,,,,,,,,,,,,,1093.5999755859375,2.122999906539917,2.798,52.689998626708984,91.08000183105469,,1186.0,,,,
20150102,036030,케이티알파,KOSDAQ,Listed,,FICS  온라인쇼핑,7640.0,7840.0,7620.0,7800.0,43543.0,339635400.0,1.0,7800.0,2921.0,49019283.0,-2780500.0,-741140.0,0.0,0.0,-741140.0,-348.0,-96.0,0.0,,,,,20150331,963.0,113.0,128.0,299311741998.0,482939495713.7731,,,,,261.0,14.78,1093.5999755859375,2.122999906539917,2.798,52.689998626708984,91.08000183105469,,1186.0,,20150331,6106.0,61.35
20150102,036090,위지트,KOSDAQ,Listed,,FICS  디스플레이&nbsp;및&nbsp;관련부품,875.0,887.0,857.0,872.0,360922.0,314723984.0,1.0,872.0,771.0,118392284.0,31197163.0,,0.0,0.0,0.0,35942.0,,0.0,,,,,20150331,1104.0,73.0,108.0,125140644188.0,220022280611.34158,,,,,23.0,-5.51,1093.5999755859375,2.122999906539917,2.798,52.689998626708984,91.08000183105469,,1186.0,,20150331,1057.0,75.82
20150102,036120,서울평가정보,KOSDAQ,Listed,,FICS  상업서비스,600.0,611.0,591.0,601.0,34864.0,20953264.0,1.0,601.0,740.0,35500000.0,-409547.0,,0.0,0.0,0.0,-679.0,,0.0,,,,,20150331,89.0,8.0,10.0,33405500000.0,38797147700.0,,,,60.0,32.0,20.74,1093.5999755859375,2.122999906539917,2.798,52.689998626708984,91.08000183105469,,1186.0,,20150331,941.0,16.14
20150102,036170,에이치엠넥스,KOSDAQ,Listed,,FICS  디스플레이&nbsp;및&nbsp;관련부품,2280.0,2330.0,2280.0,2300.0,106452.0,244839600.0,1.0,2300.0,532.0,61365626.0,13611070.0,,0.0,0.0,0.0,11794.0,,0.0,,,,,20150331,113.0,13.0,35.0,133347505298.0,160283701368.19598,,,,,57.0,3.81,1093.5999755859375,2.122999906539917,2.798,52.689998626708984,91.08000183105469,,1186.0,,20150331,2173.0,20.2
20150102,036180,지더블유바이텍,KOSDAQ,Listed,,FICS  전자&nbsp;장비&nbsp;및&nbsp;기기,3740.0,3780.0,3700.0,3770.0,3137.0,11826490.0,1.0,3770.0,539.0,93464524.0,-1271730.0,,0.0,0.0,0.0,-678.0,,0.0,,,,,,,,,,,,,,,,,1093.5999755859375,2.122999906539917,2.798,52.689998626708984,91.08000183105469,,1186.0,,,,
20150102,036190,금화피에스시,KOSDAQ,Listed,,FICS  건설,48000.0,48050.0,46050.0,46850.0,2837.0,132913450.0,1.0,46850.0,1905.0,6000000.0,6070200.0,-42076450.0,0.0,-42076450.0,0.0,130.0,-900.0,0.0,,,,,20150331,938.0,38.0,31.0,379818000000.0,466682376599.99994,,,,1400.0,518.0,7.93,1093.5999755859375,2.122999906539917,2.798,52.689998626708984,91.08000183105469,,1186.0,,20150331,63303.0,22.87
20150102,036200,유니셈,KOSDAQ,Listed,,FICS  반도체&nbsp;및&nbsp;관련장비,1006.0,1070.0,1006.0,1060.0,127332.0,134971920.0,1.0,1060.0,2821.0,30664223.0,7504850.0,,0.0,0.0,0.0,3685.0,,0.0,,,,,,,,,,,,,,,,,1093.5999755859375,2.122999906539917,2.798,52.689998626708984,91.08000183105469,,1186.0,,,,
20150102,036220,오상헬스케어,KOSDAQ,Listed,,FICS  의료&nbsp;장비&nbsp;및&nbsp;서비스,12500.0,12900.0,12500.0,12700.0,62712.0,796442400.0,1.0,12700.0,1841.0,14509416.0,18505950.0,,0.0,0.0,0.0,1458.0,,0.0,,,,,,,,,,,,,,,,,1093.5999755859375,2.122999906539917,2.798,52.689998626708984,91.08000183105469,,1186.0,,,,
20150102,036420,콘텐트리중앙,KOSDAQ,Listed,,FICS  미디어,28440.0,29270.0,28440.0,29240.0,403322.0,11793135280.0,1.0,29240.0,1849.0,19262308.0,296963720.0,-32684335.0,0.0,-9771995.0,-20356565.0,85550.0,-9371.0,0.0,,,,,20150331,2991.0,66.0,-76.0,-9265170148.0,-44818407556.92041,,,,,-62.0,-253.34,1093.5999755859375,2.122999906539917,2.798,52.689998626708984,91.08000183105469,,1186.0,,20150331,-481.0,383.73
20150102,036460,한국가스공사,KOSPI,Listed,,FICS  가스,49000.0,49400.0,48650.0,49100.0,147917.0,7262724700.0,1.0,49100.0,39140.0,92313000.0,-909387450.0,1529485550.0,-187426200.0,2084260500.0,-407155250.0,-18544.0,31180.0,-3856.0,,,,,20150331,88067.0,7319.0,2176.0,11929608990000.0,56639397562722.0,,,,1455.0,3449.0,8.06,1093.5999755859375,2.122999906539917,2.798,52.689998626708984,91.08000183105469,,1186.0,,20150331,129230.0,374.78
20150102,036480,대성미생물,KOSDAQ,Listed,,FICS  제약,4839.0,4869.0,4783.0,4864.0,654.0,3181056.0,1.0,4864.0,277.0,3800000.0,-1155150.0,,0.0,0.0,0.0,-24.0,,0.0,,,,,,,,,,,,,,,,,1093.5999755859375,2.122999906539917,2.798,52.689998626708984,91.08000183105469,,1186.0,,,,
20150102,036530,SNT홀딩스,KOSPI,Listed,,FICS  자동차부품,18123.0,18547.0,18123.0,18406.0,2271.0,41800026.0,1.0,18406.0,9342.0,16303886.0,-14786000.0,36476400.0,9998650.0,27456000.0,0.0,-757.0,1864.0,511.0,,,,,,,,,,,,,,,,,1093.5999755859375,2.122999906539917,2.798,52.689998626708984,91.08000183105469,,1186.0,,,,
20150102,036540,SFA반도체,KOSDAQ,Listed,,FICS  반도체&nbsp;및&nbsp;관련장비,3130.0,3275.0,3120.0,3250.0,1144352.0,3719144000.0,1.0,3250.0,7030.0,164460303.0,139070215.0,520747940.0,0.0,0.0,520910940.0,42969.0,161263.0,0.0,,,,,20150331,1109.0,-28.0,-50.0,474467974155.0,555981572114.829,,,,,-23.0,-5.72,1093.5999755859375,2.122999906539917,2.798,52.689998626708984,91.08000183105469,,1186.0,,20150331,2885.0,17.18
20150102,036560,KZ정밀,KOSDAQ,Listed,,FICS  기계,9600.0,9680.0,9550.0,9680.0,25293.0,244836240.0,1.0,9680.0,2331.0,15750000.0,5762850.0,-40573040.0,0.0,-683020.0,-36271020.0,599.0,-4220.0,0.0,,,,,,,,,,,,,,,,,1093.5999755859375,2.122999906539917,2.798,52.689998626708984,91.08000183105469,,1186.0,,,,
20150102,036570,엔씨소프트,KOSPI,Listed,,FICS  게임&nbsp;소프트웨어,181000.0,181500.0,177500.0,180500.0,171149.0,30892394500.0,1.0,180500.0,45673.0,21544022.0,-6251557000.0,1289265500.0,597695000.0,1957042500.0,-1840853000.0,-34831.0,7098.0,3321.0,,,,,20150331,4581.0,264.0,397.0,3723647218458.0,4736106897156.73,,,,1460.0,1619.0,10.46,1093.5999755859375,2.122999906539917,2.798,52.689998626708984,91.08000183105469,,1186.0,,20150331,172839.0,27.19
20150102,036580,팜스코,KOSPI,Listed,,FICS  식료품,13450.0,13450.0,12950.0,13300.0,100172.0,1332287600.0,1.0,13300.0,918.0,36727943.0,-108686700.0,182093700.0,379994150.0,-69907750.0,-148175000.0,-8177.0,13686.0,28595.0,,,,,,,,,,,,,,,,,1093.5999755859375,2.122999906539917,2.798,52.689998626708984,91.08000183105469,,1186.0,,,,
20150102,036620,감성코퍼레이션,KOSDAQ,Listed,,FICS  섬유&nbsp;및&nbsp;의복,1251.0,1255.0,1216.0,1243.0,5421.0,6738303.0,1.0,1243.0,6036.0,90503771.0,,,0.0,0.0,0.0,,,0.0,,,,,20150331,1057.0,204.0,47.0,130415934011.0,188555357393.1038,,,,,52.0,29.18,1093.5999755859375,2.122999906539917,2.798,52.689998626708984,91.08000183105469,,1186.0,,20150331,1441.0,44.58
20150102,036630,세종텔레콤,KOSDAQ,Listed,,FICS  유선통신,2505.0,2622.0,2505.0,2505.0,53150.0,133140750.0,1.0,2505.0,1164.0,10000000.0,7603270.0,,0.0,0.0,0.0,22391.0,,0.0,,,,,,,,,,,,,,,,,1093.5999755859375,2.122999906539917,2.798,52.689998626708984,91.08000183105469,,1186.0,,,,
20150102,036640,HRS,KOSDAQ,Listed,,FICS  화학,3200.0,3215.0,3180.0,3215.0,13559.0,43592185.0,1.0,3215.0,901.0,16354800.0,1413205.0,,0.0,0.0,0.0,441.0,,0.0,,,,,20150331,208.0,39.0,37.0,131574366000.0,146165963189.4,,,,300.0,227.0,12.01,1093.5999755859375,2.122999906539917,2.798,52.689998626708984,91.08000183105469,,1186.0,,20150331,8045.0,11.09
20150102,036670,삼양케이씨아이,KOSDAQ,Listed,,FICS  화학,7080.0,7190.0,6920.0,7050.0,14744.0,103945200.0,1.0,7050.0,756.0,11270000.0,3344540.0,25694210.0,0.0,0.0,32752250.0,478.0,3654.0,0.0,,,,,20150331,287.0,11.0,14.0,129357060000.0,149226304416.0,,,,250.0,123.0,9.12,1093.5999755859375,2.122999906539917,2.798,52.689998626708984,91.08000183105469,,1186.0,,20150331,11478.0,15.36
20150102,036690,코맥스,KOSDAQ,Listed,,FICS  보안장비,5228.0,5270.0,4855.0,5086.0,1628317.0,8281620262.0,1.0,5086.0,458.0,15904938.0,-283660080.0,-15904310.0,0.0,-14676000.0,-1228310.0,-48743.0,-2646.0,0.0,,,,,20150331,237.0,-17.0,-21.0,21248997168.0,99999905572.3248,,,,49.0,-129.0,-23.15,1093.5999755859375,2.122999906539917,2.798,52.689998626708984,91.08000183105469,,1186.0,,20150331,1336.0,370.61
20150102,036710,심텍홀딩스,KOSDAQ,Listed,,FICS  전자&nbsp;장비&nbsp;및&nbsp;기기,4972.0,5090.0,4948.0,4973.0,486196.0,2417852708.0,1.0,4973.0,1584.0,52827754.0,-80729900.0,125549900.0,-39791550.0,279123500.0,-151431900.0,-7630.0,11764.0,-3775.0,,,,,,,,,,,,,,,,,1093.5999755859375,2.122999906539917,2.798,52.689998626708984,91.08000183105469,,1186.0,,,,
20150102,036800,나이스정보통신,KOSDAQ,Listed,,FICS  상업서비스,24700.0,24750.0,24000.0,24550.0,21641.0,531286550.0,1.0,24550.0,2525.0,10000000.0,-147564450.0,89029550.0,-16965000.0,145165950.0,0.0,-6015.0,3627.0,-693.0,,,,,,,,,,,,,,,,,1093.5999755859375,2.122999906539917,2.798,52.689998626708984,91.08000183105469,,1186.0,,,,
20150102,036810,에프에스티,KOSDAQ,Listed,,FICS  반도체&nbsp;및&nbsp;관련장비,2596.0,2701.0,2547.0,2701.0,184369.0,497980669.0,1.0,2701.0,6114.0,21956348.0,597340.0,,0.0,0.0,0.0,229.0,,0.0,,,,,20150331,655.0,-19.0,-68.0,261060977720.0,574725742450.5801,,,,50.0,-295.0,-0.12,1093.5999755859375,2.122999906539917,2.798,52.689998626708984,91.08000183105469,,1186.0,,20150331,11890.0,120.15
20150102,036830,솔브레인홀딩스,KOSDAQ,Listed,,FICS  전자&nbsp;장비&nbsp;및&nbsp;기기,15517.0,15948.0,15325.0,15589.0,57346.0,893966794.0,1.0,15589.0,8783.0,20964056.0,-118804250.0,505666900.0,-266543000.0,657899350.0,162344700.0,-3590.0,15422.0,-8148.0,,,,,20150331,1409.0,110.0,717.0,1431530563960.0,2078725531926.316,,,,220.0,3328.0,6.04,1093.5999755859375,2.122999906539917,2.798,52.689998626708984,91.08000183105469,,1186.0,,20150331,68285.0,45.21
20150102,036890,진성티이씨,KOSDAQ,Listed,,FICS  기계,5660.0,5660.0,5550.0,5630.0,43717.0,246126710.0,1.0,5630.0,2859.0,22032623.0,-862400.0,10842970.0,0.0,50359520.0,10309600.0,-154.0,1943.0,0.0,,,,,20150331,1183.0,127.0,109.0,312092104795.0,552683908381.4656,,,,200.0,486.0,13.02,1093.5999755859375,2.122999906539917,2.798,52.689998626708984,91.08000183105469,,1186.0,,20150331,14165.0,77.09
20150102,036930,주성엔지니어링,KOSDAQ,Listed,,FICS  반도체&nbsp;및&nbsp;관련장비,3340.0,3470.0,3300.0,3385.0,145562.0,492727370.0,1.0,3385.0,13825.0,47268321.0,-25198280.0,-16657365.0,0.0,0.0,-16657365.0,-7417.0,-4896.0,0.0,,,,,20150331,594.0,32.0,63.0,626494326534.0,920194866813.1393,,,,287.0,164.0,10.49,1093.5999755859375,2.122999906539917,2.798,52.689998626708984,91.08000183105469,,1186.0,,20150331,13254.0,46.88
20150102,037030,파워넷,KOSDAQ,Listed,,FICS  전기장비,,,,,,,1.0,,660.0,25199918.0,,,,,,,,,,,,,,,,,,,,,,,,,1093.5999755859375,2.122999906539917,2.798,52.689998626708984,91.08000183105469,,1186.0,,,,
20150102,037070,파세코,KOSDAQ,Listed,,FICS  내구소비재,4199.0,4199.0,4047.0,4068.0,43171.0,175619628.0,1.0,4068.0,1508.0,20000000.0,11282330.0,,0.0,0.0,0.0,1808.0,,0.0,,,,,20150331,564.0,54.0,55.0,87660000000.0,123030810000.0,,,,100.0,274.0,-7.52,1093.5999755859375,2.122999906539917,2.798,52.689998626708984,91.08000183105469,,1186.0,,20150331,4383.0,40.35
20150102,037230,한국팩키지,KOSDAQ,Listed,,FICS  용기&nbsp;및&nbsp;포장,914.0,980.0,914.0,940.0,17384.0,16340960.0,1.0,940.0,587.0,29800327.0,-492061.0,,0.0,0.0,0.0,-533.0,,0.0,,,,,,,,,,,,,,,,,1093.5999755859375,2.122999906539917,2.798,52.689998626708984,91.08000183105469,,1186.0,,,,
20150102,037270,YG PLUS,KOSPI,Listed,,FICS  미디어,3850.0,3905.0,3720.0,3875.0,76055.0,294713125.0,1.0,3875.0,4017.0,63663110.0,-23467690.0,,0.0,0.0,0.0,-3040.0,,0.0,,,,,20150331,699.0,141.0,105.0,186723901630.0,287218705487.266,,,,,158.0,12.36,1093.5999755859375,2.122999906539917,2.798,52.689998626708984,91.08000183105469,,1186.0,,20150331,2933.0,53.82
20150102,037330,인지디스플레,KOSDAQ,Listed,,FICS  디스플레이&nbsp;및&nbsp;관련부품,1825.0,1865.0,1800.0,1825.0,35245.0,64322125.0,1.0,1825.0,613.0,43885224.0,5687450.0,,0.0,0.0,0.0,3124.0,,0.0,,,,,20150331,1912.0,58.0,51.0,203320242792.0,477233273881.3824,,,,25.0,77.0,1.02,1093.5999755859375,2.122999906539917,2.798,52.689998626708984,91.08000183105469,,1186.0,,20150331,4633.0,134.72
20150102,037350,성도이엔지,KOSDAQ,Listed,,FICS  건설,5090.0,5200.0,5030.0,5200.0,36172.0,188094400.0,1.0,5200.0,942.0,15470000.0,41361750.0,,0.0,0.0,0.0,8088.0,,0.0,,,,,,,,,,,,,,,,,1093.5999755859375,2.122999906539917,2.798,52.689998626708984,91.08000183105469,,1186.0,,,,
20150102,037370,EG,KOSDAQ,Listed,,FICS  금속&nbsp;및&nbsp;광물,17350.0,17400.0,17000.0,17050.0,11965.0,204003250.0,1.0,17050.0,488.0,8624972.0,45230400.0,,0.0,0.0,0.0,2632.0,,0.0,,,,,20150331,158.0,-2.0,-14.0,55691444204.0,388225057546.084,,,,,-52.0,2.78,1093.5999755859375,2.122999906539917,2.798,52.689998626708984,91.08000183105469,,1186.0,,20150331,6457.0,597.1
20150102,037400,우리엔터프라이즈,KOSDAQ,Listed,,FICS  디스플레이&nbsp;및&nbsp;관련부품,1625.0,1710.0,1625.0,1685.0,242099.0,407936815.0,1.0,1685.0,263.0,26223346.0,26782640.0,,0.0,0.0,0.0,15998.0,,0.0,,,,,,,,,,,,,,,,,1093.5999755859375,2.122999906539917,2.798,52.689998626708984,91.08000183105469,,1186.0,,,,
20150102,037440,희림,KOSDAQ,Listed,,FICS  건설,4655.0,4680.0,4535.0,4595.0,10294.0,47300930.0,1.0,4595.0,641.0,13922475.0,819020.0,,0.0,0.0,0.0,172.0,,0.0,,,,,20150331,558.0,1.0,4.0,91428893325.0,220197346683.93002,,,,150.0,30.0,10.69,1093.5999755859375,2.122999906539917,2.798,52.689998626708984,91.08000183105469,,1186.0,,20150331,6567.0,140.84
20150102,037460,삼지전자,KOSDAQ,Listed,,FICS  통신장비,2740.0,2830.0,2705.0,2785.0,12897.0,35918145.0,1.0,2785.0,2255.0,16318522.0,635100.0,,0.0,0.0,0.0,237.0,,0.0,,,,,20150331,11605.0,441.0,288.0,485965585160.0,976596439937.5359,,,,450.0,1212.0,17.05,1093.5999755859375,2.122999906539917,2.798,52.689998626708984,91.08000183105469,,1186.0,,20150331,29780.0,100.96
20150102,037560,LG헬로비전,KOSPI,Listed,,FICS  미디어,12023.0,12072.0,11826.0,11826.0,204614.0,2419765164.0,1.0,11826.0,1854.0,77446865.0,156588940.0,-218478360.0,108723380.0,-82554780.0,76201490.0,16030.0,-22508.0,11152.0,,,,,20150331,3207.0,77.0,32.0,460886293615.0,1271216575048.893,,,,90.0,90.0,-20.14,1093.5999755859375,2.122999906539917,2.798,52.689998626708984,91.08000183105469,,1186.0,,20150331,5951.0,175.82
20150102,037710,광주신세계,KOSPI,Listed,,FICS  백화점,61400.0,61400.0,60900.0,61400.0,4890.0,300246000.0,1.0,61400.0,2498.0,7957190.0,162671000.0,-89468000.0,0.0,-150664000.0,30575500.0,532.0,-293.0,0.0,,,,,,,,,,,,,,,,,1093.5999755859375,2.122999906539917,2.798,52.689998626708984,91.08000183105469,,1186.0,,,,
20150102,037760,쎄니트,KOSDAQ,Listed,,FICS  금속&nbsp;및&nbsp;광물,990.0,1050.0,990.0,1020.0,25996.0,26515920.0,1.0,1020.0,564.0,33832921.0,2365750.0,,0.0,0.0,0.0,2339.0,,0.0,,,,,,,,,,,,,,,,,1093.5999755859375,2.122999906539917,2.798,52.689998626708984,91.08000183105469,,1186.0,,,,
20150102,037950,엘컴텍,KOSDAQ,Listed,,FICS  휴대폰&nbsp;및&nbsp;관련부품,1480.0,1695.0,1475.0,1580.0,2096151.0,3311918580.0,1.0,1580.0,648.0,84447519.0,-44891230.0,,0.0,0.0,0.0,-26588.0,,0.0,,,,,20150331,118.0,3.0,8.0,81745198392.0,92895243452.66881,,,,,10.0,3.87,1093.5999755859375,2.122999906539917,2.798,52.689998626708984,91.08000183105469,,1186.0,,20150331,968.0,13.64
20150102,038010,제일테크노스,KOSDAQ,Listed,,FICS  건축자재,4025.0,4060.0,3954.0,4060.0,2114.0,8582840.0,1.0,4060.0,567.0,9000000.0,3792900.0,,0.0,0.0,0.0,95.0,,0.0,,,,,20150331,308.0,28.0,35.0,152874000000.0,194761476000.0,,,,120.0,382.0,11.16,1093.5999755859375,2.122999906539917,2.798,52.689998626708984,91.08000183105469,,1186.0,,20150331,16986.0,27.4
20150102,038060,루멘스,KOSDAQ,Listed,,FICS  디스플레이&nbsp;및&nbsp;관련부품,7030.0,7440.0,7030.0,7280.0,1592066.0,11590240480.0,1.0,7280.0,321.0,48103069.0,530906800.0,-105243850.0,0.0,0.0,-34079900.0,72664.0,-14437.0,0.0,,,,,,,,,,,,,,,,,1093.5999755859375,2.122999906539917,2.798,52.689998626708984,91.08000183105469,,1186.0,,,,
20150102,038070,서린바이오,KOSDAQ,Listed,,FICS  바이오,5578.0,5701.0,5557.0,5630.0,23457.0,132062910.0,1.0,5630.0,623.0,9100676.0,759800.0,,0.0,0.0,0.0,91.0,,0.0,,,,,,,,,,,,,,,,,1093.5999755859375,2.122999906539917,2.798,52.689998626708984,91.08000183105469,,1186.0,,,,
20150102,038110,에코플라스틱,KOSDAQ,Listed,,FICS  자동차부품,2183.0,2254.0,2183.0,2233.0,93317.0,208376861.0,1.0,2233.0,1309.0,41169370.0,22075410.0,,0.0,0.0,0.0,8760.0,,0.0,,,,,20150331,6121.0,23.0,4.0,365501666860.0,1602286207180.868,,,,60.0,9.0,3.04,1093.5999755859375,2.122999906539917,2.798,52.689998626708984,91.08000183105469,,1186.0,,20150331,8878.0,338.38
20150102,038290,마크로젠,KOSDAQ,Listed,,FICS  바이오,25866.0,26833.0,25666.0,26400.0,75735.0,1999404000.0,1.0,26400.0,1835.0,10841400.0,372303750.0,,0.0,0.0,0.0,9464.0,,0.0,,,,,,,,,,,,,,,,,1093.5999755859375,2.122999906539917,2.798,52.689998626708984,91.08000183105469,,1186.0,,,,
20150102,038390,레드캡투어,KOSDAQ,Listed,,FICS  호텔&nbsp;및&nbsp;레저,15500.0,16099.0,15500.0,16050.0,13492.0,216546600.0,1.0,16050.0,1978.0,16720822.0,67032050.0,124296350.0,0.0,125588950.0,-1292600.0,2091.0,3872.0,0.0,,,,,20150331,889.0,103.0,50.0,199579731392.0,682842092984.5887,,,,300.0,298.0,12.91,1093.5999755859375,2.122999906539917,2.798,52.689998626708984,91.08000183105469,,1186.0,,20150331,11936.0,242.14
20150102,038460,바이오스마트,KOSDAQ,Listed,,FICS  전자&nbsp;장비&nbsp;및&nbsp;기기,2310.0,2400.0,2310.0,2385.0,194292.0,463386420.0,1.0,2385.0,729.0,26164438.0,-8139560.0,,0.0,0.0,0.0,-3440.0,,0.0,,,,,20150331,1255.0,76.0,49.0,144480026636.0,232641738889.2872,,,,,153.0,5.61,1093.5999755859375,2.122999906539917,2.798,52.689998626708984,91.08000183105469,,1186.0,,20150331,5522.0,61.02
20150102,038500,삼표시멘트,KOSDAQ,Listed,,FICS  건축소재,3035.0,3340.0,2970.0,3300.0,394406.0,1301539800.0,1.0,3300.0,3345.0,107916306.0,84787390.0,,0.0,0.0,0.0,26338.0,,0.0,,,,,20150331,1563.0,129.0,46.0,794156095854.0,1483324755836.101,,,,110.0,43.0,5.34,1093.5999755859375,2.122999906539917,2.798,52.689998626708984,91.08000183105469,,1186.0,,20150331,7359.0,86.78
20150102,038530,케이바이오,KOSDAQ,Listed,,FICS  IT&nbsp;서비스,17690.0,18840.0,17402.0,18626.0,143034.0,2664151284.0,1.0,18626.0,290.0,115714347.0,-24492565.0,,0.0,0.0,0.0,-19975.0,,0.0,,,,,20150331,176.0,-1.0,-1.0,54154314396.0,58400012644.6464,,,,,-2.0,-20.72,1093.5999755859375,2.122999906539917,2.798,52.689998626708984,91.08000183105469,,1186.0,,20150331,468.0,7.84
20150102,038540,상상인,KOSDAQ,Listed,,FICS  상호저축은행,3756.0,3773.0,3673.0,3707.0,1164902.0,4318291714.0,1.0,3707.0,972.0,55328313.0,24812340.0,5712775.0,0.0,0.0,16283540.0,11216.0,2583.0,0.0,,,,,,,,,,,,,,,,,1093.5999755859375,2.122999906539917,2.798,52.689998626708984,91.08000183105469,,1186.0,,,,
20150102,038620,위즈코프,KOSDAQ,Listed,,FICS  운송인프라,422.0,426.0,420.0,427.0,43202.0,18447254.0,1.0,427.0,436.0,75729465.0,-1040338.0,,0.0,0.0,0.0,-1413.0,,0.0,,,,,20150331,301.0,5.0,23.0,95722043760.0,114158109388.17601,,,,,29.0,3.83,1093.5999755859375,2.122999906539917,2.798,52.689998626708984,91.08000183105469,,1186.0,,20150331,1264.0,19.26
20150102,038680,에스넷,KOSDAQ,Listed,,FICS  IT&nbsp;서비스,8693.0,8762.0,8409.0,8468.0,2095384.0,17743711712.0,1.0,8468.0,725.0,19912642.0,-121582040.0,,0.0,0.0,0.0,-13939.0,,0.0,,,,,20150331,947.0,-19.0,-23.0,103705039536.0,264385627793.0784,,,,49.0,-114.0,6.17,1093.5999755859375,2.122999906539917,2.798,52.689998626708984,91.08000183105469,,1186.0,,20150331,5208.0,154.94
20150102,038870,에코바이오,KOSDAQ,Listed,,FICS  에너지&nbsp;시설&nbsp;및&nbsp;서비스,9484.0,9484.0,9089.0,9234.0,25642.0,236778228.0,1.0,9234.0,476.0,14014949.0,-5009190.0,,0.0,0.0,0.0,-515.0,,0.0,,,,,,,,,,,,,,,,,1093.5999755859375,2.122999906539917,2.798,52.689998626708984,91.08000183105469,,1186.0,,,,
20150102,038880,아이에이,KOSDAQ,Listed,,FICS  반도체&nbsp;및&nbsp;관련장비,585.0,617.0,585.0,617.0,47779.0,29479643.0,1.0,617.0,616.0,375721175.0,10171165.0,,0.0,0.0,0.0,3238.0,,0.0,,,,,20150331,88.0,-18.0,-15.0,76647119700.0,121524008284.35,,,,,-1.0,-27.51,1093.5999755859375,2.122999906539917,2.798,52.689998626708984,91.08000183105469,,1186.0,,20150331,204.0,58.55
20150102,038950,파인디지털,KOSDAQ,Listed,,FICS  자동차부품,7170.0,7270.0,7170.0,7230.0,15376.0,111168480.0,1.0,7230.0,323.0,10210765.0,4576410.0,18084720.0,0.0,18084720.0,0.0,634.0,2500.0,0.0,,,,,,,,,,,,,,,,,1093.5999755859375,2.122999906539917,2.798,52.689998626708984,91.08000183105469,,1186.0,,,,
20150102,039010,현대에이치티,KOSDAQ,Listed,,FICS  보안장비,5540.0,5610.0,5090.0,5100.0,339380.0,1730838000.0,1.0,5100.0,790.0,8625000.0,-6806190.0,,0.0,0.0,0.0,-1273.0,,0.0,,,,,,,,,,,,,,,,,1093.5999755859375,2.122999906539917,2.798,52.689998626708984,91.08000183105469,,1186.0,,,,
20150102,039020,이건홀딩스,KOSDAQ,Listed,,FICS  건축자재,3195.0,3195.0,3110.0,3145.0,18291.0,57525195.0,1.0,3145.0,962.0,22584709.0,1383135.0,,0.0,0.0,0.0,441.0,,0.0,,,,,,,,,,,,,,,,,1093.5999755859375,2.122999906539917,2.798,52.689998626708984,91.08000183105469,,1186.0,,,,
20150102,039030,이오테크닉스,KOSDAQ,Listed,,FICS  반도체&nbsp;및&nbsp;관련장비,125300.0,129600.0,123100.0,125500.0,116866.0,14666683000.0,1.0,125500.0,35110.0,12319550.0,-1436100900.0,482319900.0,-893592800.0,295830200.0,-888935500.0,-11411.0,3797.0,-7100.0,,,,,,,,,,,,,,,,,1093.5999755859375,2.122999906539917,2.798,52.689998626708984,91.08000183105469,,1186.0,,,,
20150102,039130,하나투어,KOSPI,Listed,,FICS  호텔&nbsp;및&nbsp;레저,76681.0,76681.0,75021.0,75510.0,25010.0,1888505100.0,1.0,75510.0,7659.0,15489932.0,710957700.0,-509742800.0,-868230300.0,9552600.0,207421900.0,9183.0,-6596.0,-11220.0,,,,,20150331,1988.0,249.0,294.0,193964928504.0,810540643232.5151,,,,2300.0,1427.0,45.11,1093.5999755859375,2.122999906539917,2.798,52.689998626708984,91.08000183105469,,1186.0,,20150331,12522.0,317.88
20150102,039200,오스코텍,KOSDAQ,Listed,,FICS  제약,1863.0,1887.0,1839.0,1883.0,80316.0,151235028.0,1.0,1883.0,21768.0,38258176.0,8690680.0,,0.0,0.0,0.0,4525.0,,0.0,,,,,20150331,89.0,-4.0,6.0,124989460992.0,156699287245.6704,,,,,-13.0,-10.45,1093.5999755859375,2.122999906539917,2.798,52.689998626708984,91.08000183105469,,1186.0,,20150331,3267.0,25.37
20150102,039240,경남스틸,KOSDAQ,Listed,,FICS  금속&nbsp;및&nbsp;광물,1528.0,1528.0,1504.0,1526.0,4968.0,7581168.0,1.0,1526.0,756.0,26979604.0,421680.0,,0.0,0.0,0.0,56.0,,0.0,,,,,20150331,864.0,17.0,14.0,113044540760.0,158963233216.71198,,,,120.0,52.0,7.24,1093.5999755859375,2.122999906539917,2.798,52.689998626708984,91.08000183105469,,1186.0,,20150331,4190.0,40.62
20150102,039290,인포뱅크,KOSDAQ,Listed,,FICS  IT&nbsp;서비스,4480.0,4700.0,4480.0,4700.0,41078.0,193066600.0,1.0,4700.0,505.0,8693978.0,1875695.0,,0.0,0.0,0.0,404.0,,0.0,,,,,,,,,,,,,,,,,1093.5999755859375,2.122999906539917,2.798,52.689998626708984,91.08000183105469,,1186.0,,,,
20150102,039310,세중,KOSDAQ,Listed,,FICS  일반&nbsp;소프트웨어,3505.0,3645.0,3500.0,3605.0,86847.0,313083435.0,1.0,3605.0,256.0,18121667.0,101394410.0,-55081285.0,0.0,-7030920.0,-48050365.0,28134.0,-15310.0,0.0,,,,,,,,,,,,,,,,,1093.5999755859375,2.122999906539917,2.798,52.689998626708984,91.08000183105469,,1186.0,,,,
20150102,039340,한국경제TV,KOSDAQ,Listed,,FICS  미디어,2215.0,2260.0,2215.0,2245.0,62857.0,141113965.0,1.0,2245.0,1217.0,22500000.0,19757205.0,,0.0,0.0,0.0,8796.0,,0.0,,,,,20150331,184.0,-8.0,3.0,202365000000.0,229158126000.0,,,,150.0,12.0,2.41,1093.5999755859375,2.122999906539917,2.798,52.689998626708984,91.08000183105469,,1186.0,,20150331,8994.0,13.24
20150102,039420,케이엘넷,KOSDAQ,Listed,,FICS  IT&nbsp;서비스,2505.0,2555.0,2460.0,2460.0,903257.0,2222012220.0,1.0,2460.0,694.0,24154730.0,-45697985.0,,0.0,0.0,0.0,-17901.0,,0.0,,,,,20150331,115.0,24.0,32.0,74420723130.0,82770728265.186,,,,100.0,118.0,14.14,1093.5999755859375,2.122999906539917,2.798,52.689998626708984,91.08000183105469,,1186.0,,20150331,3081.0,11.22
20150102,039440,에스티아이,KOSDAQ,Listed,,FICS  반도체&nbsp;및&nbsp;관련장비,5329.0,5534.0,5273.0,5525.0,183617.0,1014483925.0,1.0,5525.0,4234.0,15830000.0,32386420.0,5800000.0,0.0,0.0,0.0,5649.0,1000.0,0.0,,,,,,,,,,,,,,,,,1093.5999755859375,2.122999906539917,2.798,52.689998626708984,91.08000183105469,,1186.0,,,,
20150102,039490,키움증권,KOSPI,Listed,,FICS  증권,46050.0,49599.0,46050.0,47950.0,32633.0,1564752350.0,1.0,47950.0,76423.0,26582200.0,30497750.0,243888250.0,-218134200.0,135775800.0,294660350.0,695.0,5081.0,-4590.0,,,,,20150331,33699.0,3312.0,2644.0,6510326348600.0,73206666692102.42,,,,7500.0,9146.0,17.09,1093.5999755859375,2.122999906539917,2.798,52.689998626708984,91.08000183105469,,1186.0,,20150331,244913.0,1024.47
20150102,039560,다산네트웍스,KOSDAQ,Listed,,FICS  통신장비,6610.0,7320.0,6530.0,7040.0,1016559.0,7156575360.0,1.0,7040.0,1243.0,39613981.0,25730510.0,119150800.0,0.0,-283101700.0,471732440.0,3531.0,17273.0,0.0,,,,,,,,,,,,,,,,,1093.5999755859375,2.122999906539917,2.798,52.689998626708984,91.08000183105469,,1186.0,,,,
20150102,039570,HDC랩스,KOSDAQ,Listed,,FICS  건설,,,,,,,1.0,,2214.0,25957601.0,,,,,,,,,,,,,,,,,,,,,,,,,1093.5999755859375,2.122999906539917,2.798,52.689998626708984,91.08000183105469,,1186.0,,,,
20150102,039610,화성밸브,KOSDAQ,Listed,,FICS  기계,3797.0,3834.0,3748.0,3813.0,2651.0,10108263.0,1.0,3813.0,812.0,10410400.0,-1938025.0,,0.0,0.0,0.0,-380.0,,0.0,,,,,20150331,183.0,-8.0,-7.0,95900604800.0,133129219583.35999,,,,,-67.0,3.35,1093.5999755859375,2.122999906539917,2.798,52.689998626708984,91.08000183105469,,1186.0,,20150331,9212.0,38.82
20150102,039740,한국정보공학,KOSDAQ,Listed,,FICS  도소매,4250.0,4250.0,4120.0,4220.0,66292.0,279752240.0,1.0,4220.0,238.0,8018397.0,-15703130.0,,0.0,0.0,0.0,-3752.0,,0.0,,,,,,,,,,,,,,,,,1093.5999755859375,2.122999906539917,2.798,52.689998626708984,91.08000183105469,,1186.0,,,,
20150102,039830,오로라,KOSDAQ,Listed,,FICS  레저용품,13200.0,13300.0,12750.0,13300.0,171856.0,2285684800.0,1.0,13300.0,1786.0,10762890.0,190060900.0,144669550.0,0.0,140784800.0,-14145800.0,14687.0,10931.0,0.0,,,,,20150331,879.0,167.0,87.0,186251811450.0,626923597340.7001,,,,100.0,835.0,11.41,1093.5999755859375,2.122999906539917,2.798,52.689998626708984,91.08000183105469,,1186.0,,20150331,17305.0,236.6
20150102,039840,디오,KOSDAQ,Listed,,FICS  의료&nbsp;장비&nbsp;및&nbsp;서비스,7360.0,7360.0,7150.0,7290.0,13797.0,100580130.0,1.0,7290.0,2473.0,14375087.0,3956530.0,-6162910.0,0.0,0.0,-6162910.0,552.0,-854.0,0.0,,,,,,,,,,,,,,,,,1093.5999755859375,2.122999906539917,2.798,52.689998626708984,91.08000183105469,,1186.0,,,,
20150102,039860,나노엔텍,KOSDAQ,Listed,,FICS  의료&nbsp;장비&nbsp;및&nbsp;서비스,5830.0,6080.0,5690.0,5730.0,127127.0,728437710.0,1.0,5730.0,1186.0,38093053.0,-51465860.0,,0.0,0.0,0.0,-8819.0,,0.0,,,,,20150331,86.0,-1.0,6.0,86814067787.0,93246990210.01671,,,,,20.0,3.69,1093.5999755859375,2.122999906539917,2.798,52.689998626708984,91.08000183105469,,1186.0,,20150331,2279.0,7.41
20150102,039980,폴라리스AI,KOSDAQ,Listed,,FICS  IT&nbsp;서비스,2199.0,2205.0,2163.0,2170.0,727117.0,1577843890.0,1.0,2170.0,1449.0,72778776.0,-28226100.0,,0.0,0.0,0.0,-10120.0,,0.0,,,,,,,,,,,,,,,,,1093.5999755859375,2.122999906539917,2.798,52.689998626708984,91.08000183105469,,1186.0,,,,
20150102,040160,누리플렉스,KOSDAQ,Listed,,FICS  일반&nbsp;소프트웨어,4655.0,4750.0,4620.0,4675.0,18776.0,87777800.0,1.0,4675.0,481.0,12055535.0,-2608435.0,,0.0,0.0,0.0,-562.0,,0.0,,,,,,,,,,,,,,,,,1093.5999755859375,2.122999906539917,2.798,52.689998626708984,91.08000183105469,,1186.0,,,,
20150102,040300,YTN,KOSDAQ,Listed,,FICS  미디어,2715.0,2715.0,2650.0,2680.0,15449.0,41403320.0,1.0,2680.0,1852.0,47676980.0,,,0.0,0.0,0.0,,,0.0,,,,,20150331,321.0,-20.0,-29.0,230994968100.0,346284556678.70996,,,,60.0,-61.0,-2.62,1093.5999755859375,2.122999906539917,2.798,52.689998626708984,91.08000183105469,,1186.0,,20150331,4845.0,49.91
20150102,040350,크레오에스지,KOSDAQ,Listed,,FICS  IT&nbsp;서비스,961.0,971.0,946.0,971.0,402614.0,390938194.0,1.0,971.0,460.0,195205322.0,26133145.0,,0.0,0.0,0.0,25728.0,,0.0,,,,,20150331,29.0,-9.0,-9.0,45678045348.0,83147745946.9644,,,,,-5.0,-34.55,1093.5999755859375,2.122999906539917,2.798,52.689998626708984,91.08000183105469,,1186.0,,20150331,234.0,82.03
20150102,040420,정상제이엘에스,KOSDAQ,Listed,,FICS  교육,6070.0,6160.0,5900.0,5930.0,82600.0,489818000.0,1.0,5930.0,1019.0,15677552.0,7930360.0,30426970.0,0.0,18539070.0,11887900.0,1363.0,5069.0,0.0,,,,,,,,,,,,,,,,,1093.5999755859375,2.122999906539917,2.798,52.689998626708984,91.08000183105469,,1186.0,,,,
20150102,040610,SG&G,KOSDAQ,Listed,,FICS  운송인프라,3795.0,3900.0,3765.0,3880.0,228532.0,886704160.0,1.0,3880.0,640.0,34087196.0,224586145.0,,0.0,0.0,0.0,58180.0,,0.0,,,,,20150331,106.0,8.0,173.0,411262019740.0,482780484972.78595,,,,,506.0,6.64,1093.5999755859375,2.122999906539917,2.798,52.689998626708984,91.08000183105469,,1186.0,,20150331,12065.0,17.39
20150102,040910,아이씨디,KOSDAQ,Listed,,FICS  디스플레이&nbsp;및&nbsp;관련부품,6460.0,6860.0,6460.0,6810.0,150062.0,1021922220.0,1.0,6810.0,755.0,18574275.0,83070340.0,,0.0,0.0,0.0,12357.0,,0.0,,,,,,,,,,,,,,,,,1093.5999755859375,2.122999906539917,2.798,52.689998626708984,91.08000183105469,,1186.0,,,,
20150102,041020,폴라리스오피스,KOSDAQ,Listed,,FICS  자동차부품,5990.0,6442.0,5957.0,6359.0,1321044.0,8400518796.0,1.0,6359.0,2391.0,49725498.0,-168841090.0,-35665600.0,0.0,0.0,-49725000.0,-22703.0,-4599.0,0.0,,,,,,,,,,,,,,,,,1093.5999755859375,2.122999906539917,2.798,52.689998626708984,91.08000183105469,,1186.0,,,,
20150102,041190,우리기술투자,KOSDAQ,Listed,,FICS  창업투자&nbsp;및&nbsp;종금,313.0,318.0,310.0,315.0,139002.0,43785630.0,1.0,315.0,6896.0,84000000.0,-262485.0,,0.0,0.0,0.0,-822.0,,0.0,,,,,20150331,18.0,-9.0,-10.0,873348000000.0,1057100419199.9999,,,,,-11.0,30.09,1093.5999755859375,2.122999906539917,2.798,52.689998626708984,91.08000183105469,,1186.0,,20150331,10397.0,21.04
20150102,041440,현대에버다임,KOSDAQ,Listed,,FICS  기계,7080.0,7130.0,6990.0,7130.0,19685.0,140354050.0,1.0,7130.0,1463.0,17915944.0,5501110.0,92230550.0,0.0,0.0,0.0,777.0,13000.0,0.0,,,,,20150331,647.0,5.0,17.0,188278655496.0,316684698544.272,,,,70.0,96.0,5.06,1093.5999755859375,2.122999906539917,2.798,52.689998626708984,91.08000183105469,,1186.0,,20150331,10509.0,68.2
20150102,041460,한국전자인증,KOSDAQ,Listed,,FICS  상업서비스,3955.0,4110.0,3920.0,4030.0,1211175.0,4881035250.0,1.0,4030.0,700.0,19000000.0,-69420985.0,,0.0,0.0,0.0,-17243.0,,0.0,,,,,20150331,87.0,18.0,15.0,63517000000.0,84287059000.0,,,,70.0,77.0,11.28,1093.5999755859375,2.122999906539917,2.798,52.689998626708984,91.08000183105469,,1186.0,,20150331,3343.0,32.7
20150102,041510,에스엠,KOSDAQ,Listed,,FICS  미디어,34150.0,35350.0,34050.0,35350.0,402121.0,14214977350.0,1.0,35350.0,23902.0,22894690.0,63833700.0,1783410300.0,311687650.0,222219950.0,210562250.0,1760.0,50762.0,8873.0,,,,,,,,,,,,,,,,,1093.5999755859375,2.122999906539917,2.798,52.689998626708984,91.08000183105469,,1186.0,,,,
20150102,041520,이엘씨,KOSDAQ,Listed,,FICS  반도체&nbsp;및&nbsp;관련장비,13000.0,13350.0,13000.0,13100.0,46575.0,610132500.0,1.0,13100.0,927.0,12188730.0,-51310750.0,,0.0,0.0,0.0,-3899.0,,0.0,,,,,,,,,,,,,,,,,1093.5999755859375,2.122999906539917,2.798,52.689998626708984,91.08000183105469,,1186.0,,,,
20150102,041590,플래스크,KOSDAQ,Listed,,FICS  건설,6982.0,7073.0,6652.0,7073.0,29971.0,211984883.0,1.0,7073.0,1160.0,48972158.0,3647540.0,,0.0,0.0,0.0,1614.0,,0.0,,,,,20150331,65.0,-1.0,26.0,39716420138.0,49351623663.4788,,,,,54.0,0.71,1093.5999755859375,2.122999906539917,2.798,52.689998626708984,91.08000183105469,,1186.0,,20150331,811.0,24.26
20150102,041650,상신브레이크,KOSPI,Listed,,FICS  자동차부품,6420.0,6570.0,6410.0,6490.0,19084.0,123855160.0,1.0,6490.0,584.0,21471450.0,-25381440.0,71631840.0,2184870.0,33321810.0,17895660.0,-3894.0,11008.0,336.0,,,,,20150331,1356.0,-30.0,-28.0,226115839950.0,591360756221.235,,,,100.0,-120.0,-3.55,1093.5999755859375,2.122999906539917,2.798,52.689998626708984,91.08000183105469,,1186.0,,20150331,10531.0,161.53
20150102,041830,인바디,KOSDAQ,Listed,,FICS  의료&nbsp;장비&nbsp;및&nbsp;서비스,31750.0,32300.0,31500.0,31900.0,170387.0,5435345300.0,1.0,31900.0,4030.0,13480882.0,109705650.0,408761050.0,-18920600.0,-63500.0,501671550.0,3446.0,12777.0,-594.0,,,,,,,,,,,,,,,,,1093.5999755859375,2.122999906539917,2.798,52.689998626708984,91.08000183105469,,1186.0,,,,
20150102,041910,폴라리스AI파마,KOSDAQ,Listed,,FICS  제약,6650.0,6720.0,6130.0,6400.0,501308.0,3208371200.0,1.0,6400.0,861.0,13501607.0,-67189980.0,,0.0,0.0,0.0,-10547.0,,0.0,,,,,,,,,,,,,,,,,1093.5999755859375,2.122999906539917,2.798,52.689998626708984,91.08000183105469,,1186.0,,,,
20150102,041920,메디아나,KOSDAQ,Listed,,FICS  의료&nbsp;장비&nbsp;및&nbsp;서비스,5382.0,5427.0,5043.0,5157.0,375720.0,1937588040.0,1.0,5157.0,1298.0,18598223.0,2669800.0,-17013200.0,0.0,0.0,0.0,228.0,-1499.0,0.0,,,,,,,,,,,,,,,,,1093.5999755859375,2.122999906539917,2.798,52.689998626708984,91.08000183105469,,1186.0,,,,
20150102,041930,동아화성,KOSDAQ,Listed,,FICS  자동차부품,5440.0,5570.0,5420.0,5550.0,166809.0,925789950.0,1.0,5550.0,1064.0,15800000.0,28681590.0,146225400.0,0.0,100905650.0,9918000.0,5209.0,26540.0,0.0,,,,,20150331,1017.0,56.0,86.0,197263000000.0,341324168900.00006,,,,150.0,544.0,14.59,1093.5999755859375,2.122999906539917,2.798,52.689998626708984,91.08000183105469,,1186.0,,20150331,12485.0,73.03
20150102,041960,코미팜,KOSDAQ,Listed,,FICS  제약,6955.0,7112.0,6900.0,6980.0,62358.0,435258840.0,1.0,6980.0,4949.0,73758693.0,-13823020.0,-51039660.0,0.0,0.0,-51039660.0,-1561.0,-5780.0,0.0,,,,,20150331,125.0,1.0,-3.0,74053727772.0,132215525564.12881,,,,,-2.0,-3.7,1093.5999755859375,2.122999906539917,2.798,52.689998626708984,91.08000183105469,,1186.0,,20150331,1004.0,78.54
20150102,042000,카페24,KOSDAQ,Listed,,FICS  인터넷&nbsp;서비스,,,,,,,1.0,,8355.0,24253054.0,,,,,,,,,,,,,20150331,872.0,141.0,75.0,266832100108.0,415564312708.19916,,,,,511.0,16.32,1093.5999755859375,2.122999906539917,2.798,52.689998626708984,91.08000183105469,,1186.0,,20150331,11002.0,55.74
20150102,042040,케이피엠테크,KOSDAQ,Listed,,FICS  화학,388.0,388.0,370.0,384.0,3374.0,1295616.0,1.0,384.0,431.0,195145574.0,,,0.0,0.0,0.0,,,0.0,,,,,,,,,,,,,,,,,1093.5999755859375,2.122999906539917,2.798,52.689998626708984,91.08000183105469,,1186.0,,,,
20150102,042110,에스씨디,KOSDAQ,Listed,,FICS  전자&nbsp;장비&nbsp;및&nbsp;기기,1750.0,1785.0,1750.0,1765.0,53884.0,95105260.0,1.0,1765.0,651.0,48329564.0,-444090.0,,0.0,0.0,0.0,-213.0,,0.0,,,,,20150331,531.0,13.0,11.0,133534585332.0,171031096893.2256,,,,35.0,23.0,4.09,1093.5999755859375,2.122999906539917,2.798,52.689998626708984,91.08000183105469,,1186.0,,20150331,2763.0,28.08
20150102,042370,비츠로테크,KOSDAQ,Listed,,FICS  전자&nbsp;장비&nbsp;및&nbsp;기기,3420.0,3455.0,3395.0,3450.0,16470.0,56821500.0,1.0,3450.0,2216.0,26200025.0,3685175.0,,0.0,0.0,0.0,1081.0,,0.0,,,,,20150331,1025.0,153.0,150.0,235800225000.0,326206031265.0,,,,50.0,199.0,2.87,1093.5999755859375,2.122999906539917,2.798,52.689998626708984,91.08000183105469,,1186.0,,20150331,9000.0,38.34
20150102,042420,네오위즈홀딩스,KOSDAQ,Listed,,FICS  게임&nbsp;소프트웨어,14150.0,14700.0,14150.0,14550.0,32388.0,471245400.0,1.0,14550.0,2334.0,8366283.0,-24919050.0,54479300.0,0.0,22773800.0,31705500.0,-1673.0,3757.0,0.0,,,,,,,,,,,,,,,,,1093.5999755859375,2.122999906539917,2.798,52.689998626708984,91.08000183105469,,1186.0,,,,
20150102,042500,링네트,KOSDAQ,Listed,,FICS  IT&nbsp;서비스,4481.0,4749.0,4398.0,4440.0,5286881.0,23473751640.0,1.0,4440.0,890.0,22291144.0,-410006450.0,2032000.0,8632000.0,0.0,0.0,-61860.0,300.0,1300.0,,,,,20150331,437.0,50.0,38.0,129712166936.0,178886049421.4376,,,,205.0,170.0,11.27,1093.5999755859375,2.122999906539917,2.798,52.689998626708984,91.08000183105469,,1186.0,,20150331,5819.0,37.91
20150102,042510,라온시큐어,KOSDAQ,Listed,,FICS  일반&nbsp;소프트웨어,5601.0,5627.0,5401.0,5627.0,40803.0,229598481.0,1.0,5627.0,1058.0,11205174.0,24111045.0,,0.0,0.0,0.0,21757.0,,0.0,,,,,20150331,267.0,78.0,70.0,56933489094.0,81301022426.232,,,,,625.0,9.32,1093.5999755859375,2.122999906539917,2.798,52.689998626708984,91.08000183105469,,1186.0,,20150331,5081.0,42.8
20150102,042520,한스바이오메드,KOSDAQ,Listed,,FICS  의료&nbsp;장비&nbsp;및&nbsp;서비스,16000.0,16400.0,15850.0,16250.0,88133.0,1432161250.0,1.0,16250.0,3814.0,13526367.0,80319300.0,114282100.0,0.0,0.0,107127050.0,4901.0,7016.0,0.0,,,,,20150331,226.0,-2.0,-34.0,64980667068.0,135582161837.382,,,,,-240.0,-15.42,1093.5999755859375,2.122999906539917,2.798,52.689998626708984,91.08000183105469,,1186.0,,20150331,4804.0,108.65
20150102,042600,새로닉스,KOSDAQ,Listed,,FICS  내구소비재,3045.0,3135.0,3040.0,3070.0,3936.0,12083520.0,1.0,3070.0,20.0,12423574.0,819965.0,,0.0,0.0,0.0,269.0,,0.0,,,,,,,,,,,,,,,,,1093.5999755859375,2.122999906539917,2.798,52.689998626708984,91.08000183105469,,1186.0,,,,
20150102,042660,한화오션,KOSPI,Listed,,FICS  조선,82622.0,83955.0,82400.0,83289.0,2155032.0,179490460248.0,1.0,83289.0,332458.0,306413394.0,-6075636350.0,796851400.0,335768450.0,388466400.0,-766072650.0,-324875.0,42405.0,17863.0,,,,,20150331,34410.0,4036.0,3128.0,5798567068056.0,19625250241835.53,,,,,986.0,25.15,1093.5999755859375,2.122999906539917,2.798,52.689998626708984,91.08000183105469,,1186.0,,20150331,18924.0,238.45
20150102,042670,HD현대인프라코어,KOSPI,Listed,,FICS  기계,8209.0,8419.0,8183.0,8387.0,825067.0,6919836929.0,1.0,8387.0,28176.0,188851238.0,-965211490.0,1784467770.0,461829810.0,172423360.0,1269001110.0,-98587.0,182338.0,46842.0,,,,,,,,,,,,,,,,,1093.5999755859375,2.122999906539917,2.798,52.689998626708984,91.08000183105469,,1186.0,,,,
20150102,042700,한미반도체,KOSPI,Listed,,FICS  반도체&nbsp;및&nbsp;관련장비,3220.0,3270.0,3180.0,3260.0,320026.0,1043284760.0,1.0,3260.0,113516.0,95312200.0,197421250.0,-192281000.0,0.0,161579150.0,-4708450.0,12333.0,-12200.0,0.0,,,,,,,,,,,,,,,,,1093.5999755859375,2.122999906539917,2.798,52.689998626708984,91.08000183105469,,1186.0,,,,
20150102,042940,상지건설,KOSDAQ,Listed,,FICS  건설,33849.0,34878.0,33661.0,34005.0,8467.0,287920335.0,1.0,34005.0,873.0,6828712.0,-47859440.0,,0.0,0.0,0.0,-93907.0,,0.0,,,,,20150331,83.0,-26.0,-49.0,105906494408.0,197727425059.736,,,,,-712.0,-16.92,1093.5999755859375,2.122999906539917,2.798,52.689998626708984,91.08000183105469,,1186.0,,20150331,15509.0,86.7
20150102,043090,더테크놀로지,KOSDAQ,Listed,,FICS  통신장비,28540.0,32678.0,28480.0,29980.0,88664.0,2658146720.0,1.0,29980.0,47.0,12418275.0,-194904105.0,,0.0,0.0,0.0,-37307.0,,0.0,,,,,20150331,18.0,-9.0,-8.0,21756817800.0,25744842502.74,,,,,-63.0,-51.61,1093.5999755859375,2.122999906539917,2.798,52.689998626708984,91.08000183105469,,1186.0,,20150331,1752.0,18.33
20150102,043100,알파AI,KOSDAQ,Listed,,FICS  의료&nbsp;장비&nbsp;및&nbsp;서비스,11469.0,11469.0,11149.0,11340.0,15933.0,180680220.0,1.0,11340.0,399.0,20110080.0,-6595917.0,,0.0,0.0,0.0,-13450.0,,0.0,,,,,,,,,,,,,,,,,1093.5999755859375,2.122999906539917,2.798,52.689998626708984,91.08000183105469,,1186.0,,,,
20150102,043150,바텍,KOSDAQ,Listed,,FICS  의료&nbsp;장비&nbsp;및&nbsp;서비스,26150.0,26550.0,26000.0,26200.0,83211.0,2180128200.0,1.0,26200.0,2978.0,14854256.0,-216053500.0,336764400.0,42040050.0,80154000.0,-11719800.0,-8236.0,12761.0,1593.0,,,,,20150331,1056.0,120.0,117.0,497305636624.0,670915034369.4384,,,,100.0,892.0,10.71,1093.5999755859375,2.122999906539917,2.798,52.689998626708984,91.08000183105469,,1186.0,,20150331,33479.0,34.91
20150102,043200,파루,KOSDAQ,Listed,,FICS  에너지&nbsp;시설&nbsp;및&nbsp;서비스,3529.0,3563.0,3440.0,3521.0,984236.0,3465494956.0,1.0,3521.0,6.0,41804315.0,-39551975.0,,0.0,0.0,0.0,-9662.0,,0.0,,,,,20150331,79.0,-2.0,-4.0,24497328590.0,58350186968.520996,,,,,-10.0,-14.49,1093.5999755859375,2.122999906539917,2.798,52.689998626708984,91.08000183105469,,1186.0,,20150331,586.0,138.19
20150102,043220,티에스넥스젠,KOSDAQ,Listed,,FICS  에너지&nbsp;시설&nbsp;및&nbsp;서비스,2387.0,2518.0,2333.0,2427.0,214988.0,521775876.0,1.0,2427.0,272.0,159224163.0,14757535.0,,0.0,0.0,0.0,5937.0,,0.0,,,,,20150331,29.0,-9.0,-18.0,42035179032.0,86344461249.6312,,,,,-11.0,-49.54,1093.5999755859375,2.122999906539917,2.798,52.689998626708984,91.08000183105469,,1186.0,,20150331,264.0,105.41
20150102,043260,성호전자,KOSDAQ,Listed,,FICS  전자&nbsp;장비&nbsp;및&nbsp;기기,978.0,993.0,978.0,989.0,103134.0,101999526.0,1.0,989.0,2106.0,70922823.0,5325811.0,,0.0,0.0,0.0,5400.0,,0.0,,,,,20150331,556.0,5.0,20.0,159576351750.0,422701798150.57495,,,,,29.0,-2.74,1093.5999755859375,2.122999906539917,2.798,52.689998626708984,91.08000183105469,,1186.0,,20150331,2250.0,164.89
20150102,043340,에쎈테크,KOSDAQ,Listed,,FICS  기계,0.0,0.0,0.0,438.0,0.0,,1.0,,398.0,95000000.0,,,,,,,,,,,,,20150331,131.0,0.0,-4.0,25365000000.0,68077123500.0,,,,,-4.0,-1.59,1093.5999755859375,2.122999906539917,2.798,52.689998626708984,91.08000183105469,,1186.0,,20150331,267.0,168.39
20150102,043360,디지아이,KOSDAQ,Listed,,FICS  컴퓨터&nbsp;및&nbsp;주변기기,2500.0,2550.0,2480.0,2550.0,18158.0,46302900.0,1.0,2550.0,187.0,9000000.0,729340.0,,0.0,0.0,0.0,292.0,,0.0,,,,,,,,,,,,,,,,,1093.5999755859375,2.122999906539917,2.798,52.689998626708984,91.08000183105469,,1186.0,,,,
20150102,043370,피에이치에이,KOSDAQ,Listed,,FICS  자동차부품,18100.0,18100.0,17400.0,18100.0,45494.0,823441400.0,1.0,18100.0,2543.0,21000000.0,163591750.0,-43910700.0,-73249050.0,96821700.0,-192791350.0,9342.0,-2652.0,-4144.0,,,,,,,,,,,,,,,,,1093.5999755859375,2.122999906539917,2.798,52.689998626708984,91.08000183105469,,1186.0,,,,
20150102,043590,웰킵스하이텍,KOSDAQ,Listed,,FICS  전자&nbsp;장비&nbsp;및&nbsp;기기,6780.0,7677.0,6711.0,7683.0,558960.0,4294489680.0,1.0,7683.0,164.0,27136762.0,22442190.0,,0.0,0.0,0.0,6465.0,,0.0,,,,,20150331,52.0,-6.0,-4.0,38100013848.0,58586391294.0696,,,,,-13.0,-12.06,1093.5999755859375,2.122999906539917,2.798,52.689998626708984,91.08000183105469,,1186.0,,20150331,1404.0,53.77
20150102,043610,KT지니뮤직,KOSDAQ,Listed,,FICS  미디어,5410.0,5530.0,5370.0,5500.0,481973.0,2650851500.0,1.0,5500.0,1079.0,58115438.0,60731280.0,-9412320.0,0.0,-5660790.0,-4425370.0,11296.0,-1723.0,0.0,,,,,20150331,830.0,57.0,40.0,174985583818.0,266135574428.79623,,,,,39.0,-8.64,1093.5999755859375,2.122999906539917,2.798,52.689998626708984,91.08000183105469,,1186.0,,20150331,3011.0,52.09
20150102,043650,국순당,KOSDAQ,Listed,,FICS  음료,6646.0,6669.0,6567.0,6613.0,37925.0,250798025.0,1.0,6613.0,744.0,17858304.0,-7812090.0,2851340.0,0.0,2851340.0,0.0,-1328.0,484.0,0.0,,,,,20150331,188.0,2.0,32.0,269731823616.0,292766921352.8064,,,,70.0,178.0,1.59,1093.5999755859375,2.122999906539917,2.798,52.689998626708984,91.08000183105469,,1186.0,,20150331,15104.0,8.54
20150102,043710,서울리거,KOSDAQ,Listed,,FICS  의료&nbsp;장비&nbsp;및&nbsp;서비스,2775.0,2967.0,2775.0,2896.0,7768.0,22496128.0,1.0,2896.0,734.0,86562510.0,2181060.0,,0.0,0.0,0.0,737.0,,0.0,,,,,,,,,,,,,,,,,1093.5999755859375,2.122999906539917,2.798,52.689998626708984,91.08000183105469,,1186.0,,,,
20150102,043910,자연과환경,KOSDAQ,Listed,,FICS  상업서비스,781.0,811.0,747.0,786.0,163325.0,128373450.0,1.0,786.0,712.0,113391457.0,-7871665.0,,0.0,0.0,0.0,-5234.0,,0.0,,,,,20150331,87.0,-3.0,-8.0,87424813347.0,129878302708.3032,,,,,-6.0,-5.09,1093.5999755859375,2.122999906539917,2.798,52.689998626708984,91.08000183105469,,1186.0,,20150331,771.0,48.56
20150102,044180,KD,KOSDAQ,Listed,,FICS  건설,2099.0,2139.0,2040.0,2140.0,750981.0,1607099340.0,1.0,2140.0,176.0,26717799.0,102349853.0,,0.0,0.0,0.0,814947.0,,0.0,,,,,20150331,36.0,-19.0,-27.0,32168229996.0,309767187569.4816,,,,,-100.0,-29.07,1093.5999755859375,2.122999906539917,2.798,52.689998626708984,91.08000183105469,,1186.0,,20150331,1204.0,862.96
20150102,044340,위닉스,KOSDAQ,Listed,,FICS  내구소비재,14300.0,14400.0,14000.0,14400.0,170951.0,2461694400.0,1.0,14400.0,1036.0,17873425.0,140971150.0,-3605200.0,0.0,0.0,-3605200.0,9971.0,-254.0,0.0,,,,,20150331,920.0,-145.0,-233.0,207921553025.0,474040348741.6975,,,,300.0,-1302.0,-12.99,1093.5999755859375,2.122999906539917,2.798,52.689998626708984,91.08000183105469,,1186.0,,20150331,11633.0,127.99
20150102,044380,주연테크,KOSPI,Listed,,FICS  컴퓨터&nbsp;및&nbsp;주변기기,852.0,872.0,844.0,873.0,139973.0,122196429.0,1.0,873.0,286.0,64481582.0,922488.0,,0.0,0.0,0.0,1941.0,,0.0,,,,,,,,,,,,,,,,,1093.5999755859375,2.122999906539917,2.798,52.689998626708984,91.08000183105469,,1186.0,,,,
20150102,044450,KSS해운,KOSPI,Listed,,FICS  해상운수,6203.0,6328.0,6103.0,6178.0,38073.0,235214994.0,1.0,6178.0,2209.0,23085880.0,29195500.0,-139751750.0,-22458350.0,-118205950.0,-184500.0,2369.0,-11383.0,-1825.0,,,,,20150331,1427.0,288.0,174.0,530605865920.0,1864655134016.064,,,,400.0,753.0,11.31,1093.5999755859375,2.122999906539917,2.798,52.689998626708984,91.08000183105469,,1186.0,,20150331,22984.0,251.42
20150102,044480,빌리언스,KOSDAQ,Listed,,FICS  미디어,2024.0,2257.0,2005.0,2253.0,1851197.0,4170746841.0,1.0,2253.0,257.0,80663728.0,-91844680.0,4730000.0,0.0,0.0,4730000.0,-41148.0,2000.0,0.0,,,,,,,,,,,,,,,,,1093.5999755859375,2.122999906539917,2.798,52.689998626708984,91.08000183105469,,1186.0,,,,
20150102,044490,태웅,KOSDAQ,Listed,,FICS  에너지&nbsp;시설&nbsp;및&nbsp;서비스,14608.0,14651.0,14212.0,14212.0,24383.0,346531196.0,1.0,14212.0,5602.0,20007381.0,-57796100.0,-95324350.0,-84387250.0,-10395350.0,-492250.0,-3546.0,-5851.0,-5180.0,,,,,20150331,879.0,22.0,42.0,613846456461.0,845389339838.0892,,,,,210.0,2.46,1093.5999755859375,2.122999906539917,2.798,52.689998626708984,91.08000183105469,,1186.0,,20150331,30681.0,37.72
20150102,044780,에이치케이,KOSDAQ,Listed,,FICS  기계,1540.0,1560.0,1535.0,1555.0,46326.0,72036930.0,1.0,1555.0,262.0,18505787.0,10467780.0,,0.0,0.0,0.0,6777.0,,0.0,,,,,,,,,,,,,,,,,1093.5999755859375,2.122999906539917,2.798,52.689998626708984,91.08000183105469,,1186.0,,,,
20150102,044820,코스맥스비티아이,KOSPI,Listed,,FICS  식료품,45100.0,45450.0,44600.0,44900.0,14189.0,637086100.0,1.0,44900.0,1335.0,9603921.0,-279733800.0,59547200.0,0.0,0.0,17982500.0,-6228.0,1328.0,0.0,,,,,,,,,,,,,,,,,1093.5999755859375,2.122999906539917,2.798,52.689998626708984,91.08000183105469,,1186.0,,,,
20150102,044960,이글벳,KOSDAQ,Listed,,FICS  제약,4200.0,4220.0,4140.0,4175.0,336791.0,1406102425.0,1.0,4175.0,541.0,12641883.0,40542325.0,,0.0,0.0,0.0,9677.0,,0.0,,,,,,,,,,,,,,,,,1093.5999755859375,2.122999906539917,2.798,52.689998626708984,91.08000183105469,,1186.0,,,,
20150102,044990,에이치엔에스하이텍,KOSDAQ,Listed,,FICS  전자&nbsp;장비&nbsp;및&nbsp;기기,,,,,,,1.0,,1817.0,7685425.0,,,,,,,,,,,,,20150331,235.0,42.0,44.0,106558417625.0,119707726359.92499,,,,250.0,545.0,15.19,1093.5999755859375,2.122999906539917,2.798,52.689998626708984,91.08000183105469,,1186.0,,20150331,13865.0,12.34
20150102,045060,오공,KOSDAQ,Listed,,FICS  화학,3640.0,3711.0,3586.0,3711.0,327401.0,1214985111.0,1.0,3711.0,398.0,16941974.0,89650040.0,,0.0,0.0,0.0,21743.0,,0.0,,,,,20150331,399.0,18.0,16.0,119559510518.0,144344197048.3814,,,,50.0,94.0,4.95,1093.5999755859375,2.122999906539917,2.798,52.689998626708984,91.08000183105469,,1186.0,,20150331,7057.0,20.73
20150102,045100,한양이엔지,KOSDAQ,Listed,,FICS  반도체&nbsp;및&nbsp;관련장비,7290.0,7350.0,7210.0,7340.0,143810.0,1055565400.0,1.0,7340.0,3816.0,18000000.0,102125110.0,226833940.0,156179280.0,0.0,0.0,13984.0,31035.0,21367.0,,,,,20150331,2517.0,121.0,79.0,678258000000.0,951460322400.0,,,,650.0,437.0,8.6,1093.5999755859375,2.122999906539917,2.798,52.689998626708984,91.08000183105469,,1186.0,,20150331,37681.0,40.28
20150102,045300,성우테크론,KOSDAQ,Listed,,FICS  반도체&nbsp;및&nbsp;관련장비,1392.0,1407.0,1385.0,1392.0,13394.0,18644448.0,1.0,1392.0,339.0,10347365.0,2481000.0,,0.0,0.0,0.0,1372.0,,0.0,,,,,,,,,,,,,,,,,1093.5999755859375,2.122999906539917,2.798,52.689998626708984,91.08000183105469,,1186.0,,,,
20150102,045340,토탈소프트,KOSDAQ,Listed,,FICS  운송인프라,1505.0,1505.0,1475.0,1490.0,28344.0,42232560.0,1.0,1490.0,601.0,8558040.0,1169105.0,,0.0,0.0,0.0,785.0,,0.0,,,,,,,,,,,,,,,,,1093.5999755859375,2.122999906539917,2.798,52.689998626708984,91.08000183105469,,1186.0,,,,
20150102,045390,대아티아이,KOSDAQ,Listed,,FICS  운송인프라,1410.0,1420.0,1385.0,1400.0,992462.0,1389446800.0,1.0,1400.0,2815.0,70473377.0,44786730.0,,0.0,0.0,0.0,32118.0,,0.0,,,,,20150331,303.0,15.0,40.0,147853144946.0,293725057749.7236,,,,,57.0,14.19,1093.5999755859375,2.122999906539917,2.798,52.689998626708984,91.08000183105469,,1186.0,,20150331,2098.0,98.66
20150102,045510,정원엔시스,KOSDAQ,Listed,,FICS  IT&nbsp;서비스,706.0,726.0,705.0,725.0,81427.0,59034575.0,1.0,725.0,296.0,32209292.0,,,0.0,0.0,0.0,,,0.0,,,,,,,,,,,,,,,,,1093.5999755859375,2.122999906539917,2.798,52.689998626708984,91.08000183105469,,1186.0,,,,
20150102,045520,크린앤사이언스,KOSDAQ,Listed,,FICS  전자&nbsp;장비&nbsp;및&nbsp;기기,3795.0,3840.0,3785.0,3840.0,49179.0,188847360.0,1.0,3840.0,232.0,6500000.0,15177810.0,,0.0,0.0,0.0,3982.0,,0.0,,,,,20150331,173.0,-18.0,-10.0,20169500000.0,78183032850.0,,,,,-157.0,-39.08,1093.5999755859375,2.122999906539917,2.798,52.689998626708984,91.08000183105469,,1186.0,,20150331,3103.0,287.63
20150102,045660,에이텍,KOSDAQ,Listed,,FICS  컴퓨터&nbsp;및&nbsp;주변기기,3623.0,3691.0,3481.0,3549.0,358861.0,1273597689.0,1.0,3549.0,912.0,8260000.0,-88696540.0,,0.0,0.0,0.0,-16659.0,,0.0,,,,,,,,,,,,,,,,,1093.5999755859375,2.122999906539917,2.798,52.689998626708984,91.08000183105469,,1186.0,,,,
20150102,045970,코아시아,KOSDAQ,Listed,,FICS  휴대폰&nbsp;및&nbsp;관련부품,5234.0,5282.0,5117.0,5254.0,3228.0,16959912.0,1.0,5254.0,1392.0,26314876.0,2167410.0,10887190.0,0.0,0.0,10887190.0,401.0,2020.0,0.0,,,,,20150331,907.0,-12.0,-35.0,83997084192.0,248858161335.6384,,,,,-164.0,-42.78,1093.5999755859375,2.122999906539917,2.798,52.689998626708984,91.08000183105469,,1186.0,,20150331,3192.0,196.27
20150102,046070,코다코,KOSDAQ,Listed,,FICS  자동차부품,56320.0,56680.0,55320.0,55840.0,2043.0,114081120.0,1.0,55840.0,1591.0,15486089.0,2629805.0,,0.0,0.0,0.0,1180.0,,0.0,,,,,20150331,675.0,-8.0,-8.0,19527958229.0,395458729299.65607,,,,,-45.0,-91.64,1093.5999755859375,2.122999906539917,2.798,52.689998626708984,91.08000183105469,,1186.0,,20150331,1261.0,1925.09
20150102,046120,오르비텍,KOSDAQ,Listed,,FICS  에너지&nbsp;시설&nbsp;및&nbsp;서비스,1943.0,1973.0,1759.0,1882.0,47983.0,90304006.0,1.0,1882.0,1127.0,27703684.0,966490.0,,0.0,0.0,0.0,458.0,,0.0,,,,,20150331,139.0,-21.0,56.0,70976838408.0,128347416893.1864,,,,,204.0,19.3,1093.5999755859375,2.122999906539917,2.798,52.689998626708984,91.08000183105469,,1186.0,,20150331,2562.0,80.83
20150102,046210,HLB파나진,KOSDAQ,Listed,,FICS  의료&nbsp;장비&nbsp;및&nbsp;서비스,4560.0,4710.0,4560.0,4640.0,70405.0,326679200.0,1.0,4640.0,764.0,45126718.0,7460680.0,-21119085.0,0.0,0.0,-21119085.0,1584.0,-4563.0,0.0,,,,,,,,,,,,,,,,,1093.5999755859375,2.122999906539917,2.798,52.689998626708984,91.08000183105469,,1186.0,,,,
20150102,046310,백금T&A,KOSDAQ,Listed,,FICS  통신장비,975.0,994.0,942.0,966.0,64592.0,62395872.0,1.0,966.0,537.0,16418641.0,4663670.0,,0.0,0.0,0.0,4490.0,,0.0,,,,,20150331,372.0,29.0,36.0,75837702779.0,95578256812.3737,,,,100.0,135.0,14.16,1093.5999755859375,2.122999906539917,2.798,52.689998626708984,91.08000183105469,,1186.0,,20150331,4619.0,26.03
20150102,046390,삼화네트웍스,KOSDAQ,Listed,,FICS  미디어,1700.0,1845.0,1700.0,1820.0,1032079.0,1878383780.0,1.0,1820.0,509.0,43172933.0,16756395.0,,0.0,0.0,0.0,9522.0,,0.0,,,,,20150331,4.0,-17.0,-16.0,60701143798.0,103173734113.4606,,,,,-37.0,-9.69,1093.5999755859375,2.122999906539917,2.798,52.689998626708984,91.08000183105469,,1186.0,,20150331,1406.0,69.97
20150102,046440,KG모빌리언스,KOSDAQ,Listed,,FICS  인터넷&nbsp;서비스,13430.0,13797.0,13109.0,13614.0,555095.0,7557063330.0,1.0,13614.0,1830.0,38010802.0,162627350.0,-463927500.0,26610950.0,306749000.0,-783001900.0,11227.0,-31582.0,1802.0,,,,,20150331,608.0,102.0,78.0,375356669750.0,597229997239.225,,,,220.0,203.0,7.23,1093.5999755859375,2.122999906539917,2.798,52.689998626708984,91.08000183105469,,1186.0,,20150331,9875.0,59.11
20150102,046890,서울반도체,KOSDAQ,Listed,,FICS  디스플레이&nbsp;및&nbsp;관련부품,20500.0,22150.0,20450.0,21800.0,2768920.0,60362456000.0,1.0,21800.0,3859.0,58305400.0,311351900.0,3596164050.0,-1539632750.0,3386181300.0,473295050.0,14266.0,167206.0,-69816.0,,,,,20150331,2588.0,-24.0,-39.0,661824595400.0,1202270560003.64,,,,136.0,-51.0,-4.83,1093.5999755859375,2.122999906539917,2.798,52.689998626708984,91.08000183105469,,1186.0,,20150331,11351.0,81.66
20150102,046940,우원개발,KOSDAQ,Listed,,FICS  건설,1780.0,1840.0,1750.0,1765.0,59693.0,105358145.0,1.0,1765.0,591.0,18074350.0,-6735565.0,,0.0,0.0,0.0,-3750.0,,0.0,,,,,20150331,938.0,266.0,204.0,137021647350.0,255298733342.52,,,,,1128.0,24.91,1093.5999755859375,2.122999906539917,2.798,52.689998626708984,91.08000183105469,,1186.0,,20150331,7581.0,86.32
20150102,046970,우리로,KOSDAQ,Listed,,FICS  컴퓨터&nbsp;및&nbsp;주변기기,2079.0,2263.0,2069.0,2208.0,406360.0,897242880.0,1.0,2208.0,566.0,43824999.0,-259880.0,,0.0,0.0,0.0,,,0.0,,,,,20150331,121.0,6.0,12.0,39749274093.0,56527442687.6553,,,,,29.0,-7.4,1093.5999755859375,2.122999906539917,2.798,52.689998626708984,91.08000183105469,,1186.0,,20150331,907.0,42.21
20150102,047040,대우건설,KOSPI,Listed,,FICS  건설,5870.0,5880.0,5580.0,5590.0,1207298.0,6748795820.0,1.0,5590.0,15959.0,415622638.0,-2072073020.0,-2275999090.0,-973270.0,-21106060.0,-1455635730.0,-363062.0,-404523.0,-179.0,,,,,20150331,21863.0,1024.0,484.0,4274678831830.0,14049586916575.66,,,,,120.0,-0.67,1093.5999755859375,2.122999906539917,2.798,52.689998626708984,91.08000183105469,,1186.0,,20150331,10285.0,228.67
20150102,047050,포스코인터내셔널,KOSPI,Listed,,FICS  무역,31100.0,31250.0,30400.0,30400.0,194203.0,5903771200.0,1.0,30400.0,96581.0,175922788.0,442429100.0,-3459584300.0,-445202150.0,166689200.0,-1791484650.0,14319.0,-112709.0,-14482.0,,,,,20150331,81426.0,2403.0,1509.0,6991171595120.0,16398492093513.473,,,,850.0,845.0,6.13,1093.5999755859375,2.122999906539917,2.798,52.689998626708984,91.08000183105469,,1186.0,,20150331,39740.0,134.56
20150102,047080,한빛소프트,KOSDAQ,Listed,,FICS  게임&nbsp;소프트웨어,5830.0,6200.0,5730.0,6070.0,598248.0,3631365360.0,1.0,6070.0,301.0,24822362.0,33308920.0,,0.0,0.0,0.0,5442.0,,0.0,,,,,,,,,,,,,,,,,1093.5999755859375,2.122999906539917,2.798,52.689998626708984,91.08000183105469,,1186.0,,,,
20150102,047310,파워로직스,KOSDAQ,Listed,,FICS  휴대폰&nbsp;및&nbsp;관련부품,3635.0,3880.0,3635.0,3770.0,148513.0,559894010.0,1.0,3770.0,1563.0,36610755.0,9612195.0,,0.0,0.0,0.0,2571.0,,0.0,,,,,20150331,1829.0,61.0,97.0,206594490465.0,369659521789.02454,,,,,271.0,7.84,1093.5999755859375,2.122999906539917,2.798,52.689998626708984,91.08000183105469,,1186.0,,20150331,5643.0,78.93
20150102,047400,유니온머티리얼,KOSPI,Listed,,FICS  자동차부품,2175.0,2185.0,2135.0,2160.0,6352.0,13720320.0,1.0,2160.0,609.0,42000000.0,-1148490.0,,0.0,0.0,0.0,-532.0,,0.0,,,,,20150331,242.0,-3.0,-8.0,13902000000.0,137912010600.0,,,,35.0,-19.0,-117.13,1093.5999755859375,2.122999906539917,2.798,52.689998626708984,91.08000183105469,,1186.0,,20150331,331.0,892.03
20150102,047560,이스트소프트,KOSDAQ,Listed,,FICS  일반&nbsp;소프트웨어,11050.0,11250.0,10700.0,10850.0,76213.0,826911050.0,1.0,10850.0,2146.0,11712292.0,40607900.0,12384200.0,0.0,0.0,12384200.0,1842.0,564.0,0.0,,,,,20150331,249.0,-45.0,-48.0,66174449800.0,171319033087.21997,,,,,-373.0,-16.2,1093.5999755859375,2.122999906539917,2.798,52.689998626708984,91.08000183105469,,1186.0,,20150331,5650.0,158.89
20150102,047770,코데즈컴바인,KOSDAQ,Listed,,FICS  섬유&nbsp;및&nbsp;의복,49508.0,50216.0,48880.0,49509.0,217495.0,10767959955.0,1.0,49509.0,1099.0,37842602.0,4594565.0,,0.0,0.0,0.0,7326.0,,0.0,,,,,20150331,96.0,10.0,13.0,69100591252.0,91744855005.28041,,,,,34.0,4.71,1093.5999755859375,2.122999906539917,2.798,52.689998626708984,91.08000183105469,,1186.0,,20150331,1826.0,32.77
20150102,047810,한국항공우주,KOSPI,Listed,,FICS  상업서비스,39500.0,40250.0,39000.0,39800.0,200150.0,7965970000.0,1.0,39800.0,103518.0,97475107.0,715174300.0,-1426317700.0,482558600.0,-1100662950.0,-565848100.0,18200.0,-36411.0,12213.0,,,,,,,,,,,,,,,,,1093.5999755859375,2.122999906539917,2.798,52.689998626708984,91.08000183105469,,1186.0,,,,
20150102,047820,초록뱀미디어,KOSDAQ,Listed,,FICS  미디어,,,,,,,1.0,,1162.0,24453930.0,-13645910.0,2104453752.0,0.0,193177008.0,2109722085.0,-6192.0,990086.0,0.0,,,,,20150331,489.0,1.0,-18.0,263075378940.0,359966041003.602,,,,,-68.0,-14.15,1093.5999755859375,2.122999906539917,2.798,52.689998626708984,91.08000183105469,,1186.0,,20150331,10758.0,36.83
20150102,047920,HLB제약,KOSDAQ,Listed,,FICS  제약,,,,,,,1.0,,5172.0,32799356.0,,,,,,,,,,,,,20150331,606.0,0.0,-2.0,120964024928.0,167946452210.03522,,,,,-5.0,4.44,1093.5999755859375,2.122999906539917,2.798,52.689998626708984,91.08000183105469,,1186.0,,20150331,3688.0,38.84
20150102,048410,현대바이오,KOSDAQ,Listed,,FICS  개인생활용품,2339.0,2397.0,2197.0,2339.0,3398596.0,7949316044.0,1.0,2339.0,5483.0,96040960.0,181659515.0,,0.0,0.0,0.0,39727.0,,0.0,,,,,20150331,6.0,-46.0,-70.0,110255022080.0,116594685849.6,,,,,-73.0,-28.52,1093.5999755859375,2.122999906539917,2.798,52.689998626708984,91.08000183105469,,1186.0,,20150331,1148.0,5.75
20150102,048430,유라테크,KOSDAQ,Listed,,FICS  자동차부품,9060.0,9060.0,8820.0,9000.0,7601.0,68409000.0,1.0,9000.0,895.0,11520000.0,-11634600.0,5303000.0,0.0,0.0,5303000.0,-1309.0,596.0,0.0,,,,,20150331,503.0,-2.0,30.0,151706880000.0,182397181824.0,,,,300.0,257.0,9.38,1093.5999755859375,2.122999906539917,2.798,52.689998626708984,91.08000183105469,,1186.0,,20150331,13169.0,20.23
20150102,048470,대동스틸,KOSDAQ,Listed,,FICS  금속&nbsp;및&nbsp;광물,3360.0,3390.0,3265.0,3300.0,90153.0,297504900.0,1.0,3300.0,282.0,10000000.0,-976225.0,,0.0,0.0,0.0,-289.0,,0.0,,,,,20150331,319.0,-7.0,-2.0,76020000000.0,103022304000.0,,,,30.0,-17.0,2.48,1093.5999755859375,2.122999906539917,2.798,52.689998626708984,91.08000183105469,,1186.0,,20150331,7602.0,35.52
20150102,048530,인트론바이오,KOSDAQ,Listed,,FICS  바이오,6966.0,7192.0,6866.0,6867.0,54139.0,371772513.0,1.0,6867.0,1289.0,34150762.0,22362250.0,-193040650.0,-210966900.0,0.0,17926250.0,1582.0,-13866.0,-15132.0,,,,,20150331,16.0,-21.0,-17.0,79912783080.0,85019209918.81201,,,,100.0,-49.0,-7.7,1093.5999755859375,2.122999906539917,2.798,52.689998626708984,91.08000183105469,,1186.0,,20150331,2340.0,6.39
20150102,048550,SM C&C,KOSDAQ,Listed,,FICS  미디어,3445.0,3465.0,3365.0,3445.0,612027.0,2108433015.0,1.0,3445.0,1203.0,96714620.0,-86047965.0,,0.0,0.0,0.0,-25268.0,,0.0,,,,,20150331,254.0,-2.0,3.0,80756707700.0,215394290777.44003,,,,,2.0,-20.51,1093.5999755859375,2.122999906539917,2.798,52.689998626708984,91.08000183105469,,1186.0,,20150331,835.0,166.72
20150102,048770,TPC,KOSDAQ,Listed,,FICS  기계,8880.0,9060.0,8700.0,8940.0,273583.0,2445832020.0,1.0,8940.0,357.0,15697991.0,-7964720.0,,0.0,0.0,0.0,-906.0,,0.0,,,,,,,,,,,,,,,,,1093.5999755859375,2.122999906539917,2.798,52.689998626708984,91.08000183105469,,1186.0,,,,
20150102,048830,엔피케이,KOSDAQ,Listed,,FICS  화학,2008.0,2040.0,1999.0,2036.0,5863.0,11937068.0,1.0,2036.0,180.0,18723923.0,2195.0,,0.0,0.0,0.0,1.0,,0.0,,,,,20150331,207.0,-6.0,-6.0,43907599435.0,67543060210.8605,,,,30.0,-30.0,-1.15,1093.5999755859375,2.122999906539917,2.798,52.689998626708984,91.08000183105469,,1186.0,,20150331,2345.0,53.83
20150102,048870,시너지이노베이션,KOSDAQ,Listed,,FICS  의료&nbsp;장비&nbsp;및&nbsp;서비스,2093.0,2145.0,2076.0,2111.0,15193.0,32072423.0,1.0,2111.0,2158.0,88106963.0,1447175.0,,0.0,0.0,0.0,1175.0,,0.0,,,,,20150331,304.0,64.0,62.0,210751855496.0,263840247895.4424,,,,,44.0,5.74,1093.5999755859375,2.122999906539917,2.798,52.689998626708984,91.08000183105469,,1186.0,,20150331,2392.0,25.19
20150102,048910,대원미디어,KOSDAQ,Listed,,FICS  미디어,6210.0,6700.0,6210.0,6580.0,74581.0,490742980.0,1.0,6580.0,1035.0,12578946.0,56901970.0,21973160.0,0.0,0.0,-35239320.0,8837.0,3619.0,0.0,,,,,20150331,929.0,37.0,21.0,111373987884.0,196185279657.66602,,,,100.0,136.0,4.35,1093.5999755859375,2.122999906539917,2.798,52.689998626708984,91.08000183105469,,1186.0,,20150331,8854.0,76.15
20150102,049070,인탑스,KOSDAQ,Listed,,FICS  휴대폰&nbsp;및&nbsp;관련부품,8069.0,8921.0,8069.0,8771.0,33457.0,293451347.0,1.0,8771.0,2729.0,17200000.0,-57401450.0,98282150.0,11849250.0,81452500.0,4980400.0,-3302.0,5659.0,716.0,,,,,20150331,1542.0,1.0,40.0,718788000000.0,837316141200.0,,,,50.0,318.0,1.18,1093.5999755859375,2.122999906539917,2.798,52.689998626708984,91.08000183105469,,1186.0,,20150331,41790.0,16.49
20150102,049080,기가레인,KOSDAQ,Listed,,FICS  통신장비,5528.0,5650.0,5480.0,5626.0,496796.0,2794974296.0,1.0,5626.0,475.0,84883347.0,100771450.0,-33703000.0,0.0,-591600.0,-33111400.0,8762.0,-2941.0,0.0,,,,,20150331,63.0,-45.0,-41.0,42526556847.0,87392074320.58499,,,,,-44.0,-22.71,1093.5999755859375,2.122999906539917,2.798,52.689998626708984,91.08000183105469,,1186.0,,20150331,501.0,105.5
20150102,049120,파인디앤씨,KOSDAQ,Listed,,FICS  디스플레이&nbsp;및&nbsp;관련부품,1740.0,1825.0,1715.0,1825.0,107496.0,196180200.0,1.0,1825.0,439.0,53008319.0,17053600.0,,0.0,0.0,0.0,9740.0,,0.0,,,,,,,,,,,,,,,,,1093.5999755859375,2.122999906539917,2.798,52.689998626708984,91.08000183105469,,1186.0,,,,
20150102,049180,셀루메드,KOSDAQ,Listed,,FICS  건설,7477.0,7635.0,7449.0,7635.0,162348.0,1239526980.0,1.0,7635.0,430.0,54957063.0,11032730.0,2844200.0,0.0,0.0,2844200.0,4206.0,1092.0,0.0,,,,,20150331,373.0,14.0,80.0,16322247711.0,70756943827.185,,,,,145.0,-87.52,1093.5999755859375,2.122999906539917,2.798,52.689998626708984,91.08000183105469,,1186.0,,20150331,297.0,333.5
20150102,049430,코메론,KOSDAQ,Listed,,FICS  기계,5840.0,5890.0,5780.0,5880.0,27616.0,162382080.0,1.0,5880.0,1189.0,9048000.0,12824790.0,,0.0,0.0,0.0,2194.0,,0.0,,,,,20150331,207.0,54.0,62.0,247897104000.0,253449999129.6,,,,300.0,687.0,11.27,1093.5999755859375,2.122999906539917,2.798,52.689998626708984,91.08000183105469,,1186.0,,20150331,27398.0,2.24
20150102,049470,비트플래닛,KOSDAQ,Listed,,FICS  일반&nbsp;소프트웨어,1320.0,1370.0,1284.0,1353.0,1219617.0,1650141801.0,1.0,1353.0,1342.0,117724498.0,35679045.0,,0.0,0.0,0.0,48517.0,,0.0,,,,,20150331,44.0,-14.0,44.0,72871464262.0,77083434896.34361,,,,,60.0,3.29,1093.5999755859375,2.122999906539917,2.798,52.689998626708984,91.08000183105469,,1186.0,,20150331,619.0,5.78
20150102,049480,오픈베이스,KOSDAQ,Listed,,FICS  컴퓨터&nbsp;및&nbsp;주변기기,1900.0,1960.0,1845.0,1960.0,2336103.0,4578761880.0,1.0,1960.0,741.0,31422383.0,-325754700.0,,0.0,0.0,0.0,-173032.0,,0.0,,,,,20150331,507.0,17.0,14.0,93952925170.0,175804713578.104,,,,25.0,48.0,14.21,1093.5999755859375,2.122999906539917,2.798,52.689998626708984,91.08000183105469,,1186.0,,20150331,2990.0,87.12
20150102,049520,유아이엘,KOSDAQ,Listed,,FICS  휴대폰&nbsp;및&nbsp;관련부품,4396.0,4463.0,4328.0,4396.0,206046.0,905778216.0,1.0,4396.0,1017.0,32247404.0,96764050.0,-53316550.0,0.0,0.0,0.0,7442.0,-4111.0,0.0,,,,,,,,,,,,,,,,,1093.5999755859375,2.122999906539917,2.798,52.689998626708984,91.08000183105469,,1186.0,,,,
20150102,049550,잉크테크,KOSDAQ,Listed,,FICS  컴퓨터&nbsp;및&nbsp;주변기기,10361.0,10537.0,10096.0,10494.0,96915.0,1017026010.0,1.0,10494.0,619.0,19606277.0,151094700.0,-19851700.0,0.0,0.0,-19851700.0,12982.0,-1687.0,0.0,,,,,,,,,,,,,,,,,1093.5999755859375,2.122999906539917,2.798,52.689998626708984,91.08000183105469,,1186.0,,,,
20150102,049630,재영솔루텍,KOSDAQ,Listed,,FICS  휴대폰&nbsp;및&nbsp;관련부품,1508.0,1508.0,1494.0,1509.0,1046267.0,1578816903.0,1.0,1509.0,2852.0,116897560.0,7159330.0,,0.0,0.0,0.0,4391.0,,0.0,,,,,,,,,,,,,,,,,1093.5999755859375,2.122999906539917,2.798,52.689998626708984,91.08000183105469,,1186.0,,,,
20150102,049720,고려신용정보,KOSDAQ,Listed,,FICS  상업서비스,0.0,0.0,0.0,1370.0,0.0,,1.0,,1560.0,14300000.0,,,,,,,,,,,,,20150331,455.0,45.0,37.0,57772000000.0,111049338400.0,,,,240.0,260.0,26.39,1093.5999755859375,2.122999906539917,2.798,52.689998626708984,91.08000183105469,,1186.0,,20150331,4040.0,92.22
20150102,049800,우진플라임,KOSPI,Listed,,FICS  기계,2067.0,2077.0,2032.0,2060.0,8835.0,18200100.0,1.0,2060.0,375.0,20000000.0,2045585.0,,0.0,0.0,0.0,495.0,,0.0,,,,,,,,,,,,,,,,,1093.5999755859375,2.122999906539917,2.798,52.689998626708984,91.08000183105469,,1186.0,,,,
20150102,049830,승일,KOSDAQ,Listed,,FICS  용기&nbsp;및&nbsp;포장,13500.0,13600.0,13050.0,13350.0,13557.0,180985950.0,1.0,13350.0,529.0,6132112.0,-15007450.0,14533950.0,0.0,-10267800.0,24801750.0,-1119.0,1079.0,0.0,,,,,,,,,,,,,,,,,1093.5999755859375,2.122999906539917,2.798,52.689998626708984,91.08000183105469,,1186.0,,,,
20150102,049950,미래컴퍼니,KOSDAQ,Listed,,FICS  디스플레이&nbsp;및&nbsp;관련부품,5685.0,5868.0,5685.0,5844.0,6096.0,35625024.0,1.0,5844.0,1697.0,8817884.0,-834810.0,,0.0,0.0,0.0,-122.0,,0.0,,,,,,,,,,,,,,,,,1093.5999755859375,2.122999906539917,2.798,52.689998626708984,91.08000183105469,,1186.0,,,,
20150102,049960,쎌바이오텍,KOSDAQ,Listed,,FICS  바이오,52100.0,52700.0,50800.0,52500.0,38423.0,2017207500.0,1.0,52500.0,1317.0,9400000.0,33034700.0,-90881800.0,-16414800.0,-3092200.0,-4365700.0,626.0,-1751.0,-316.0,,,,,20150331,154.0,22.0,34.0,174586200000.0,184834409940.0,,,,450.0,367.0,10.31,1093.5999755859375,2.122999906539917,2.798,52.689998626708984,91.08000183105469,,1186.0,,20150331,18573.0,5.87
20150102,050090,비케이홀딩스,KOSDAQ,Listed,,FICS  미디어,1330.0,1385.0,1305.0,1345.0,1305562.0,1755980890.0,1.0,1345.0,178.0,19784735.0,16607850.0,,0.0,0.0,0.0,13120.0,,0.0,,,,,,,,,,,,,,,,,1093.5999755859375,2.122999906539917,2.798,52.689998626708984,91.08000183105469,,1186.0,,,,
20150102,050110,캠시스,KOSDAQ,Listed,,FICS  휴대폰&nbsp;및&nbsp;관련부품,1700.0,1770.0,1700.0,1735.0,328992.0,570801120.0,1.0,1735.0,513.0,73824118.0,39898970.0,,0.0,0.0,0.0,22895.0,,0.0,,,,,20150331,1114.0,-33.0,-44.0,55368088500.0,207320270579.40002,,,,,-59.0,-43.11,1093.5999755859375,2.122999906539917,2.798,52.689998626708984,91.08000183105469,,1186.0,,20150331,750.0,274.44
20150102,050120,ES큐브,KOSDAQ,Listed,,FICS  레저용품,6970.0,7170.0,6950.0,7080.0,282367.0,1999158360.0,1.0,7080.0,420.0,13564086.0,19847905.0,,0.0,0.0,0.0,14078.0,,0.0,,,,,20150331,34.0,-8.0,37.0,87488354700.0,93962492947.8,,,,,270.0,6.52,1093.5999755859375,2.122999906539917,2.798,52.689998626708984,91.08000183105469,,1186.0,,20150331,6450.0,7.4
20150102,050760,에스폴리텍,KOSDAQ,Listed,,FICS  화학,1785.0,1820.0,1765.0,1820.0,1522.0,2770040.0,1.0,1820.0,232.0,16334678.0,,,0.0,0.0,0.0,,,0.0,,,,,,,,,,,,,,,,,1093.5999755859375,2.122999906539917,2.798,52.689998626708984,91.08000183105469,,1186.0,,,,
20150102,050860,아세아텍,KOSDAQ,Listed,,FICS  기계,2255.0,2259.0,2227.0,2247.0,415807.0,934318329.0,1.0,2247.0,432.0,22500000.0,25516450.0,446816630.0,0.0,0.0,446816630.0,8823.0,155349.0,0.0,,,,,20150331,141.0,-15.0,-3.0,155160000000.0,237922343999.99997,,,,50.0,-14.0,3.12,1093.5999755859375,2.122999906539917,2.798,52.689998626708984,91.08000183105469,,1186.0,,20150331,6896.0,53.34
20150102,050890,쏠리드,KOSDAQ,Listed,,FICS  통신장비,7111.0,7189.0,6999.0,7138.0,209239.0,1493547982.0,1.0,7138.0,4878.0,60756534.0,20943870.0,129804550.0,0.0,-23792790.0,146612350.0,2525.0,15970.0,0.0,,,,,20150331,1041.0,121.0,53.0,337198763700.0,528626501852.4899,,,,50.0,170.0,7.75,1093.5999755859375,2.122999906539917,2.798,52.689998626708984,91.08000183105469,,1186.0,,20150331,5550.0,56.77
20150102,050960,수산아이앤티,KOSDAQ,Listed,,FICS  일반&nbsp;소프트웨어,,,,,,,1.0,,637.0,6751000.0,,,,,,,,,,,,,,,,,,,,,,,,,1093.5999755859375,2.122999906539917,2.798,52.689998626708984,91.08000183105469,,1186.0,,,,
20150102,051160,지어소프트,KOSDAQ,Listed,,FICS  도소매,711.0,720.0,701.0,710.0,101623.0,72152330.0,1.0,710.0,1046.0,15474430.0,,,0.0,0.0,0.0,,,0.0,,,,,20150331,1509.0,41.0,36.0,163471878520.0,236805363224.072,,,,,173.0,11.17,1093.5999755859375,2.122999906539917,2.798,52.689998626708984,91.08000183105469,,1186.0,,20150331,10564.0,44.86
20150102,051360,토비스,KOSDAQ,Listed,,FICS  디스플레이&nbsp;및&nbsp;관련부품,16400.0,16800.0,16250.0,16800.0,283613.0,4764698400.0,1.0,16800.0,2456.0,15827058.0,168890500.0,302379800.0,0.0,-41851100.0,-19479300.0,10204.0,18225.0,0.0,,,,,20150331,1780.0,164.0,104.0,281420918298.0,529155752675.72943,,,,300.0,599.0,20.36,1093.5999755859375,2.122999906539917,2.798,52.689998626708984,91.08000183105469,,1186.0,,20150331,17781.0,88.03
20150102,051370,인터플렉스,KOSDAQ,Listed,,FICS  전자&nbsp;장비&nbsp;및&nbsp;기기,15143.0,15557.0,14913.0,15466.0,265170.0,4101119220.0,1.0,15466.0,2519.0,23327472.0,-42993300.0,-3650200.0,0.0,0.0,-3650200.0,-2788.0,-220.0,0.0,,,,,,,,,,,,,,,,,1093.5999755859375,2.122999906539917,2.798,52.689998626708984,91.08000183105469,,1186.0,,,,
20150102,051380,피씨디렉트,KOSDAQ,Listed,,FICS  도소매,1737.0,1737.0,1537.0,1680.0,36.0,60480.0,1.0,1680.0,318.0,15340072.0,,,0.0,0.0,0.0,,,0.0,,,,,20150331,879.0,5.0,1.0,40942652168.0,106532780941.136,,,,50.0,5.0,3.44,1093.5999755859375,2.122999906539917,2.798,52.689998626708984,91.08000183105469,,1186.0,,20150331,2669.0,160.2
20150102,051390,YW,KOSDAQ,Listed,,FICS  도소매,4125.0,4220.0,4125.0,4175.0,27804.0,116081700.0,1.0,4175.0,450.0,11355368.0,20916445.0,,0.0,0.0,0.0,4984.0,,0.0,,,,,,,,,,,,,,,,,1093.5999755859375,2.122999906539917,2.798,52.689998626708984,91.08000183105469,,1186.0,,,,
20150102,051490,나라엠앤디,KOSDAQ,Listed,,FICS  기계,2740.0,2740.0,2690.0,2730.0,1899.0,5184270.0,1.0,2730.0,578.0,14200000.0,,,0.0,0.0,0.0,,,0.0,,,,,20150331,529.0,20.0,54.0,111924400000.0,277650859079.99994,,,,90.0,360.0,6.47,1093.5999755859375,2.122999906539917,2.798,52.689998626708984,91.08000183105469,,1186.0,,20150331,7882.0,148.07
20150102,051500,CJ프레시웨이,KOSDAQ,Listed,,FICS  식료품,46700.0,47600.0,45600.0,47600.0,15397.0,732897200.0,1.0,47600.0,3205.0,11871586.0,7084800.0,-85884650.0,0.0,0.0,0.0,148.0,-1849.0,0.0,,,,,,,,,,,,,,,,,1093.5999755859375,2.122999906539917,2.798,52.689998626708984,91.08000183105469,,1186.0,,,,
20150102,051600,한전KPS,KOSPI,Listed,,FICS  전력,78300.0,79800.0,76900.0,77000.0,70407.0,5421339000.0,1.0,77000.0,24615.0,45000000.0,-325680400.0,-452704800.0,-73544800.0,82206000.0,-1512462100.0,-4076.0,-6030.0,-950.0,,,,,20150331,4516.0,579.0,466.0,1365480000000.0,1711492632000.0,,,,2469.0,1057.0,10.76,1093.5999755859375,2.122999906539917,2.798,52.689998626708984,91.08000183105469,,1186.0,,20150331,30344.0,25.34
20150102,051630,진양화학,KOSPI,Listed,,FICS  화학,3282.0,3383.0,3223.0,3237.0,13713.0,44388981.0,1.0,3237.0,621.0,21200000.0,-10181900.0,,0.0,0.0,0.0,-2618.0,,0.0,,,,,,,,,,,,,,,,,1093.5999755859375,2.122999906539917,2.798,52.689998626708984,91.08000183105469,,1186.0,,,,
20150102,051780,큐로홀딩스,KOSDAQ,Listed,,FICS  식료품,6052.0,6096.0,5927.0,6088.0,4121.0,25088648.0,1.0,6088.0,256.0,23242245.0,-3927660.0,,0.0,0.0,0.0,-5773.0,,0.0,,,,,,,,,,,,,,,,,1093.5999755859375,2.122999906539917,2.798,52.689998626708984,91.08000183105469,,1186.0,,,,
20150102,051900,LG생활건강,KOSPI,Listed,,FICS  개인생활용품,615000.0,620000.0,610000.0,618000.0,23066.0,14254788000.0,1.0,618000.0,41699.0,15302459.0,-1859818000.0,23675000.0,1883874000.0,940683000.0,-2448200000.0,-3031.0,23.0,3056.0,,,,,20150331,15537.0,161.0,-164.0,5166156065777.0,6455112004188.361,,,,1000.0,-1220.0,1.16,1093.5999755859375,2.122999906539917,2.798,52.689998626708984,91.08000183105469,,1186.0,,20150331,337603.0,24.95
20150102,051905,LG생활건강우,KOSPI,Listed,,기준 분기는,273000.0,273000.0,265000.0,268500.0,4371.0,1173613500.0,1.0,268500.0,41699.0,2099697.0,-598350500.0,91795500.0,5364500.0,37940000.0,20262500.0,-2218.0,342.0,20.0,,,,,20150331,15537.0,161.0,-164.0,708864006291.0,885725575860.6045,,,,1000.0,-1220.0,1.16,1093.5999755859375,2.122999906539917,2.798,52.689998626708984,91.08000183105469,,1186.0,,20150331,337603.0,24.95
20150102,051910,LG화학,KOSPI,Listed,,FICS  화학,179500.0,180500.0,177000.0,180000.0,231092.0,41596560000.0,1.0,180000.0,269309.0,70592343.0,10322478500.0,-14262773000.0,-5985231000.0,-1552579000.0,-677493000.0,57587.0,-79831.0,-33459.0,,,,,20150331,109983.0,49.0,-1570.0,29570920705671.0,62991975287220.36,,,,1000.0,-2977.0,-4.54,1093.5999755859375,2.122999906539917,2.798,52.689998626708984,91.08000183105469,,1186.0,,20150331,418897.0,113.02
20150102,051915,LG화학우,KOSPI,Listed,,기준 분기는,136500.0,139500.0,135000.0,135000.0,18095.0,2442825000.0,1.0,135000.0,269309.0,7688800.0,4750000.0,-240525500.0,-65163500.0,1036697500.0,306634000.0,30.0,-1766.0,-477.0,,,,,,,,,,,,,,,,,1093.5999755859375,2.122999906539917,2.798,52.689998626708984,91.08000183105469,,1186.0,,,,
20150102,051980,중앙첨단소재,KOSDAQ,Listed,,FICS  통신장비,3101.0,3163.0,3101.0,3148.0,6120.0,19265760.0,1.0,3148.0,3188.0,111091709.0,,,0.0,0.0,0.0,,,0.0,,,,,20150331,41.0,-11.0,-47.0,99204896137.0,122061704206.9648,,,,,-45.0,-9.44,1093.5999755859375,2.122999906539917,2.798,52.689998626708984,91.08000183105469,,1186.0,,20150331,893.0,23.04
20150102,052020,에스티큐브,KOSDAQ,Listed,,FICS  전자&nbsp;장비&nbsp;및&nbsp;기기,1793.0,1822.0,1789.0,1794.0,51758.0,92853852.0,1.0,1794.0,12.0,67983291.0,-5182880.0,-19063300.0,0.0,0.0,-19063300.0,-2396.0,-8862.0,0.0,,,,,,,,,,,,,,,,,1093.5999755859375,2.122999906539917,2.798,52.689998626708984,91.08000183105469,,1186.0,,,,
20150102,052220,iMBC,KOSDAQ,Listed,,FICS  미디어,4090.0,4190.0,4090.0,4130.0,82678.0,341460140.0,1.0,4130.0,731.0,23000000.0,33697595.0,,0.0,0.0,0.0,8181.0,,0.0,,,,,20150331,101.0,-12.0,-7.0,54832000000.0,65507790400.00001,,,,,-29.0,-10.87,1093.5999755859375,2.122999906539917,2.798,52.689998626708984,91.08000183105469,,1186.0,,20150331,2384.0,19.47
20150102,052260,현대바이오랜드,KOSDAQ,Listed,,FICS  개인생활용품,10150.0,10200.0,9950.0,10100.0,120624.0,1218302400.0,1.0,10100.0,1323.0,30000000.0,13009000.0,-36535600.0,0.0,0.0,0.0,648.0,-1821.0,0.0,,,,,20150331,355.0,47.0,39.0,137940000000.0,165845262000.0,,,,70.0,131.0,-2.22,1093.5999755859375,2.122999906539917,2.798,52.689998626708984,91.08000183105469,,1186.0,,20150331,4598.0,20.23
20150102,052300,오션인더블유,KOSDAQ,Listed,,FICS  건축자재,30350.0,32200.0,30300.0,31800.0,10575.0,336285000.0,1.0,31800.0,425.0,16865143.0,2589763.0,,0.0,0.0,0.0,4473.0,,0.0,,,,,20150331,21.0,-5.0,12.0,345448724069.0,492126252308.69745,,,,,71.0,36.98,1093.5999755859375,2.122999906539917,2.798,52.689998626708984,91.08000183105469,,1186.0,,20150331,20483.0,42.46
20150102,052330,코텍,KOSDAQ,Listed,,FICS  디스플레이&nbsp;및&nbsp;관련부품,9618.0,10531.0,9618.0,10243.0,193873.0,1985841139.0,1.0,10243.0,1587.0,17761589.0,86070450.0,336007000.0,0.0,80802150.0,258523900.0,8237.0,31484.0,0.0,,,,,20150331,1056.0,82.0,58.0,478355114948.0,581727655288.2628,,,,250.0,317.0,8.21,1093.5999755859375,2.122999906539917,2.798,52.689998626708984,91.08000183105469,,1186.0,,20150331,26932.0,21.61
20150102,052400,코나아이,KOSDAQ,Listed,,FICS  IT&nbsp;서비스,68100.0,70000.0,67000.0,67100.0,107939.0,7242706900.0,1.0,67100.0,7339.0,14563291.0,98735650.0,-724847300.0,-32182100.0,9767500.0,-461238450.0,2709.0,-21557.0,-935.0,,,,,20150331,933.0,302.0,300.0,241910826801.0,539485334848.91016,,,,680.0,2064.0,28.51,1093.5999755859375,2.122999906539917,2.798,52.689998626708984,91.08000183105469,,1186.0,,20150331,16611.0,123.01
20150102,052420,오성첨단소재,KOSDAQ,Listed,,FICS  디스플레이&nbsp;및&nbsp;관련부품,8216.0,8376.0,7800.0,7898.0,132272.0,1044684256.0,1.0,7898.0,1443.0,94425682.0,-34415.0,,0.0,0.0,0.0,353.0,,0.0,,,,,20150331,419.0,80.0,112.0,286487519188.0,336536888790.1436,,,,,123.0,12.23,1093.5999755859375,2.122999906539917,2.798,52.689998626708984,91.08000183105469,,1186.0,,20150331,3034.0,17.47
20150102,052460,아이크래프트,KOSDAQ,Listed,,FICS  IT&nbsp;서비스,1685.0,1696.0,1643.0,1680.0,16396.0,27545280.0,1.0,1680.0,373.0,14607936.0,,,0.0,0.0,0.0,,,0.0,,,,,,,,,,,,,,,,,1093.5999755859375,2.122999906539917,2.798,52.689998626708984,91.08000183105469,,1186.0,,,,
20150102,052600,한네트,KOSDAQ,Listed,,FICS  상업서비스,2280.0,2300.0,2250.0,2290.0,59237.0,135652730.0,1.0,2290.0,463.0,11563700.0,8163470.0,,0.0,0.0,0.0,3575.0,,0.0,,,,,,,,,,,,,,,,,1093.5999755859375,2.122999906539917,2.798,52.689998626708984,91.08000183105469,,1186.0,,,,
20150102,052670,제일바이오,KOSDAQ,Listed,,FICS  제약,2671.0,2715.0,2556.0,2654.0,2079718.0,5519571572.0,1.0,2654.0,605.0,29129064.0,-13686570.0,,0.0,0.0,0.0,-1368.0,,0.0,,,,,20150331,33.0,-2.0,1.0,31459389120.0,33400433428.704002,,,,,2.0,-0.81,1093.5999755859375,2.122999906539917,2.798,52.689998626708984,91.08000183105469,,1186.0,,20150331,1080.0,6.17
20150102,052690,한전기술,KOSPI,Listed,,FICS  에너지&nbsp;시설&nbsp;및&nbsp;서비스,51100.0,51400.0,49550.0,49650.0,130343.0,6471529950.0,1.0,49650.0,38258.0,38220000.0,496861450.0,-2997442350.0,-384288100.0,-1569358250.0,-398660650.0,10090.0,-60063.0,-7660.0,,,,,20150331,1956.0,245.0,268.0,632999640000.0,879996099528.0001,,,,999.0,701.0,17.84,1093.5999755859375,2.122999906539917,2.798,52.689998626708984,91.08000183105469,,1186.0,,20150331,16562.0,39.02
20150102,052710,아모텍,KOSDAQ,Listed,,FICS  전자&nbsp;장비&nbsp;및&nbsp;기기,9548.0,9949.0,9448.0,9950.0,511796.0,5092370200.0,1.0,9950.0,1445.0,14615109.0,-134778800.0,-80871800.0,0.0,-80607900.0,0.0,-9215.0,-5691.0,0.0,,,,,20150331,666.0,27.0,45.0,161526184668.0,344309215238.3088,,,,,308.0,0.54,1093.5999755859375,2.122999906539917,2.798,52.689998626708984,91.08000183105469,,1186.0,,20150331,11052.0,113.16
20150102,052770,아이톡시,KOSDAQ,Listed,,FICS  게임&nbsp;소프트웨어,7239.0,7443.0,7153.0,7312.0,511597.0,3740797264.0,1.0,7312.0,143.0,58275099.0,-18277850.0,-473905020.0,0.0,-399722090.0,-45603745.0,-4004.0,-101529.0,0.0,,,,,,,,,,,,,,,,,1093.5999755859375,2.122999906539917,2.798,52.689998626708984,91.08000183105469,,1186.0,,,,
20150102,052790,액토즈소프트,KOSDAQ,Listed,,FICS  게임&nbsp;소프트웨어,33700.0,35500.0,33500.0,35450.0,180561.0,6400887450.0,1.0,35450.0,708.0,11330638.0,999242900.0,179242000.0,0.0,182102050.0,-2860050.0,28719.0,5118.0,0.0,,,,,20150331,348.0,256.0,261.0,257726691948.0,390352847624.44086,,,,,2304.0,6.87,1093.5999755859375,2.122999906539917,2.798,52.689998626708984,91.08000183105469,,1186.0,,20150331,22746.0,51.46
20150102,052860,아이앤씨,KOSDAQ,Listed,,FICS  반도체&nbsp;및&nbsp;관련장비,2850.0,2965.0,2770.0,2900.0,68405.0,198374500.0,1.0,2900.0,430.0,17862854.0,420450.0,,0.0,0.0,0.0,298.0,,0.0,,,,,,,,,,,,,,,,,1093.5999755859375,2.122999906539917,2.798,52.689998626708984,91.08000183105469,,1186.0,,,,
20150102,052900,KX하이텍,KOSDAQ,Listed,,FICS  반도체&nbsp;및&nbsp;관련장비,1229.0,1240.0,1207.0,1240.0,181407.0,224944680.0,1.0,1240.0,600.0,65374456.0,-11229105.0,,0.0,0.0,0.0,-10171.0,,0.0,,,,,20150331,320.0,25.0,30.0,150295874344.0,244320973333.60638,,,,,55.0,4.13,1093.5999755859375,2.122999906539917,2.798,52.689998626708984,91.08000183105469,,1186.0,,20150331,2299.0,62.56
20150102,053030,바이넥스,KOSDAQ,Listed,,FICS  제약,8800.0,8820.0,8610.0,8700.0,337866.0,2939434200.0,1.0,8700.0,4781.0,32684188.0,-106933330.0,117115790.0,0.0,113523740.0,0.0,-12310.0,13414.0,0.0,,,,,20150331,454.0,2.0,-10.0,191921551936.0,312006866982.3552,,,,,-30.0,-4.31,1093.5999755859375,2.122999906539917,2.798,52.689998626708984,91.08000183105469,,1186.0,,20150331,5872.0,62.57
20150102,053050,지에스이,KOSDAQ,Listed,,FICS  가스,1855.0,1855.0,1790.0,1790.0,53140.0,95120600.0,1.0,1790.0,757.0,29987597.0,876880.0,,0.0,0.0,0.0,488.0,,0.0,,,,,20150331,194.0,-15.0,-14.0,97279764668.0,210357763118.0832,,,,20.0,-48.0,5.37,1093.5999755859375,2.122999906539917,2.798,52.689998626708984,91.08000183105469,,1186.0,,20150331,3244.0,116.24
20150102,053060,세동,KOSDAQ,Listed,,FICS  자동차부품,1993.0,2036.0,1922.0,2040.0,57793.0,117897720.0,1.0,2040.0,230.0,17657419.0,-1476210.0,,0.0,0.0,0.0,-1330.0,,0.0,,,,,20150331,452.0,24.0,32.0,42130601734.0,131123071776.7282,,,,,182.0,26.24,1093.5999755859375,2.122999906539917,2.798,52.689998626708984,91.08000183105469,,1186.0,,20150331,2386.0,211.23
20150102,053080,케이엔솔,KOSDAQ,Listed,,FICS  기계,,,,,,,1.0,,1517.0,12999807.0,,,,,,,,,,,,,20150331,1234.0,36.0,29.0,183713272524.0,407898578985.0372,,,,300.0,226.0,5.25,1093.5999755859375,2.122999906539917,2.798,52.689998626708984,91.08000183105469,,1186.0,,20150331,14132.0,122.03
20150102,053160,프리엠스,KOSDAQ,Listed,,FICS  기계,3440.0,3475.0,3370.0,3475.0,1072.0,3725200.0,1.0,3475.0,439.0,6000000.0,,,0.0,0.0,0.0,,,0.0,,,,,,,,,,,,,,,,,1093.5999755859375,2.122999906539917,2.798,52.689998626708984,91.08000183105469,,1186.0,,,,
20150102,053210,스카이라이프,KOSPI,Listed,,FICS  미디어,18250.0,18500.0,18200.0,18350.0,68900.0,1264315000.0,1.0,18350.0,2542.0,47522955.0,2976850.0,-51627750.0,0.0,37392150.0,-48266350.0,127.0,-2852.0,0.0,,,,,,,,,,,,,,,,,1093.5999755859375,2.122999906539917,2.798,52.689998626708984,91.08000183105469,,1186.0,,,,
20150102,053260,금강철강,KOSDAQ,Listed,,FICS  금속&nbsp;및&nbsp;광물,2800.0,2805.0,2760.0,2800.0,25211.0,70590800.0,1.0,2800.0,760.0,18720000.0,-1045620.0,-3524255.0,0.0,0.0,0.0,-382.0,-1270.0,0.0,,,,,,,,,,,,,,,,,1093.5999755859375,2.122999906539917,2.798,52.689998626708984,91.08000183105469,,1186.0,,,,
20150102,053270,구영테크,KOSDAQ,Listed,,FICS  자동차부품,1293.0,1307.0,1284.0,1308.0,34213.0,44750604.0,1.0,1308.0,596.0,27410405.0,-1984850.0,,0.0,0.0,0.0,-1458.0,,0.0,,,,,20150331,969.0,39.0,78.0,148290291050.0,500286954915.385,,,,60.0,283.0,14.27,1093.5999755859375,2.122999906539917,2.798,52.689998626708984,91.08000183105469,,1186.0,,20150331,5410.0,237.37
20150102,053280,예스24,KOSDAQ,Listed,,FICS  온라인쇼핑,4900.0,5120.0,4830.0,5079.0,202603.0,1029020637.0,1.0,5079.0,962.0,25000000.0,50458610.0,-428742680.0,0.0,-292192820.0,-112403560.0,6967.0,-58582.0,0.0,,,,,20150331,1539.0,7.0,-2.0,191200000000.0,504290000000.00006,,,,200.0,-9.0,-2.53,1093.5999755859375,2.122999906539917,2.798,52.689998626708984,91.08000183105469,,1186.0,,20150331,7648.0,163.75
20150102,053290,NE능률,KOSDAQ,Listed,,FICS  교육,3985.0,4010.0,3900.0,3965.0,5397.0,21399105.0,1.0,3965.0,307.0,16526307.0,393760.0,,0.0,0.0,0.0,101.0,,0.0,,,,,,,,,,,,,,,,,1093.5999755859375,2.122999906539917,2.798,52.689998626708984,91.08000183105469,,1186.0,,,,
20150102,053300,한국정보인증,KOSDAQ,Listed,,FICS  일반&nbsp;소프트웨어,3370.0,3375.0,3313.0,3342.0,129714.0,433504188.0,1.0,3342.0,2571.0,42441361.0,25921415.0,,0.0,0.0,0.0,7414.0,,0.0,,,,,,,,,,,,,,,,,1093.5999755859375,2.122999906539917,2.798,52.689998626708984,91.08000183105469,,1186.0,,,,
20150102,053350,이니텍,KOSDAQ,Listed,,FICS  일반&nbsp;소프트웨어,3780.0,3790.0,3705.0,3780.0,52520.0,198525600.0,1.0,3780.0,2051.0,23021065.0,31260165.0,,0.0,0.0,0.0,8336.0,,0.0,,,,,,,,,,,,,,,,,1093.5999755859375,2.122999906539917,2.798,52.689998626708984,91.08000183105469,,1186.0,,,,
20150102,053450,세코닉스,KOSDAQ,Listed,,FICS  전자&nbsp;장비&nbsp;및&nbsp;기기,16688.0,16833.0,16298.0,16640.0,31833.0,529701120.0,1.0,16640.0,760.0,14792803.0,33140200.0,-76487750.0,0.0,56791450.0,-133279200.0,1933.0,-4443.0,0.0,,,,,20150331,1016.0,19.0,31.0,145058226218.0,315182513926.4704,,,,50.0,98.0,6.34,1093.5999755859375,2.122999906539917,2.798,52.689998626708984,91.08000183105469,,1186.0,,20150331,9806.0,117.28
20150102,053580,웹케시,KOSDAQ,Listed,,FICS  IT&nbsp;서비스,,,,,,,1.0,,1502.0,13636248.0,,,,,,,,,,,,,20150331,213.0,40.0,27.0,121758058392.0,146815866809.0736,,,,100.0,198.0,11.27,1093.5999755859375,2.122999906539917,2.798,52.689998626708984,91.08000183105469,,1186.0,,20150331,8929.0,20.58
20150102,053610,프로텍,KOSDAQ,Listed,,FICS  반도체&nbsp;및&nbsp;관련장비,8153.0,8191.0,8106.0,8163.0,23278.0,190018314.0,1.0,8163.0,3795.0,11000000.0,9822630.0,,0.0,0.0,0.0,1131.0,,0.0,,,,,,,,,,,,,,,,,1093.5999755859375,2.122999906539917,2.798,52.689998626708984,91.08000183105469,,1186.0,,,,
20150102,053620,태양,KOSDAQ,Listed,,FICS  가정생활용품,8910.0,9190.0,8900.0,9040.0,97978.0,885721120.0,1.0,9040.0,548.0,8600000.0,7478370.0,,0.0,0.0,0.0,831.0,,0.0,,,,,,,,,,,,,,,,,1093.5999755859375,2.122999906539917,2.798,52.689998626708984,91.08000183105469,,1186.0,,,,
20150102,053690,한미글로벌,KOSPI,Listed,,FICS  건설,8300.0,8300.0,8010.0,8190.0,2956.0,24209640.0,1.0,8190.0,2001.0,10957550.0,-7299270.0,,0.0,0.0,0.0,-884.0,,0.0,,,,,20150331,1192.0,82.0,53.0,227204799250.0,430848460817.775,,,,400.0,440.0,11.86,1093.5999755859375,2.122999906539917,2.798,52.689998626708984,91.08000183105469,,1186.0,,20150331,20735.0,89.63
20150102,053700,삼보모터스,KOSDAQ,Listed,,FICS  자동차부품,7233.0,7329.0,7223.0,7233.0,19664.0,142229712.0,1.0,7233.0,933.0,22877190.0,25323420.0,,0.0,0.0,0.0,3357.0,,0.0,,,,,20150331,4194.0,54.0,99.0,434414960910.0,1316147007069.027,,,,50.0,433.0,7.46,1093.5999755859375,2.122999906539917,2.798,52.689998626708984,91.08000183105469,,1186.0,,20150331,18989.0,202.97
20150102,053800,안랩,KOSDAQ,Listed,,FICS  일반&nbsp;소프트웨어,36000.0,36200.0,35400.0,35900.0,42121.0,1512143900.0,1.0,35900.0,6831.0,11126506.0,-33146400.0,-857000.0,0.0,0.0,-857000.0,-929.0,-24.0,0.0,,,,,20150331,645.0,79.0,127.0,447819613488.0,566939630675.808,,,,1300.0,1220.0,12.93,1093.5999755859375,2.122999906539917,2.798,52.689998626708984,91.08000183105469,,1186.0,,20150331,40248.0,26.6
20150102,053950,경남제약,KOSDAQ,Listed,,FICS  제약,1072.0,1220.0,1072.0,1172.0,260817.0,305677524.0,1.0,1172.0,560.0,78147358.0,-1206385.0,57917450.0,0.0,0.0,57917450.0,-31.0,25000.0,0.0,,,,,20150331,142.0,-11.0,-47.0,112922932310.0,160892593955.288,,,,,-60.0,-7.66,1093.5999755859375,2.122999906539917,2.798,52.689998626708984,91.08000183105469,,1186.0,,20150331,1445.0,42.48
20150102,053980,오상자이엘,KOSDAQ,Listed,,FICS  IT&nbsp;서비스,12443.0,12490.0,12209.0,12397.0,18192.0,225526224.0,1.0,12397.0,708.0,18982783.0,21565300.0,,0.0,0.0,0.0,1630.0,,0.0,,,,,20150331,308.0,29.0,35.0,106759171592.0,142982558513.1656,,,,300.0,187.0,9.58,1093.5999755859375,2.122999906539917,2.798,52.689998626708984,91.08000183105469,,1186.0,,20150331,5624.0,33.93
20150102,054040,한국컴퓨터,KOSDAQ,Listed,,FICS  디스플레이&nbsp;및&nbsp;관련부품,3315.0,3325.0,3255.0,3310.0,51579.0,170726490.0,1.0,3310.0,826.0,16071290.0,11070200.0,80687995.0,0.0,80687995.0,0.0,3354.0,24379.0,0.0,,,,,,,,,,,,,,,,,1093.5999755859375,2.122999906539917,2.798,52.689998626708984,91.08000183105469,,1186.0,,,,
20150102,054050,농우바이오,KOSDAQ,Listed,,FICS  바이오,22500.0,23050.0,22450.0,22850.0,37479.0,856395150.0,1.0,22850.0,1314.0,16030561.0,-79943350.0,153739200.0,0.0,0.0,0.0,-3498.0,6702.0,0.0,,,,,20150331,389.0,37.0,43.0,276895880153.0,343793924797.9648,,,,220.0,268.0,4.83,1093.5999755859375,2.122999906539917,2.798,52.689998626708984,91.08000183105469,,1186.0,,20150331,17273.0,24.16
20150102,054090,삼진엘앤디,KOSDAQ,Listed,,FICS  전자&nbsp;장비&nbsp;및&nbsp;기기,2120.0,2190.0,2090.0,2160.0,168564.0,364098240.0,1.0,2160.0,205.0,24959232.0,20258260.0,,0.0,0.0,0.0,9456.0,,0.0,,,,,,,,,,,,,,,,,1093.5999755859375,2.122999906539917,2.798,52.689998626708984,91.08000183105469,,1186.0,,,,
20150102,054180,메디콕스,KOSDAQ,Listed,,FICS  조선,106948.0,110710.0,102526.0,104265.0,249312.0,25994515680.0,1.0,104265.0,126.0,5527981.0,41755550.0,,0.0,0.0,0.0,27054.0,,0.0,,,,,20150331,67.0,-9.0,-19.0,50708169713.0,72289566742.8528,,,,,-347.0,-31.08,1093.5999755859375,2.122999906539917,2.798,52.689998626708984,91.08000183105469,,1186.0,,20150331,9173.0,42.56
20150102,054210,이랜텍,KOSDAQ,Listed,,FICS  휴대폰&nbsp;및&nbsp;관련부품,4518.0,5093.0,4508.0,4959.0,655629.0,3251264211.0,1.0,4959.0,2372.0,25291210.0,74664930.0,-10049890.0,0.0,0.0,-10049890.0,14611.0,-2000.0,0.0,,,,,,,,,,,,,,,,,1093.5999755859375,2.122999906539917,2.798,52.689998626708984,91.08000183105469,,1186.0,,,,
20150102,054220,비츠로시스,KOSDAQ,Listed,,FICS  IT&nbsp;서비스,13171.0,13171.0,12754.0,12944.0,95135.0,1231427440.0,1.0,12944.0,227.0,59953081.0,58134595.0,,0.0,0.0,0.0,41508.0,,0.0,,,,,,,,,,,,,,,,,1093.5999755859375,2.122999906539917,2.798,52.689998626708984,91.08000183105469,,1186.0,,,,
20150102,054300,팬스타엔터프라이즈,KOSDAQ,Listed,,FICS  해상운수,3066.0,3364.0,3066.0,3244.0,673772.0,2185716368.0,1.0,3244.0,788.0,115741890.0,-88450.0,,0.0,0.0,0.0,,,0.0,,,,,20150331,167.0,-18.0,-14.0,92246286330.0,152852096448.81,,,,,-12.0,5.5,1093.5999755859375,2.122999906539917,2.798,52.689998626708984,91.08000183105469,,1186.0,,20150331,797.0,65.7
20150102,054410,케이피티유,KOSDAQ,Listed,,FICS  금속&nbsp;및&nbsp;광물,2570.0,2690.0,2560.0,2655.0,23480.0,62339400.0,1.0,2655.0,213.0,5726444.0,,,0.0,0.0,0.0,,,0.0,,,,,,,,,,,,,,,,,1093.5999755859375,2.122999906539917,2.798,52.689998626708984,91.08000183105469,,1186.0,,,,
20150102,054450,텔레칩스,KOSDAQ,Listed,,FICS  반도체&nbsp;및&nbsp;관련장비,3838.0,3937.0,3814.0,3886.0,8286.0,32199396.0,1.0,3886.0,1959.0,15144233.0,-2222300.0,-21270900.0,0.0,-21270900.0,0.0,-452.0,-4341.0,0.0,,,,,20150331,526.0,21.0,21.0,190620460771.0,380097198777.374,,,,60.0,139.0,-8.86,1093.5999755859375,2.122999906539917,2.798,52.689998626708984,91.08000183105469,,1186.0,,20150331,12587.0,99.4
20150102,054540,삼영엠텍,KOSDAQ,Listed,,FICS  조선,3215.0,3245.0,3165.0,3200.0,36294.0,116140800.0,1.0,3200.0,1908.0,13000000.0,4705465.0,20778075.0,-19067130.0,-2810295.0,42655500.0,1475.0,6506.0,-6000.0,,,,,20150331,295.0,34.0,26.0,83642000000.0,153876187400.0,,,,150.0,195.0,11.49,1093.5999755859375,2.122999906539917,2.798,52.689998626708984,91.08000183105469,,1186.0,,20150331,6434.0,83.97
20150102,054620,APS,KOSDAQ,Listed,,FICS  반도체&nbsp;및&nbsp;관련장비,4574.0,4701.0,4567.0,4612.0,241484.0,1113724208.0,1.0,4612.0,820.0,19894221.0,-147380640.0,,0.0,0.0,0.0,-23826.0,,0.0,,,,,20150331,193.0,-10.0,4.0,224088505344.0,415146365000.29443,,,,,59.0,-29.4,1093.5999755859375,2.122999906539917,2.798,52.689998626708984,91.08000183105469,,1186.0,,20150331,11264.0,85.26
20150102,054630,에이디칩스,KOSDAQ,Listed,,FICS  내구소비재,10979.0,11129.0,10730.0,10930.0,1090.0,11913700.0,1.0,10930.0,125.0,7970946.0,,,0.0,0.0,0.0,,,0.0,,,,,20150331,6.0,7.0,-8.0,4639090572.0,74083956889.554,,,,,-102.0,-67.47,1093.5999755859375,2.122999906539917,2.798,52.689998626708984,91.08000183105469,,1186.0,,20150331,582.0,1496.95
20150102,054670,대한뉴팜,KOSDAQ,Listed,,FICS  제약,13700.0,13900.0,13350.0,13850.0,314254.0,4352417900.0,1.0,13850.0,976.0,14354920.0,129170000.0,,0.0,0.0,0.0,9436.0,,0.0,,,,,20150331,489.0,21.0,26.0,132381072240.0,257256137683.992,,,,100.0,182.0,8.57,1093.5999755859375,2.122999906539917,2.798,52.689998626708984,91.08000183105469,,1186.0,,20150331,9222.0,94.33
20150102,054780,키이스트,KOSDAQ,Listed,,FICS  미디어,12573.0,12824.0,12473.0,12774.0,900543.0,11503536282.0,1.0,12774.0,857.0,19657793.0,33987425.0,,0.0,0.0,0.0,13117.0,,0.0,,,,,,,,,,,,,,,,,1093.5999755859375,2.122999906539917,2.798,52.689998626708984,91.08000183105469,,1186.0,,,,
20150102,054800,아이디스홀딩스,KOSDAQ,Listed,,FICS  컴퓨터&nbsp;및&nbsp;주변기기,14150.0,14200.0,13900.0,14100.0,1520.0,21432000.0,1.0,14100.0,1295.0,10347756.0,,4215000.0,0.0,4215000.0,0.0,,300.0,0.0,,,,,,,,,,,,,,,,,1093.5999755859375,2.122999906539917,2.798,52.689998626708984,91.08000183105469,,1186.0,,,,
20150102,054920,한컴위드,KOSDAQ,Listed,,FICS  금속&nbsp;및&nbsp;광물,2950.0,3000.0,2900.0,2980.0,15129.0,45084420.0,1.0,2980.0,1089.0,28217081.0,1141850.0,,0.0,0.0,0.0,391.0,,0.0,,,,,20150331,1505.0,16.0,39.0,167778763626.0,270761368739.6388,,,,,119.0,1.18,1093.5999755859375,2.122999906539917,2.798,52.689998626708984,91.08000183105469,,1186.0,,20150331,5946.0,61.38
20150102,054930,유신,KOSDAQ,Listed,,FICS  건설,8400.0,8510.0,8350.0,8480.0,721.0,6114080.0,1.0,8480.0,685.0,3000000.0,,2546680.0,0.0,2546680.0,0.0,,300.0,0.0,,,,,,,,,,,,,,,,,1093.5999755859375,2.122999906539917,2.798,52.689998626708984,91.08000183105469,,1186.0,,,,
20150102,054940,엑사이엔씨,KOSDAQ,Listed,,FICS  반도체&nbsp;및&nbsp;관련장비,1560.0,1730.0,1545.0,1625.0,1233986.0,2005227250.0,1.0,1625.0,227.0,33173548.0,28304575.0,-113361370.0,0.0,0.0,-113361370.0,17358.0,-69489.0,0.0,,,,,20150331,471.0,-1.0,-1.0,65550930848.0,124468107494.1824,,,,,-17.0,3.12,1093.5999755859375,2.122999906539917,2.798,52.689998626708984,91.08000183105469,,1186.0,,20150331,1976.0,89.88
20150102,054950,제이브이엠,KOSDAQ,Listed,,FICS  의료&nbsp;장비&nbsp;및&nbsp;서비스,31903.0,31903.0,30384.0,31223.0,29527.0,921921521.0,1.0,31223.0,3197.0,12089892.0,-8295600.0,-162465600.0,149147500.0,-323550100.0,0.0,-139.0,-2969.0,2500.0,,,,,20150331,463.0,94.0,82.0,234011949552.0,316805377303.4976,,,,500.0,687.0,14.8,1093.5999755859375,2.122999906539917,2.798,52.689998626708984,91.08000183105469,,1186.0,,20150331,19356.0,35.38
20150102,055490,테이팩스,KOSDAQ,Listed,,FICS  전자&nbsp;장비&nbsp;및&nbsp;기기,,,,,,,1.0,,768.0,4769650.0,,,,,,,,,,,,,,,,,,,,,,,,,1093.5999755859375,2.122999906539917,2.798,52.689998626708984,91.08000183105469,,1186.0,,,,
20150102,055550,신한지주,KOSPI,Listed,,FICS  상업은행,44150.0,45150.0,44100.0,44500.0,827164.0,36808798000.0,1.0,44500.0,389366.0,485494934.0,3076609400.0,-8590986350.0,-1715084550.0,-1079916700.0,-5889711600.0,69028.0,-193118.0,-38479.0,,,,,20150331,88308.0,10289.0,7166.0,60325658519104.0,779685006096011.5,,,,570.0,1372.0,8.55,1093.5999755859375,2.122999906539917,2.798,52.689998626708984,91.08000183105469,,1186.0,,20150331,124256.0,1192.46
20150102,056080,유진로봇,KOSDAQ,Listed,,FICS  기계,4760.0,4780.0,4635.0,4675.0,320051.0,1496238425.0,1.0,4675.0,4681.0,37512152.0,55212710.0,-69035725.0,0.0,-69035725.0,0.0,11714.0,-14705.0,0.0,,,,,20150331,35.0,-17.0,-16.0,28846844888.0,60165864382.9016,,,,,-43.0,-21.44,1093.5999755859375,2.122999906539917,2.798,52.689998626708984,91.08000183105469,,1186.0,,20150331,769.0,108.57
20150102,056090,시지메드텍,KOSDAQ,Listed,,FICS  의료&nbsp;장비&nbsp;및&nbsp;서비스,,,,,,,1.0,,1101.0,103259036.0,,,,,,,,,,,,,20150331,113.0,10.0,15.0,89732102284.0,113385484446.06241,,,,,15.0,4.81,1093.5999755859375,2.122999906539917,2.798,52.689998626708984,91.08000183105469,,1186.0,,20150331,869.0,26.36
20150102,056190,에스에프에이,KOSDAQ,Listed,,FICS  기계,24850.0,24875.0,24375.0,24575.0,55685.0,1368458875.0,1.0,24575.0,8779.0,35908760.0,-118044000.0,-71782300.0,90812150.0,-28410850.0,-95068350.0,-2449.0,-1474.0,1850.0,,,,,20150331,3880.0,282.0,236.0,1236051336720.0,1906238371489.584,,,,380.0,473.0,2.26,1093.5999755859375,2.122999906539917,2.798,52.689998626708984,91.08000183105469,,1186.0,,20150331,34422.0,54.22
20150102,056360,코위버,KOSDAQ,Listed,,FICS  통신장비,4915.0,4960.0,4785.0,4855.0,117955.0,572671525.0,1.0,4855.0,522.0,9796800.0,21432890.0,-11928440.0,0.0,0.0,-11928440.0,4416.0,-2432.0,0.0,,,,,,,,,,,,,,,,,1093.5999755859375,2.122999906539917,2.798,52.689998626708984,91.08000183105469,,1186.0,,,,
20150102,056700,신화인터텍,KOSDAQ,Listed,,FICS  디스플레이&nbsp;및&nbsp;관련부품,2995.0,2995.0,2920.0,2950.0,31080.0,91686000.0,1.0,2950.0,503.0,29135091.0,-4202030.0,-7512735.0,0.0,0.0,-7512735.0,-1406.0,-2517.0,0.0,,,,,20150331,553.0,18.0,12.0,100049902494.0,177918741605.0802,,,,,41.0,7.69,1093.5999755859375,2.122999906539917,2.798,52.689998626708984,91.08000183105469,,1186.0,,20150331,3434.0,77.83
20150102,056730,CNT85,KOSDAQ,Listed,,FICS  건설,11429.0,11773.0,10855.0,11512.0,57967.0,667316104.0,1.0,11512.0,475.0,74111186.0,-1711760.0,,0.0,0.0,0.0,-1053.0,,0.0,,,,,,,,,,,,,,,,,1093.5999755859375,2.122999906539917,2.798,52.689998626708984,91.08000183105469,,1186.0,,,,
20150102,057030,YBM넷,KOSDAQ,Listed,,FICS  교육,4100.0,4140.0,4050.0,4085.0,4154.0,16969090.0,1.0,4085.0,508.0,16312697.0,,,0.0,0.0,0.0,,,0.0,,,,,20150331,137.0,7.0,7.0,52755262098.0,81944748616.82341,,,,100.0,43.0,4.34,1093.5999755859375,2.122999906539917,2.798,52.689998626708984,91.08000183105469,,1186.0,,20150331,3234.0,55.33
20150102,057050,현대홈쇼핑,KOSPI,Listed,,FICS  온라인쇼핑,139500.0,140500.0,135500.0,139000.0,8314.0,1155646000.0,1.0,139000.0,6600.0,12000000.0,-171617000.0,434866500.0,421871500.0,45885000.0,81806500.0,-1237.0,3120.0,3030.0,,,,,20150331,10050.0,347.0,245.0,2445456000000.0,3327042888000.0,,,,2800.0,3367.0,3.68,1093.5999755859375,2.122999906539917,2.798,52.689998626708984,91.08000183105469,,1186.0,,20150331,203788.0,36.05
20150102,057540,옴니시스템,KOSDAQ,Listed,,FICS  전기장비,997.0,1016.0,988.0,1012.0,181985.0,184168820.0,1.0,1012.0,445.0,59449355.0,14120930.0,,0.0,0.0,0.0,13133.0,,0.0,,,,,20150331,194.0,-1.0,-7.0,108019478035.0,130033847658.533,,,,,-12.0,2.59,1093.5999755859375,2.122999906539917,2.798,52.689998626708984,91.08000183105469,,1186.0,,20150331,1817.0,20.38
20150102,057680,티사이언티픽,KOSDAQ,Listed,,FICS  IT&nbsp;서비스,2327.0,2362.0,2313.0,2323.0,74999.0,174222677.0,1.0,2323.0,560.0,71248501.0,19049365.0,,0.0,0.0,0.0,7180.0,,0.0,,,,,20150331,85.0,-1.0,1.0,141214528982.0,162608530122.773,,,,,2.0,-0.34,1093.5999755859375,2.122999906539917,2.798,52.689998626708984,91.08000183105469,,1186.0,,20150331,1982.0,15.15
20150102,057880,푸른소나무,KOSDAQ,Listed,,FICS  의료&nbsp;장비&nbsp;및&nbsp;서비스,8408.0,8408.0,8029.0,8364.0,5376.0,44964864.0,1.0,8364.0,2160.0,24580368.0,1704325.0,,0.0,0.0,0.0,1002.0,,0.0,,,,,20150331,17.0,-1.0,-2.0,-2458036800.0,10668862926.72,,,,,-6.0,-364.15,1093.5999755859375,2.122999906539917,2.798,52.689998626708984,91.08000183105469,,1186.0,,20150331,-100.0,-534.04
20150102,058110,멕아이씨에스,KOSDAQ,Listed,,FICS  의료&nbsp;장비&nbsp;및&nbsp;서비스,,,,,,,1.0,,324.0,16050530.0,,,,,,,,,,,,,20150331,28.0,-3.0,-2.0,37574290730.0,57601387689.09,,,,30.0,-10.0,-17.97,1093.5999755859375,2.122999906539917,2.798,52.689998626708984,91.08000183105469,,1186.0,,20150331,2341.0,53.3
20150102,058400,KNN,KOSDAQ,Listed,,FICS  미디어,739.0,757.0,727.0,747.0,341.0,254727.0,1.0,747.0,944.0,132429720.0,,-93560.0,0.0,0.0,-93560.0,,-13.0,0.0,,,,,20150331,173.0,18.0,27.0,222481929600.0,236320305621.12,,,,20.0,20.0,3.5,1093.5999755859375,2.122999906539917,,52.689998626708984,91.08000183105469,,1186.0,,20150331,1680.0,6.22
20150102,058430,포스코스틸리온,KOSPI,Listed,,FICS  금속&nbsp;및&nbsp;광물,13350.0,13350.0,13150.0,13250.0,1558.0,20643500.0,1.0,13250.0,2325.0,6000000.0,,,0.0,0.0,0.0,,,0.0,,,,,20150331,2826.0,50.0,39.0,386628000000.0,547619899199.99994,,,,2160.0,651.0,7.19,1093.5999755859375,2.122999906539917,2.798,52.689998626708984,91.08000183105469,,1186.0,,20150331,64438.0,41.64
20150102,058450,한주에이알티,KOSDAQ,Listed,,FICS  미디어,1868.0,1889.0,1843.0,1874.0,27373.0,51297002.0,1.0,1874.0,122.0,14793621.0,-2261360.0,14581740.0,0.0,0.0,14581740.0,-1047.0,6756.0,0.0,,,,,,,,,,,,,,,,,1093.5999755859375,2.122999906539917,2.798,52.689998626708984,91.08000183105469,,1186.0,,,,
20150102,058470,리노공업,KOSDAQ,Listed,,FICS  반도체&nbsp;및&nbsp;관련장비,7748.0,8009.0,7608.0,8009.0,152577.0,1221989193.0,1.0,8009.0,49842.0,76211850.0,273616200.0,234966550.0,202716700.0,237240250.0,-142242800.0,6992.0,5926.0,5113.0,,,,,20150331,775.0,343.0,336.0,718220474400.0,794136378544.08,,,,600.0,441.0,23.61,1093.5999755859375,2.122999906539917,2.798,52.689998626708984,91.08000183105469,,1186.0,,20150331,9424.0,10.57
20150102,058610,에스피지,KOSDAQ,Listed,,FICS  전기장비,5340.0,5390.0,4985.0,5060.0,261539.0,1323387340.0,1.0,5060.0,14770.0,22177360.0,115260790.0,-306547625.0,-163824400.0,0.0,-91438985.0,22579.0,-60056.0,-32000.0,,,,,20150331,926.0,54.0,36.0,253221096480.0,424423879810.128,,,,100.0,311.0,5.3,1093.5999755859375,2.122999906539917,2.798,52.689998626708984,91.08000183105469,,1186.0,,20150331,11418.0,67.61
20150102,058630,엠게임,KOSDAQ,Listed,,FICS  게임&nbsp;소프트웨어,4810.0,5150.0,4795.0,5080.0,1074158.0,5456722640.0,1.0,5080.0,1303.0,19543877.0,-130510375.0,216878635.0,0.0,237418635.0,-20540000.0,-25888.0,43903.0,0.0,,,,,20150331,215.0,41.0,49.0,139093772609.0,158316531983.56378,,,,160.0,250.0,13.74,1093.5999755859375,2.122999906539917,2.798,52.689998626708984,91.08000183105469,,1186.0,,20150331,7117.0,13.82
20150102,058650,세아홀딩스,KOSPI,Listed,,FICS  금속&nbsp;및&nbsp;광물,162000.0,165000.0,159000.0,164500.0,959.0,157755500.0,1.0,164500.0,4764.0,4000000.0,-20452500.0,-26031500.0,0.0,0.0,-2767500.0,-126.0,-162.0,0.0,,,,,,,,,,,,,,,,,1093.5999755859375,2.122999906539917,2.798,52.689998626708984,91.08000183105469,,1186.0,,,,
20150102,058730,다스코,KOSPI,Listed,,FICS  건축자재,4048.0,4249.0,4033.0,4211.0,37204.0,156666044.0,1.0,4211.0,615.0,18796941.0,2001855.0,-2871245.0,0.0,0.0,5948755.0,471.0,-640.0,0.0,,,,,20150331,575.0,-28.0,-25.0,145939449924.0,332085218302.062,,,,100.0,-119.0,-3.32,1093.5999755859375,2.122999906539917,2.798,52.689998626708984,91.08000183105469,,1186.0,,20150331,7764.0,127.55
20150102,058820,CMG제약,KOSDAQ,Listed,,FICS  제약,835.0,837.0,812.0,838.0,171042.0,143333196.0,1.0,838.0,2942.0,147842183.0,33239383.0,,0.0,0.0,0.0,35973.0,,0.0,,,,,,,,,,,,,,,,,1093.5999755859375,2.122999906539917,2.798,52.689998626708984,91.08000183105469,,1186.0,,,,
20150102,058850,KTcs,KOSPI,Listed,,FICS  상업서비스,2920.0,2980.0,2865.0,2920.0,79016.0,230726720.0,1.0,2920.0,1225.0,42685000.0,-38705135.0,-20195385.0,0.0,-20195385.0,0.0,-13339.0,-7000.0,0.0,,,,,20150331,2689.0,92.0,73.0,235194350000.0,493249590820.0,,,,100.0,165.0,12.5,1093.5999755859375,2.122999906539917,2.798,52.689998626708984,91.08000183105469,,1186.0,,20150331,5510.0,109.72
20150102,058860,KTis,KOSPI,Listed,,FICS  상업서비스,3475.0,3520.0,3450.0,3505.0,50503.0,177013015.0,1.0,3505.0,965.0,34802000.0,9959065.0,34918585.0,0.0,34918585.0,0.0,2859.0,10000.0,0.0,,,,,,,,,,,,,,,,,1093.5999755859375,2.122999906539917,2.798,52.689998626708984,91.08000183105469,,1186.0,,,,
20150102,058970,엠로,KOSDAQ,Listed,,FICS  일반&nbsp;소프트웨어,,,,,,,1.0,,4789.0,12359538.0,,,,,,,,,,,,,20150331,236.0,37.0,38.0,93499904970.0,115621982485.902,,,,,307.0,6.5,1093.5999755859375,2.122999906539917,2.798,52.689998626708984,91.08000183105469,,1186.0,,20150331,7565.0,23.66
20150102,059090,미코,KOSDAQ,Listed,,FICS  반도체&nbsp;및&nbsp;관련장비,1490.0,1495.0,1450.0,1470.0,107855.0,158546850.0,1.0,1470.0,4658.0,33416778.0,3973035.0,4440000.0,0.0,0.0,4440000.0,2687.0,3000.0,0.0,,,,,20150331,2454.0,224.0,131.0,122338824258.0,378626427196.0842,,,,,49.0,29.33,1093.5999755859375,2.122999906539917,2.798,52.689998626708984,91.08000183105469,,1186.0,,20150331,3661.0,209.49
20150102,059100,아이컴포넌트,KOSDAQ,Listed,,FICS  디스플레이&nbsp;및&nbsp;관련부품,16350.0,17100.0,16300.0,16450.0,150180.0,2470461000.0,1.0,16450.0,343.0,7070860.0,-41488350.0,-145374400.0,0.0,-82569000.0,-58701000.0,-2501.0,-8554.0,0.0,,,,,,,,,,,,,,,,,1093.5999755859375,2.122999906539917,2.798,52.689998626708984,91.08000183105469,,1186.0,,,,
20150102,059120,아진엑스텍,KOSDAQ,Listed,,FICS  반도체&nbsp;및&nbsp;관련장비,2889.0,2889.0,2811.0,2859.0,9279.0,26528661.0,1.0,2859.0,880.0,9748596.0,-1959600.0,,0.0,0.0,0.0,-460.0,,0.0,,,,,20150331,62.0,15.0,17.0,42201672084.0,46729911498.6132,,,,75.0,172.0,-6.11,1093.5999755859375,2.122999906539917,2.798,52.689998626708984,91.08000183105469,,1186.0,,20150331,4329.0,10.73
20150102,059210,메타바이오메드,KOSDAQ,Listed,,FICS  의료&nbsp;장비&nbsp;및&nbsp;서비스,2545.0,2600.0,2540.0,2570.0,65795.0,169093150.0,1.0,2570.0,1427.0,28094301.0,18467465.0,,0.0,0.0,0.0,7195.0,,0.0,,,,,20150331,268.0,62.0,67.0,128840464386.0,191405393891.8416,,,,30.0,239.0,18.02,1093.5999755859375,2.122999906539917,2.798,52.689998626708984,91.08000183105469,,1186.0,,20150331,4586.0,48.56
20150102,059270,해성에어로보틱스,KOSDAQ,Listed,,FICS  기계,,,,,,,1.0,,952.0,11165299.0,,,,,,,,,,,,,,,,,,,,,,,,,1093.5999755859375,2.122999906539917,2.798,52.689998626708984,91.08000183105469,,1186.0,,,,
20150102,060150,인선이엔티,KOSDAQ,Listed,,FICS  상업서비스,4275.0,4600.0,4150.0,4240.0,1781888.0,7555205120.0,1.0,4240.0,1976.0,46563612.0,-139413375.0,263683405.0,30181630.0,-83163630.0,0.0,-33219.0,59126.0,7100.0,,,,,20150331,462.0,54.0,-12.0,332883262188.0,506049135178.1976,,,,,-26.0,-9.9,1093.5999755859375,2.122999906539917,2.798,52.689998626708984,91.08000183105469,,1186.0,,20150331,7149.0,52.02
20150102,060230,제이케이시냅스,KOSDAQ,Listed,,FICS  전자&nbsp;장비&nbsp;및&nbsp;기기,116240.0,118047.0,112239.0,114046.0,17891.0,2040396986.0,1.0,114046.0,240.0,7652330.0,958590.0,,0.0,0.0,0.0,310.0,,0.0,,,,,,,,,,,,,,,,,1093.5999755859375,2.122999906539917,2.798,52.689998626708984,91.08000183105469,,1186.0,,,,
20150102,060240,스타코링크,KOSDAQ,Listed,,FICS  조선,23814.0,24459.0,22587.0,22846.0,20247.0,462562962.0,1.0,22846.0,115.0,5821060.0,62864665.0,,0.0,0.0,0.0,34579.0,,0.0,,,,,20150331,62.0,-16.0,-11.0,6804819140.0,26450331997.18,,,,,-273.0,-158.75,1093.5999755859375,2.122999906539917,2.798,52.689998626708984,91.08000183105469,,1186.0,,20150331,1169.0,288.7
20150102,060250,NHN KCP,KOSDAQ,Listed,,FICS  인터넷&nbsp;서비스,12674.0,12698.0,12370.0,12371.0,598822.0,7408026962.0,1.0,12371.0,6293.0,40160611.0,-1251907000.0,-571153900.0,33003300.0,75716500.0,-1383798550.0,-46989.0,-21400.0,1244.0,,,,,20150331,3278.0,152.0,126.0,315019832684.0,666833981825.4912,,,,100.0,365.0,17.38,1093.5999755859375,2.122999906539917,2.798,52.689998626708984,91.08000183105469,,1186.0,,20150331,7844.0,111.68
20150102,060260,뉴보텍,KOSDAQ,Listed,,FICS  건축자재,4527.0,4593.0,4498.0,4589.0,41934.0,192435126.0,1.0,4589.0,169.0,13512009.0,2750730.0,,0.0,0.0,0.0,3963.0,,0.0,,,,,,,,,,,,,,,,,1093.5999755859375,2.122999906539917,2.798,52.689998626708984,91.08000183105469,,1186.0,,,,
20150102,060280,큐렉소,KOSDAQ,Listed,,FICS  의료&nbsp;장비&nbsp;및&nbsp;서비스,4732.0,4732.0,4597.0,4689.0,1719.0,8060391.0,1.0,4689.0,5436.0,41089990.0,4191995.0,,0.0,0.0,0.0,876.0,,0.0,,,,,20150331,210.0,8.0,8.0,94301527050.0,103656238533.36,,,,,20.0,-9.04,1093.5999755859375,2.122999906539917,2.798,52.689998626708984,91.08000183105469,,1186.0,,20150331,2295.0,9.92
20150102,060310,3S,KOSDAQ,Listed,,FICS  기계,2395.0,2450.0,2385.0,2415.0,212450.0,513066750.0,1.0,2415.0,900.0,53059040.0,14516945.0,5.0,0.0,0.0,5.0,6021.0,,0.0,,,,,20150331,60.0,-27.0,-21.0,47275604640.0,62985288061.872,,,,,-40.0,-21.04,1093.5999755859375,2.122999906539917,2.798,52.689998626708984,91.08000183105469,,1186.0,,20150331,891.0,33.23
20150102,060370,LS마린솔루션,KOSDAQ,Listed,,FICS  건설,4520.0,4546.0,4441.0,4520.0,191051.0,863550520.0,1.0,4520.0,15619.0,52238854.0,76454880.0,4610410.0,0.0,0.0,4610410.0,14890.0,895.0,0.0,,,,,20150331,512.0,26.0,32.0,240194250692.0,270794998230.1608,,,,139.0,72.0,7.98,1093.5999755859375,2.122999906539917,2.798,52.689998626708984,91.08000183105469,,1186.0,,20150331,4598.0,12.74
20150102,060380,동양에스텍,KOSDAQ,Listed,,FICS  금속&nbsp;및&nbsp;광물,1051.0,1051.0,1028.0,1039.0,14123.0,14673797.0,1.0,1039.0,297.0,19700000.0,,,0.0,0.0,0.0,,,0.0,,,,,,,,,,,,,,,,,1093.5999755859375,2.122999906539917,2.798,52.689998626708984,91.08000183105469,,1186.0,,,,
20150102,060480,국일신동,KOSDAQ,Listed,,FICS  금속&nbsp;및&nbsp;광물,2360.0,2435.0,2305.0,2315.0,1714003.0,3967916945.0,1.0,2315.0,176.0,11090000.0,94631015.0,,0.0,0.0,0.0,39969.0,,0.0,,,,,,,,,,,,,,,,,1093.5999755859375,2.122999906539917,2.798,52.689998626708984,91.08000183105469,,1186.0,,,,
20150102,060540,에스에이티,KOSDAQ,Listed,,FICS  휴대폰&nbsp;및&nbsp;관련부품,1525.0,1570.0,1475.0,1530.0,52809.0,80797770.0,1.0,1530.0,341.0,26133306.0,,,0.0,0.0,0.0,,,0.0,,,,,,,,,,,,,,,,,1093.5999755859375,2.122999906539917,2.798,52.689998626708984,91.08000183105469,,1186.0,,,,
20150102,060560,HC홈센타,KOSDAQ,Listed,,FICS  건축소재,1213.0,1226.0,1200.0,1220.0,85647.0,104489340.0,1.0,1220.0,919.0,127669525.0,10825785.0,,0.0,0.0,0.0,4617.0,,0.0,,,,,20150331,729.0,-52.0,-59.0,162906313900.0,372094311578.99,,,,30.0,-42.0,-2.03,1093.5999755859375,2.122999906539917,2.798,52.689998626708984,91.08000183105469,,1186.0,,20150331,1276.0,128.41
20150102,060570,드림어스컴퍼니,KOSDAQ,Listed,,FICS  미디어,6440.0,6650.0,6350.0,6420.0,493828.0,3170375760.0,1.0,6420.0,1247.0,74101573.0,-221683640.0,282538630.0,0.0,0.0,282538630.0,-34211.0,43400.0,0.0,,,,,,,,,,,,,,,,,1093.5999755859375,2.122999906539917,2.798,52.689998626708984,91.08000183105469,,1186.0,,,,
20150102,060590,씨티씨바이오,KOSDAQ,Listed,,FICS  제약,17100.0,17450.0,16900.0,17250.0,325128.0,5608458000.0,1.0,17250.0,1238.0,24181020.0,-161027200.0,349241700.0,-103374000.0,367053350.0,85887250.0,-9384.0,20343.0,-6035.0,,,,,20150331,318.0,15.0,3.0,72567241020.0,150881807528.784,,,,,13.0,3.73,1093.5999755859375,2.122999906539917,2.798,52.689998626708984,91.08000183105469,,1186.0,,20150331,3001.0,107.92
20150102,060720,KH바텍,KOSDAQ,Listed,,FICS  휴대폰&nbsp;및&nbsp;관련부품,34005.0,34807.0,33164.0,34006.0,203384.0,6916276304.0,1.0,34006.0,2779.0,23677442.0,1778566050.0,-416179300.0,-176482200.0,612923600.0,-1400371950.0,41882.0,-9630.0,-4136.0,,,,,20150331,757.0,43.0,30.0,299188157112.0,489471825035.23206,,,,50.0,130.0,8.65,1093.5999755859375,2.122999906539917,2.798,52.689998626708984,91.08000183105469,,1186.0,,20150331,12636.0,63.6
20150102,060850,영림원소프트랩,KOSDAQ,Listed,,FICS  일반&nbsp;소프트웨어,,,,,,,1.0,,513.0,8131000.0,,,,,,,,,,,,,,,,,,,,,,,,,1093.5999755859375,2.122999906539917,2.798,52.689998626708984,91.08000183105469,,1186.0,,,,
20150102,060900,에이전트AI,KOSDAQ,Listed,,FICS  에너지&nbsp;시설&nbsp;및&nbsp;서비스,27180.0,28500.0,26820.0,28380.0,5018.0,142410840.0,1.0,28380.0,514.0,39910734.0,-1127605.0,,0.0,0.0,0.0,-962.0,,0.0,,,,,20150331,32.0,-9.0,-15.0,55316277324.0,70417621033.45201,,,,,-55.0,-26.82,1093.5999755859375,2.122999906539917,2.798,52.689998626708984,91.08000183105469,,1186.0,,20150331,1386.0,27.3
20150102,060980,HL홀딩스,KOSPI,Listed,,FICS  자동차부품,68600.0,70300.0,67600.0,69000.0,46283.0,3193527000.0,1.0,69000.0,4883.0,9213477.0,-386133800.0,553635200.0,345948300.0,400159400.0,-112860100.0,-5578.0,8011.0,5034.0,,,,,,,,,,,,,,,,,1093.5999755859375,2.122999906539917,2.798,52.689998626708984,91.08000183105469,,1186.0,,,,
20150102,061040,알에프텍,KOSDAQ,Listed,,FICS  휴대폰&nbsp;및&nbsp;관련부품,4772.0,5355.0,4740.0,5356.0,771686.0,4133150216.0,1.0,5356.0,662.0,32089259.0,-32785750.0,,0.0,0.0,0.0,-4284.0,,0.0,,,,,20150331,688.0,-43.0,-27.0,209157790162.0,451571668959.75793,,,,,-63.0,-17.65,1093.5999755859375,2.122999906539917,2.798,52.689998626708984,91.08000183105469,,1186.0,,20150331,6518.0,115.9
20150102,061090,세나테크놀로지,KOSDAQ,Listed,,FICS  통신장비,,,,,,,1.0,,2877.0,5577274.0,,,,,,,,,,,,,20150331,457.0,54.0,53.0,160235082020.0,205886056887.498,,,,,1049.0,16.65,1093.5999755859375,2.122999906539917,2.798,52.689998626708984,91.08000183105469,,1186.0,,20150331,28730.0,28.49
20150102,061250,화일약품,KOSDAQ,Listed,,FICS  제약,1943.0,1990.0,1940.0,1973.0,51314.0,101242522.0,1.0,1973.0,964.0,86515847.0,27957210.0,,0.0,0.0,0.0,4729.0,,0.0,,,,,,,,,,,,,,,,,1093.5999755859375,2.122999906539917,2.798,52.689998626708984,91.08000183105469,,1186.0,,,,
20150102,061970,LB세미콘,KOSDAQ,Listed,,FICS  반도체&nbsp;및&nbsp;관련장비,1570.0,1570.0,1490.0,1505.0,67492.0,101575460.0,1.0,1505.0,2613.0,58083006.0,1733770.0,,0.0,0.0,0.0,1124.0,,0.0,,,,,20150331,1256.0,-63.0,-26.0,328459398930.0,780879375016.182,,,,,-41.0,-10.18,1093.5999755859375,2.122999906539917,2.798,52.689998626708984,91.08000183105469,,1186.0,,20150331,5655.0,137.74
20150102,062040,산일전기,KOSDAQ,Listed,,FICS  전기장비,,,,,,,1.0,,45393.0,30445200.0,,,,,,,,,,,,,20150331,1511.0,532.0,423.0,569081678400.0,650118909404.16,,,,420.0,1448.0,33.33,1093.5999755859375,2.122999906539917,,52.689998626708984,91.08000183105469,,1186.0,,20150331,18692.0,14.24
20150102,062970,한국첨단소재,KOSDAQ,Listed,,FICS  통신장비,,,,,,,1.0,,770.0,23059076.0,,,,,,,,,,,,,,,,,,,,,,,,,1093.5999755859375,2.122999906539917,2.798,52.689998626708984,91.08000183105469,,1186.0,,,,
20150102,063080,컴투스홀딩스,KOSDAQ,Listed,,FICS  게임&nbsp;소프트웨어,122000.0,129400.0,121500.0,126500.0,306657.0,38792110500.0,1.0,126500.0,1150.0,6595192.0,-4724725700.0,-3404200.0,-1581117300.0,-486516600.0,698024000.0,-37509.0,-33.0,-12466.0,,,,,20150331,196.0,-39.0,-54.0,230805339232.0,606694914705.2352,,,,,-599.0,-15.1,1093.5999755859375,2.122999906539917,2.798,52.689998626708984,91.08000183105469,,1186.0,,20150331,34996.0,162.86
20150102,063160,종근당바이오,KOSPI,Listed,,FICS  제약,20689.0,21356.0,20593.0,21356.0,33254.0,710172424.0,1.0,21356.0,1179.0,5485962.0,-15122250.0,54725900.0,0.0,0.0,54725900.0,-692.0,2500.0,0.0,,,,,20150331,341.0,-15.0,-22.0,128673238710.0,295227878896.224,,,,100.0,-397.0,-0.45,1093.5999755859375,2.122999906539917,2.798,52.689998626708984,91.08000183105469,,1186.0,,20150331,23455.0,129.44
20150102,063170,서울옥션,KOSDAQ,Listed,,FICS  도소매,5060.0,5170.0,4950.0,5130.0,58306.0,299109780.0,1.0,5130.0,1318.0,17774267.0,16902130.0,22082725.0,0.0,0.0,0.0,3385.0,4382.0,0.0,,,,,20150331,56.0,-7.0,-21.0,106432310796.0,231075189969.19562,,,,100.0,-119.0,-10.01,1093.5999755859375,2.122999906539917,2.798,52.689998626708984,91.08000183105469,,1186.0,,20150331,5988.0,117.11
20150102,063440,SM Life Design,KOSDAQ,Listed,,FICS  미디어,1205.0,1320.0,1185.0,1300.0,599769.0,779699700.0,1.0,1300.0,919.0,46029154.0,-692360.0,,0.0,0.0,0.0,-69.0,,0.0,,,,,20150331,185.0,25.0,25.0,67939031304.0,76173241898.0448,,,,,54.0,11.35,1093.5999755859375,2.122999906539917,2.798,52.689998626708984,91.08000183105469,,1186.0,,20150331,1476.0,12.12
20150102,063570,NICE인프라,KOSDAQ,Listed,,FICS  상업서비스,2650.0,2650.0,2610.0,2640.0,64102.0,169229280.0,1.0,2640.0,1475.0,34147728.0,1442970.0,,0.0,0.0,0.0,536.0,,0.0,,,,,20150331,1005.0,70.0,46.0,208949947632.0,753285456208.1232,,,,125.0,134.0,3.07,1093.5999755859375,2.122999906539917,2.798,52.689998626708984,91.08000183105469,,1186.0,,20150331,6119.0,260.51
20150102,063760,이엘피,KOSDAQ,Listed,,FICS  디스플레이&nbsp;및&nbsp;관련부품,,,,,,,1.0,,231.0,9325130.0,,,,,,,,,,,,,,,,,,,,,,,,,1093.5999755859375,2.122999906539917,2.798,52.689998626708984,91.08000183105469,,1186.0,,,,
20150102,064090,인크레더블버즈,KOSDAQ,Listed,,FICS  도소매,6285.0,6726.0,6285.0,6349.0,1640.0,10412360.0,1.0,6349.0,748.0,49742745.0,,,0.0,0.0,0.0,,,0.0,,,,,,,,,,,,,,,,,1093.5999755859375,2.122999906539917,2.798,52.689998626708984,91.08000183105469,,1186.0,,,,
20150102,064240,홈캐스트,KOSDAQ,Listed,,FICS  도소매,8050.0,8290.0,7580.0,8260.0,826324.0,6825436240.0,1.0,8260.0,704.0,35038012.0,835637920.0,,0.0,0.0,0.0,105097.0,,0.0,,,,,20150331,155.0,-13.0,32.0,84126266812.0,90166532769.10161,,,,,91.0,4.59,1093.5999755859375,2.122999906539917,2.798,52.689998626708984,91.08000183105469,,1186.0,,20150331,2401.0,7.18
20150102,064260,다날,KOSDAQ,Listed,,FICS  인터넷&nbsp;서비스,3844.0,3995.0,3844.0,3992.0,642120.0,2563343040.0,1.0,3992.0,5104.0,75071479.0,535521780.0,166995140.0,0.0,0.0,166995140.0,63899.0,20000.0,0.0,,,,,20150331,628.0,-11.0,1.0,326861219566.0,1002221871433.2693,,,,,52.0,-16.51,1093.5999755859375,2.122999906539917,2.798,52.689998626708984,91.08000183105469,,1186.0,,20150331,4354.0,206.62
20150102,064290,인텍플러스,KOSDAQ,Listed,,FICS  반도체&nbsp;및&nbsp;관련장비,3015.0,3015.0,2855.0,2990.0,39472.0,118021280.0,1.0,2990.0,1764.0,12863962.0,,,0.0,0.0,0.0,,,0.0,,,,,20150331,360.0,68.0,94.0,43647423066.0,145795487267.3598,,,,200.0,738.0,-26.32,1093.5999755859375,2.122999906539917,2.798,52.689998626708984,91.08000183105469,,1186.0,,20150331,3393.0,234.03
20150102,064350,현대로템,KOSPI,Listed,,FICS  운송인프라,20200.0,20300.0,19850.0,19900.0,173534.0,3453326600.0,1.0,19900.0,198638.0,109142293.0,27428750.0,18675000.0,-75302800.0,-3910300.0,-4359700.0,1382.0,853.0,-3775.0,,,,,20150331,17177.0,3241.0,2616.0,2981440017881.0,6792912936740.07,,,,200.0,2320.0,28.77,1093.5999755859375,2.122999906539917,2.798,52.689998626708984,91.08000183105469,,1186.0,,20150331,27317.0,127.84
20150102,064400,LG씨엔에스,KOSDAQ,Listed,,FICS  IT&nbsp;서비스,,,,,,,1.0,,65107.0,96885948.0,,,,,,,,,,,,,20150331,21673.0,2153.0,1457.0,2840599109412.0,4849754859499.107,,,,750.0,1500.0,16.64,1093.5999755859375,2.122999906539917,2.798,52.689998626708984,91.08000183105469,,1186.0,,20150331,29319.0,70.73
20150102,064480,브리지텍,KOSDAQ,Listed,,FICS  IT&nbsp;서비스,4090.0,4145.0,4030.0,4030.0,43779.0,176429370.0,1.0,4030.0,567.0,11952500.0,10890270.0,,0.0,0.0,0.0,2644.0,,0.0,,,,,20150331,122.0,4.0,5.0,45574882500.0,59889953093.25,,,,100.0,46.0,-5.35,1093.5999755859375,2.122999906539917,2.798,52.689998626708984,91.08000183105469,,1186.0,,20150331,3813.0,31.41
20150102,064520,테크엘,KOSDAQ,Listed,,FICS  반도체&nbsp;및&nbsp;관련장비,18087.0,19081.0,17939.0,18570.0,41089.0,763022730.0,1.0,18570.0,402.0,22351062.0,-15144105.0,,0.0,0.0,0.0,-12208.0,,0.0,,,,,20150331,45.0,-12.0,-4.0,95953109166.0,101115386439.13081,,,,,-18.0,-3.42,1093.5999755859375,2.122999906539917,2.798,52.689998626708984,91.08000183105469,,1186.0,,20150331,4293.0,5.38
20150102,064550,바이오니아,KOSDAQ,Listed,,FICS  바이오,6816.0,7141.0,6778.0,7095.0,121368.0,861105960.0,1.0,7095.0,3765.0,25810291.0,-40496670.0,,0.0,0.0,0.0,-5272.0,,0.0,,,,,20150331,881.0,29.0,1.0,212341264057.0,348812994466.4339,,,,,-39.0,-4.25,1093.5999755859375,2.122999906539917,2.798,52.689998626708984,91.08000183105469,,1186.0,,20150331,8227.0,64.27
20150102,064760,티씨케이,KOSDAQ,Listed,,FICS  반도체&nbsp;및&nbsp;관련장비,8400.0,8500.0,8400.0,8480.0,5406.0,45842880.0,1.0,8480.0,17162.0,11675000.0,-681310.0,,0.0,0.0,0.0,-81.0,,0.0,,,,,,,,,,,,,,,,,1093.5999755859375,2.122999906539917,2.798,52.689998626708984,91.08000183105469,,1186.0,,,,
20150102,064800,포니링크,KOSDAQ,Listed,,FICS  도소매,880.0,882.0,857.0,873.0,9301.0,8119773.0,1.0,873.0,1032.0,127807298.0,186225.0,,0.0,0.0,0.0,44.0,,0.0,,,,,20150331,110.0,-57.0,-333.0,280792633706.0,366911734463.6302,,,,10.0,-261.0,22.25,1093.5999755859375,2.122999906539917,2.798,52.689998626708984,91.08000183105469,,1186.0,,20150331,2197.0,30.67
20150102,064820,케이프,KOSDAQ,Listed,,FICS  증권,1775.0,1775.0,1715.0,1735.0,27599.0,47884265.0,1.0,1735.0,3226.0,30901728.0,-211460.0,,0.0,0.0,0.0,-119.0,,0.0,,,,,20150331,1378.0,156.0,121.0,239766507552.0,3915890577990.0195,,,,300.0,342.0,11.22,1093.5999755859375,2.122999906539917,2.798,52.689998626708984,91.08000183105469,,1186.0,,20150331,7759.0,1533.21
20150102,064850,에프앤가이드,KOSDAQ,Listed,,FICS  IT&nbsp;서비스,1850.0,1850.0,1850.0,1850.0,0.0,,1.0,,990.0,11410332.0,,,0.0,0.0,0.0,,,0.0,,,,,20150331,84.0,27.0,26.0,66442363236.0,85398369467.23079,,,,220.0,226.0,11.92,1093.5999755859375,2.122999906539917,2.798,52.689998626708984,91.08000183105469,,1186.0,,20150331,5823.0,28.53
20150102,064960,SNT모티브,KOSPI,Listed,,FICS  자동차부품,22506.0,22809.0,22479.0,22672.0,28440.0,644791680.0,1.0,22672.0,9793.0,26540272.0,-134686450.0,-50365200.0,-3502700.0,-25449400.0,-47319000.0,-3268.0,-1231.0,-85.0,,,,,20150331,3124.0,336.0,324.0,1191313189264.0,1508917285521.7822,,,,400.0,1293.0,9.19,1093.5999755859375,2.122999906539917,2.798,52.689998626708984,91.08000183105469,,1186.0,,20150331,44887.0,26.66
20150102,065060,지엔코,KOSDAQ,Listed,,FICS  섬유&nbsp;및&nbsp;의복,9291.0,9544.0,9249.0,9544.0,26263.0,250654072.0,1.0,9544.0,183.0,23800804.0,22110715.0,,0.0,0.0,0.0,19676.0,,0.0,,,,,20150331,256.0,3.0,-6.0,42555837552.0,83026439063.952,,,,,-59.0,-33.57,1093.5999755859375,2.122999906539917,2.798,52.689998626708984,91.08000183105469,,1186.0,,20150331,1788.0,95.1
20150102,065130,탑엔지니어링,KOSDAQ,Listed,,FICS  휴대폰&nbsp;및&nbsp;관련부품,4425.0,4560.0,4420.0,4560.0,82502.0,376209120.0,1.0,4560.0,551.0,16330482.0,19158435.0,,0.0,0.0,0.0,4236.0,,0.0,,,,,20150331,2091.0,20.0,38.0,186134833836.0,305949826376.2332,,,,,-143.0,-9.41,1093.5999755859375,2.122999906539917,2.798,52.689998626708984,91.08000183105469,,1186.0,,20150331,11398.0,64.37
20150102,065150,대산F&B,KOSDAQ,Listed,,FICS  식료품,7216.0,7434.0,7186.0,7376.0,3081539.0,22729431664.0,1.0,7376.0,231.0,159382405.0,-219279990.0,525950325.0,93429205.0,0.0,-6210905.0,-59719.0,143082.0,25280.0,,,,,20150331,305.0,11.0,35.0,19444653410.0,37044009211.391,,,,,22.0,-22.87,1093.5999755859375,2.122999906539917,2.798,52.689998626708984,91.08000183105469,,1186.0,,20150331,122.0,90.51
20150102,065170,비엘팜텍,KOSDAQ,Listed,,FICS  식료품,3735.0,3833.0,3718.0,3817.0,49305.0,188197185.0,1.0,3817.0,159.0,26683025.0,20491170.0,,0.0,0.0,0.0,17789.0,,0.0,,,,,,,,,,,,,,,,,1093.5999755859375,2.122999906539917,2.798,52.689998626708984,91.08000183105469,,1186.0,,,,
20150102,065350,신성델타테크,KOSDAQ,Listed,,FICS  내구소비재,2290.0,2320.0,2290.0,2315.0,14722.0,34081430.0,1.0,2315.0,17369.0,27483948.0,1332530.0,,0.0,0.0,0.0,582.0,,0.0,,,,,20150331,2183.0,51.0,52.0,219954035844.0,625219346886.5701,,,,120.0,175.0,5.75,1093.5999755859375,2.122999906539917,2.798,52.689998626708984,91.08000183105469,,1186.0,,20150331,8003.0,184.25
20150102,065370,위세아이텍,KOSDAQ,Listed,,FICS  일반&nbsp;소프트웨어,,,,,,,1.0,,416.0,7383954.0,,,,,,,,,,,,,,,,,,,,,,,,,1093.5999755859375,2.122999906539917,2.798,52.689998626708984,91.08000183105469,,1186.0,,,,
20150102,065420,에스아이리소스,KOSDAQ,Listed,,FICS  에너지&nbsp;시설&nbsp;및&nbsp;서비스,1611.0,1639.0,1583.0,1621.0,273062.0,442633502.0,1.0,1621.0,170.0,71577299.0,-8430187.0,,0.0,0.0,0.0,-9875.0,,0.0,,,,,,,,,,,,,,,,,1093.5999755859375,2.122999906539917,2.798,52.689998626708984,91.08000183105469,,1186.0,,,,
20150102,065440,이루온,KOSDAQ,Listed,,FICS  IT&nbsp;서비스,2496.0,2568.0,2416.0,2547.0,919388.0,2341681236.0,1.0,2547.0,430.0,27275020.0,-18395240.0,,0.0,0.0,0.0,-5797.0,,0.0,,,,,20150331,96.0,-11.0,-10.0,52422588440.0,78293135835.14,,,,,-36.0,0.19,1093.5999755859375,2.122999906539917,2.798,52.689998626708984,91.08000183105469,,1186.0,,20150331,1922.0,49.35
20150102,065450,빅텍,KOSDAQ,Listed,,FICS  상업서비스,1505.0,1515.0,1480.0,1500.0,159647.0,239470500.0,1.0,1500.0,1030.0,28652800.0,28392785.0,,0.0,0.0,0.0,18898.0,,0.0,,,,,20150331,245.0,14.0,4.0,58394406400.0,127346521477.12001,,,,30.0,13.0,6.01,1093.5999755859375,2.122999906539917,2.798,52.689998626708984,91.08000183105469,,1186.0,,20150331,2038.0,118.08
20150102,065500,오리엔트정공,KOSDAQ,Listed,,FICS  자동차부품,1895.0,1944.0,1858.0,1863.0,35166.0,65514258.0,1.0,1863.0,847.0,31742912.0,149270.0,,0.0,0.0,0.0,230.0,,0.0,,,,,20150331,390.0,4.0,4.0,37710579456.0,98345420163.3024,,,,,14.0,0.81,1093.5999755859375,2.122999906539917,2.798,52.689998626708984,91.08000183105469,,1186.0,,20150331,1188.0,160.79
20150102,065510,휴비츠,KOSDAQ,Listed,,FICS  의료&nbsp;장비&nbsp;및&nbsp;서비스,16900.0,17050.0,16650.0,17050.0,130999.0,2233532950.0,1.0,17050.0,964.0,11485863.0,-118629150.0,77392200.0,177137750.0,-98519500.0,12849900.0,-6996.0,4544.0,10519.0,,,,,20150331,315.0,25.0,35.0,124770929769.0,241693768055.5299,,,,200.0,289.0,1.62,1093.5999755859375,2.122999906539917,2.798,52.689998626708984,91.08000183105469,,1186.0,,20150331,10863.0,93.71
20150102,065530,와이어블,KOSDAQ,Listed,,FICS  무선통신,1655.0,1665.0,1630.0,1630.0,22630.0,36886900.0,1.0,1630.0,687.0,47838759.0,-19805050.0,,0.0,0.0,0.0,-1208.0,,0.0,,,,,,,,,,,,,,,,,1093.5999755859375,2.122999906539917,2.798,52.689998626708984,91.08000183105469,,1186.0,,,,
20150102,065570,삼영이엔씨,KOSDAQ,Listed,,FICS  조선,9100.0,9210.0,9100.0,9200.0,20410.0,187772000.0,1.0,9200.0,122.0,16093838.0,-12654290.0,2674010.0,0.0,5542520.0,0.0,-1385.0,291.0,0.0,,,,,,,,,,,,,,,,,1093.5999755859375,2.122999906539917,2.798,52.689998626708984,91.08000183105469,,1186.0,,,,
20150102,065650,하이퍼코퍼레이션,KOSDAQ,Listed,,FICS  컴퓨터&nbsp;및&nbsp;주변기기,22617.0,23344.0,22617.0,23354.0,5083.0,118708382.0,1.0,23354.0,284.0,13335216.0,7815010.0,,0.0,0.0,0.0,3065.0,,0.0,,,,,,,,,,,,,,,,,1093.5999755859375,2.122999906539917,2.798,52.689998626708984,91.08000183105469,,1186.0,,,,
20150102,065660,안트로젠,KOSDAQ,Listed,,FICS  제약,,,,,,,1.0,,3712.0,10006100.0,,,,,,,,,,,,,20150331,20.0,-4.0,-1.0,90034887800.0,91439432049.68001,,,,,-8.0,-1.89,1093.5999755859375,2.122999906539917,2.798,52.689998626708984,91.08000183105469,,1186.0,,20150331,8998.0,1.56
20150102,065680,우주일렉트로,KOSDAQ,Listed,,FICS  휴대폰&nbsp;및&nbsp;관련부품,14200.0,15100.0,14100.0,14100.0,72234.0,1018499400.0,1.0,14100.0,3349.0,9240471.0,168876950.0,-268086450.0,0.0,-229530550.0,-7349550.0,11750.0,-19092.0,0.0,,,,,,,,,,,,,,,,,1093.5999755859375,2.122999906539917,2.798,52.689998626708984,91.08000183105469,,1186.0,,,,
20150102,065690,파커스,KOSDAQ,Listed,,FICS  컴퓨터&nbsp;및&nbsp;주변기기,2860.0,2875.0,2820.0,2870.0,2121.0,6087270.0,1.0,2870.0,185.0,14049331.0,-647270.0,,0.0,0.0,0.0,-227.0,,0.0,,,,,,,,,,,,,,,,,1093.5999755859375,2.122999906539917,2.798,52.689998626708984,91.08000183105469,,1186.0,,,,
20150102,065710,서호전기,KOSDAQ,Listed,,FICS  운송인프라,7970.0,8170.0,7750.0,7910.0,39333.0,311124030.0,1.0,7910.0,2827.0,5150000.0,-49460.0,,0.0,0.0,0.0,,,0.0,,,,,,,,,,,,,,,,,1093.5999755859375,2.122999906539917,2.798,52.689998626708984,91.08000183105469,,1186.0,,,,
20150102,065770,CS,KOSDAQ,Listed,,FICS  통신장비,2220.0,2270.0,2215.0,2250.0,3533.0,7949250.0,1.0,2250.0,11.0,19411130.0,,,0.0,0.0,0.0,,,0.0,,,,,,,,,,,,,,,,,1093.5999755859375,2.122999906539917,2.798,52.689998626708984,91.08000183105469,,1186.0,,,,
20150102,065950,웰크론,KOSDAQ,Listed,,FICS  건설,2225.0,2225.0,2195.0,2205.0,118763.0,261872415.0,1.0,2205.0,496.0,28231302.0,17712805.0,,0.0,0.0,0.0,8025.0,,0.0,,,,,20150331,627.0,-92.0,-60.0,59596278522.0,212109114887.6502,,,,,-73.0,-7.79,1093.5999755859375,2.122999906539917,2.798,52.689998626708984,91.08000183105469,,1186.0,,20150331,2111.0,255.91
20150102,066130,하츠,KOSDAQ,Listed,,FICS  내구소비재,4440.0,4545.0,4400.0,4490.0,97112.0,436032880.0,1.0,4490.0,574.0,12800000.0,-7895360.0,,0.0,0.0,0.0,-1743.0,,0.0,,,,,20150331,403.0,22.0,10.0,121638400000.0,164236167680.0,,,,140.0,75.0,5.48,1093.5999755859375,2.122999906539917,2.798,52.689998626708984,91.08000183105469,,1186.0,,20150331,9503.0,35.02
20150102,066310,큐에스아이,KOSDAQ,Listed,,FICS  반도체&nbsp;및&nbsp;관련장비,4980.0,5060.0,4930.0,4990.0,14605.0,72878950.0,1.0,4990.0,690.0,9271621.0,3961085.0,,0.0,0.0,0.0,795.0,,0.0,,,,,,,,,,,,,,,,,1093.5999755859375,2.122999906539917,2.798,52.689998626708984,91.08000183105469,,1186.0,,,,
20150102,066360,체리부로,KOSDAQ,Listed,,FICS  식료품,,,,,,,1.0,,355.0,47952015.0,,,,,,,,,,,,,20150331,1085.0,57.0,32.0,86984955210.0,224229817540.33798,,,,,75.0,1.51,1093.5999755859375,2.122999906539917,2.798,52.689998626708984,91.08000183105469,,1186.0,,20150331,1814.0,157.78
20150102,066410,버킷스튜디오,KOSDAQ,Listed,,FICS  인터넷&nbsp;서비스,3452.0,3523.0,3428.0,3491.0,56233.0,196309403.0,1.0,3491.0,1596.0,138453818.0,5216412.0,,0.0,0.0,0.0,7124.0,,0.0,,,,,20150331,51.0,-13.0,-149.0,233848498602.0,245049841685.03583,,,,,-128.0,-2.39,1093.5999755859375,2.122999906539917,2.798,52.689998626708984,91.08000183105469,,1186.0,,20150331,1689.0,4.79
20150102,066430,아이로보틱스,KOSDAQ,Listed,,FICS  화학,0.0,0.0,0.0,2883.0,0.0,,1.0,,474.0,39153476.0,,,,,,,,,,,,,,,,,,,,,,,,,1093.5999755859375,2.122999906539917,2.798,52.689998626708984,91.08000183105469,,1186.0,,,,
20150102,066570,LG전자,KOSPI,Listed,,FICS  내구소비재,59000.0,59500.0,58700.0,58800.0,281751.0,16566958800.0,1.0,58800.0,162397.0,162886387.0,-170797100.0,-2877642700.0,-1261920500.0,1472788600.0,-2266654000.0,-2986.0,-48774.0,-21418.0,,,,,20150331,235216.0,-200.0,-3230.0,19994141117863.0,49889380917291.76,,,,500.0,-2075.0,4.99,1093.5999755859375,2.122999906539917,2.798,52.689998626708984,91.08000183105469,,1186.0,,20150331,122749.0,149.52
20150102,066575,LG전자우,KOSPI,Listed,,기준 분기는,27000.0,27350.0,26750.0,27250.0,20768.0,565928000.0,1.0,27250.0,162397.0,17185992.0,30505150.0,-67028100.0,0.0,-29228550.0,0.0,1131.0,-2509.0,0.0,,,,,20150331,235216.0,-200.0,-3230.0,2109563332008.0,5263782426026.361,,,,500.0,-2075.0,4.99,1093.5999755859375,2.122999906539917,2.798,52.689998626708984,91.08000183105469,,1186.0,,20150331,122749.0,149.52
20150102,066590,우수AMS,KOSDAQ,Listed,,FICS  자동차부품,1666.0,1698.0,1640.0,1689.0,40405.0,68244045.0,1.0,1689.0,988.0,38677937.0,-1727325.0,,0.0,0.0,0.0,-905.0,,0.0,,,,,20150331,944.0,5.0,-13.0,85130139337.0,280954998853.9011,,,,,-29.0,1.34,1093.5999755859375,2.122999906539917,2.798,52.689998626708984,91.08000183105469,,1186.0,,20150331,2201.0,230.03
20150102,066620,국보디자인,KOSDAQ,Listed,,FICS  건설,13600.0,13600.0,13050.0,13450.0,33630.0,452323500.0,1.0,13450.0,1650.0,7500000.0,30698750.0,-18212750.0,0.0,-30608000.0,0.0,2307.0,-1371.0,0.0,,,,,,,,,,,,,,,,,1093.5999755859375,2.122999906539917,2.798,52.689998626708984,91.08000183105469,,1186.0,,,,
20150102,066670,디티씨,KOSDAQ,Listed,,FICS  휴대폰&nbsp;및&nbsp;관련부품,4790.0,4800.0,4650.0,4780.0,159828.0,763977840.0,1.0,4780.0,607.0,18691918.0,147309570.0,,0.0,0.0,0.0,31061.0,,0.0,,,,,20150331,475.0,-10.0,18.0,196900664212.0,237363750707.566,,,,50.0,100.0,1.66,1093.5999755859375,2.122999906539917,2.798,52.689998626708984,91.08000183105469,,1186.0,,20150331,10534.0,20.55
20150102,066700,테라젠이텍스,KOSDAQ,Listed,,FICS  제약,4565.0,4750.0,4510.0,4650.0,84864.0,394617600.0,1.0,4650.0,1060.0,37152376.0,-10175495.0,-3602820.0,0.0,0.0,-3602820.0,-2100.0,-766.0,0.0,,,,,20150331,686.0,20.0,38.0,126986821168.0,214772810641.43842,,,,,87.0,-31.91,1093.5999755859375,2.122999906539917,2.798,52.689998626708984,91.08000183105469,,1186.0,,20150331,3418.0,69.13
20150102,066790,씨씨에스,KOSDAQ,Listed,,FICS  미디어,1433.0,1506.0,1401.0,1448.0,2262915.0,3276700920.0,1.0,1448.0,972.0,65152039.0,4434773.0,,0.0,0.0,0.0,9225.0,,0.0,,,,,20150331,52.0,-9.0,-8.0,34921492904.0,38654600495.4376,,,,,-12.0,-10.06,1093.5999755859375,2.122999906539917,2.798,52.689998626708984,91.08000183105469,,1186.0,,20150331,536.0,10.69
20150102,066900,디에이피,KOSDAQ,Listed,,FICS  휴대폰&nbsp;및&nbsp;관련부품,3735.0,3750.0,3690.0,3700.0,12308.0,45539600.0,1.0,3700.0,454.0,22744503.0,1526200.0,,0.0,0.0,0.0,411.0,,0.0,,,,,,,,,,,,,,,,,1093.5999755859375,2.122999906539917,2.798,52.689998626708984,91.08000183105469,,1186.0,,,,
20150102,066910,손오공,KOSDAQ,Listed,,FICS  레저용품,2474.0,2635.0,2405.0,2542.0,210160.0,534226720.0,1.0,2542.0,431.0,66933164.0,-12502530.0,-59030765.0,0.0,0.0,-59030765.0,-4158.0,-20000.0,0.0,,,,,,,,,,,,,,,,,1093.5999755859375,2.122999906539917,2.798,52.689998626708984,91.08000183105469,,1186.0,,,,
20150102,066970,엘앤에프,KOSDAQ,Listed,,FICS  전자&nbsp;장비&nbsp;및&nbsp;기기,5098.0,5154.0,5071.0,5127.0,41385.0,212180895.0,1.0,5127.0,48940.0,39659982.0,18478850.0,,0.0,0.0,0.0,3356.0,,0.0,,,,,20150331,6682.0,118.0,-146.0,571421020656.0,4524225931043.88,,,,500.0,-182.0,-75.86,1093.5999755859375,2.122999906539917,2.798,52.689998626708984,91.08000183105469,,1186.0,,20150331,14408.0,691.75
20150102,066980,한성크린텍,KOSDAQ,Listed,,FICS  건설,5463.0,5673.0,5411.0,5622.0,399808.0,2247720576.0,1.0,5622.0,712.0,51935125.0,150905285.0,,0.0,0.0,0.0,141941.0,,0.0,,,,,,,,,,,,,,,,,1093.5999755859375,2.122999906539917,2.798,52.689998626708984,91.08000183105469,,1186.0,,,,
20150102,067000,조이시티,KOSDAQ,Listed,,FICS  게임&nbsp;소프트웨어,4668.0,4968.0,4622.0,4957.0,1098317.0,5444357369.0,1.0,4957.0,1576.0,69903446.0,-207281200.0,98321900.0,0.0,98321900.0,0.0,-9986.0,4729.0,0.0,,,,,,,,,,,,,,,,,1093.5999755859375,2.122999906539917,2.798,52.689998626708984,91.08000183105469,,1186.0,,,,
20150102,067010,이씨에스,KOSDAQ,Listed,,FICS  IT&nbsp;서비스,2585.0,2625.0,2555.0,2590.0,4043.0,10471370.0,1.0,2590.0,298.0,12294000.0,-1125630.0,,0.0,0.0,0.0,-217.0,,0.0,,,,,20150331,257.0,7.0,9.0,57904740000.0,92462288832.0,,,,50.0,72.0,3.21,1093.5999755859375,2.122999906539917,2.798,52.689998626708984,91.08000183105469,,1186.0,,20150331,4710.0,59.68
20150102,067080,대화제약,KOSDAQ,Listed,,FICS  제약,7060.0,7470.0,7050.0,7280.0,41768.0,304071040.0,1.0,7280.0,3568.0,18616650.0,-18531790.0,,0.0,0.0,0.0,-2525.0,,0.0,,,,,20150331,367.0,10.0,-2.0,73144817850.0,204761603089.28998,,,,50.0,-23.0,0.06,1093.5999755859375,2.122999906539917,2.798,52.689998626708984,91.08000183105469,,1186.0,,20150331,3929.0,179.94
20150102,067160,SOOP,KOSDAQ,Listed,,FICS  인터넷&nbsp;서비스,26950.0,27700.0,26550.0,27050.0,92768.0,2509374400.0,1.0,27050.0,8287.0,11494767.0,332933150.0,-68056650.0,0.0,-29853450.0,-18000450.0,12208.0,-2508.0,0.0,,,,,20150331,1293.0,320.0,263.0,501298283637.0,916974820428.8005,,,,1500.0,2179.0,25.1,1093.5999755859375,2.122999906539917,2.798,52.689998626708984,91.08000183105469,,1186.0,,20150331,43611.0,82.92
20150102,067170,오텍,KOSDAQ,Listed,,FICS  내구소비재,5242.0,5348.0,5242.0,5269.0,55438.0,292102822.0,1.0,5269.0,506.0,23891605.0,19210150.0,,0.0,0.0,0.0,3189.0,,0.0,,,,,20150331,2565.0,47.0,-3.0,118908518085.0,517121254299.85657,,,,88.0,8.0,-15.73,1093.5999755859375,2.122999906539917,2.798,52.689998626708984,91.08000183105469,,1186.0,,20150331,4977.0,334.89
20150102,067280,멀티캠퍼스,KOSDAQ,Listed,,FICS  교육,50600.0,51700.0,50500.0,51100.0,12700.0,648970000.0,1.0,51100.0,1946.0,5926779.0,94122100.0,-5088700.0,-5140000.0,0.0,51300.0,1840.0,-99.0,-100.0,,,,,20150331,849.0,80.0,68.0,220630275054.0,303234250034.2176,,,,2100.0,1148.0,12.74,1093.5999755859375,2.122999906539917,2.798,52.689998626708984,91.08000183105469,,1186.0,,20150331,37226.0,37.44
20150102,067290,JW신약,KOSDAQ,Listed,,FICS  제약,3948.0,3948.0,3853.0,3883.0,265333.0,1030288039.0,1.0,3883.0,779.0,53376126.0,-112314845.0,,0.0,0.0,0.0,-22682.0,,0.0,,,,,20150331,206.0,27.0,20.0,39124700358.0,65404761588.4686,,,,,37.0,32.2,1093.5999755859375,2.122999906539917,2.798,52.689998626708984,91.08000183105469,,1186.0,,20150331,733.0,67.17
20150102,067310,하나마이크론,KOSDAQ,Listed,,FICS  반도체&nbsp;및&nbsp;관련장비,6950.0,6950.0,6785.0,6883.0,230387.0,1585753721.0,1.0,6883.0,16793.0,66378151.0,109409920.0,23207700.0,0.0,0.0,5125570.0,10943.0,2306.0,0.0,,,,,20150331,4233.0,570.0,270.0,394551729544.0,1307820617919.4968,,,,70.0,310.0,5.99,1093.5999755859375,2.122999906539917,2.798,52.689998626708984,91.08000183105469,,1186.0,,20150331,5944.0,231.47
20150102,067370,선바이오,KOSDAQ,Listed,,FICS  바이오,,,,,,,1.0,,759.0,12193555.0,,,,,,,,,,,,,,,,,,,,,,,,,1093.5999755859375,2.122999906539917,2.798,52.689998626708984,91.08000183105469,,1186.0,,,,
20150102,067390,아스트,KOSDAQ,Listed,,FICS  기계,7888.0,7997.0,7542.0,7752.0,944919.0,7325012088.0,1.0,7752.0,2422.0,403157579.0,-84098170.0,63171390.0,62658710.0,149543860.0,-149031180.0,-9927.0,7448.0,7369.0,,,,,,,,,,,,,,,,,1093.5999755859375,2.122999906539917,2.798,52.689998626708984,91.08000183105469,,1186.0,,,,
20150102,067570,엔브이에이치코리아,KOSDAQ,Listed,,FICS  자동차부품,3661.0,3712.0,3586.0,3671.0,42204.0,154930884.0,1.0,3671.0,1031.0,42170000.0,1562720.0,-40270.0,0.0,-286200.0,-790830.0,440.0,-97.0,0.0,,,,,20150331,3974.0,113.0,34.0,237965310000.0,930991682313.0,,,,150.0,24.0,9.94,1093.5999755859375,2.122999906539917,2.798,52.689998626708984,91.08000183105469,,1186.0,,20150331,5643.0,291.23
20150102,067630,HLB생명과학,KOSDAQ,Listed,,FICS  도소매,574.0,574.0,552.0,558.0,325304.0,181519632.0,1.0,558.0,4773.0,121917058.0,-7524855.0,,0.0,0.0,0.0,-5804.0,,0.0,,,,,20150331,136.0,-38.0,-368.0,277117472834.0,450038775882.416,,,,,-301.0,-50.24,1093.5999755859375,2.122999906539917,2.798,52.689998626708984,91.08000183105469,,1186.0,,20150331,2273.0,62.4
20150102,067730,로지시스,KOSDAQ,Listed,,FICS  IT&nbsp;서비스,,,,,,,1.0,,262.0,9673922.0,,,,,,,,,,,,,,,,,,,,,,,,,1093.5999755859375,2.122999906539917,2.798,52.689998626708984,91.08000183105469,,1186.0,,,,
20150102,067770,세진티에스,KOSDAQ,Listed,,FICS  디스플레이&nbsp;및&nbsp;관련부품,2160.0,2250.0,2120.0,2210.0,38823.0,85798830.0,1.0,2210.0,194.0,8396593.0,,,0.0,0.0,0.0,,,0.0,,,,,,,,,,,,,,,,,1093.5999755859375,2.122999906539917,2.798,52.689998626708984,91.08000183105469,,1186.0,,,,4.6
20150102,067830,세이브존I&C,KOSPI,Listed,,FICS  백화점,6000.0,6000.0,5750.0,5890.0,17828.0,105006920.0,1.0,5890.0,1062.0,41040895.0,183850.0,-22725340.0,0.0,0.0,0.0,58.0,-3917.0,0.0,,,,,20150331,279.0,-7.0,8.0,534229330215.0,632954910438.732,,,,30.0,20.0,2.07,1093.5999755859375,2.122999906539917,2.798,52.689998626708984,91.08000183105469,,1186.0,,20150331,13017.0,18.48
20150102,067900,와이엔텍,KOSDAQ,Listed,,FICS  해상운수,3386.0,3386.0,3271.0,3346.0,113585.0,380055410.0,1.0,3346.0,1119.0,18199659.0,7707880.0,,0.0,0.0,0.0,2111.0,,0.0,,,,,20150331,292.0,64.0,47.0,332416771635.0,485627661681.57153,,,,70.0,258.0,9.22,1093.5999755859375,2.122999906539917,2.798,52.689998626708984,91.08000183105469,,1186.0,,20150331,18265.0,46.09
20150102,067920,이글루,KOSDAQ,Listed,,FICS  IT&nbsp;서비스,4145.0,4170.0,4105.0,4155.0,15401.0,63991155.0,1.0,4155.0,603.0,10996119.0,-1351890.0,-16499210.0,0.0,0.0,0.0,-327.0,-4000.0,0.0,,,,,20150331,268.0,14.0,14.0,85835704914.0,113895396850.3866,,,,180.0,129.0,11.95,1093.5999755859375,2.122999906539917,2.798,52.689998626708984,91.08000183105469,,1186.0,,20150331,7806.0,32.69
20150102,067990,도이치모터스,KOSDAQ,Listed,,FICS  자동차,4517.0,4675.0,4468.0,4616.0,97853.0,451689448.0,1.0,4616.0,1424.0,29181550.0,44963785.0,-48066335.0,0.0,0.0,0.0,9530.0,-10183.0,0.0,,,,,20150331,6755.0,63.0,0.0,388231341200.0,1719670725845.4,,,,380.0,-5.0,1.0,1093.5999755859375,2.122999906539917,2.798,52.689998626708984,91.08000183105469,,1186.0,,20150331,13304.0,342.95
20150102,068050,팬엔터테인먼트,KOSDAQ,Listed,,FICS  미디어,3069.0,3205.0,2998.0,3170.0,228909.0,725641530.0,1.0,3170.0,526.0,27694076.0,3316200.0,-68014780.0,0.0,-12152940.0,0.0,395.0,-11198.0,0.0,,,,,20150331,43.0,3.0,0.0,76435649760.0,138929437003.776,,,,,11.0,-8.71,1093.5999755859375,2.122999906539917,2.798,52.689998626708984,91.08000183105469,,1186.0,,20150331,2760.0,81.76
20150102,068100,케이웨더,KOSDAQ,Listed,,FICS  IT&nbsp;서비스,,,,,,,1.0,,293.0,9939614.0,,,,,,,,,,,,,,,,,,,,,,,,,1093.5999755859375,2.122999906539917,2.798,52.689998626708984,91.08000183105469,,1186.0,,,,
20150102,068240,다원시스,KOSDAQ,Listed,,FICS  기계,7825.0,8545.0,7765.0,8248.0,365667.0,3016021416.0,1.0,8248.0,1307.0,38163437.0,-74595500.0,-1126683650.0,12375000.0,0.0,0.0,-5454.0,-81743.0,900.0,,,,,,,,,,,,,,,,,1093.5999755859375,2.122999906539917,2.798,52.689998626708984,91.08000183105469,,1186.0,,,,
20150102,068270,셀트리온,KOSDAQ,Listed,,FICS  바이오,28398.0,28727.0,28254.0,28477.0,288247.0,8208409819.0,1.0,28477.0,423351.0,230960969.0,-1038917150.0,-11829800.0,0.0,-624000.0,-12064850.0,-26654.0,-304.0,0.0,,,,,20150331,12708.0,4009.0,3456.0,18890528615479.0,23645274667995.066,,,,689.0,1727.0,4.39,1093.5999755859375,2.122999906539917,2.798,52.689998626708984,91.08000183105469,,1186.0,,20150331,81791.0,25.17
20150102,068290,삼성출판사,KOSPI,Listed,,FICS  미디어,6780.0,6780.0,6550.0,6700.0,26466.0,177322200.0,1.0,6700.0,1186.0,10000000.0,28103020.0,,0.0,0.0,0.0,4250.0,,0.0,,,,,20150331,99.0,1.0,18.0,178940000000.0,212437568000.0,,,,200.0,178.0,5.39,1093.5999755859375,2.122999906539917,2.798,52.689998626708984,91.08000183105469,,1186.0,,20150331,17894.0,18.72
20150102,068330,일신바이오,KOSDAQ,Listed,,FICS  바이오,682.0,689.0,681.0,686.0,153012.0,104966232.0,1.0,686.0,774.0,44216140.0,25937771.0,,0.0,0.0,0.0,31433.0,,0.0,,,,,20150331,49.0,19.0,19.0,67385397360.0,71583507615.528,,,,7.0,44.0,8.57,1093.5999755859375,2.122999906539917,2.798,52.689998626708984,91.08000183105469,,1186.0,,20150331,1524.0,6.23
20150102,068760,셀트리온제약,KOSDAQ,Listed,,FICS  제약,6587.0,6594.0,6445.0,6562.0,21053.0,138149786.0,1.0,6562.0,27082.0,43681920.0,17108970.0,,0.0,0.0,0.0,1867.0,,0.0,,,,,20150331,1382.0,161.0,115.0,428956454400.0,750244838745.6001,,,,,262.0,8.84,1093.5999755859375,2.122999906539917,2.798,52.689998626708984,91.08000183105469,,1186.0,,20150331,9820.0,74.9
20150102,068790,DMS,KOSDAQ,Listed,,FICS  디스플레이&nbsp;및&nbsp;관련부품,2195.0,2240.0,2180.0,2235.0,25951.0,58000485.0,1.0,2235.0,1499.0,23687123.0,3840165.0,,0.0,0.0,0.0,1737.0,,0.0,,,,,20150331,577.0,93.0,2064.0,528293904269.0,678963325766.5189,,,,100.0,9012.0,52.28,1093.5999755859375,2.122999906539917,2.798,52.689998626708984,91.08000183105469,,1186.0,,20150331,22303.0,28.52
20150102,068930,디지털대성,KOSDAQ,Listed,,FICS  교육,4215.0,4230.0,4145.0,4150.0,80576.0,334390400.0,1.0,4150.0,2169.0,27675342.0,15748840.0,-4210000.0,0.0,0.0,-4210000.0,3815.0,-1000.0,0.0,,,,,20150331,599.0,-37.0,185.0,150913639926.0,293874131027.8998,,,,500.0,-76.0,14.8,1093.5999755859375,2.122999906539917,2.798,52.689998626708984,91.08000183105469,,1186.0,,20150331,5453.0,94.73
20150102,068940,셀피글로벌,KOSDAQ,Listed,,FICS  상업서비스,2000.0,2032.0,1964.0,2000.0,459532.0,919064000.0,1.0,2000.0,357.0,45912716.0,28572110.0,357271150.0,0.0,99997200.0,107519165.0,5724.0,71499.0,0.0,,,,,20150331,83.0,-17.0,-41.0,15839887020.0,24060788383.38,,,,,-90.0,-46.17,1093.5999755859375,2.122999906539917,2.798,52.689998626708984,91.08000183105469,,1186.0,,20150331,345.0,51.9
20150102,069080,웹젠,KOSDAQ,Listed,,FICS  게임&nbsp;소프트웨어,28500.0,30200.0,28100.0,28700.0,1988995.0,57084156500.0,1.0,28700.0,5051.0,34600884.0,-1314298450.0,126211100.0,0.0,0.0,14288100.0,-44652.0,4285.0,0.0,,,,,20150331,432.0,70.0,88.0,828033755004.0,923092030078.4592,,,,300.0,156.0,4.38,1093.5999755859375,2.122999906539917,2.798,52.689998626708984,91.08000183105469,,1186.0,,20150331,23931.0,11.48
20150102,069140,누리플랜,KOSDAQ,Listed,,FICS  건축자재,3540.0,3544.0,3434.0,3502.0,8209.0,28747918.0,1.0,3502.0,307.0,13102743.0,483495.0,,0.0,0.0,0.0,118.0,,0.0,,,,,,,,,,,,,,,,,1093.5999755859375,2.122999906539917,2.798,52.689998626708984,91.08000183105469,,1186.0,,,,
20150102,069260,TKG휴켐스,KOSPI,Listed,,FICS  화학,25100.0,26350.0,24750.0,26300.0,180510.0,4747413000.0,1.0,26300.0,7632.0,40878588.0,-321036000.0,1159513100.0,-127945600.0,-17406550.0,-309130000.0,-12532.0,44596.0,-4718.0,,,,,20150331,3004.0,183.0,191.0,963099533280.0,1232960022505.056,,,,1000.0,465.0,7.83,1093.5999755859375,2.122999906539917,2.798,52.689998626708984,91.08000183105469,,1186.0,,20150331,23560.0,28.02
20150102,069330,유아이디,KOSDAQ,Listed,,FICS  디스플레이&nbsp;및&nbsp;관련부품,9280.0,9520.0,9180.0,9520.0,87769.0,835560880.0,1.0,9520.0,165.0,14191091.0,16386090.0,,0.0,0.0,0.0,3562.0,,0.0,,,,,,,,,,,,,,,,,1093.5999755859375,2.122999906539917,2.798,52.689998626708984,91.08000183105469,,1186.0,,,,
20150102,069410,엔텔스,KOSDAQ,Listed,,FICS  IT&nbsp;서비스,12430.0,12564.0,11891.0,12262.0,688753.0,8445489286.0,1.0,12262.0,521.0,10244824.0,-239762450.0,-32022450.0,0.0,0.0,0.0,-13357.0,-1778.0,0.0,,,,,,,,,,,,,,,,,1093.5999755859375,2.122999906539917,2.798,52.689998626708984,91.08000183105469,,1186.0,,,,
20150102,069460,대호에이엘,KOSPI,Listed,,FICS  금속&nbsp;및&nbsp;광물,881.0,896.0,854.0,874.0,412557.0,360574818.0,1.0,874.0,1517.0,87071952.0,-22184555.0,,0.0,0.0,0.0,-19599.0,,0.0,,,,,,,,,,,,,,,,,1093.5999755859375,2.122999906539917,2.798,52.689998626708984,91.08000183105469,,1186.0,,,,
20150102,069510,에스텍,KOSDAQ,Listed,,FICS  내구소비재,9780.0,9940.0,9780.0,9890.0,3133.0,30985370.0,1.0,9890.0,1667.0,10910000.0,-7397340.0,-5427350.0,0.0,0.0,-5427350.0,-752.0,-551.0,0.0,,,,,,,,,,,,,,,,,1093.5999755859375,2.122999906539917,2.798,52.689998626708984,91.08000183105469,,1186.0,,,,
20150102,069540,빛과전자,KOSDAQ,Listed,,FICS  통신장비,6983.0,7035.0,6863.0,6958.0,21636.0,150543288.0,1.0,6958.0,437.0,59412866.0,10523250.0,-29805850.0,0.0,-41875850.0,12070000.0,2588.0,-7386.0,0.0,,,,,20150331,76.0,-23.0,-19.0,65948281260.0,93191516248.506,,,,,-34.0,-25.39,1093.5999755859375,2.122999906539917,2.798,52.689998626708984,91.08000183105469,,1186.0,,20150331,1110.0,41.31
20150102,069620,대웅제약,KOSPI,Listed,,FICS  제약,66500.0,68000.0,66400.0,66500.0,14011.0,931731500.0,1.0,66500.0,21249.0,11586575.0,21584500.0,-48182600.0,-11117100.0,17997400.0,-167379700.0,332.0,-746.0,-166.0,,,,,20150331,4030.0,442.0,335.0,933460828300.0,2101407016668.96,,,,600.0,3855.0,10.98,1093.5999755859375,2.122999906539917,2.798,52.689998626708984,91.08000183105469,,1186.0,,20150331,80564.0,125.12
20150102,069640,한세엠케이,KOSPI,Listed,,FICS  섬유&nbsp;및&nbsp;의복,11406.0,11406.0,11049.0,11228.0,75513.0,847859964.0,1.0,11228.0,299.0,44806502.0,8517800.0,-279949400.0,34723200.0,-125323200.0,-189349400.0,643.0,-22324.0,2749.0,,,,,20150331,509.0,-48.0,-66.0,30378808356.0,302648878246.65,,,,,-152.0,-106.53,1093.5999755859375,2.122999906539917,2.798,52.689998626708984,91.08000183105469,,1186.0,,20150331,678.0,896.25
20150102,069730,DSR제강,KOSPI,Listed,,FICS  금속&nbsp;및&nbsp;광물,3160.0,3215.0,3160.0,3200.0,17423.0,55753600.0,1.0,3200.0,2.0,14400000.0,-1159555.0,-433350.0,0.0,0.0,-433350.0,-362.0,-135.0,0.0,,,,,,,,,,,,,,,,,1093.5999755859375,2.122999906539917,2.798,52.689998626708984,91.08000183105469,,1186.0,,,,
20150102,069920,엑시온그룹,KOSDAQ,Listed,,FICS  온라인쇼핑,2185.0,2185.0,1740.0,1800.0,2710799.0,4879438200.0,1.0,1800.0,441.0,44820693.0,-128221885.0,,0.0,0.0,0.0,-70581.0,,0.0,,,,,,,,,,,,,,,,,1093.5999755859375,2.122999906539917,2.798,52.689998626708984,91.08000183105469,,1186.0,,,,
20150102,069960,현대백화점,KOSPI,Listed,,FICS  백화점,123000.0,124500.0,121500.0,123500.0,58528.0,7228208000.0,1.0,123500.0,21316.0,22628813.0,2036886500.0,-1786186500.0,-206033000.0,-43134000.0,-527229500.0,16557.0,-14591.0,-1678.0,,,,,,,,,,,,,,,,,1093.5999755859375,2.122999906539917,2.798,52.689998626708984,91.08000183105469,,1186.0,,,,
20150102,070300,엑스큐어,KOSDAQ,Listed,,FICS  휴대폰&nbsp;및&nbsp;관련부품,2060.0,2085.0,2031.0,2085.0,12630.0,26333550.0,1.0,2085.0,310.0,23307078.0,5418310.0,,0.0,0.0,0.0,1752.0,,0.0,,,,,20150331,56.0,13.0,18.0,34844081610.0,53213881434.79201,,,,,97.0,-36.63,1093.5999755859375,2.122999906539917,2.798,52.689998626708984,91.08000183105469,,1186.0,,20150331,1495.0,52.72
20150102,070590,한솔인티큐브,KOSDAQ,Listed,,FICS  IT&nbsp;서비스,2597.0,2672.0,2459.0,2472.0,78697.0,194538984.0,1.0,2472.0,303.0,13879521.0,3098260.0,,0.0,0.0,0.0,1544.0,,0.0,,,,,,,,,,,,,,,,,1093.5999755859375,2.122999906539917,2.798,52.689998626708984,91.08000183105469,,1186.0,,,,
20150102,070960,모나용평,KOSDAQ,Listed,,FICS  호텔&nbsp;및&nbsp;레저,,,,,,,1.0,,1588.0,48133333.0,,,,,,,,,,,,,20150331,738.0,78.0,36.0,410047863827.0,1048738416523.9352,,,,,-3.0,1.86,1093.5999755859375,2.122999906539917,2.798,52.689998626708984,91.08000183105469,,1186.0,,20150331,8519.0,155.76
20150102,071050,한국금융지주,KOSPI,Listed,,FICS  증권,47600.0,48900.0,47500.0,48100.0,65582.0,3154494200.0,1.0,48100.0,91390.0,55725992.0,245858100.0,-996531200.0,-350993600.0,210864050.0,-338131950.0,5117.0,-20830.0,-7327.0,,,,,20150331,59882.0,4234.0,3386.0,10767487626224.0,113515161550703.9,,,,3980.0,5479.0,17.02,1093.5999755859375,2.122999906539917,2.798,52.689998626708984,91.08000183105469,,1186.0,,20150331,193222.0,954.24
20150102,071055,한국금융지주우,KOSPI,Listed,,기준 분기는,24200.0,24950.0,24200.0,24450.0,2089.0,51076050.0,1.0,24450.0,91390.0,5858251.0,4615800.0,18490600.0,0.0,34467800.0,0.0,188.0,748.0,0.0,,,,,,,,,,,,,,,,,1093.5999755859375,2.122999906539917,2.798,52.689998626708984,91.08000183105469,,1186.0,,,,
20150102,071090,하이스틸,KOSPI,Listed,,FICS  금속&nbsp;및&nbsp;광물,1605.0,1630.0,1580.0,1590.0,1522.0,2419980.0,1.0,1590.0,735.0,20191471.0,507600.0,,0.0,0.0,0.0,32.0,,0.0,,,,,20150331,540.0,-34.0,-27.0,145095910606.0,268645078487.00903,,,,10.0,-133.0,0.26,1093.5999755859375,2.122999906539917,2.798,52.689998626708984,91.08000183105469,,1186.0,,20150331,7186.0,85.15
20150102,071200,인피니트헬스케어,KOSDAQ,Listed,,FICS  의료&nbsp;장비&nbsp;및&nbsp;서비스,7210.0,7370.0,7150.0,7360.0,216622.0,1594337920.0,1.0,7360.0,1429.0,24396458.0,98634320.0,,0.0,0.0,0.0,13489.0,,0.0,,,,,20150331,221.0,-15.0,143.0,189414099912.0,234816659660.9064,,,,100.0,583.0,21.41,1093.5999755859375,2.122999906539917,2.798,52.689998626708984,91.08000183105469,,1186.0,,20150331,7764.0,23.97
20150102,071280,로체시스템즈,KOSDAQ,Listed,,FICS  반도체&nbsp;및&nbsp;관련장비,1661.0,1780.0,1630.0,1734.0,30631.0,53114154.0,1.0,1734.0,1440.0,15296603.0,1679085.0,,0.0,0.0,0.0,617.0,,0.0,,,,,20150331,169.0,20.0,14.0,134594809797.0,160679283935.6586,,,,50.0,92.0,8.01,1093.5999755859375,2.122999906539917,2.798,52.689998626708984,91.08000183105469,,1186.0,,20150331,8799.0,19.38
20150102,071320,지역난방공사,KOSPI,Listed,,FICS  전력,56100.0,57700.0,56100.0,56200.0,5449.0,306233800.0,1.0,56200.0,12759.0,11578744.0,-44397100.0,-38549300.0,-56498500.0,0.0,-12723200.0,-782.0,-684.0,-1000.0,,,,,20150331,11593.0,1170.0,874.0,2290402929384.0,8151085945091.778,,,,3879.0,4234.0,14.77,1093.5999755859375,2.122999906539917,2.798,52.689998626708984,91.08000183105469,,1186.0,,20150331,197811.0,255.88
20150102,071670,에이테크솔루션,KOSDAQ,Listed,,FICS  기계,4735.0,4750.0,4670.0,4750.0,10444.0,49609000.0,1.0,4750.0,567.0,10000000.0,2776355.0,-4607505.0,-4607505.0,0.0,0.0,596.0,-980.0,-980.0,,,,,,,,,,,,,,,,,1093.5999755859375,2.122999906539917,2.798,52.689998626708984,91.08000183105469,,1186.0,,,,
20150102,071840,롯데하이마트,KOSPI,Listed,,FICS  도소매,66600.0,67200.0,64600.0,64600.0,70921.0,4581496600.0,1.0,64600.0,1839.0,23607712.0,-231364500.0,-2446994300.0,-130459500.0,-1122299900.0,-582940000.0,-3535.0,-37633.0,-2013.0,,,,,20150331,5711.0,-60.0,-314.0,919378736128.0,1808142160342.9375,,,,300.0,-1332.0,-27.65,1093.5999755859375,2.122999906539917,2.798,52.689998626708984,91.08000183105469,,1186.0,,20150331,38944.0,96.67
20150102,071850,캐스텍코리아,KOSDAQ,Listed,,FICS  자동차부품,5933.0,6159.0,5924.0,6087.0,81365.0,495268755.0,1.0,6087.0,374.0,24260938.0,44199640.0,37395010.0,0.0,-22508750.0,0.0,6637.0,5488.0,0.0,,,,,,,,,,,,,,,,,1093.5999755859375,2.122999906539917,2.798,52.689998626708984,91.08000183105469,,1186.0,,,,
20150102,071950,코아스,KOSPI,Listed,,FICS  내구소비재,21648.0,22738.0,20609.0,20610.0,1255440.0,25874618400.0,1.0,20610.0,433.0,11399543.0,27636735.0,-1080000.0,0.0,0.0,-1080000.0,12063.0,-500.0,0.0,,,,,20150331,120.0,-25.0,-214.0,32978877899.0,82509854615.5081,,,,,-4301.0,-179.31,1093.5999755859375,2.122999906539917,2.798,52.689998626708984,91.08000183105469,,1186.0,,20150331,2893.0,150.19
20150102,071970,HD현대마린엔진,KOSPI,Listed,,FICS  조선,0.0,0.0,0.0,638912.0,0.0,,1.0,,28188.0,33921495.0,,,,,,,,,,,,,20150331,1163.0,220.0,172.0,391013072865.0,692171341585.623,,,,,557.0,30.86,1093.5999755859375,2.122999906539917,2.798,52.689998626708984,91.08000183105469,,1186.0,,20150331,11527.0,77.02
20150102,072020,중앙백신,KOSDAQ,Listed,,FICS  제약,12917.0,12917.0,12553.0,12715.0,174516.0,2218970940.0,1.0,12715.0,948.0,9658687.0,-52641450.0,236380200.0,0.0,47850000.0,188530200.0,-3341.0,14986.0,0.0,,,,,20150331,110.0,15.0,17.0,108071048843.0,126724111873.3018,,,,170.0,176.0,6.45,1093.5999755859375,2.122999906539917,2.798,52.689998626708984,91.08000183105469,,1186.0,,20150331,11189.0,17.26
20150102,072130,유엔젤,KOSPI,Listed,,FICS  IT&nbsp;서비스,4730.0,4850.0,4605.0,4790.0,140546.0,673215340.0,1.0,4790.0,641.0,12895454.0,-2006205.0,,0.0,0.0,0.0,-415.0,,0.0,,,,,20150331,145.0,15.0,25.0,66385797192.0,79583293673.76959,,,,70.0,190.0,9.13,1093.5999755859375,2.122999906539917,2.798,52.689998626708984,91.08000183105469,,1186.0,,20150331,5148.0,19.88
20150102,072470,우리산업홀딩스,KOSDAQ,Listed,,FICS  자동차부품,6315.0,6498.0,6254.0,6468.0,233338.0,1509230184.0,1.0,6468.0,670.0,18887341.0,17168000.0,406132650.0,0.0,407980700.0,0.0,1638.0,38361.0,0.0,,,,,20150331,1750.0,99.0,92.0,139350801898.0,365879465463.3888,,,,55.0,291.0,5.76,1093.5999755859375,2.122999906539917,2.798,52.689998626708984,91.08000183105469,,1186.0,,20150331,7378.0,162.56
20150102,072710,농심홀딩스,KOSPI,Listed,,FICS  식료품,105000.0,107500.0,102500.0,107000.0,1388.0,148516000.0,1.0,107000.0,4354.0,4637790.0,-15294500.0,55351000.0,0.0,60820000.0,0.0,-144.0,520.0,0.0,,,,,,,,,,,,,,,,,1093.5999755859375,2.122999906539917,2.798,52.689998626708984,91.08000183105469,,1186.0,,,,
20150102,072770,율호,KOSDAQ,Listed,,FICS  IT&nbsp;서비스,1076.0,1088.0,1052.0,1060.0,7837.0,8307220.0,1.0,1060.0,815.0,80177223.0,,,0.0,0.0,0.0,,,0.0,,,,,,,,,,,,,,,,,1093.5999755859375,2.122999906539917,2.798,52.689998626708984,91.08000183105469,,1186.0,,,,
20150102,072870,메가스터디,KOSDAQ,Listed,,FICS  교육,9010.0,9094.0,8875.0,8876.0,16262.0,144341512.0,1.0,8876.0,1388.0,11920959.0,-503288300.0,338323800.0,0.0,305322200.0,30456300.0,-9504.0,6385.0,0.0,,,,,,,,,,,,,,,,,1093.5999755859375,2.122999906539917,2.798,52.689998626708984,91.08000183105469,,1186.0,,,,
20150102,072950,빛샘전자,KOSDAQ,Listed,,FICS  전자&nbsp;장비&nbsp;및&nbsp;기기,2388.0,2446.0,2385.0,2385.0,8983.0,21424455.0,1.0,2385.0,437.0,8052610.0,3296600.0,,0.0,0.0,0.0,1060.0,,0.0,,,,,20150331,319.0,25.0,24.0,79438997650.0,110293104337.26001,,,,70.0,295.0,9.96,1093.5999755859375,2.122999906539917,2.798,52.689998626708984,91.08000183105469,,1186.0,,20150331,9865.0,38.84
20150102,072990,에이치시티,KOSDAQ,Listed,,FICS  전자&nbsp;장비&nbsp;및&nbsp;기기,,,,,,,1.0,,463.0,7365316.0,,,,,,,,,,,,,,,,,,,,,,,,,1093.5999755859375,2.122999906539917,2.798,52.689998626708984,91.08000183105469,,1186.0,,,,
20150102,073010,케이에스피,KOSDAQ,Listed,,FICS  조선,1860.0,1910.0,1860.0,1882.0,6520.0,12270640.0,1.0,1882.0,1868.0,40191250.0,,,0.0,0.0,0.0,,,0.0,,,,,20150331,242.0,30.0,20.0,84642772500.0,143240963901.75,,,,15.0,49.0,25.99,1093.5999755859375,2.122999906539917,2.798,52.689998626708984,91.08000183105469,,1186.0,,20150331,2106.0,69.23
20150102,073110,엘엠에스,KOSDAQ,Listed,,FICS  디스플레이&nbsp;및&nbsp;관련부품,21350.0,21850.0,21300.0,21750.0,96736.0,2104008000.0,1.0,21750.0,476.0,8895755.0,80356650.0,-61881800.0,-130304250.0,-3105050.0,0.0,3740.0,-2824.0,-5991.0,,,,,,,,,,,,,,,,,1093.5999755859375,2.122999906539917,2.798,52.689998626708984,91.08000183105469,,1186.0,,,,
20150102,073190,듀오백,KOSDAQ,Listed,,FICS  내구소비재,1672.0,1672.0,1650.0,1658.0,2098.0,3478484.0,1.0,1658.0,198.0,11968040.0,,,0.0,0.0,0.0,,,0.0,,,,,,,,,,,,,,,,,1093.5999755859375,2.122999906539917,2.798,52.689998626708984,91.08000183105469,,1186.0,,,,
20150102,073240,금호타이어,KOSPI,Listed,,FICS  자동차부품,9600.0,9910.0,9410.0,9790.0,947152.0,9272618080.0,1.0,9790.0,17925.0,287260287.0,1101268380.0,-3046345480.0,-1261001220.0,-239381280.0,-791279880.0,114453.0,-315105.0,-131001.0,,,,,20150331,12044.0,1112.0,415.0,1890459948747.0,4946388455896.526,,,,,230.0,15.1,1093.5999755859375,2.122999906539917,2.798,52.689998626708984,91.08000183105469,,1186.0,,20150331,6581.0,161.65
20150102,073490,이노와이어리스,KOSDAQ,Listed,,FICS  통신장비,11600.0,11800.0,11500.0,11800.0,9665.0,114047000.0,1.0,11800.0,1775.0,7603846.0,2579350.0,,0.0,0.0,0.0,223.0,,0.0,,,,,,,,,,,,,,,,,1093.5999755859375,2.122999906539917,2.798,52.689998626708984,91.08000183105469,,1186.0,,,,
20150102,073540,에프알텍,KOSDAQ,Listed,,FICS  통신장비,2675.0,2725.0,2650.0,2650.0,55372.0,146735800.0,1.0,2650.0,228.0,11400000.0,1561505.0,,0.0,0.0,0.0,582.0,,0.0,,,,,,,,,,,,,,,,,1093.5999755859375,2.122999906539917,2.798,52.689998626708984,91.08000183105469,,1186.0,,,,
20150102,073560,우리손에프앤지,KOSDAQ,Listed,,FICS  식료품,,,,,,,1.0,,2.0,69237643.0,,,,,,,,,,,,,20150331,714.0,186.0,160.0,335871806193.0,548680182596.88477,,,,70.0,233.0,7.41,1093.5999755859375,2.122999906539917,2.798,52.689998626708984,91.08000183105469,,1186.0,,20150331,4851.0,63.36
20150102,073570,리튬포어스,KOSDAQ,Listed,,FICS  휴대폰&nbsp;및&nbsp;관련부품,17220.0,17550.0,16625.0,17495.0,67898.0,1187875510.0,1.0,17495.0,600.0,60186641.0,27469215.0,,0.0,0.0,0.0,21145.0,,0.0,,,,,20150331,27.0,-8.0,-5.0,66145118459.0,68294834808.917496,,,,,-8.0,-9.46,1093.5999755859375,2.122999906539917,2.798,52.689998626708984,91.08000183105469,,1186.0,,20150331,1099.0,3.25
20150102,073640,테라사이언스,KOSDAQ,Listed,,FICS  기계,690.0,707.0,678.0,681.0,34081.0,23209161.0,1.0,681.0,695.0,106378770.0,,,0.0,0.0,0.0,,,0.0,,,,,20150331,33.0,-25.0,-26.0,58401944730.0,75513714535.89,,,,,-24.0,-16.97,1093.5999755859375,2.122999906539917,2.798,52.689998626708984,91.08000183105469,,1186.0,,20150331,549.0,29.3
20150102,074430,아미노로직스,KOSDAQ,Listed,,FICS  제약,1205.0,1210.0,1160.0,1200.0,167333.0,200799600.0,1.0,1200.0,809.0,87826844.0,7007650.0,,0.0,0.0,0.0,5917.0,,0.0,,,,,20150331,60.0,14.0,14.0,56121353316.0,83087663584.338,,,,,15.0,3.53,1093.5999755859375,2.122999906539917,2.798,52.689998626708984,91.08000183105469,,1186.0,,20150331,639.0,48.05
20150102,074600,원익QnC,KOSDAQ,Listed,,FICS  반도체&nbsp;및&nbsp;관련장비,5813.0,5914.0,5663.0,5714.0,68536.0,391614704.0,1.0,5714.0,5651.0,26288000.0,-6342000.0,-41306300.0,0.0,0.0,0.0,-557.0,-3539.0,0.0,,,,,20150331,2451.0,115.0,46.0,473841200000.0,1251461993320.0,,,,100.0,36.0,5.87,1093.5999755859375,2.122999906539917,2.798,52.689998626708984,91.08000183105469,,1186.0,,20150331,18025.0,164.11
20150102,074610,이엔플러스,KOSPI,Listed,,FICS  기계,835.0,835.0,799.0,800.0,94045.0,75236000.0,1.0,800.0,374.0,73374729.0,7395278.0,,0.0,0.0,0.0,8971.0,,0.0,,,,,20150331,77.0,-2.0,-0.0,19884551559.0,53024145187.2294,,,,,-0.0,-97.91,1093.5999755859375,2.122999906539917,2.798,52.689998626708984,91.08000183105469,,1186.0,,20150331,271.0,166.66
20150102,075130,플랜티넷,KOSDAQ,Listed,,FICS  인터넷&nbsp;서비스,3132.0,3197.0,3132.0,3182.0,25314.0,80549148.0,1.0,3182.0,405.0,16622320.0,27794130.0,,0.0,0.0,0.0,4741.0,,0.0,,,,,20150331,108.0,-1.0,0.0,77077697840.0,91352487479.968,,,,100.0,17.0,3.8,1093.5999755859375,2.122999906539917,2.798,52.689998626708984,91.08000183105469,,1186.0,,20150331,4637.0,18.52
20150102,075180,새론오토모티브,KOSPI,Listed,,FICS  자동차부품,11000.0,11150.0,10950.0,11150.0,10685.0,119137750.0,1.0,11150.0,629.0,19200000.0,-22122900.0,24938700.0,0.0,24938700.0,0.0,-1998.0,2239.0,0.0,,,,,,,,,,,,,,,,,1093.5999755859375,2.122999906539917,2.798,52.689998626708984,91.08000183105469,,1186.0,,,,
20150102,075580,세진중공업,KOSDAQ,Listed,,FICS  조선,,,,,,,1.0,,10181.0,56849456.0,,,,,,,,,,,,,20150331,904.0,121.0,100.0,197495010144.0,472941300791.83685,,,,200.0,126.0,20.88,1093.5999755859375,2.122999906539917,2.798,52.689998626708984,91.08000183105469,,1186.0,,20150331,3474.0,139.47
20150102,075970,동국알앤에스,KOSDAQ,Listed,,FICS  금속&nbsp;및&nbsp;광물,1525.0,1530.0,1495.0,1515.0,24151.0,36588765.0,1.0,1515.0,424.0,18400000.0,,,0.0,0.0,0.0,,,0.0,,,,,,,,,,,,,,,,,1093.5999755859375,2.122999906539917,2.798,52.689998626708984,91.08000183105469,,1186.0,,,,
20150102,076080,웰크론한텍,KOSDAQ,Listed,,FICS  건설,2200.0,2260.0,2195.0,2225.0,55113.0,122626425.0,1.0,2225.0,278.0,22594156.0,16161305.0,,0.0,0.0,0.0,7232.0,,0.0,,,,,,,,,,,,,,,,,1093.5999755859375,2.122999906539917,2.798,52.689998626708984,91.08000183105469,,1186.0,,,,
20150102,076610,해성옵틱스,KOSDAQ,Listed,,FICS  휴대폰&nbsp;및&nbsp;관련부품,17107.0,18734.0,17010.0,18739.0,161474.0,3025861286.0,1.0,18739.0,248.0,44919473.0,7666410.0,-4091700.0,-10470000.0,0.0,6378300.0,1509.0,-701.0,-1820.0,,,,,,,,,,,,,,,,,1093.5999755859375,2.122999906539917,2.798,52.689998626708984,91.08000183105469,,1186.0,,,,
20150102,077360,덕산하이메탈,KOSDAQ,Listed,,FICS  반도체&nbsp;및&nbsp;관련장비,0.0,0.0,0.0,5250.0,0.0,,1.0,,2571.0,45437002.0,,,,,,,,,,,,,20150331,615.0,47.0,50.0,314060557824.0,557457490137.6,,,,,116.0,3.18,1093.5999755859375,2.122999906539917,2.798,52.689998626708984,91.08000183105469,,1186.0,,20150331,6912.0,77.5
20150102,077500,유니퀘스트,KOSPI,Listed,,FICS  반도체&nbsp;및&nbsp;관련장비,2453.0,2519.0,2408.0,2519.0,557050.0,1403208950.0,1.0,2519.0,1391.0,21600102.0,-11240010.0,-25226600.0,-48675350.0,-54343500.0,0.0,-1178.0,-2634.0,-5000.0,,,,,,,,,,,,,,,,,1093.5999755859375,2.122999906539917,2.798,52.689998626708984,91.08000183105469,,1186.0,,,,
20150102,077970,STX엔진,KOSPI,Listed,,FICS  조선,0.0,0.0,0.0,12200.0,0.0,,1.0,,14071.0,40148063.0,,,,,,,,,,,,,20150331,1921.0,154.0,140.0,330659446868.0,1097954693325.194,,,,,350.0,20.2,1093.5999755859375,2.122999906539917,2.798,52.689998626708984,91.08000183105469,,1186.0,,20150331,8236.0,232.05
20150102,078000,텔코웨어,KOSPI,Listed,,FICS  일반&nbsp;소프트웨어,12200.0,12250.0,11800.0,11850.0,42304.0,501302400.0,1.0,11850.0,1473.0,9240077.0,16837500.0,-33470500.0,0.0,37449700.0,13165600.0,1405.0,-2859.0,0.0,,,,,,,,,,,,,,,,,1093.5999755859375,2.122999906539917,2.798,52.689998626708984,91.08000183105469,,1186.0,,,,
20150102,078020,LS증권,KOSDAQ,Listed,,FICS  증권,10200.0,10250.0,10000.0,10000.0,1225.0,12250000.0,1.0,10000.0,2701.0,55481190.0,,7341000.0,0.0,0.0,0.0,,730.0,0.0,,,,,20150331,5035.0,-7.0,29.0,881818033860.0,9542858398826.148,,,,100.0,43.0,3.04,1093.5999755859375,2.122999906539917,2.798,52.689998626708984,91.08000183105469,,1186.0,,20150331,15894.0,982.18
20150102,078070,유비쿼스홀딩스,KOSDAQ,Listed,,FICS  통신장비,5902.0,6222.0,5902.0,6223.0,136002.0,846340446.0,1.0,6223.0,1896.0,17604772.0,64593230.0,35767700.0,57355060.0,-38174400.0,0.0,7442.0,4135.0,6575.0,,,,,,,,,,,,,,,,,1093.5999755859375,2.122999906539917,2.798,52.689998626708984,91.08000183105469,,1186.0,,,,
20150102,078130,국일제지,KOSDAQ,Listed,,FICS  종이&nbsp;및&nbsp;목재,135.0,135.0,130.0,130.0,17.0,2210.0,1.0,130.0,3979.0,1127405871.0,,,0.0,0.0,0.0,,,0.0,,,,,20150331,158.0,0.0,-5.0,124014645810.0,137854680282.396,,,,,-0.0,-5.33,1093.5999755859375,2.122999906539917,2.798,52.689998626708984,91.08000183105469,,1186.0,,20150331,110.0,11.16
20150102,078140,대봉엘에스,KOSDAQ,Listed,,FICS  제약,8970.0,9200.0,8800.0,9200.0,102376.0,941859200.0,1.0,9200.0,1374.0,11086579.0,-94195200.0,174588650.0,0.0,-807170.0,175395820.0,-10398.0,19156.0,0.0,,,,,20150331,248.0,8.0,16.0,143792929630.0,208586023721.278,,,,50.0,88.0,7.16,1093.5999755859375,2.122999906539917,2.798,52.689998626708984,91.08000183105469,,1186.0,,20150331,12970.0,45.06
20150102,078150,HB테크놀러지,KOSDAQ,Listed,,FICS  디스플레이&nbsp;및&nbsp;관련부품,1185.0,1190.0,1140.0,1170.0,1679264.0,1964738880.0,1.0,1170.0,1826.0,92715916.0,-79815160.0,-121332305.0,0.0,0.0,0.0,-68259.0,-103372.0,0.0,,,,,20150331,362.0,-2.0,170.0,293724021888.0,389977383860.69763,,,,20.0,183.0,-1.44,1093.5999755859375,2.122999906539917,2.798,52.689998626708984,91.08000183105469,,1186.0,,20150331,3168.0,32.77
20150102,078160,메디포스트,KOSDAQ,Listed,,FICS  바이오,20028.0,20959.0,20028.0,20672.0,276724.0,5720438528.0,1.0,20672.0,7491.0,39204603.0,-324746500.0,-6986950.0,0.0,0.0,29072800.0,-7028.0,-162.0,0.0,,,,,20150331,187.0,-141.0,-172.0,264827093265.0,374068269236.8125,,,,,-447.0,-35.42,1093.5999755859375,2.122999906539917,2.798,52.689998626708984,91.08000183105469,,1186.0,,20150331,6755.0,41.25
20150102,078340,컴투스,KOSDAQ,Listed,,FICS  게임&nbsp;소프트웨어,121762.0,133235.0,121406.0,128878.0,746559.0,96215030802.0,1.0,128878.0,3897.0,12737755.0,661200500.0,3778713100.0,252317300.0,-219946900.0,3387140200.0,4450.0,26034.0,1757.0,,,,,20150331,1958.0,51.0,-206.0,1070022371020.0,1643447359649.6182,,,,1300.0,-257.0,-11.66,1093.5999755859375,2.122999906539917,2.798,52.689998626708984,91.08000183105469,,1186.0,,20150331,84004.0,53.59
20150102,078350,한양디지텍,KOSDAQ,Listed,,FICS  반도체&nbsp;및&nbsp;관련장비,3040.0,3120.0,2960.0,3120.0,52787.0,164695440.0,1.0,3120.0,3042.0,15244382.0,11887780.0,,0.0,0.0,0.0,3948.0,,0.0,,,,,20150331,1784.0,98.0,87.0,170737078400.0,299865530793.92,,,,,572.0,10.84,1093.5999755859375,2.122999906539917,2.798,52.689998626708984,91.08000183105469,,1186.0,,20150331,11200.0,75.63
20150102,078520,에이블씨엔씨,KOSPI,Listed,,FICS  개인생활용품,18609.0,18887.0,18290.0,18610.0,73811.0,1373622710.0,1.0,18610.0,2499.0,26014161.0,-188808000.0,85464500.0,-46172950.0,-2036550.0,28885850.0,-8118.0,3681.0,-1972.0,,,,,,,,,,,,,,,,,1093.5999755859375,2.122999906539917,2.798,52.689998626708984,91.08000183105469,,1186.0,,,,
20150102,078590,휴림에이텍,KOSDAQ,Listed,,FICS  자동차부품,440.0,450.0,440.0,447.0,29510.0,13190970.0,1.0,447.0,516.0,66210338.0,2111975.0,,0.0,0.0,0.0,1444.0,,0.0,,,,,20150331,149.0,-2.0,-34.0,56609838990.0,85367637196.92,,,,,-59.0,3.63,1093.5999755859375,2.122999906539917,2.798,52.689998626708984,91.08000183105469,,1186.0,,20150331,855.0,50.8
20150102,078600,대주전자재료,KOSDAQ,Listed,,FICS  전자&nbsp;장비&nbsp;및&nbsp;기기,4121.0,4121.0,4007.0,4073.0,11964.0,48729372.0,1.0,4073.0,11502.0,15480593.0,2430960.0,,0.0,0.0,0.0,485.0,,0.0,,,,,20150331,704.0,70.0,65.0,270507882082.0,708216686078.8843,,,,100.0,388.0,18.27,1093.5999755859375,2.122999906539917,2.798,52.689998626708984,91.08000183105469,,1186.0,,20150331,17474.0,161.81
20150102,078860,엔에스이엔엠,KOSDAQ,Listed,,FICS  미디어,775.0,890.0,775.0,891.0,1082535.0,964538685.0,1.0,891.0,711.0,59362257.0,-2730395.0,,0.0,0.0,0.0,-643.0,,0.0,,,,,,,,,,,,,,,,,1093.5999755859375,2.122999906539917,2.798,52.689998626708984,91.08000183105469,,1186.0,,,,
20150102,078890,가온그룹,KOSDAQ,Listed,,FICS  셋톱&nbsp;박스,8149.0,8149.0,7953.0,8072.0,41594.0,335746768.0,1.0,8072.0,842.0,18046872.0,62586440.0,1990730.0,27274000.0,9090250.0,-43463070.0,6895.0,199.0,3000.0,,,,,20150331,1157.0,21.0,-95.0,124451229312.0,424702265150.13116,,,,29.0,-503.0,-16.18,1093.5999755859375,2.122999906539917,2.798,52.689998626708984,91.08000183105469,,1186.0,,20150331,6896.0,241.26
20150102,078930,GS,KOSPI,Listed,,FICS  석유&nbsp;및&nbsp;가스,39600.0,40000.0,39100.0,39850.0,171381.0,6829532850.0,1.0,39850.0,54262.0,92915378.0,-1717907400.0,907510200.0,276663650.0,571844550.0,754379800.0,-43465.0,22767.0,6936.0,,,,,20150331,64140.0,6667.0,2618.0,14204159665616.0,26938188805840.746,,,,2700.0,1650.0,4.04,1093.5999755859375,2.122999906539917,2.798,52.689998626708984,91.08000183105469,,1186.0,,20150331,152872.0,89.65
20150102,078935,GS우,KOSPI,Listed,,기준 분기는,28550.0,28550.0,27650.0,27950.0,3125.0,87343750.0,1.0,27950.0,54262.0,1784826.0,-33724650.0,55022600.0,0.0,6881350.0,48141250.0,-1194.0,1951.0,0.0,,,,,,,,,,,,,,,,,1093.5999755859375,2.122999906539917,2.798,52.689998626708984,91.08000183105469,,1186.0,,,,
20150102,079000,와토스코리아,KOSDAQ,Listed,,FICS  건축자재,9366.0,9366.0,9128.0,9288.0,71033.0,659754504.0,1.0,9288.0,8.0,7200000.0,-434450.0,-21790750.0,0.0,-777200.0,0.0,-36.0,-1874.0,0.0,,,,,,,,,,,,,,,,,1093.5999755859375,2.122999906539917,2.798,52.689998626708984,91.08000183105469,,1186.0,,,,
20150102,079160,CJ CGV,KOSPI,Listed,,FICS  미디어,34350.0,37266.0,34223.0,36886.0,256194.0,9449971884.0,1.0,36886.0,9123.0,165581489.0,915145800.0,1830168500.0,-898234600.0,334166100.0,-93198300.0,15887.0,32757.0,-15478.0,,,,,20150331,5798.0,267.0,118.0,607684064630.0,4867002442028.133,,,,,-91.0,-29.59,1093.5999755859375,2.122999906539917,2.798,52.689998626708984,91.08000183105469,,1186.0,,20150331,3670.0,700.91
20150102,079170,한창산업,KOSDAQ,Listed,,FICS  화학,4380.0,4495.0,4380.0,4485.0,831.0,3727035.0,1.0,4485.0,349.0,5200000.0,,,0.0,0.0,0.0,,,0.0,,,,,20150331,213.0,-1.0,3.0,72597200000.0,83537598040.0,,,,220.0,53.0,9.88,1093.5999755859375,2.122999906539917,2.798,52.689998626708984,91.08000183105469,,1186.0,,20150331,13961.0,15.07
20150102,079190,케스피온,KOSDAQ,Listed,,FICS  휴대폰&nbsp;및&nbsp;관련부품,2321.0,2397.0,2267.0,2333.0,2316.0,5403228.0,1.0,2333.0,184.0,38355514.0,-133665.0,,0.0,0.0,0.0,-57.0,,0.0,,,,,,,,,,,,,,,,,1093.5999755859375,2.122999906539917,2.798,52.689998626708984,91.08000183105469,,1186.0,,,,
20150102,079370,제우스,KOSDAQ,Listed,,FICS  반도체&nbsp;및&nbsp;관련장비,5649.0,5999.0,5599.0,5916.0,212418.0,1256664888.0,1.0,5916.0,4568.0,31016990.0,-488496850.0,355902400.0,14942450.0,268229300.0,0.0,-28214.0,20084.0,844.0,,,,,20150331,868.0,-25.0,-22.0,337806038090.0,536435988486.92004,,,,100.0,-65.0,3.94,1093.5999755859375,2.122999906539917,2.798,52.689998626708984,91.08000183105469,,1186.0,,20150331,10891.0,58.8
20150102,079430,현대리바트,KOSPI,Listed,,FICS  내구소비재,37900.0,38150.0,35950.0,36000.0,155910.0,5612760000.0,1.0,36000.0,1303.0,20535282.0,542655150.0,-370837150.0,109896550.0,1532016600.0,-2413552600.0,14858.0,-10312.0,3015.0,,,,,20150331,3205.0,7.0,30.0,427462430112.0,793541255259.9169,,,,130.0,73.0,2.56,1093.5999755859375,2.122999906539917,2.798,52.689998626708984,91.08000183105469,,1186.0,,20150331,20816.0,85.64
20150102,079550,LIG넥스원,KOSDAQ,Listed,,FICS  상업서비스,,,,,,,1.0,,81950.0,22000000.0,,,,,,,,,,,,,20150331,12328.0,714.0,634.0,1271842000000.0,6421530257999.999,,,,2400.0,2709.0,25.11,1093.5999755859375,2.122999906539917,2.798,52.689998626708984,91.08000183105469,,1186.0,,20150331,57811.0,404.9
20150102,079650,서산,KOSDAQ,Listed,,FICS  건축소재,1591.0,1591.0,1543.0,1544.0,488.0,753472.0,1.0,1544.0,6.0,20000000.0,,,0.0,0.0,0.0,,,0.0,,,,,,,,,,,,,,,,,1093.5999755859375,2.122999906539917,2.798,52.689998626708984,91.08000183105469,,1186.0,,,,
20150102,079810,디이엔티,KOSDAQ,Listed,,FICS  전자&nbsp;장비&nbsp;및&nbsp;기기,1685.0,1698.0,1662.0,1685.0,12137.0,20450845.0,1.0,1685.0,1185.0,22028094.0,,,0.0,0.0,0.0,,,0.0,,,,,20150331,92.0,5.0,29.0,167743935810.0,233231168350.224,,,,,131.0,7.79,1093.5999755859375,2.122999906539917,2.798,52.689998626708984,91.08000183105469,,1186.0,,20150331,7615.0,39.04
20150102,079900,전진건설로봇,KOSDAQ,Listed,,FICS  기계,,,,,,,1.0,,6719.0,14592545.0,,,,,,,,,,,,,20150331,470.0,80.0,82.0,158518816335.0,231199693624.59747,,,,689.0,452.0,22.42,1093.5999755859375,2.122999906539917,2.798,52.689998626708984,91.08000183105469,,1186.0,,20150331,10863.0,45.85
20150102,079940,가비아,KOSDAQ,Listed,,FICS  IT&nbsp;서비스,6370.0,6590.0,6220.0,6590.0,489121.0,3223307390.0,1.0,6590.0,4304.0,13535684.0,156289370.0,-598500.0,0.0,-598500.0,0.0,24753.0,-95.0,0.0,,,,,20150331,806.0,75.0,47.0,177872423444.0,305709334173.2028,,,,80.0,174.0,8.49,1093.5999755859375,2.122999906539917,2.798,52.689998626708984,91.08000183105469,,1186.0,,20150331,13141.0,71.87
20150102,079950,인베니아,KOSDAQ,Listed,,FICS  디스플레이&nbsp;및&nbsp;관련부품,4290.0,4420.0,4205.0,4380.0,88616.0,388138080.0,1.0,4380.0,113.0,23200000.0,34573330.0,-2816925.0,0.0,-607005.0,-2209920.0,8017.0,-653.0,0.0,,,,,,,,,,,,,,,,,1093.5999755859375,2.122999906539917,2.798,52.689998626708984,91.08000183105469,,1186.0,,,,
20150102,079960,동양이엔피,KOSDAQ,Listed,,FICS  전자&nbsp;장비&nbsp;및&nbsp;기기,10900.0,11750.0,10850.0,11750.0,50148.0,589239000.0,1.0,11750.0,1953.0,7860000.0,45452350.0,124509100.0,0.0,0.0,0.0,3955.0,10742.0,0.0,,,,,20150331,1652.0,163.0,236.0,442730220000.0,526583323668.0,,,,600.0,2998.0,18.39,1093.5999755859375,2.122999906539917,2.798,52.689998626708984,91.08000183105469,,1186.0,,20150331,56327.0,18.94
20150102,079970,투비소프트,KOSDAQ,Listed,,FICS  일반&nbsp;소프트웨어,3885.0,3885.0,3751.0,3825.0,7482.0,28618650.0,1.0,3825.0,76.0,12829234.0,-1987420.0,,0.0,0.0,0.0,-400.0,,0.0,,,,,20150331,61.0,4.0,6.0,22361354862.0,33955717357.947,,,,,53.0,-36.45,1093.5999755859375,2.122999906539917,2.798,52.689998626708984,91.08000183105469,,1186.0,,20150331,1743.0,51.85
20150102,079980,휴비스,KOSPI,Listed,,FICS  섬유&nbsp;및&nbsp;의복,11100.0,11200.0,10900.0,11050.0,76460.0,844883000.0,1.0,11050.0,945.0,34500000.0,-82116250.0,55782700.0,-80683200.0,184253200.0,-19466700.0,-7439.0,4947.0,-7310.0,,,,,20150331,2102.0,10.0,-32.0,254817000000.0,780631879500.0,,,,,-94.0,-30.72,1093.5999755859375,2.122999906539917,2.798,52.689998626708984,91.08000183105469,,1186.0,,20150331,7386.0,206.35
20150102,080010,이상네트웍스,KOSDAQ,Listed,,FICS  호텔&nbsp;및&nbsp;레저,3111.0,3183.0,3102.0,3179.0,10839.0,34457181.0,1.0,3179.0,713.0,9835071.0,1947795.0,,0.0,0.0,0.0,560.0,,0.0,,,,,,,,,,,,,,,,,1093.5999755859375,2.122999906539917,2.798,52.689998626708984,91.08000183105469,,1186.0,,,,
20150102,080160,모두투어,KOSDAQ,Listed,,FICS  호텔&nbsp;및&nbsp;레저,16275.0,16775.0,16275.0,16642.0,40028.0,666145976.0,1.0,16642.0,1939.0,18900000.0,131569300.0,442935550.0,0.0,297783100.0,87046050.0,5295.0,17847.0,0.0,,,,,,,,,,,,,,,,,1093.5999755859375,2.122999906539917,2.798,52.689998626708984,91.08000183105469,,1186.0,,,,
20150102,080220,제주반도체,KOSDAQ,Listed,,FICS  반도체&nbsp;및&nbsp;관련장비,2990.0,3090.0,2945.0,2970.0,65971.0,195933870.0,1.0,2970.0,6688.0,34442833.0,23011065.0,,0.0,0.0,0.0,7759.0,,0.0,,,,,,,,,,,,,,,,,1093.5999755859375,2.122999906539917,2.798,52.689998626708984,91.08000183105469,,1186.0,,,,
20150102,080420,모다이노칩,KOSDAQ,Listed,,FICS  도소매,7574.0,7850.0,7474.0,7750.0,94513.0,732475750.0,1.0,7750.0,1398.0,79721622.0,-169158550.0,239443500.0,180234350.0,0.0,24649900.0,-10971.0,15555.0,11713.0,,,,,20150331,768.0,-37.0,-92.0,359225628732.0,907942776620.13,,,,,-113.0,-0.78,1093.5999755859375,2.122999906539917,2.798,52.689998626708984,91.08000183105469,,1186.0,,20150331,4506.0,152.75
20150102,080470,성창오토텍,KOSDAQ,Listed,,FICS  자동차부품,3675.0,3760.0,3625.0,3720.0,94642.0,352068240.0,1.0,3720.0,299.0,7300000.0,17519130.0,,0.0,0.0,0.0,4709.0,,0.0,,,,,,,,,,,,,,,,,1093.5999755859375,2.122999906539917,2.798,52.689998626708984,91.08000183105469,,1186.0,,,,
20150102,080520,오디텍,KOSDAQ,Listed,,FICS  반도체&nbsp;및&nbsp;관련장비,8770.0,9100.0,8710.0,9100.0,99218.0,902883800.0,1.0,9100.0,376.0,11746609.0,60742500.0,-3908000.0,0.0,-324000.0,0.0,6836.0,-436.0,0.0,,,,,20150331,91.0,-7.0,4.0,141910783329.0,150482194642.0716,,,,100.0,37.0,-5.58,1093.5999755859375,2.122999906539917,2.798,52.689998626708984,91.08000183105469,,1186.0,,20150331,12081.0,6.04
20150102,080530,코디,KOSDAQ,Listed,,FICS  개인생활용품,4905.0,5055.0,4880.0,5006.0,80341.0,402187046.0,1.0,5006.0,612.0,55510875.0,31461180.0,,0.0,0.0,0.0,10519.0,,0.0,,,,,20150331,168.0,3.0,3.0,56843136000.0,80319351168.0,,,,,5.0,5.45,1093.5999755859375,2.122999906539917,2.798,52.689998626708984,91.08000183105469,,1186.0,,20150331,1024.0,41.3
20150102,080580,오킨스전자,KOSDAQ,Listed,,FICS  반도체&nbsp;및&nbsp;관련장비,5950.0,6075.0,5650.0,5800.0,445396.0,2583296800.0,1.0,5800.0,2027.0,19802101.0,-231500000.0,-1192992200.0,233383050.0,-796939400.0,78325350.0,-19834.0,-101847.0,20000.0,,,,,,,,,,,,,,,,,1093.5999755859375,2.122999906539917,2.798,52.689998626708984,91.08000183105469,,1186.0,,,,
20150102,080720,한국유니온제약,KOSDAQ,Listed,,FICS  제약,,,,,,,1.0,,215.0,7912828.0,,,,,,,,,,,,,20150331,71.0,-99.0,-110.0,-10349979024.0,59397494620.8336,,,,,-1393.0,-477.51,1093.5999755859375,2.122999906539917,2.798,52.689998626708984,91.08000183105469,,1186.0,,20150331,-1308.0,-673.89
20150102,081000,일진다이아,KOSPI,Listed,,FICS  금속&nbsp;및&nbsp;광물,7210.0,7239.0,7104.0,7143.0,12382.0,88444626.0,1.0,7143.0,1793.0,14202975.0,-3968640.0,,0.0,0.0,0.0,-529.0,,0.0,,,,,20150331,486.0,-36.0,4.0,414655855125.0,471007585836.4875,,,,300.0,86.0,2.65,1093.5999755859375,2.122999906539917,2.798,52.689998626708984,91.08000183105469,,1186.0,,20150331,29195.0,13.59
20150102,081150,티플랙스,KOSDAQ,Listed,,FICS  금속&nbsp;및&nbsp;광물,1460.0,1475.0,1425.0,1425.0,62243.0,88696275.0,1.0,1425.0,711.0,24268402.0,1587560.0,,0.0,0.0,0.0,1103.0,,0.0,,,,,20150331,525.0,11.0,5.0,165559038444.0,247775656935.29037,,,,25.0,21.0,2.17,1093.5999755859375,2.122999906539917,2.798,52.689998626708984,91.08000183105469,,1186.0,,20150331,6822.0,49.66
20150102,081180,쎄크,KOSDAQ,Listed,,FICS  전자&nbsp;장비&nbsp;및&nbsp;기기,,,,,,,1.0,,1000.0,8825535.0,,,,,,,,,,,,,,,,,,,,,,,,,1093.5999755859375,2.122999906539917,2.798,52.689998626708984,91.08000183105469,,1186.0,,,,
20150102,081580,성우전자,KOSDAQ,Listed,,FICS  휴대폰&nbsp;및&nbsp;관련부품,3495.0,3575.0,3495.0,3560.0,188838.0,672263280.0,1.0,3560.0,339.0,15508143.0,69052295.0,,0.0,0.0,0.0,19427.0,,0.0,,,,,,,,,,,,,,,,,1093.5999755859375,2.122999906539917,2.798,52.689998626708984,91.08000183105469,,1186.0,,,,
20150102,081660,미스토홀딩스,KOSPI,Listed,,FICS  섬유&nbsp;및&nbsp;의복,22300.0,22500.0,22000.0,22500.0,15763.0,354667500.0,1.0,22500.0,26772.0,60095839.0,-29429500.0,-42528500.0,540272000.0,-282006500.0,-53725000.0,-253.0,-386.0,4833.0,,,,,,,,,,,,,,,,,1093.5999755859375,2.122999906539917,2.798,52.689998626708984,91.08000183105469,,1186.0,,,,
20150102,082210,옵트론텍,KOSDAQ,Listed,,FICS  전자&nbsp;장비&nbsp;및&nbsp;기기,5440.0,6090.0,5430.0,6090.0,2311878.0,14079337020.0,1.0,6090.0,540.0,33192374.0,149071610.0,1145006820.0,0.0,0.0,1145006820.0,23327.0,194073.0,0.0,,,,,,,,,,,,,,,,,1093.5999755859375,2.122999906539917,2.798,52.689998626708984,91.08000183105469,,1186.0,,,,
20150102,082270,젬백스,KOSDAQ,Listed,,FICS  반도체&nbsp;및&nbsp;관련장비,15700.0,16800.0,15500.0,16600.0,242698.0,4028786800.0,1.0,16600.0,13798.0,42390393.0,78310950.0,-107408050.0,-82777500.0,74864750.0,-66397800.0,4689.0,-6501.0,-5000.0,,,,,20150331,180.0,7.0,-25.0,50656519635.0,158782860795.9075,,,,,-60.0,-95.34,1093.5999755859375,2.122999906539917,2.798,52.689998626708984,91.08000183105469,,1186.0,,20150331,1195.0,213.45
20150102,082640,동양생명,KOSPI,Listed,,FICS  보험,10800.0,10800.0,10450.0,10750.0,223395.0,2401496250.0,1.0,10750.0,10665.0,161358585.0,228097950.0,-299368000.0,0.0,384070750.0,231939300.0,21654.0,-29132.0,0.0,,,,,20150331,6792.0,530.0,480.0,1341696634275.0,35694899767242.38,,,,400.0,297.0,10.52,1093.5999755859375,2.122999906539917,2.798,52.689998626708984,91.08000183105469,,1186.0,,20150331,8315.0,2560.43
20150102,082660,코스나인,KOSDAQ,Listed,,FICS  개인생활용품,10093.0,10209.0,10046.0,10061.0,13371.0,134525631.0,1.0,10061.0,478.0,99640869.0,1662740.0,-18785595.0,0.0,0.0,0.0,551.0,-6253.0,0.0,,,,,20150331,13.0,-15.0,-15.0,4683120843.0,11097591461.657099,,,,,-15.0,-138.9,1093.5999755859375,2.122999906539917,2.798,52.689998626708984,91.08000183105469,,1186.0,,20150331,47.0,136.97
20150102,082740,한화엔진,KOSPI,Listed,,FICS  조선,3411.0,3467.0,3362.0,3364.0,195561.0,657867204.0,1.0,3364.0,35965.0,83447142.0,-217771770.0,-194799890.0,-90269330.0,-32679870.0,-70320840.0,-35109.0,-31468.0,-14602.0,,,,,,,,,,,,,,,,,1093.5999755859375,2.122999906539917,2.798,52.689998626708984,91.08000183105469,,1186.0,,,,
20150102,082800,비보존 제약,KOSDAQ,Listed,,FICS  제약,7150.0,7475.0,6950.0,7075.0,36134.0,255648050.0,1.0,7075.0,2134.0,50104666.0,-12887285.0,,0.0,0.0,0.0,-9023.0,,0.0,,,,,,,,,,,,,,,,,1093.5999755859375,2.122999906539917,2.798,52.689998626708984,91.08000183105469,,1186.0,,,,
20150102,082850,우리바이오,KOSDAQ,Listed,,FICS  디스플레이&nbsp;및&nbsp;관련부품,1820.0,1930.0,1815.0,1870.0,427948.0,800262760.0,1.0,1870.0,998.0,48456578.0,56101955.0,,0.0,0.0,0.0,30249.0,,0.0,,,,,20150331,2639.0,24.0,27.0,209671613006.0,631950241600.0841,,,,,51.0,-6.7,1093.5999755859375,2.122999906539917,2.798,52.689998626708984,91.08000183105469,,1186.0,,20150331,4327.0,201.4
20150102,082920,비츠로셀,KOSDAQ,Listed,,FICS  전자&nbsp;장비&nbsp;및&nbsp;기기,6218.0,6323.0,6156.0,6318.0,59617.0,376660206.0,1.0,6318.0,8096.0,22872213.0,21962630.0,-39543160.0,83065060.0,-127395630.0,0.0,2678.0,-4936.0,10000.0,,,,,20150331,739.0,198.0,176.0,335238025941.0,374494398778.6911,,,,460.0,769.0,20.03,1093.5999755859375,2.122999906539917,2.798,52.689998626708984,91.08000183105469,,1186.0,,20150331,14657.0,11.71
20150102,083310,엘오티베큠,KOSDAQ,Listed,,FICS  반도체&nbsp;및&nbsp;관련장비,3727.0,3736.0,3684.0,3730.0,13359.0,49829070.0,1.0,3730.0,2183.0,17810033.0,4900880.0,,0.0,0.0,0.0,1123.0,,0.0,,,,,,,,,,,,,,,,,1093.5999755859375,2.122999906539917,2.798,52.689998626708984,91.08000183105469,,1186.0,,,,
20150102,083420,그린케미칼,KOSPI,Listed,,FICS  화학,4916.0,5050.0,4916.0,5042.0,11425.0,57604850.0,1.0,5042.0,1639.0,24000000.0,19239630.0,,0.0,0.0,0.0,3207.0,,0.0,,,,,20150331,773.0,50.0,45.0,127776000000.0,212402044800.0,,,,80.0,188.0,7.81,1093.5999755859375,2.122999906539917,2.798,52.689998626708984,91.08000183105469,,1186.0,,20150331,5324.0,66.23
20150102,083450,GST,KOSDAQ,Listed,,FICS  반도체&nbsp;및&nbsp;관련장비,2815.0,2891.0,2780.0,2871.0,64694.0,185736474.0,1.0,2871.0,4764.0,18430000.0,17753870.0,,0.0,0.0,0.0,3136.0,,0.0,,,,,20150331,808.0,167.0,134.0,296188530000.0,366414830463.0,,,,300.0,730.0,15.67,1093.5999755859375,2.122999906539917,2.798,52.689998626708984,91.08000183105469,,1186.0,,20150331,16071.0,23.71
20150102,083470,이엠앤아이,KOSDAQ,Listed,,FICS  디스플레이&nbsp;및&nbsp;관련부품,42510.0,44613.0,42510.0,44645.0,2341.0,104513945.0,1.0,44645.0,178.0,21340329.0,1233985.0,,0.0,0.0,0.0,594.0,,0.0,,,,,,,,,,,,,,,,,1093.5999755859375,2.122999906539917,2.798,52.689998626708984,91.08000183105469,,1186.0,,,,
20150102,083500,에프엔에스테크,KOSDAQ,Listed,,FICS  디스플레이&nbsp;및&nbsp;관련부품,,,,,,,1.0,,1390.0,8575722.0,,,,,,,,,,,,,,,,,,,,,,,,,1093.5999755859375,2.122999906539917,2.798,52.689998626708984,91.08000183105469,,1186.0,,,,
20150102,083550,케이엠,KOSDAQ,Listed,,FICS  섬유&nbsp;및&nbsp;의복,2726.0,2835.0,2698.0,2838.0,301684.0,856179192.0,1.0,2838.0,433.0,12950887.0,25285775.0,,0.0,0.0,0.0,6941.0,,0.0,,,,,,,,,,,,,,,,,1093.5999755859375,2.122999906539917,2.798,52.689998626708984,91.08000183105469,,1186.0,,,,
20150102,083640,인콘,KOSDAQ,Listed,,FICS  보안장비,3447.0,3518.0,3296.0,3411.0,398667.0,1359853137.0,1.0,3411.0,213.0,77720351.0,14290450.0,,0.0,0.0,0.0,1191.0,,0.0,,,,,,,,,,,,,,,,,1093.5999755859375,2.122999906539917,2.798,52.689998626708984,91.08000183105469,,1186.0,,,,
20150102,083650,비에이치아이,KOSDAQ,Listed,,FICS  에너지&nbsp;시설&nbsp;및&nbsp;서비스,5811.0,5862.0,5686.0,5736.0,8689.0,49840104.0,1.0,5736.0,18442.0,30944375.0,-774850.0,-35343850.0,0.0,0.0,0.0,-68.0,-3101.0,0.0,,,,,20150331,2098.0,211.0,117.0,167501901875.0,802953867018.1874,,,,,377.0,44.95,1093.5999755859375,2.122999906539917,2.798,52.689998626708984,91.08000183105469,,1186.0,,20150331,5413.0,379.37
20150102,083660,CSA 코스믹,KOSDAQ,Listed,,FICS  개인생활용품,1543.0,1543.0,1489.0,1535.0,5069.0,7780915.0,1.0,1535.0,370.0,62829459.0,,,0.0,0.0,0.0,,,0.0,,,,,,,,,,,,,,,,,1093.5999755859375,2.122999906539917,2.798,52.689998626708984,91.08000183105469,,1186.0,,,,
20150102,083790,CG인바이츠,KOSDAQ,Listed,,FICS  바이오,5627.0,6057.0,5577.0,6033.0,65286.0,393870438.0,1.0,6033.0,1197.0,76894182.0,52656350.0,59269200.0,0.0,59269200.0,0.0,4585.0,5125.0,0.0,,,,,20150331,61.0,-69.0,-127.0,56978588862.0,137460845629.575,,,,,-133.0,-53.58,1093.5999755859375,2.122999906539917,2.798,52.689998626708984,91.08000183105469,,1186.0,,20150331,741.0,141.25
20150102,083930,아바코,KOSDAQ,Listed,,FICS  전자&nbsp;장비&nbsp;및&nbsp;기기,4120.0,4130.0,4055.0,4125.0,26386.0,108842250.0,1.0,4125.0,4.0,14677249.0,12010760.0,,0.0,0.0,0.0,2919.0,,0.0,,,,,20150331,509.0,70.0,91.0,215872978292.0,353470414655.3208,,,,500.0,622.0,15.97,1093.5999755859375,2.122999906539917,2.798,52.689998626708984,91.08000183105469,,1186.0,,20150331,14708.0,63.74
20150102,084010,대한제강,KOSPI,Listed,,FICS  금속&nbsp;및&nbsp;광물,5670.0,5780.0,5640.0,5720.0,7651.0,43763720.0,1.0,5720.0,3861.0,22914397.0,4472550.0,21446940.0,0.0,0.0,0.0,811.0,3721.0,0.0,,,,,20150331,3220.0,80.0,150.0,1129313141748.0,1512940815999.7957,,,,500.0,552.0,3.7,1093.5999755859375,2.122999906539917,2.798,52.689998626708984,91.08000183105469,,1186.0,,20150331,49284.0,33.97
20150102,084110,휴온스글로벌,KOSDAQ,Listed,,FICS  제약,33942.0,35499.0,33879.0,34941.0,162843.0,5689897263.0,1.0,34941.0,7279.0,12659812.0,-55715200.0,-1101444700.0,148121600.0,100738200.0,-2010900.0,-998.0,-19771.0,2613.0,,,,,,,,,,,,,,,,,1093.5999755859375,2.122999906539917,2.798,52.689998626708984,91.08000183105469,,1186.0,,,,
20150102,084180,수성웹툰,KOSDAQ,Listed,,FICS  기계,11609.0,11609.0,11120.0,11520.0,4714.0,54305280.0,1.0,11520.0,612.0,18074283.0,,,0.0,0.0,0.0,,,0.0,,,,,,,,,,,,,,,,,1093.5999755859375,2.122999906539917,2.798,52.689998626708984,91.08000183105469,,1186.0,,,,
20150102,084370,유진테크,KOSDAQ,Listed,,FICS  반도체&nbsp;및&nbsp;관련장비,15774.0,15823.0,15579.0,15774.0,33171.0,523239354.0,1.0,15774.0,17645.0,22916042.0,53707200.0,-90959300.0,0.0,-770400.0,-110312900.0,3349.0,-5664.0,0.0,,,,,20150331,1225.0,249.0,86.0,458412504168.0,529053871060.2889,,,,230.0,870.0,15.48,1093.5999755859375,2.122999906539917,2.798,52.689998626708984,91.08000183105469,,1186.0,,20150331,20004.0,15.41
20150102,084440,유비온,KOSDAQ,Listed,,FICS  교육,2840.0,2840.0,2840.0,2840.0,0.0,,1.0,,180.0,19712800.0,,,0.0,0.0,0.0,,,0.0,,,,,,,,,,,,,,,,,1093.5999755859375,2.122999906539917,2.798,52.689998626708984,91.08000183105469,,1186.0,,,,
20150102,084650,랩지노믹스,KOSDAQ,Listed,,FICS  의료&nbsp;장비&nbsp;및&nbsp;서비스,1436.0,1478.0,1382.0,1425.0,97886.0,139487550.0,1.0,1425.0,1614.0,74239990.0,-6156000.0,,0.0,0.0,0.0,-360.0,,0.0,,,,,,,,,,,,,,,,,1093.5999755859375,2.122999906539917,2.798,52.689998626708984,91.08000183105469,,1186.0,,,,
20150102,084670,동양고속,KOSPI,Listed,,FICS  육상운수,26448.0,28677.0,26448.0,28063.0,9067.0,254447221.0,1.0,28063.0,803.0,2895569.0,-15572950.0,208871400.0,0.0,0.0,208871400.0,-436.0,5793.0,0.0,,,,,20150331,300.0,8.0,7.0,57859259758.0,170320302949.62457,,,,,259.0,-20.28,1093.5999755859375,2.122999906539917,2.798,52.689998626708984,91.08000183105469,,1186.0,,20150331,19982.0,194.37
20150102,084680,이월드,KOSPI,Listed,,FICS  섬유&nbsp;및&nbsp;의복,1605.0,1670.0,1580.0,1615.0,511921.0,826752415.0,1.0,1615.0,1900.0,141806193.0,-115373905.0,-2192260.0,0.0,0.0,-2192260.0,-71571.0,-1372.0,0.0,,,,,20150331,199.0,-14.0,-26.0,226039071642.0,418014055187.5506,,,,,-18.0,-9.9,1093.5999755859375,2.122999906539917,2.798,52.689998626708984,91.08000183105469,,1186.0,,20150331,1594.0,84.93
20150102,084690,대상홀딩스,KOSPI,Listed,,FICS  식료품,16600.0,17500.0,16450.0,17400.0,27918.0,485773200.0,1.0,17400.0,3490.0,36212538.0,76365000.0,-34916150.0,-10978650.0,0.0,-6552000.0,4559.0,-2083.0,-650.0,,,,,20150331,14873.0,693.0,353.0,757421444808.0,1989140198354.7695,,,,270.0,558.0,3.0,1093.5999755859375,2.122999906539917,2.798,52.689998626708984,91.08000183105469,,1186.0,,20150331,20916.0,162.62
20150102,084695,대상홀딩스우,KOSPI,Listed,,기준 분기는,7060.0,7490.0,6930.0,7200.0,6635.0,47772000.0,1.0,7200.0,3490.0,913482.0,-462980.0,,0.0,0.0,0.0,-65.0,,0.0,,,,,,,,,,,,,,,,,1093.5999755859375,2.122999906539917,2.798,52.689998626708984,91.08000183105469,,1186.0,,,,
20150102,084730,팅크웨어,KOSDAQ,Listed,,FICS  내구소비재,7810.0,8000.0,7810.0,7860.0,7512.0,59044320.0,1.0,7860.0,905.0,11109424.0,11142460.0,,0.0,0.0,0.0,1407.0,,0.0,,,,,20150331,1320.0,35.0,18.0,201336091152.0,338566770881.2032,,,,,69.0,-1.3,1093.5999755859375,2.122999906539917,2.798,52.689998626708984,91.08000183105469,,1186.0,,20150331,18123.0,68.16
20150102,084850,아이티엠반도체,KOSDAQ,Listed,,FICS  전자&nbsp;장비&nbsp;및&nbsp;기기,,,,,,,1.0,,2538.0,22682934.0,,,,,,,,,,,,,20150331,1636.0,1.0,5.0,179149812732.0,643882341940.0812,,,,,22.0,-6.99,1093.5999755859375,2.122999906539917,2.798,52.689998626708984,91.08000183105469,,1186.0,,20150331,7898.0,259.41
20150102,084870,TBH글로벌,KOSPI,Listed,,FICS  섬유&nbsp;및&nbsp;의복,14550.0,14700.0,13650.0,14100.0,185816.0,2620005600.0,1.0,14100.0,265.0,20856819.0,41819200.0,164784450.0,0.0,441238000.0,7529550.0,3135.0,11670.0,0.0,,,,,,,,,,,,,,,,,1093.5999755859375,2.122999906539917,2.798,52.689998626708984,91.08000183105469,,1186.0,,,,
20150102,084990,헬릭스미스,KOSDAQ,Listed,,FICS  바이오,27989.0,28566.0,27098.0,27467.0,142288.0,3908224496.0,1.0,27467.0,3125.0,46092797.0,-107525700.0,-660553900.0,-10640000.0,-14528900.0,-165770100.0,-2045.0,-12690.0,-200.0,,,,,20150331,6.0,-27.0,-10.0,139154154143.0,145026459447.8346,,,,,-22.0,-3.72,1093.5999755859375,2.122999906539917,2.798,52.689998626708984,91.08000183105469,,1186.0,,20150331,3019.0,4.22
20150102,085310,엔케이,KOSPI,Listed,,FICS  조선,3511.0,3563.0,3378.0,3422.0,916756.0,3137139032.0,1.0,3422.0,1040.0,78880322.0,-33296040.0,-833508865.0,0.0,-580868800.0,-252640065.0,-8145.0,-208143.0,0.0,,,,,20150331,286.0,-50.0,-29.0,182844586396.0,256476101337.66922,,,,10.0,-35.0,-1.4,1093.5999755859375,2.122999906539917,2.798,52.689998626708984,91.08000183105469,,1186.0,,20150331,2318.0,40.27
20150102,085620,미래에셋생명,KOSDAQ,Listed,,FICS  보험,,,,,,,1.0,,16338.0,177016189.0,,,,,,,,,,,,,,,,,,,,,,,,,1093.5999755859375,2.122999906539917,2.798,52.689998626708984,91.08000183105469,,1186.0,,,,
20150102,085660,차바이오텍,KOSDAQ,Listed,,FICS  의료&nbsp;장비&nbsp;및&nbsp;서비스,11769.0,11954.0,11677.0,11908.0,494027.0,5882873516.0,1.0,11908.0,11830.0,76426183.0,-256676400.0,14506100.0,-8411250.0,0.0,-14417000.0,-19978.0,1128.0,-658.0,,,,,20150331,3187.0,-81.0,-92.0,333371010246.0,1021248752787.5964,,,,,-149.0,-34.4,1093.5999755859375,2.122999906539917,2.798,52.689998626708984,91.08000183105469,,1186.0,,20150331,4362.0,206.34
20150102,085670,뉴프렉스,KOSDAQ,Listed,,FICS  전자&nbsp;장비&nbsp;및&nbsp;기기,1413.0,1419.0,1339.0,1403.0,71444.0,100235932.0,1.0,1403.0,1239.0,24450761.0,9733775.0,,0.0,0.0,0.0,4746.0,,0.0,,,,,,,,,,,,,,,,,1093.5999755859375,2.122999906539917,2.798,52.689998626708984,91.08000183105469,,1186.0,,,,
20150102,085810,알티캐스트,KOSDAQ,Listed,,FICS  일반&nbsp;소프트웨어,9910.0,10000.0,9910.0,9950.0,19019.0,189239050.0,1.0,9950.0,312.0,60805292.0,15035400.0,-7567810.0,0.0,15970260.0,7312960.0,1505.0,-762.0,0.0,,,,,,,,,,,,,,,,,1093.5999755859375,2.122999906539917,2.798,52.689998626708984,91.08000183105469,,1186.0,,,,
20150102,085910,네오티스,KOSDAQ,Listed,,FICS  자동차부품,4830.0,4830.0,4525.0,4600.0,69613.0,320219800.0,1.0,4600.0,1022.0,13934818.0,-577655.0,-79744500.0,0.0,0.0,-79744500.0,-113.0,-17391.0,0.0,,,,,20150331,180.0,26.0,28.0,54680225832.0,90413753413.212,,,,200.0,118.0,7.13,1093.5999755859375,2.122999906539917,2.798,52.689998626708984,91.08000183105469,,1186.0,,20150331,3924.0,65.35
20150102,086040,바이오톡스텍,KOSDAQ,Listed,,FICS  바이오,3200.0,3200.0,3070.0,3090.0,16565.0,51185850.0,1.0,3090.0,418.0,15958247.0,14309155.0,,0.0,0.0,0.0,4569.0,,0.0,,,,,,,,,,,,,,,,,1093.5999755859375,2.122999906539917,2.798,52.689998626708984,91.08000183105469,,1186.0,,,,
20150102,086060,진바이오텍,KOSDAQ,Listed,,FICS  제약,2920.0,2945.0,2905.0,2945.0,5389.0,15870605.0,1.0,2945.0,350.0,8610587.0,1074110.0,,0.0,0.0,0.0,368.0,,0.0,,,,,20150331,243.0,14.0,10.0,54022822838.0,75426665246.41559,,,,,115.0,7.05,1093.5999755859375,2.122999906539917,2.798,52.689998626708984,91.08000183105469,,1186.0,,20150331,6274.0,39.62
20150102,086280,현대글로비스,KOSPI,Listed,,FICS  육상운수,144307.0,154811.0,144307.0,154311.0,208515.0,32176158165.0,1.0,154311.0,134475.0,75000000.0,5325803500.0,354210000.0,453630500.0,-816654000.0,-1301535000.0,17476.0,1269.0,1473.0,,,,,20150331,77197.0,5363.0,3902.0,10101075000000.0,17981933715000.0,,,,3700.0,5422.0,15.16,1093.5999755859375,2.122999906539917,2.798,52.689998626708984,91.08000183105469,,1186.0,,20150331,134681.0,78.02
20150102,086390,유니테스트,KOSDAQ,Listed,,FICS  반도체&nbsp;및&nbsp;관련장비,9600.0,9860.0,9560.0,9560.0,268041.0,2562471960.0,1.0,9560.0,3117.0,21134126.0,320453030.0,-260354730.0,0.0,-49127580.0,-210879560.0,33214.0,-26986.0,0.0,,,,,20150331,486.0,24.0,2.0,113701597880.0,198318327022.296,,,,150.0,25.0,-18.68,1093.5999755859375,2.122999906539917,2.798,52.689998626708984,91.08000183105469,,1186.0,,20150331,5380.0,74.42
20150102,086450,동국제약,KOSDAQ,Listed,,FICS  제약,6836.0,7046.0,6796.0,6897.0,12457.0,85915929.0,1.0,6897.0,8480.0,45230420.0,-43777700.0,198654650.0,0.0,162711500.0,847100.0,-1258.0,5701.0,0.0,,,,,20150331,2332.0,247.0,223.0,670993280700.0,936304023888.78,,,,200.0,441.0,9.95,1093.5999755859375,2.122999906539917,2.798,52.689998626708984,91.08000183105469,,1186.0,,20150331,14835.0,39.54
20150102,086520,에코프로,KOSDAQ,Listed,,FICS  전자&nbsp;장비&nbsp;및&nbsp;기기,945.0,945.0,919.0,936.0,135414.0,126747504.0,1.0,936.0,131567.0,135776152.0,-28141690.0,,0.0,0.0,0.0,-3753.0,,0.0,,,,,20150331,9594.0,1494.0,1739.0,1617229746472.0,3370306791647.648,,,,98.0,513.0,-1.29,1093.5999755859375,2.122999906539917,2.798,52.689998626708984,91.08000183105469,,1186.0,,20150331,11911.0,108.4
20150102,086670,비엠티,KOSDAQ,Listed,,FICS  기계,5840.0,5880.0,5650.0,5820.0,8047.0,46833540.0,1.0,5820.0,1252.0,9925885.0,,,0.0,0.0,0.0,,,0.0,,,,,20150331,375.0,58.0,125.0,148431684290.0,254426750041.48898,,,,250.0,1346.0,16.35,1093.5999755859375,2.122999906539917,2.798,52.689998626708984,91.08000183105469,,1186.0,,20150331,14954.0,71.41
20150102,086710,선진뷰티사이언스,KOSDAQ,Listed,,FICS  개인생활용품,,,,,,,1.0,,1138.0,12203280.0,,,,,,,,,,,,,20150331,189.0,7.0,12.0,85569399360.0,166227115196.73602,,,,60.0,66.0,10.05,1093.5999755859375,2.122999906539917,2.798,52.689998626708984,91.08000183105469,,1186.0,,20150331,7012.0,94.26
20150102,086790,하나금융지주,KOSPI,Listed,,FICS  상업은행,32400.0,32400.0,31800.0,32000.0,690715.0,22102880000.0,1.0,32000.0,264966.0,278325814.0,5249790400.0,-5036482100.0,-1067538500.0,244631650.0,-2773038450.0,163203.0,-156951.0,-33304.0,,,,,20150331,108930.0,9107.0,6805.0,45513507060164.0,666645440611634.1,,,,920.0,2394.0,9.21,1093.5999755859375,2.122999906539917,2.798,52.689998626708984,91.08000183105469,,1186.0,,20150331,163526.0,1364.72
20150102,086820,바이오솔루션,KOSDAQ,Listed,,FICS  바이오,,,,,,,1.0,,2003.0,24286310.0,,,,,,,,,,,,,20150331,45.0,-11.0,-19.0,26472077900.0,62940012415.04,,,,,-77.0,-31.86,1093.5999755859375,2.122999906539917,2.798,52.689998626708984,91.08000183105469,,1186.0,,20150331,1090.0,137.76
20150102,086890,이수앱지스,KOSDAQ,Listed,,FICS  바이오,5793.0,5819.0,5712.0,5740.0,23408.0,134361920.0,1.0,5740.0,2329.0,39689391.0,31622000.0,-40235520.0,0.0,0.0,-40235520.0,4882.0,-6240.0,0.0,,,,,20150331,157.0,6.0,-3.0,120457301685.0,165761292848.72852,,,,,-7.0,29.09,1093.5999755859375,2.122999906539917,2.798,52.689998626708984,91.08000183105469,,1186.0,,20150331,3035.0,37.61
20150102,086900,메디톡스,KOSDAQ,Listed,,FICS  바이오,254638.0,260964.0,247520.0,256221.0,45234.0,11589900714.0,1.0,256221.0,9276.0,7298497.0,1457423700.0,-867849600.0,-30226900.0,-5490500.0,-792883000.0,4580.0,-2749.0,-95.0,,,,,20150331,674.0,93.0,96.0,507646958835.0,637096933337.9249,,,,1200.0,1008.0,4.76,1093.5999755859375,2.122999906539917,2.798,52.689998626708984,91.08000183105469,,1186.0,,20150331,69555.0,25.5
20150102,086960,MDS테크,KOSDAQ,Listed,,FICS  일반&nbsp;소프트웨어,2075.0,2145.0,2075.0,2145.0,429200.0,920634000.0,1.0,2145.0,1294.0,92821788.0,-25426800.0,36941350.0,0.0,-62250.0,209583150.0,-1197.0,1727.0,0.0,,,,,20150331,477.0,24.0,71.0,131621295384.0,201696473046.4416,,,,,80.0,4.14,1093.5999755859375,2.122999906539917,2.798,52.689998626708984,91.08000183105469,,1186.0,,20150331,1418.0,53.24
20150102,086980,쇼박스,KOSDAQ,Listed,,FICS  미디어,4755.0,5040.0,4750.0,5040.0,2089595.0,10531558800.0,1.0,5040.0,1528.0,62638000.0,458846695.0,913814250.0,0.0,160651995.0,529214345.0,93044.0,184419.0,0.0,,,,,20150331,173.0,-12.0,-20.0,113625332000.0,142508891394.4,,,,150.0,-32.0,-6.9,1093.5999755859375,2.122999906539917,2.798,52.689998626708984,91.08000183105469,,1186.0,,20150331,1814.0,25.42
20150102,087010,펩트론,KOSDAQ,Listed,,FICS  바이오,,,,,,,1.0,,66454.0,23317350.0,,,,,,,,,,,,,20150331,16.0,-62.0,-20.0,146782718250.0,184315059306.525,,,,,-87.0,-16.99,1093.5999755859375,2.122999906539917,2.798,52.689998626708984,91.08000183105469,,1186.0,,20150331,6295.0,25.57
20150102,087260,모바일어플라이언스,KOSDAQ,Listed,,FICS  자동차부품,,,,,,,1.0,,543.0,32552861.0,,,,,,,,,,,,,20150331,79.0,-6.0,-1.0,51856707573.0,65417236603.3395,,,,,-3.0,9.43,1093.5999755859375,2.122999906539917,2.798,52.689998626708984,91.08000183105469,,1186.0,,20150331,1593.0,26.15
20150102,087600,픽셀플러스,KOSDAQ,Listed,,FICS  반도체&nbsp;및&nbsp;관련장비,,,,,,,1.0,,485.0,8166558.0,,,,,,,,,,,,,,,,,,,,,,,,,1093.5999755859375,2.122999906539917,2.798,52.689998626708984,91.08000183105469,,1186.0,,,,
20150102,088130,동아엘텍,KOSDAQ,Listed,,FICS  디스플레이&nbsp;및&nbsp;관련부품,4265.0,4265.0,4125.0,4250.0,48518.0,206201500.0,1.0,4250.0,699.0,17485314.0,-350860.0,,0.0,0.0,0.0,-36.0,,0.0,,,,,20150331,1064.0,211.0,81.0,151807496148.0,363396784279.08234,,,,150.0,283.0,-2.23,1093.5999755859375,2.122999906539917,2.798,52.689998626708984,91.08000183105469,,1186.0,,20150331,8682.0,139.38
20150102,088260,이리츠코크렙,KOSDAQ,Listed,,FICS  부동산,,,,,,,1.0,,3126.0,63341590.0,,,,,,,,,,,,,,,,,,,,,,,,,1093.5999755859375,2.122999906539917,2.798,52.689998626708984,91.08000183105469,,1186.0,,,,
20150102,088280,쏘닉스,KOSDAQ,Listed,,FICS  휴대폰&nbsp;및&nbsp;관련부품,,,,,,,1.0,,334.0,17306490.0,,,,,,,,,,,,,20150331,44.0,-17.0,-12.0,36585919860.0,54095941104.995995,,,,,-69.0,-13.49,1093.5999755859375,2.122999906539917,2.798,52.689998626708984,91.08000183105469,,1186.0,,20150331,2114.0,47.86
20150102,088290,이원컴포텍,KOSDAQ,Listed,,FICS  자동차부품,1665.0,1740.0,1645.0,1740.0,8171.0,14217540.0,1.0,1740.0,347.0,39880364.0,158175.0,,0.0,0.0,0.0,95.0,,0.0,,,,,,,,,,,,,,,,,1093.5999755859375,2.122999906539917,2.798,52.689998626708984,91.08000183105469,,1186.0,,,,
20150102,088340,유라클,KOSDAQ,Listed,,FICS  일반&nbsp;소프트웨어,,,,,,,1.0,,647.0,4358068.0,,,,,,,,,,,,,20150331,127.0,-12.0,-12.0,25176558836.0,45252346851.8264,,,,100.0,-283.0,-10.29,1093.5999755859375,2.122999906539917,2.798,52.689998626708984,91.08000183105469,,1186.0,,20150331,5777.0,79.74
20150102,088350,한화생명,KOSPI,Listed,,FICS  보험,8060.0,8100.0,7900.0,7950.0,614885.0,4888335750.0,1.0,7950.0,26794.0,868530000.0,-907270640.0,214877600.0,-7860990.0,294305800.0,-1195053540.0,-113433.0,26350.0,-979.0,,,,,20150331,58470.0,3549.0,3074.0,15135872310000.0,170637283661246.97,,,,150.0,307.0,7.42,1093.5999755859375,2.122999906539917,2.798,52.689998626708984,91.08000183105469,,1186.0,,20150331,17427.0,1027.37
20150102,088390,이녹스,KOSDAQ,Listed,,FICS  레저용품,8492.0,8895.0,8435.0,8723.0,57855.0,504669165.0,1.0,8723.0,890.0,9385844.0,-8856650.0,152151100.0,122227150.0,4370450.0,25553500.0,-571.0,9987.0,8000.0,,,,,,,,,,,,,,,,,1093.5999755859375,2.122999906539917,2.798,52.689998626708984,91.08000183105469,,1186.0,,,,
20150102,088790,진도,KOSPI,Listed,,FICS  섬유&nbsp;및&nbsp;의복,3345.0,3345.0,3300.0,3315.0,1224.0,4057560.0,1.0,3315.0,251.0,12447744.0,,,0.0,0.0,0.0,,,0.0,,,,,,,,,,,,,,,,,1093.5999755859375,2.122999906539917,2.798,52.689998626708984,91.08000183105469,,1186.0,,,,
20150102,088800,에이스테크,KOSDAQ,Listed,,FICS  통신장비,11985.0,12120.0,11917.0,11933.0,20679.0,246762507.0,1.0,11933.0,2552.0,75506434.0,27742835.0,,0.0,0.0,0.0,6305.0,,0.0,,,,,,,,,,,,,,,,,1093.5999755859375,2.122999906539917,2.798,52.689998626708984,91.08000183105469,,1186.0,,,,
20150102,088910,동우팜투테이블,KOSDAQ,Listed,,FICS  식료품,4080.0,4080.0,3895.0,4045.0,506421.0,2048472945.0,1.0,4045.0,532.0,25831764.0,152987880.0,-33128895.0,-7474000.0,-10067010.0,-33455190.0,38425.0,-8432.0,-1850.0,,,,,20150331,883.0,30.0,70.0,232770025404.0,286958887318.0512,,,,30.0,272.0,3.91,1093.5999755859375,2.122999906539917,2.798,52.689998626708984,91.08000183105469,,1186.0,,20150331,9011.0,23.28
20150102,088980,맥쿼리인프라,KOSPI,Listed,,FICS  운송인프라,6871.0,6990.0,6821.0,6991.0,373521.0,2611285311.0,1.0,6991.0,5.0,478921993.0,-637359120.0,455819160.0,0.0,647519340.0,-207920260.0,-91917.0,65566.0,0.0,,,,,,,,,,,,,,,,,1093.5999755859375,2.122999906539917,2.798,52.689998626708984,91.08000183105469,,1186.0,,,,
20150102,089010,켐트로닉스,KOSDAQ,Listed,,FICS  화학,8018.0,8855.0,7895.0,8420.0,287834.0,2423562280.0,1.0,8420.0,5081.0,16339323.0,-54594080.0,,0.0,0.0,0.0,-5638.0,,0.0,,,,,20150331,1778.0,128.0,48.0,225449978754.0,677860451119.6517,,,,200.0,477.0,6.83,1093.5999755859375,2.122999906539917,2.798,52.689998626708984,91.08000183105469,,1186.0,,20150331,13798.0,200.67
20150102,089030,테크윙,KOSDAQ,Listed,,FICS  반도체&nbsp;및&nbsp;관련장비,4045.0,4045.0,3974.0,4030.0,115288.0,464610640.0,1.0,4030.0,17433.0,37053645.0,-38107810.0,61779710.0,-9480.0,67090810.0,9222850.0,-4795.0,7767.0,-6.0,,,,,20150331,480.0,73.0,50.0,237254488935.0,664217667222.426,,,,130.0,81.0,-5.8,1093.5999755859375,2.122999906539917,2.798,52.689998626708984,91.08000183105469,,1186.0,,20150331,6403.0,179.96
20150102,089140,넥스턴앤롤코리아,KOSDAQ,Listed,,FICS  기계,5602.0,5737.0,5577.0,5582.0,34698.0,193684236.0,1.0,5582.0,348.0,14916234.0,-1457840.0,,0.0,0.0,0.0,-307.0,,0.0,,,,,,,,,,,,,,,,,1093.5999755859375,2.122999906539917,2.798,52.689998626708984,91.08000183105469,,1186.0,,,,
20150102,089150,케이씨티,KOSDAQ,Listed,,FICS  컴퓨터&nbsp;및&nbsp;주변기기,2250.0,2290.0,2230.0,2280.0,47396.0,108062880.0,1.0,2280.0,527.0,17150000.0,-4530095.0,,0.0,0.0,0.0,-2002.0,,0.0,,,,,20150331,31.0,2.0,0.0,33459650000.0,54980896879.99999,,,,60.0,1.0,3.0,1093.5999755859375,2.122999906539917,2.798,52.689998626708984,91.08000183105469,,1186.0,,20150331,1951.0,64.32
20150102,089230,THE E&M,KOSDAQ,Listed,,FICS  인터넷&nbsp;서비스,19920.0,20130.0,19480.0,19500.0,6394.0,124683000.0,1.0,19500.0,244.0,26612953.0,,,0.0,0.0,0.0,,,0.0,,,,,,,,,,,,,,,,,1093.5999755859375,2.122999906539917,2.798,52.689998626708984,91.08000183105469,,1186.0,,,,
20150102,089470,HDC현대EP,KOSPI,Listed,,FICS  자동차부품,7200.0,7200.0,7040.0,7060.0,71773.0,506717380.0,1.0,7060.0,1341.0,31900000.0,-19815300.0,-197087800.0,-70685520.0,-58711870.0,0.0,-2799.0,-27840.0,-9990.0,,,,,20150331,2474.0,153.0,112.0,431319900000.0,825503156610.0,,,,140.0,369.0,9.38,1093.5999755859375,2.122999906539917,2.798,52.689998626708984,91.08000183105469,,1186.0,,20150331,13521.0,91.39
20150102,089590,제주항공,KOSDAQ,Listed,,FICS  항공운수,,,,,,,1.0,,4354.0,80640985.0,,,,,,,,,,,,,20150331,4240.0,-304.0,-486.0,260147817610.0,2067498765673.714,,,,,-589.0,-47.91,1093.5999755859375,2.122999906539917,2.798,52.689998626708984,91.08000183105469,,1186.0,,20150331,3226.0,694.74
20150102,089600,KT나스미디어,KOSDAQ,Listed,,FICS  미디어,18427.0,19564.0,17820.0,18959.0,33924.0,643165116.0,1.0,18959.0,1539.0,11568163.0,67039000.0,-7863650.0,130233350.0,-24324700.0,-12601300.0,2803.0,-403.0,5189.0,,,,,20150331,344.0,70.0,65.0,206584254854.0,399203414079.86957,,,,700.0,560.0,-3.4,1093.5999755859375,2.122999906539917,2.798,52.689998626708984,91.08000183105469,,1186.0,,20150331,17858.0,93.24
20150102,089790,제이티,KOSDAQ,Listed,,FICS  반도체&nbsp;및&nbsp;관련장비,4905.0,4990.0,4895.0,4980.0,15074.0,75068520.0,1.0,4980.0,452.0,10315513.0,-1177300.0,,0.0,0.0,0.0,-238.0,,0.0,,,,,20150331,129.0,0.0,16.0,70898520849.0,104086118458.4169,,,,,159.0,4.08,1093.5999755859375,2.122999906539917,2.798,52.689998626708984,91.08000183105469,,1186.0,,20150331,6873.0,46.81
20150102,089850,유비벨록스,KOSDAQ,Listed,,FICS  전자&nbsp;장비&nbsp;및&nbsp;기기,6661.0,6864.0,6535.0,6763.0,175361.0,1185966443.0,1.0,6763.0,826.0,14730199.0,19796100.0,69326800.0,0.0,69326800.0,0.0,1569.0,5161.0,0.0,,,,,20150331,1632.0,50.0,30.0,146742242438.0,297798706803.6772,,,,142.0,151.0,5.26,1093.5999755859375,2.122999906539917,2.798,52.689998626708984,91.08000183105469,,1186.0,,20150331,9962.0,102.94
20150102,089860,롯데렌탈,KOSDAQ,Listed,,FICS  호텔&nbsp;및&nbsp;레저,,,,,,,1.0,,11619.0,36309388.0,,,,,,,,,,,,,,,,,,,,,,,,,1093.5999755859375,2.122999906539917,2.798,52.689998626708984,91.08000183105469,,1186.0,,,,
20150102,089890,코세스,KOSDAQ,Listed,,FICS  반도체&nbsp;및&nbsp;관련장비,1562.0,1600.0,1475.0,1558.0,5197.0,8096926.0,1.0,1558.0,4212.0,16584962.0,-153390.0,,0.0,0.0,0.0,-45.0,,0.0,,,,,,,,,,,,,,,,,1093.5999755859375,2.122999906539917,2.798,52.689998626708984,91.08000183105469,,1186.0,,,,
20150102,089970,브이엠,KOSDAQ,Listed,,FICS  반도체&nbsp;및&nbsp;관련장비,,,,,,,1.0,,6493.0,24411695.0,,,,,,,,,,,,,,,,,,,,,,,,,1093.5999755859375,2.122999906539917,2.798,52.689998626708984,91.08000183105469,,1186.0,,,,
20150102,089980,상아프론테크,KOSDAQ,Listed,,FICS  전자&nbsp;장비&nbsp;및&nbsp;기기,5890.0,5970.0,5830.0,5970.0,47371.0,282804870.0,1.0,5970.0,2823.0,15989037.0,13321190.0,-88068430.0,0.0,-88068430.0,0.0,2257.0,-14941.0,0.0,,,,,20150331,486.0,23.0,11.0,200390600721.0,372946947001.8531,,,,200.0,38.0,6.35,1093.5999755859375,2.122999906539917,2.798,52.689998626708984,91.08000183105469,,1186.0,,20150331,12533.0,86.11
20150102,090080,평화산업,KOSPI,Listed,,FICS  자동차부품,1121.0,1126.0,1090.0,1108.0,2521.0,2793268.0,1.0,1108.0,514.0,54902259.0,,,0.0,0.0,0.0,,,0.0,,,,,20150331,1595.0,18.0,25.0,52596364122.0,252867539789.3394,,,,,46.0,17.32,1093.5999755859375,2.122999906539917,2.798,52.689998626708984,91.08000183105469,,1186.0,,20150331,958.0,380.77
20150102,090150,아이윈,KOSDAQ,Listed,,FICS  자동차부품,818.0,818.0,801.0,819.0,12209.0,9999171.0,1.0,819.0,305.0,41875293.0,,,0.0,0.0,0.0,,,0.0,,,,,20150331,287.0,21.0,25.0,41833417707.0,118735789477.7781,,,,35.0,51.0,-6.05,1093.5999755859375,2.122999906539917,2.798,52.689998626708984,91.08000183105469,,1186.0,,20150331,999.0,183.83
20150102,090350,노루페인트,KOSPI,Listed,,FICS  건축자재,9050.0,9610.0,8890.0,9550.0,626694.0,5984927700.0,1.0,9550.0,1692.0,20000000.0,-133141340.0,502200110.0,65679410.0,-428485150.0,116627180.0,-13836.0,53951.0,6994.0,,,,,20150331,1950.0,89.0,80.0,405220000000.0,679189242000.0,,,,350.0,389.0,4.84,1093.5999755859375,2.122999906539917,2.798,52.689998626708984,91.08000183105469,,1186.0,,20150331,20261.0,67.61
20150102,090355,노루페인트우,KOSPI,Listed,,기준 분기는,6710.0,6710.0,6480.0,6700.0,1391.0,9319700.0,1.0,6700.0,1692.0,463126.0,,-3278240.0,0.0,0.0,-3278240.0,,-496.0,0.0,,,,,,,,,,,,,,,,,1093.5999755859375,2.122999906539917,2.798,52.689998626708984,91.08000183105469,,1186.0,,,,
20150102,090360,로보스타,KOSDAQ,Listed,,FICS  기계,3955.0,3955.0,3840.0,3855.0,22342.0,86128410.0,1.0,3855.0,7254.0,9750000.0,-2517500.0,,0.0,0.0,0.0,-650.0,,0.0,,,,,20150331,173.0,-11.0,-5.0,87876750000.0,105847545374.99998,,,,,-55.0,-1.88,1093.5999755859375,2.122999906539917,2.798,52.689998626708984,91.08000183105469,,1186.0,,20150331,9013.0,20.45
20150102,090370,메타랩스,KOSPI,Listed,,FICS  상업서비스,92290.0,97650.0,91790.0,97065.0,12059.0,1170506835.0,1.0,97065.0,371.0,24904689.0,-55520470.0,-89938125.0,-97905835.0,-6927290.0,14895000.0,-11335.0,-18411.0,-20000.0,,,,,,,,,,,,,,,,,1093.5999755859375,2.122999906539917,2.798,52.689998626708984,91.08000183105469,,1186.0,,,,
20150102,090410,덕신이피씨,KOSDAQ,Listed,,FICS  건축자재,1822.0,1832.0,1733.0,1828.0,164695.0,301062460.0,1.0,1828.0,611.0,46084095.0,23944660.0,,0.0,0.0,0.0,2716.0,,0.0,,,,,20150331,249.0,-13.0,-18.0,123689710980.0,214762445174.574,,,,20.0,-38.0,-1.13,1093.5999755859375,2.122999906539917,2.798,52.689998626708984,91.08000183105469,,1186.0,,20150331,2684.0,73.63
20150102,090430,아모레퍼시픽,KOSPI,Listed,,FICS  개인생활용품,221156.0,233059.0,221156.0,233060.0,12060.0,2810703600.0,1.0,233060.0,72706.0,58492759.0,-5838487000.0,10400719000.0,4080131000.0,2529849000.0,-895063000.0,-2556.0,4531.0,1790.0,,,,,20150331,11580.0,1055.0,682.0,4632451034523.0,5744239282808.52,,,,1125.0,1255.0,2.96,1093.5999755859375,2.122999906539917,2.798,52.689998626708984,91.08000183105469,,1186.0,,20150331,79197.0,24.0
20150102,090435,아모레퍼시픽우,KOSPI,Listed,,기준 분기는,106727.0,109734.0,106527.0,109133.0,1000.0,109133000.0,1.0,109133.0,72706.0,10557830.0,208331000.0,-184389000.0,-44190000.0,-227666000.0,63842000.0,193.0,-173.0,-42.0,,,,,20150331,11580.0,1055.0,682.0,836148462510.0,1036824093512.4,,,,1130.0,1255.0,2.96,1093.5999755859375,2.122999906539917,2.798,52.689998626708984,91.08000183105469,,1186.0,,20150331,79197.0,24.0
20150102,090460,비에이치,KOSDAQ,Listed,,FICS  전자&nbsp;장비&nbsp;및&nbsp;기기,4045.0,4045.0,3905.0,3925.0,184008.0,722231400.0,1.0,3925.0,6219.0,33711538.0,-82609330.0,-169903350.0,0.0,-169903350.0,0.0,-10500.0,-21488.0,0.0,,,,,20150331,5413.0,206.0,158.0,757869085778.0,1421989765645.2615,,,,250.0,846.0,0.95,1093.5999755859375,2.122999906539917,2.798,52.689998626708984,91.08000183105469,,1186.0,,20150331,22481.0,87.63
20150102,090470,제이스텍,KOSDAQ,Listed,,FICS  전자&nbsp;장비&nbsp;및&nbsp;기기,3195.0,3195.0,3060.0,3120.0,42314.0,132019680.0,1.0,3120.0,882.0,17476594.0,8684675.0,,0.0,0.0,0.0,2794.0,,0.0,,,,,,,,,,,,,,,,,1093.5999755859375,2.122999906539917,2.798,52.689998626708984,91.08000183105469,,1186.0,,,,
20150102,090710,휴림로봇,KOSDAQ,Listed,,FICS  기계,1474.0,1496.0,1374.0,1407.0,482389.0,678721323.0,1.0,1407.0,6522.0,119457197.0,906750.0,,0.0,0.0,0.0,307.0,,0.0,,,,,20150331,405.0,-32.0,-48.0,141198406854.0,195037359387.4302,,,,,-23.0,2.35,1093.5999755859375,2.122999906539917,2.798,52.689998626708984,91.08000183105469,,1186.0,,20150331,1182.0,38.13
20150102,090850,현대이지웰,KOSDAQ,Listed,,FICS  인터넷&nbsp;서비스,5125.0,5175.0,4990.0,5000.0,55227.0,276135000.0,1.0,5000.0,1203.0,23746361.0,59243660.0,-54595960.0,0.0,-151630500.0,110698940.0,5854.0,-5301.0,0.0,,,,,20150331,336.0,48.0,40.0,111251701285.0,261675126592.44852,,,,170.0,168.0,15.66,1093.5999755859375,2.122999906539917,2.798,52.689998626708984,91.08000183105469,,1186.0,,20150331,4685.0,135.21
20150102,091120,이엠텍,KOSDAQ,Listed,,FICS  휴대폰&nbsp;및&nbsp;관련부품,10887.0,11034.0,10595.0,10937.0,106161.0,1161082857.0,1.0,10937.0,1442.0,17132936.0,49560650.0,38646300.0,0.0,-84187750.0,0.0,4475.0,3361.0,0.0,,,,,,,,,,,,,,,,,1093.5999755859375,2.122999906539917,2.798,52.689998626708984,91.08000183105469,,1186.0,,,,
20150102,091340,S&K폴리텍,KOSDAQ,Listed,,FICS  전자&nbsp;장비&nbsp;및&nbsp;기기,2485.0,2490.0,2435.0,2490.0,1297.0,3229530.0,1.0,2490.0,274.0,11703721.0,,,0.0,0.0,0.0,,,0.0,,,,,20150331,693.0,26.0,32.0,99762517804.0,185079423029.9808,,,,,131.0,3.24,1093.5999755859375,2.122999906539917,2.798,52.689998626708984,91.08000183105469,,1186.0,,20150331,8524.0,85.52
20150102,091440,한울소재과학,KOSDAQ,Listed,,FICS  통신장비,2270.0,2400.0,2230.0,2320.0,78590.0,182328800.0,1.0,2320.0,852.0,30300912.0,2530995.0,,0.0,0.0,0.0,1129.0,,0.0,,,,,,,,,,,,,,,,,1093.5999755859375,2.122999906539917,2.798,52.689998626708984,91.08000183105469,,1186.0,,,,
20150102,091580,상신이디피,KOSDAQ,Listed,,FICS  전자&nbsp;장비&nbsp;및&nbsp;기기,3885.0,4089.0,3860.0,3919.0,26556.0,104072964.0,1.0,3919.0,1734.0,13328219.0,12379870.0,,0.0,0.0,0.0,3068.0,,0.0,,,,,,,,,,,,,,,,,1093.5999755859375,2.122999906539917,2.798,52.689998626708984,91.08000183105469,,1186.0,,,,
20150102,091590,남화토건,KOSDAQ,Listed,,FICS  건설,5250.0,5250.0,5150.0,5190.0,5297.0,27491430.0,1.0,5190.0,6.0,11740000.0,3206700.0,,0.0,0.0,0.0,616.0,,0.0,,,,,20150331,203.0,8.0,9.0,162587260000.0,181740039227.99997,,,,100.0,83.0,1.71,1093.5999755859375,2.122999906539917,2.798,52.689998626708984,91.08000183105469,,1186.0,,20150331,13849.0,11.78
20150102,091700,파트론,KOSDAQ,Listed,,FICS  휴대폰&nbsp;및&nbsp;관련부품,11950.0,12650.0,11850.0,12600.0,1705766.0,21492651600.0,1.0,12600.0,4206.0,57000000.0,810567650.0,3230756500.0,0.0,79057800.0,2833899500.0,65016.0,259813.0,0.0,,,,,,,,,,,,,,,,,1093.5999755859375,2.122999906539917,2.798,52.689998626708984,91.08000183105469,,1186.0,,,,
20150102,091810,티웨이항공,KOSDAQ,Listed,,FICS  항공운수,,,,,,,1.0,,4267.0,272167825.0,,,,,,,,,,,,,20150331,4780.0,-506.0,-453.0,103151605675.0,4700536149325.21,,,,,-37.0,-320.16,1093.5999755859375,2.122999906539917,2.798,52.689998626708984,91.08000183105469,,1186.0,,20150331,379.0,4456.92
20150102,091970,나노캠텍,KOSDAQ,Listed,,FICS  화학,3210.0,3270.0,3135.0,3200.0,15527.0,49686400.0,1.0,3200.0,234.0,37673903.0,-306745.0,,0.0,0.0,0.0,-95.0,,0.0,,,,,,,,,,,,,,,,,1093.5999755859375,2.122999906539917,2.798,52.689998626708984,91.08000183105469,,1186.0,,,,
20150102,092040,아미코젠,KOSDAQ,Listed,,FICS  바이오,9581.0,9821.0,9489.0,9822.0,205273.0,2016191406.0,1.0,9822.0,1432.0,55730013.0,28398100.0,-344968750.0,0.0,-321550600.0,-23375650.0,654.0,-8126.0,0.0,,,,,20150331,101.0,-47.0,-130.0,101651543712.0,241300434463.54562,,,,,-234.0,-46.65,1093.5999755859375,2.122999906539917,2.798,52.689998626708984,91.08000183105469,,1186.0,,20150331,1824.0,137.38
20150102,092070,디엔에프,KOSDAQ,Listed,,FICS  반도체&nbsp;및&nbsp;관련장비,20900.0,21450.0,20650.0,21300.0,59550.0,1268415000.0,1.0,21300.0,1599.0,11571858.0,-126982800.0,464797200.0,0.0,206685650.0,33953850.0,-6049.0,21985.0,0.0,,,,,,,,,,,,,,,,,1093.5999755859375,2.122999906539917,2.798,52.689998626708984,91.08000183105469,,1186.0,,,,
20150102,092130,이크레더블,KOSDAQ,Listed,,FICS  인터넷&nbsp;서비스,8470.0,8520.0,8410.0,8490.0,3024.0,25673760.0,1.0,8490.0,2176.0,12043600.0,-313580.0,,0.0,0.0,0.0,-37.0,,0.0,,,,,,,,,,,,,,,,,1093.5999755859375,2.122999906539917,2.798,52.689998626708984,91.08000183105469,,1186.0,,,,
20150102,092190,서울바이오시스,KOSDAQ,Listed,,FICS  디스플레이&nbsp;및&nbsp;관련부품,,,,,,,1.0,,1144.0,45868383.0,,,,,,,,,,,,,,,,,,,,,,,,,1093.5999755859375,2.122999906539917,2.798,52.689998626708984,91.08000183105469,,1186.0,,,,4.6
20150102,092200,디아이씨,KOSPI,Listed,,FICS  자동차부품,4546.0,4589.0,4364.0,4546.0,31561.0,143476306.0,1.0,4546.0,4343.0,38888569.0,7874100.0,12668680.0,0.0,22206250.0,0.0,1601.0,2394.0,0.0,,,,,20150331,1888.0,47.0,25.0,150148764909.0,618057360994.9166,,,,,43.0,3.16,1093.5999755859375,2.122999906539917,2.798,52.689998626708984,91.08000183105469,,1186.0,,20150331,3861.0,311.63
20150102,092220,KEC,KOSPI,Listed,,FICS  반도체&nbsp;및&nbsp;관련장비,966.0,1007.0,946.0,988.0,1949670.0,1926273960.0,1.0,988.0,1407.0,200763141.0,-45516095.0,-6480000.0,0.0,0.0,0.0,-37844.0,-5400.0,0.0,,,,,20150331,525.0,-74.0,-74.0,336479024316.0,447382510730.55365,,,,20.0,-37.0,-5.7,1093.5999755859375,2.122999906539917,2.798,52.689998626708984,91.08000183105469,,1186.0,,20150331,1676.0,32.96
20150102,092230,KPX홀딩스,KOSPI,Listed,,FICS  화학,74700.0,76000.0,74600.0,75800.0,1366.0,103542800.0,1.0,75800.0,3248.0,4224646.0,2289400.0,76361000.0,0.0,76361000.0,0.0,30.0,1006.0,0.0,,,,,20150331,2883.0,142.0,609.0,1135213075952.0,1495416184951.5696,,,,1000.0,10575.0,9.08,1093.5999755859375,2.122999906539917,2.798,52.689998626708984,91.08000183105469,,1186.0,,20150331,268712.0,31.73
20150102,092300,현우산업,KOSDAQ,Listed,,FICS  전자&nbsp;장비&nbsp;및&nbsp;기기,1610.0,1625.0,1600.0,1610.0,1329.0,2139690.0,1.0,1610.0,646.0,18987083.0,,,0.0,0.0,0.0,,,0.0,,,,,20150331,643.0,51.0,45.0,116352844624.0,211878530060.304,,,,50.0,239.0,7.63,1093.5999755859375,2.122999906539917,2.798,52.689998626708984,91.08000183105469,,1186.0,,20150331,6128.0,82.1
20150102,092440,기신정기,KOSPI,Listed,,FICS  기계,7290.0,7340.0,7120.0,7240.0,11689.0,84628360.0,1.0,7240.0,684.0,29200000.0,-476640.0,-16421010.0,13492090.0,-28010350.0,0.0,-66.0,-2295.0,1870.0,,,,,20150331,298.0,-7.0,-3.0,244170400000.0,257038180080.0,,,,100.0,-9.0,-0.01,1093.5999755859375,2.122999906539917,2.798,52.689998626708984,91.08000183105469,,1186.0,,20150331,8362.0,5.27
20150102,092460,한라IMS,KOSDAQ,Listed,,FICS  조선,3366.0,3420.0,3366.0,3407.0,914.0,3113998.0,1.0,3407.0,2876.0,17109680.0,-25560.0,-1344040.0,0.0,0.0,-1344040.0,-5.0,-265.0,0.0,,,,,20150331,393.0,63.0,78.0,188702660720.0,225178885037.176,,,,300.0,286.0,12.9,1093.5999755859375,2.122999906539917,2.798,52.689998626708984,91.08000183105469,,1186.0,,20150331,11029.0,19.33
20150102,092600,앤씨앤,KOSDAQ,Listed,,FICS  보안장비,2877.0,2975.0,2851.0,2975.0,18802.0,55935950.0,1.0,2975.0,140.0,25083517.0,,,0.0,0.0,0.0,,,0.0,,,,,,,,,,,,,,,,,1093.5999755859375,2.122999906539917,2.798,52.689998626708984,91.08000183105469,,1186.0,,,,
20150102,092730,네오팜,KOSDAQ,Listed,,FICS  개인생활용품,7398.0,7501.0,7270.0,7322.0,60332.0,441750904.0,1.0,7322.0,3117.0,16027989.0,-35334100.0,53394400.0,0.0,0.0,50963400.0,-2430.0,3670.0,0.0,,,,,,,,,,,,,,,,,1093.5999755859375,2.122999906539917,2.798,52.689998626708984,91.08000183105469,,1186.0,,,,
20150102,092780,DYP,KOSDAQ,Listed,,FICS  자동차부품,,,,,,,1.0,,452.0,13168460.0,,,,,,,,,,,,,,,,,,,,,,,,,1093.5999755859375,2.122999906539917,2.798,52.689998626708984,91.08000183105469,,1186.0,,,,
20150102,092790,넥스틸,KOSDAQ,Listed,,FICS  금속&nbsp;및&nbsp;광물,,,,,,,1.0,,2602.0,26002000.0,,,,,,,,,,,,,20150331,1219.0,54.0,95.0,466501882000.0,662059470934.4,,,,1155.0,366.0,8.92,1093.5999755859375,2.122999906539917,2.798,52.689998626708984,91.08000183105469,,1186.0,,20150331,17941.0,41.92
20150102,092870,엑시콘,KOSDAQ,Listed,,FICS  반도체&nbsp;및&nbsp;관련장비,5116.0,5116.0,5116.0,5116.0,5976.0,30573216.0,1.0,5116.0,2046.0,13050797.0,,,0.0,0.0,0.0,,,0.0,,,,,,,,,,,,,,,,,1093.5999755859375,2.122999906539917,2.798,52.689998626708984,91.08000183105469,,1186.0,,,,
20150102,093050,LF,KOSPI,Listed,,FICS  섬유&nbsp;및&nbsp;의복,29400.0,29700.0,28550.0,29300.0,83903.0,2458357900.0,1.0,29300.0,5347.0,29240000.0,124767300.0,-428862400.0,-26013300.0,-272201550.0,-193575950.0,4329.0,-15044.0,-896.0,,,,,,,,,,,,,,,,,1093.5999755859375,2.122999906539917,2.798,52.689998626708984,91.08000183105469,,1186.0,,,,
20150102,093190,빅솔론,KOSDAQ,Listed,,FICS  컴퓨터&nbsp;및&nbsp;주변기기,5622.0,5887.0,5596.0,5861.0,63428.0,371751508.0,1.0,5861.0,1144.0,19238905.0,42031800.0,62127350.0,6529350.0,55109300.0,0.0,3908.0,5662.0,616.0,,,,,,,,,,,,,,,,,1093.5999755859375,2.122999906539917,2.798,52.689998626708984,91.08000183105469,,1186.0,,,,
20150102,093240,형지엘리트,KOSPI,Listed,,FICS  섬유&nbsp;및&nbsp;의복,1915.0,1934.0,1897.0,1930.0,19498.0,37631140.0,1.0,1930.0,513.0,38390259.0,-4155140.0,,0.0,0.0,0.0,-2005.0,,0.0,,,,,20150331,446.0,75.0,62.0,95668525428.0,187605978364.30798,,,,,161.0,4.28,1093.5999755859375,2.122999906539917,2.798,52.689998626708984,91.08000183105469,,1186.0,,20150331,2492.0,96.1
20150102,093320,케이아이엔엑스,KOSDAQ,Listed,,FICS  인터넷&nbsp;서비스,13750.0,14100.0,13700.0,14100.0,34566.0,487380600.0,1.0,14100.0,5382.0,4880000.0,41028850.0,,0.0,0.0,0.0,2941.0,,0.0,,,,,,,,,,,,,,,,,1093.5999755859375,2.122999906539917,2.798,52.689998626708984,91.08000183105469,,1186.0,,,,
20150102,093370,후성,KOSPI,Listed,,FICS  화학,3064.0,3088.0,3001.0,3041.0,530089.0,1612000649.0,1.0,3041.0,8709.0,107255330.0,-45328070.0,27598130.0,0.0,-37538805.0,65814310.0,-14090.0,8651.0,0.0,,,,,20150331,1226.0,52.0,30.0,308144563090.0,734123607105.616,,,,19.0,126.0,-23.0,1093.5999755859375,2.122999906539917,2.798,52.689998626708984,91.08000183105469,,1186.0,,20150331,2873.0,138.24
20150102,093380,풍강,KOSDAQ,Listed,,FICS  자동차부품,2950.0,2955.0,2900.0,2940.0,15472.0,45487680.0,1.0,2940.0,276.0,9879313.0,-239640.0,-27275700.0,0.0,0.0,0.0,-81.0,-9246.0,0.0,,,,,,,,,,,,,,,,,1093.5999755859375,2.122999906539917,2.798,52.689998626708984,91.08000183105469,,1186.0,,,,
20150102,093520,매커스,KOSDAQ,Listed,,FICS  반도체&nbsp;및&nbsp;관련장비,2440.0,2495.0,2440.0,2485.0,115498.0,287012530.0,1.0,2485.0,3172.0,14163092.0,63615705.0,,0.0,0.0,0.0,25775.0,,0.0,,,,,,,,,,,,,,,,,1093.5999755859375,2.122999906539917,2.798,52.689998626708984,91.08000183105469,,1186.0,,,,
20150102,093640,케이알엠,KOSDAQ,Listed,,FICS  반도체&nbsp;및&nbsp;관련장비,2560.0,2565.0,2495.0,2545.0,54916.0,139761220.0,1.0,2545.0,1296.0,32623851.0,8378775.0,,0.0,0.0,0.0,3319.0,,0.0,,,,,20150331,20.0,-28.0,-26.0,76959664509.0,113846431708.16371,,,,,-79.0,-19.67,1093.5999755859375,2.122999906539917,2.798,52.689998626708984,91.08000183105469,,1186.0,,20150331,2359.0,47.93
20150102,093920,서원인텍,KOSDAQ,Listed,,FICS  휴대폰&nbsp;및&nbsp;관련부품,11050.0,11150.0,10500.0,10750.0,403160.0,4333970000.0,1.0,10750.0,1000.0,18600000.0,267884450.0,-307584200.0,177632900.0,102189400.0,-326860900.0,25285.0,-29183.0,16618.0,,,,,20150331,507.0,14.0,36.0,214923000000.0,244109543399.99997,,,,350.0,202.0,6.87,1093.5999755859375,2.122999906539917,2.798,52.689998626708984,91.08000183105469,,1186.0,,20150331,11555.0,13.58
20150102,094170,동운아나텍,KOSDAQ,Listed,,FICS  반도체&nbsp;및&nbsp;관련장비,,,,,,,1.0,,6879.0,20909936.0,,,,,,,,,,,,,,,,,,,,,,,,,1093.5999755859375,2.122999906539917,2.798,52.689998626708984,91.08000183105469,,1186.0,,,,
20150102,094280,효성ITX,KOSPI,Listed,,FICS  상업서비스,19050.0,19150.0,18400.0,18800.0,801768.0,15073238400.0,1.0,18800.0,1507.0,11558200.0,242705500.0,-16976400.0,0.0,-16976400.0,0.0,12860.0,-903.0,0.0,,,,,20150331,1242.0,43.0,29.0,71244744800.0,177057439776.96,,,,150.0,233.0,17.28,1093.5999755859375,2.122999906539917,2.798,52.689998626708984,91.08000183105469,,1186.0,,20150331,6164.0,148.52
20150102,094360,칩스앤미디어,KOSDAQ,Listed,,FICS  반도체&nbsp;및&nbsp;관련장비,577.0,577.0,577.0,577.0,0.0,,1.0,,4123.0,21279274.0,,,0.0,0.0,0.0,,,0.0,,,,,20150331,94.0,26.0,42.0,79456809116.0,91701103400.7756,,,,100.0,197.0,11.74,1093.5999755859375,2.122999906539917,2.798,52.689998626708984,91.08000183105469,,1186.0,,20150331,3734.0,15.41
20150102,094480,갤럭시아머니트리,KOSDAQ,Listed,,FICS  인터넷&nbsp;서비스,2773.0,2948.0,2748.0,2841.0,663593.0,1885267713.0,1.0,2841.0,3781.0,39229838.0,-22213615.0,,0.0,0.0,0.0,-7476.0,,0.0,,,,,20150331,329.0,48.0,26.0,119062558330.0,420219393369.902,,,,45.0,66.0,3.87,1093.5999755859375,2.122999906539917,2.798,52.689998626708984,91.08000183105469,,1186.0,,20150331,3035.0,252.94
20150102,094800,맵스리얼티,KOSPI,Listed,,FICS  부동산,3930.0,3930.0,3875.0,3890.0,23867.0,92842630.0,1.0,3890.0,4930.0,92834331.0,-3264580.0,,0.0,0.0,0.0,-836.0,,0.0,,,,,,,,,,,,,,,,,1093.5999755859375,2.122999906539917,2.798,52.689998626708984,91.08000183105469,,1186.0,,,,
20150102,094820,일진파워,KOSDAQ,Listed,,FICS  에너지&nbsp;시설&nbsp;및&nbsp;서비스,4955.0,5000.0,4950.0,4960.0,16062.0,79667520.0,1.0,4960.0,1832.0,15078709.0,-3657930.0,45668675.0,0.0,45668675.0,0.0,-735.0,9195.0,0.0,,,,,20150331,647.0,74.0,58.0,141498605256.0,297019722292.86957,,,,330.0,358.0,7.09,1093.5999755859375,2.122999906539917,2.798,52.689998626708984,91.08000183105469,,1186.0,,20150331,9384.0,109.91
20150102,094840,슈프리마에이치큐,KOSDAQ,Listed,,FICS  보안장비,15644.0,15766.0,15368.0,15583.0,25786.0,401823238.0,1.0,15583.0,694.0,10471840.0,8793650.0,,0.0,0.0,0.0,338.0,,0.0,,,,,20150331,46.0,7.0,53.0,254821754560.0,262517371547.712,,,,,505.0,7.8,1093.5999755859375,2.122999906539917,2.798,52.689998626708984,91.08000183105469,,1186.0,,20150331,24334.0,3.02
20150102,094850,참좋은여행,KOSDAQ,Listed,,FICS  호텔&nbsp;및&nbsp;레저,8500.0,8670.0,8440.0,8520.0,90792.0,773547840.0,1.0,8520.0,851.0,14000000.0,25501630.0,-540644490.0,131182800.0,-201989060.0,0.0,2995.0,-63716.0,15444.0,,,,,20150331,199.0,57.0,56.0,99862000000.0,191904805400.0,,,,,403.0,10.82,1093.5999755859375,2.122999906539917,2.798,52.689998626708984,91.08000183105469,,1186.0,,20150331,7133.0,92.17
20150102,094860,네오리진,KOSDAQ,Listed,,FICS  게임&nbsp;소프트웨어,1670.0,1720.0,1635.0,1730.0,219777.0,380214210.0,1.0,1730.0,243.0,24049569.0,2134063.0,,0.0,0.0,0.0,4441.0,,0.0,,,,,,,,,,,,,,,,,1093.5999755859375,2.122999906539917,2.798,52.689998626708984,91.08000183105469,,1186.0,,,,
20150102,094940,푸른기술,KOSDAQ,Listed,,FICS  컴퓨터&nbsp;및&nbsp;주변기기,1935.0,1935.0,1824.0,1843.0,7511.0,13842773.0,1.0,1843.0,661.0,8361386.0,,,0.0,0.0,0.0,,,0.0,,,,,20150331,51.0,-5.0,-9.0,39465741920.0,47252332800.816,,,,30.0,-100.0,-0.39,1093.5999755859375,2.122999906539917,2.798,52.689998626708984,91.08000183105469,,1186.0,,20150331,4720.0,19.73
20150102,094970,제이엠티,KOSDAQ,Listed,,FICS  디스플레이&nbsp;및&nbsp;관련부품,2290.0,2290.0,2220.0,2260.0,30281.0,68435060.0,1.0,2260.0,473.0,16748240.0,-2834815.0,,0.0,0.0,0.0,-1241.0,,0.0,,,,,20150331,534.0,56.0,74.0,137302071520.0,194762988451.12003,,,,30.0,394.0,5.42,1093.5999755859375,2.122999906539917,2.798,52.689998626708984,91.08000183105469,,1186.0,,20150331,8198.0,41.85
20150102,095190,이엠코리아,KOSDAQ,Listed,,FICS  기계,4359.0,4359.0,4283.0,4346.0,27732.0,120523272.0,1.0,4346.0,1390.0,65260462.0,13198020.0,,0.0,0.0,0.0,2721.0,,0.0,,,,,,,,,,,,,,,,,1093.5999755859375,2.122999906539917,2.798,52.689998626708984,91.08000183105469,,1186.0,,,,
20150102,095270,웨이브일렉트로,KOSDAQ,Listed,,FICS  상업서비스,9947.0,9993.0,9581.0,9581.0,9996.0,95771676.0,1.0,9581.0,675.0,14372406.0,-36039800.0,-1741050.0,0.0,0.0,-1741050.0,-3421.0,-165.0,0.0,,,,,,,,,,,,,,,,,1093.5999755859375,2.122999906539917,2.798,52.689998626708984,91.08000183105469,,1186.0,,,,
20150102,095340,ISC,KOSDAQ,Listed,,FICS  반도체&nbsp;및&nbsp;관련장비,24009.0,24143.0,23106.0,23605.0,37058.0,874754090.0,1.0,23605.0,23210.0,21197058.0,-1711300.0,-104535100.0,-10522550.0,-242458200.0,208714300.0,-55.0,-4037.0,-405.0,,,,,20150331,656.0,169.0,216.0,566851725036.0,653353298276.4937,,,,810.0,884.0,9.01,1093.5999755859375,2.122999906539917,2.798,52.689998626708984,91.08000183105469,,1186.0,,20150331,26742.0,15.26
20150102,095500,미래나노텍,KOSDAQ,Listed,,FICS  디스플레이&nbsp;및&nbsp;관련부품,5200.0,5770.0,5200.0,5770.0,205387.0,1185082990.0,1.0,5770.0,3826.0,31009999.0,63116420.0,,0.0,0.0,0.0,11574.0,,0.0,,,,,20150331,1267.0,44.0,50.0,312611799919.0,619346497999.5228,,,,50.0,152.0,7.25,1093.5999755859375,2.122999906539917,2.798,52.689998626708984,91.08000183105469,,1186.0,,20150331,10081.0,98.12
20150102,095570,AJ네트웍스,KOSDAQ,Listed,,FICS  운송인프라,,,,,,,1.0,,2054.0,45252759.0,,,,,,,,,,,,,20150331,2697.0,131.0,33.0,389807266026.0,1507657562808.76,,,,270.0,36.0,5.88,1093.5999755859375,2.122999906539917,2.798,52.689998626708984,91.08000183105469,,1186.0,,20150331,8614.0,286.77
20150102,095610,테스,KOSDAQ,Listed,,FICS  반도체&nbsp;및&nbsp;관련장비,11539.0,11570.0,11285.0,11476.0,98555.0,1131017180.0,1.0,11476.0,7679.0,19768226.0,-79399650.0,122023950.0,176984650.0,-108724150.0,10873300.0,-4401.0,6727.0,9796.0,,,,,20150331,888.0,188.0,147.0,441523327710.0,543206150081.613,,,,600.0,880.0,19.7,1093.5999755859375,2.122999906539917,2.798,52.689998626708984,91.08000183105469,,1186.0,,20150331,22335.0,23.03
20150102,095660,네오위즈,KOSDAQ,Listed,,FICS  게임&nbsp;소프트웨어,22650.0,23100.0,22200.0,22900.0,201636.0,4617464400.0,1.0,22900.0,5682.0,21856816.0,-376792700.0,-112258650.0,0.0,0.0,-112258650.0,-16571.0,-5000.0,0.0,,,,,20150331,980.0,106.0,58.0,594439824752.0,704292304366.1697,,,,200.0,351.0,4.34,1093.5999755859375,2.122999906539917,2.798,52.689998626708984,91.08000183105469,,1186.0,,20150331,27197.0,18.48
20150102,095700,제넥신,KOSDAQ,Listed,,FICS  바이오,17322.0,18810.0,17322.0,18448.0,67215.0,1239982320.0,1.0,18448.0,2295.0,45540494.0,50260500.0,-33745100.0,0.0,0.0,-17736400.0,993.0,-662.0,0.0,,,,,20150331,30.0,-74.0,211.0,260355004198.0,366710023412.883,,,,,462.0,-14.68,1093.5999755859375,2.122999906539917,2.798,52.689998626708984,91.08000183105469,,1186.0,,20150331,5717.0,40.85
20150102,095720,웅진씽크빅,KOSPI,Listed,,FICS  교육,6025.0,6120.0,5763.0,6042.0,391022.0,2362554924.0,1.0,6042.0,1559.0,115505985.0,227019770.0,-753159560.0,22372690.0,-366434520.0,229799100.0,30954.0,-102154.0,3057.0,,,,,20150331,2040.0,30.0,-26.0,278484929835.0,773826074532.5144,,,,90.0,-26.0,-10.93,1093.5999755859375,2.122999906539917,2.798,52.689998626708984,91.08000183105469,,1186.0,,20150331,2411.0,177.87
20150102,095910,에스에너지,KOSDAQ,Listed,,FICS  에너지&nbsp;시설&nbsp;및&nbsp;서비스,6509.0,6604.0,6472.0,6604.0,14914.0,98492056.0,1.0,6604.0,266.0,22902821.0,25867420.0,,0.0,0.0,0.0,3730.0,,0.0,,,,,20150331,220.0,-45.0,-78.0,35957428970.0,115948325456.662,,,,,-216.0,-56.22,1093.5999755859375,2.122999906539917,2.798,52.689998626708984,91.08000183105469,,1186.0,,20150331,1570.0,222.46
20150102,096240,크레버스,KOSDAQ,Listed,,FICS  교육,11200.0,11250.0,11150.0,11250.0,6550.0,73687500.0,1.0,11250.0,1426.0,11138180.0,-21127400.0,,0.0,0.0,0.0,-1883.0,,0.0,,,,,20150331,559.0,2.0,86.0,67753548940.0,242063104297.938,,,,500.0,749.0,32.19,1093.5999755859375,2.122999906539917,2.798,52.689998626708984,91.08000183105469,,1186.0,,20150331,6083.0,257.27
20150102,096250,와이즈넛,KOSDAQ,Listed,,FICS  일반&nbsp;소프트웨어,,,,,,,1.0,,1644.0,13096536.0,,,,,,,,,,,,,20150331,88.0,12.0,16.0,65574355752.0,72833436933.7464,,,,,121.0,7.87,1093.5999755859375,2.122999906539917,2.798,52.689998626708984,91.08000183105469,,1186.0,,20150331,5007.0,11.07
20150102,096350,대창솔루션,KOSDAQ,Listed,,FICS  조선,2240.0,2240.0,2190.0,2210.0,4329.0,9567090.0,1.0,2210.0,813.0,36854762.0,,,0.0,0.0,0.0,,,0.0,,,,,20150331,172.0,12.0,6.0,32763883418.0,124771420832.4276,,,,,8.0,-30.67,1093.5999755859375,2.122999906539917,2.798,52.689998626708984,91.08000183105469,,1186.0,,20150331,889.0,280.82
20150102,096530,씨젠,KOSDAQ,Listed,,FICS  의료&nbsp;장비&nbsp;및&nbsp;서비스,16408.0,16484.0,15730.0,16459.0,154512.0,2543113008.0,1.0,16459.0,13422.0,52225994.0,-1094023750.0,245588400.0,1089397900.0,66102000.0,-431670750.0,-34392.0,6934.0,33667.0,,,,,20150331,1271.0,123.0,146.0,1133042939830.0,1375174216071.671,,,,200.0,293.0,-0.06,1093.5999755859375,2.122999906539917,2.798,52.689998626708984,91.08000183105469,,1186.0,,20150331,21695.0,21.37
20150102,096610,알에프세미,KOSDAQ,Listed,,FICS  반도체&nbsp;및&nbsp;관련장비,7660.0,8200.0,7590.0,7750.0,213972.0,1658283000.0,1.0,7750.0,515.0,17386411.0,-14539690.0,,0.0,0.0,0.0,-1832.0,,0.0,,,,,20150331,61.0,13.0,14.0,15699929133.0,24190450808.1264,,,,,79.0,18.58,1093.5999755859375,2.122999906539917,2.798,52.689998626708984,91.08000183105469,,1186.0,,20150331,903.0,54.08
20150102,096630,에스코넥,KOSDAQ,Listed,,FICS  휴대폰&nbsp;및&nbsp;관련부품,1130.0,1140.0,1110.0,1130.0,646214.0,730221820.0,1.0,1130.0,482.0,79381616.0,-45776140.0,,0.0,0.0,0.0,-40603.0,,0.0,,,,,,,,,,,,,,,,,1093.5999755859375,2.122999906539917,2.798,52.689998626708984,91.08000183105469,,1186.0,,,,
20150102,096690,에이루트,KOSDAQ,Listed,,FICS  컴퓨터&nbsp;및&nbsp;주변기기,11950.0,11950.0,11802.0,12033.0,3700.0,44522100.0,1.0,12033.0,514.0,24137053.0,-667065.0,,0.0,0.0,0.0,-289.0,,0.0,,,,,,,,,,,,,,,,,1093.5999755859375,2.122999906539917,2.798,52.689998626708984,91.08000183105469,,1186.0,,,,
20150102,096760,JW홀딩스,KOSPI,Listed,,FICS  제약,2018.0,2018.0,1951.0,1989.0,37121.0,73833669.0,1.0,1989.0,2724.0,73924942.0,-12881650.0,,0.0,0.0,0.0,-5387.0,,0.0,,,,,20150331,2441.0,472.0,405.0,266277641084.0,577183414813.6785,,,,115.0,292.0,20.94,1093.5999755859375,2.122999906539917,2.798,52.689998626708984,91.08000183105469,,1186.0,,20150331,3602.0,116.76
20150102,096770,SK이노베이션,KOSPI,Listed,,FICS  석유&nbsp;및&nbsp;가스,82552.0,83438.0,82060.0,82651.0,271587.0,22446937137.0,1.0,82651.0,193734.0,169052788.0,2010491700.0,-6511780000.0,-2482597500.0,-854698600.0,-769462500.0,23954.0,-77651.0,-29618.0,,,,,20150331,200526.0,3320.0,-292.0,24682045153576.0,68630894754033.42,,,,2000.0,-143.0,-9.07,1093.5999755859375,2.122999906539917,2.798,52.689998626708984,91.08000183105469,,1186.0,,20150331,146002.0,178.06
20150102,096775,SK이노베이션우,KOSPI,Listed,,기준 분기는,51000.0,51000.0,50000.0,50300.0,5882.0,295864600.0,1.0,50300.0,193734.0,1248426.0,-11244300.0,-167297400.0,-159343600.0,-7953800.0,0.0,-222.0,-3329.0,-3172.0,,,,,,,,,,,,,,,,,1093.5999755859375,2.122999906539917,2.798,52.689998626708984,91.08000183105469,,1186.0,,,,
20150102,096870,엘디티,KOSDAQ,Listed,,FICS  디스플레이&nbsp;및&nbsp;관련부품,1775.0,1850.0,1775.0,1825.0,11551.0,21080575.0,1.0,1825.0,168.0,6678400.0,2337615.0,,0.0,0.0,0.0,1276.0,,0.0,,,,,,,,,,,,,,,,,1093.5999755859375,2.122999906539917,2.798,52.689998626708984,91.08000183105469,,1186.0,,,,
20150102,097230,HJ중공업,KOSPI,Listed,,FICS  건설,49754.0,49869.0,44389.0,45848.0,2924708.0,134092012384.0,1.0,45848.0,19955.0,90295344.0,258502415.0,-2297701395.0,791523610.0,-96946940.0,-2771653115.0,67885.0,-560659.0,194000.0,,,,,20150331,4522.0,58.0,39.0,376621879824.0,2481147282092.5293,,,,,47.0,-4.67,1093.5999755859375,2.122999906539917,2.798,52.689998626708984,91.08000183105469,,1186.0,,20150331,4171.0,558.79
20150102,097520,엠씨넥스,KOSDAQ,Listed,,FICS  휴대폰&nbsp;및&nbsp;관련부품,5979.0,6002.0,5756.0,5957.0,36187.0,215565959.0,1.0,5957.0,4846.0,17983482.0,25900000.0,49886600.0,0.0,0.0,49886600.0,1962.0,3747.0,0.0,,,,,20150331,3114.0,146.0,180.0,475663098900.0,755876230461.99,,,,800.0,909.0,19.34,1093.5999755859375,2.122999906539917,2.798,52.689998626708984,91.08000183105469,,1186.0,,20150331,26450.0,58.91
20150102,097780,에코볼트,KOSDAQ,Listed,,FICS  자동차부품,3503.0,3517.0,3367.0,3485.0,284392.0,991106120.0,1.0,3485.0,612.0,67730338.0,74306890.0,,0.0,0.0,0.0,15445.0,,0.0,,,,,20150331,542.0,19.0,26.0,227777126694.0,265929795415.245,,,,,41.0,-9.04,1093.5999755859375,2.122999906539917,2.798,52.689998626708984,91.08000183105469,,1186.0,,20150331,3363.0,16.75
20150102,097800,윈팩,KOSDAQ,Listed,,FICS  반도체&nbsp;및&nbsp;관련장비,1187.0,1265.0,1187.0,1236.0,40887.0,50536332.0,1.0,1236.0,716.0,136450229.0,-392705.0,,0.0,0.0,0.0,-192.0,,0.0,,,,,,,,,,,,,,,,,1093.5999755859375,2.122999906539917,2.798,52.689998626708984,91.08000183105469,,1186.0,,,,
20150102,097870,효성오앤비,KOSDAQ,Listed,,FICS  화학,18091.0,18126.0,17303.0,17886.0,31273.0,559348878.0,1.0,17886.0,513.0,8490000.0,-110199300.0,82193200.0,135460800.0,0.0,0.0,-4254.0,3164.0,5234.0,,,,,20150331,30.0,-3.0,-0.0,84382110000.0,94777985952.0,,,,,1.0,3.65,1093.5999755859375,2.122999906539917,2.798,52.689998626708984,91.08000183105469,,1186.0,,20150331,9939.0,12.32
20150102,097950,CJ제일제당,KOSPI,Listed,,FICS  식료품,305000.0,309000.0,300500.0,303000.0,38894.0,11784882000.0,1.0,303000.0,32065.0,15054186.0,872838000.0,-3584937000.0,-712589000.0,-957053500.0,-146415500.0,2893.0,-11893.0,-2370.0,,,,,,,,,,,,,,,,,1093.5999755859375,2.122999906539917,2.798,52.689998626708984,91.08000183105469,,1186.0,,,,
20150102,097955,CJ제일제당 우,KOSPI,Listed,,기준 분기는,162500.0,166000.0,156500.0,156500.0,1417.0,221760500.0,1.0,156500.0,32065.0,1327433.0,12151000.0,-107249500.0,0.0,-22522000.0,-12675500.0,76.0,-666.0,0.0,,,,,20150331,75769.0,3235.0,1284.0,651443054482.0,1633884324946.304,,,,1500.0,4852.0,0.83,1093.5999755859375,2.122999906539917,2.798,52.689998626708984,91.08000183105469,,1186.0,,20150331,490754.0,150.81
20150102,098070,한텍,KOSDAQ,Listed,,FICS  에너지&nbsp;시설&nbsp;및&nbsp;서비스,,,,,,,1.0,,3925.0,11121141.0,,,,,,,,,,,,,20150331,411.0,88.0,107.0,157853475354.0,223694159924.1534,,,,,963.0,27.94,1093.5999755859375,2.122999906539917,2.798,52.689998626708984,91.08000183105469,,1186.0,,20150331,14194.0,41.71
20150102,098120,마이크로컨텍솔,KOSDAQ,Listed,,FICS  반도체&nbsp;및&nbsp;관련장비,12150.0,12400.0,11800.0,11900.0,74966.0,892095400.0,1.0,11900.0,1596.0,8312766.0,27793000.0,-170380400.0,-67642000.0,0.0,0.0,2310.0,-14257.0,-5665.0,,,,,,,,,,,,,,,,,1093.5999755859375,2.122999906539917,2.798,52.689998626708984,91.08000183105469,,1186.0,,,,
20150102,098460,고영,KOSDAQ,Listed,,FICS  전자&nbsp;장비&nbsp;및&nbsp;기기,8660.0,9060.0,8650.0,9060.0,141999.0,1286510940.0,1.0,9060.0,18502.0,68654755.0,733153650.0,-1952009400.0,-103293550.0,-1273220850.0,-310308550.0,16477.0,-43832.0,-2304.0,,,,,20150331,621.0,48.0,68.0,331327847630.0,395373520576.879,,,,140.0,84.0,5.62,1093.5999755859375,2.122999906539917,2.798,52.689998626708984,91.08000183105469,,1186.0,,20150331,4826.0,19.33
20150102,098660,에스티오,KOSDAQ,Listed,,FICS  섬유&nbsp;및&nbsp;의복,1283.0,1340.0,1283.0,1301.0,3266.0,4249066.0,1.0,1301.0,233.0,12500976.0,-318645.0,,0.0,0.0,0.0,-164.0,,0.0,,,,,,,,,,,,,,,,,1093.5999755859375,2.122999906539917,2.798,52.689998626708984,91.08000183105469,,1186.0,,,,
20150102,099190,아이센스,KOSDAQ,Listed,,FICS  의료&nbsp;장비&nbsp;및&nbsp;서비스,21204.0,21638.0,21204.0,21539.0,137853.0,2969215767.0,1.0,21539.0,4615.0,27586926.0,619262900.0,78057000.0,-463666200.0,738285100.0,-66209100.0,9618.0,1199.0,-7216.0,,,,,20150331,861.0,44.0,-8.0,321001470936.0,542331985146.372,,,,100.0,105.0,0.22,1093.5999755859375,2.122999906539917,2.798,52.689998626708984,91.08000183105469,,1186.0,,20150331,11636.0,68.95
20150102,099220,SDN,KOSDAQ,Listed,,FICS  에너지&nbsp;시설&nbsp;및&nbsp;서비스,987.0,1000.0,979.0,984.0,116161.0,114302424.0,1.0,984.0,739.0,64944350.0,-1680552.0,,0.0,0.0,0.0,-1694.0,,0.0,,,,,20150331,261.0,18.0,36.0,83323601050.0,166147260493.7,,,,,56.0,-17.22,1093.5999755859375,2.122999906539917,2.798,52.689998626708984,91.08000183105469,,1186.0,,20150331,1283.0,99.4
20150102,099320,쎄트렉아이,KOSDAQ,Listed,,FICS  상업서비스,9825.0,10228.0,9775.0,10229.0,13307.0,136117303.0,1.0,10229.0,5322.0,10951278.0,-5564700.0,,0.0,0.0,0.0,-283.0,,0.0,,,,,20150331,625.0,49.0,70.0,248265472260.0,402686596005.72,,,,190.0,568.0,5.28,1093.5999755859375,2.122999906539917,2.798,52.689998626708984,91.08000183105469,,1186.0,,20150331,22670.0,62.2
20150102,099390,브레인즈컴퍼니,KOSDAQ,Listed,,FICS  일반&nbsp;소프트웨어,,,,,,,1.0,,412.0,8208283.0,,,,,,,,,,,,,,,,,,,,,,,,,1093.5999755859375,2.122999906539917,2.798,52.689998626708984,91.08000183105469,,1186.0,,,,
20150102,099410,동방선기,KOSDAQ,Listed,,FICS  조선,2226.0,2289.0,2220.0,2283.0,42645.0,97358535.0,1.0,2283.0,667.0,14000000.0,12097820.0,,0.0,0.0,0.0,6141.0,,0.0,,,,,,,,,,,,,,,,,1093.5999755859375,2.122999906539917,2.798,52.689998626708984,91.08000183105469,,1186.0,,,,
20150102,099430,바이오플러스,KOSDAQ,Listed,,FICS  의료&nbsp;장비&nbsp;및&nbsp;서비스,,,,,,,1.0,,3445.0,61640722.0,,,,,,,,,,,,,20150331,241.0,49.0,44.0,170868081384.0,265221435924.2448,,,,50.0,51.0,10.7,1093.5999755859375,2.122999906539917,2.798,52.689998626708984,91.08000183105469,,1186.0,,20150331,2772.0,55.22
20150102,099440,스맥,KOSDAQ,Listed,,FICS  기계,4449.0,4551.0,4373.0,4551.0,1859125.0,8460877875.0,1.0,4551.0,5350.0,68243394.0,-206630270.0,,0.0,0.0,0.0,-39229.0,,0.0,,,,,20150331,362.0,-4.0,10.0,181459184646.0,403837415429.67303,,,,,15.0,2.9,1093.5999755859375,2.122999906539917,2.798,52.689998626708984,91.08000183105469,,1186.0,,20150331,2659.0,122.55
20150102,099520,DGI,KOSDAQ,Listed,,FICS  보안장비,2353.0,2507.0,2353.0,2451.0,261299.0,640443849.0,1.0,2451.0,581.0,45281824.0,47456880.0,,0.0,0.0,0.0,18905.0,,0.0,,,,,20150331,76.0,-7.0,-5.0,22822039296.0,28153267675.5456,,,,,-12.0,-13.28,1093.5999755859375,2.122999906539917,2.798,52.689998626708984,91.08000183105469,,1186.0,,20150331,504.0,23.36
20150102,099750,이지케어텍,KOSDAQ,Listed,,FICS  의료&nbsp;장비&nbsp;및&nbsp;서비스,,,,,,,1.0,,1455.0,6834776.0,,,,,,,,,,,,,20150331,171.0,21.0,24.0,39546013936.0,54280858728.553604,,,,,350.0,7.91,1093.5999755859375,2.122999906539917,2.798,52.689998626708984,91.08000183105469,,1186.0,,20150331,5786.0,37.26
20150102,100030,인지소프트,KOSDAQ,Listed,,FICS  IT&nbsp;서비스,8590.0,8590.0,8290.0,8460.0,2854.0,24144840.0,1.0,8460.0,676.0,3283714.0,1111890.0,,0.0,0.0,0.0,135.0,,0.0,,,,,,,,,,,,,,,,,1093.5999755859375,2.122999906539917,2.798,52.689998626708984,91.08000183105469,,1186.0,,,,
20150102,100090,SK오션플랜트,KOSDAQ,Listed,,FICS  에너지&nbsp;시설&nbsp;및&nbsp;서비스,3554.0,3604.0,3476.0,3568.0,3876.0,13829568.0,1.0,3568.0,500.0,62478129.0,,,0.0,0.0,0.0,,,0.0,,,,,20150331,2727.0,179.0,128.0,748300551033.0,1115790951645.3062,,,,,195.0,3.29,1093.5999755859375,2.122999906539917,2.798,52.689998626708984,91.08000183105469,,1186.0,,20150331,11977.0,49.11
20150102,100120,뷰웍스,KOSDAQ,Listed,,FICS  의료&nbsp;장비&nbsp;및&nbsp;서비스,34250.0,34900.0,33500.0,34650.0,109695.0,3800931750.0,1.0,34650.0,1984.0,9750000.0,-249299350.0,-140365750.0,-263994450.0,-309232400.0,-263438850.0,-7304.0,-4510.0,-7783.0,,,,,20150331,647.0,74.0,71.0,264673500000.0,394707590550.0,,,,600.0,756.0,8.77,1093.5999755859375,2.122999906539917,2.798,52.689998626708984,91.08000183105469,,1186.0,,20150331,27146.0,49.13
20150102,100130,동국S&C,KOSDAQ,Listed,,FICS  금속&nbsp;및&nbsp;광물,3125.0,3145.0,3025.0,3045.0,291075.0,886323375.0,1.0,3045.0,1168.0,57143000.0,27508395.0,-428046955.0,-400474510.0,-27572445.0,0.0,9013.0,-139657.0,-130658.0,,,,,20150331,180.0,-2.0,-10.0,191714765000.0,279846042470.5,,,,,-18.0,-19.91,1093.5999755859375,2.122999906539917,2.798,52.689998626708984,91.08000183105469,,1186.0,,20150331,3355.0,45.97
20150102,100220,비상교육,KOSPI,Listed,,FICS  교육,7730.0,7980.0,7730.0,7980.0,12044.0,96111120.0,1.0,7980.0,675.0,12996741.0,-9386500.0,,0.0,0.0,0.0,-1177.0,,0.0,,,,,20150331,429.0,-144.0,-141.0,187659943299.0,382432198449.0321,,,,100.0,-1084.0,3.23,1093.5999755859375,2.122999906539917,2.798,52.689998626708984,91.08000183105469,,1186.0,,20150331,14439.0,103.79
20150102,100250,진양홀딩스,KOSPI,Listed,,FICS  화학,4145.0,4270.0,4025.0,4265.0,248203.0,1058585795.0,1.0,4265.0,1875.0,55895292.0,1595320.0,466390995.0,0.0,481548660.0,-15157665.0,370.0,111825.0,0.0,,,,,20150331,677.0,12.0,153.0,371032948296.0,580629460788.4105,,,,50.0,252.0,6.96,1093.5999755859375,2.122999906539917,2.798,52.689998626708984,91.08000183105469,,1186.0,,20150331,6638.0,56.49
20150102,100590,머큐리,KOSDAQ,Listed,,FICS  통신장비,,,,,,,1.0,,511.0,15830023.0,,,,,,,,,,,,,20150331,296.0,-3.0,-7.0,95534188805.0,125551030927.531,,,,,-46.0,-6.15,1093.5999755859375,2.122999906539917,2.798,52.689998626708984,91.08000183105469,,1186.0,,20150331,6035.0,31.42
20150102,100660,서암기계공업,KOSDAQ,Listed,,FICS  기계,3060.0,3090.0,3060.0,3080.0,2907.0,8953560.0,1.0,3080.0,2.0,12600000.0,-172075.0,,0.0,0.0,0.0,-56.0,,0.0,,,,,,,,,,,,,,,,,1093.5999755859375,2.122999906539917,2.798,52.689998626708984,91.08000183105469,,1186.0,,,,
20150102,100700,세운메디칼,KOSDAQ,Listed,,FICS  의료&nbsp;장비&nbsp;및&nbsp;서비스,6240.0,6250.0,6040.0,6140.0,421244.0,2586438160.0,1.0,6140.0,1084.0,43800000.0,197035100.0,-74393620.0,0.0,21462000.0,-52690540.0,32026.0,-12129.0,0.0,,,,,20150331,168.0,38.0,39.0,152643000000.0,161481029700.0,,,,60.0,84.0,7.99,1093.5999755859375,2.122999906539917,2.798,52.689998626708984,91.08000183105469,,1186.0,,20150331,3485.0,5.79
20150102,100790,미래에셋벤처투자,KOSDAQ,Listed,,FICS  창업투자&nbsp;및&nbsp;종금,,,,,,,1.0,,5126.0,53124634.0,,,,,,,,,,,,,20150331,218.0,98.0,72.0,359122525840.0,1080384206737.056,,,,85.0,136.0,1.11,1093.5999755859375,2.122999906539917,2.798,52.689998626708984,91.08000183105469,,1186.0,,20150331,6760.0,200.84
20150102,100840,SNT에너지,KOSPI,Listed,,FICS  에너지&nbsp;시설&nbsp;및&nbsp;서비스,5219.0,5271.0,5185.0,5254.0,6389.0,33567806.0,1.0,5254.0,9078.0,20680783.0,-1530100.0,,0.0,0.0,0.0,-101.0,,0.0,,,,,20150331,1502.0,252.0,221.0,376597058430.0,646692468735.996,,,,300.0,1069.0,20.96,1093.5999755859375,2.122999906539917,2.798,52.689998626708984,91.08000183105469,,1186.0,,20150331,18210.0,71.72
20150102,101000,KS인더스트리,KOSDAQ,Listed,,FICS  조선,5543.0,5543.0,5442.0,5513.0,2652.0,14620476.0,1.0,5513.0,230.0,33446802.0,,,0.0,0.0,0.0,,,0.0,,,,,20150331,120.0,-10.0,-12.0,36457014180.0,64864319629.056,,,,,-35.0,-15.34,1093.5999755859375,2.122999906539917,2.798,52.689998626708984,91.08000183105469,,1186.0,,20150331,1090.0,77.92
20150102,101140,인바이오젠,KOSPI,Listed,,FICS  전자&nbsp;장비&nbsp;및&nbsp;기기,31315.0,34196.0,31315.0,32693.0,5690.0,186023170.0,1.0,32693.0,1170.0,10044216.0,87335.0,,0.0,0.0,0.0,216.0,,0.0,,,,,,,,,,,,,,,,,1093.5999755859375,2.122999906539917,2.798,52.689998626708984,91.08000183105469,,1186.0,,,,
20150102,101160,월덱스,KOSDAQ,Listed,,FICS  반도체&nbsp;및&nbsp;관련장비,1980.0,2140.0,1930.0,2075.0,279203.0,579346225.0,1.0,2075.0,3714.0,16510993.0,1409960.0,,0.0,0.0,0.0,954.0,,0.0,,,,,20150331,669.0,130.0,130.0,315657164174.0,406503296023.2772,,,,60.0,789.0,9.99,1093.5999755859375,2.122999906539917,2.798,52.689998626708984,91.08000183105469,,1186.0,,20150331,19118.0,28.78
20150102,101170,우림피티에스,KOSDAQ,Listed,,FICS  기계,4400.0,4480.0,4335.0,4340.0,34625.0,150272500.0,1.0,4340.0,1386.0,13500000.0,9230120.0,-9170210.0,-8607315.0,2617850.0,0.0,2099.0,-2087.0,-1960.0,,,,,20150331,158.0,35.0,34.0,84199500000.0,101755095749.99998,,,,30.0,253.0,-8.58,1093.5999755859375,2.122999906539917,2.798,52.689998626708984,91.08000183105469,,1186.0,,20150331,6237.0,20.85
20150102,101240,씨큐브,KOSDAQ,Listed,,FICS  화학,4908.0,4947.0,4768.0,4948.0,30012.0,148499376.0,1.0,4948.0,458.0,10861390.0,-6396870.0,,0.0,0.0,0.0,-1010.0,,0.0,,,,,20150331,140.0,23.0,19.0,98176104210.0,128502702800.469,,,,176.0,177.0,11.43,1093.5999755859375,2.122999906539917,2.798,52.689998626708984,91.08000183105469,,1186.0,,20150331,9039.0,30.89
20150102,101330,모베이스,KOSDAQ,Listed,,FICS  자동차부품,4857.0,4947.0,4766.0,4858.0,82536.0,400959888.0,1.0,4858.0,734.0,23147029.0,32621300.0,,0.0,0.0,0.0,3015.0,,0.0,,,,,,,,,,,,,,,,,1093.5999755859375,2.122999906539917,2.798,52.689998626708984,91.08000183105469,,1186.0,,,,
20150102,101360,에코앤드림,KOSDAQ,Listed,,FICS  화학,2945.0,2945.0,2945.0,2945.0,0.0,,1.0,,3868.0,17786114.0,,,0.0,0.0,0.0,,,0.0,,,,,20150331,350.0,3.0,3.0,225189989354.0,501092764310.5208,,,,,13.0,7.08,1093.5999755859375,2.122999906539917,2.798,52.689998626708984,91.08000183105469,,1186.0,,20150331,12661.0,122.52
20150102,101390,아이엠,KOSDAQ,Listed,,FICS  휴대폰&nbsp;및&nbsp;관련부품,25319.0,26367.0,25319.0,25914.0,13914.0,360567396.0,1.0,25914.0,51.0,12981844.0,21183200.0,,0.0,0.0,0.0,6934.0,,0.0,,,,,,,,,,,,,,,,,1093.5999755859375,2.122999906539917,2.798,52.689998626708984,91.08000183105469,,1186.0,,,,
20150102,101400,엔시트론,KOSDAQ,Listed,,FICS  반도체&nbsp;및&nbsp;관련장비,1630.0,1640.0,1590.0,1640.0,18387.0,30154680.0,1.0,1640.0,207.0,68450730.0,,,0.0,0.0,0.0,,,0.0,,,,,,,,,,,,,,,,,1093.5999755859375,2.122999906539917,2.798,52.689998626708984,91.08000183105469,,1186.0,,,,
20150102,101490,에스앤에스텍,KOSDAQ,Listed,,FICS  반도체&nbsp;및&nbsp;관련장비,3255.0,3350.0,3170.0,3285.0,28446.0,93445110.0,1.0,3285.0,20.0,21334879.0,-161840.0,,0.0,0.0,0.0,-35.0,,0.0,,,,,20150331,623.0,98.0,92.0,286783443518.0,411046709594.3494,,,,150.0,430.0,15.89,1093.5999755859375,2.122999906539917,2.798,52.689998626708984,91.08000183105469,,1186.0,,20150331,13442.0,43.33
20150102,101530,해태제과식품,KOSDAQ,Listed,,FICS  식료품,,,,,,,1.0,,2000.0,29116822.0,,,,,,,,,,,,,20150331,1604.0,83.0,44.0,330650630632.0,787543672039.2976,,,,250.0,148.0,8.18,1093.5999755859375,2.122999906539917,2.798,52.689998626708984,91.08000183105469,,1186.0,,20150331,11356.0,138.18
20150102,101670,하이드로리튬,KOSDAQ,Listed,,FICS  건설,824.0,828.0,822.0,828.0,837.0,693036.0,1.0,828.0,1267.0,54169970.0,,,0.0,0.0,0.0,,,0.0,,,,,20150331,7.0,-33.0,-26.0,50811431860.0,67721476383.007996,,,,,-48.0,-23.01,1093.5999755859375,2.122999906539917,2.798,52.689998626708984,91.08000183105469,,1186.0,,20150331,938.0,33.28
20150102,101680,한국정밀기계,KOSDAQ,Listed,,FICS  기계,8617.0,9014.0,8543.0,9000.0,58300.0,524700000.0,1.0,9000.0,182.0,8404000.0,42150140.0,,0.0,0.0,0.0,6996.0,,0.0,,,,,,,,,,,,,,,,,1093.5999755859375,2.122999906539917,2.798,52.689998626708984,91.08000183105469,,1186.0,,,,
20150102,101730,위메이드맥스,KOSDAQ,Listed,,FICS  게임&nbsp;소프트웨어,24227.0,25245.0,24182.0,25246.0,351308.0,8869121768.0,1.0,25246.0,5740.0,83803286.0,-171719300.0,-4224284550.0,-1271150.0,-198911150.0,-4302330300.0,-6212.0,-151496.0,-46.0,,,,,20150331,382.0,-117.0,-87.0,477175910484.0,586878652304.2716,,,,,-100.0,-10.71,1093.5999755859375,2.122999906539917,2.798,52.689998626708984,91.08000183105469,,1186.0,,20150331,5694.0,22.99
20150102,101930,인화정공,KOSDAQ,Listed,,FICS  조선,5910.0,5970.0,5750.0,5800.0,3966.0,23002800.0,1.0,5800.0,4505.0,9232882.0,,-10700150.0,0.0,-10700150.0,0.0,,-1850.0,0.0,,,,,,,,,,,,,,,,,1093.5999755859375,2.122999906539917,2.798,52.689998626708984,91.08000183105469,,1186.0,,,,
20150102,101970,우양에이치씨,KOSDAQ,Listed,,FICS  에너지&nbsp;시설&nbsp;및&nbsp;서비스,3440.0,3640.0,3440.0,3590.0,62050.0,222759500.0,1.0,3590.0,1819.0,14790009.0,51504215.0,,0.0,0.0,0.0,14718.0,,0.0,,,,,20150331,204.0,-13.0,1.0,186472433472.0,231953059995.8208,,,,,4.0,-0.41,1093.5999755859375,2.122999906539917,2.798,52.689998626708984,91.08000183105469,,1186.0,,20150331,12608.0,24.39
20150102,102120,어보브반도체,KOSDAQ,Listed,,FICS  반도체&nbsp;및&nbsp;관련장비,7180.0,7280.0,7110.0,7230.0,353375.0,2554901250.0,1.0,7230.0,1966.0,17780753.0,24627910.0,-35840330.0,0.0,-12420000.0,-1677600.0,3371.0,-4978.0,0.0,,,,,20150331,583.0,15.0,22.0,132537732862.0,243021186975.7632,,,,150.0,191.0,9.67,1093.5999755859375,2.122999906539917,2.798,52.689998626708984,91.08000183105469,,1186.0,,20150331,7454.0,83.36
20150102,102260,동성케미컬,KOSPI,Listed,,FICS  화학,6630.0,6689.0,6442.0,6452.0,165953.0,1070728756.0,1.0,6452.0,2283.0,50176791.0,149107280.0,82053100.0,0.0,82053100.0,0.0,22865.0,12347.0,0.0,,,,,,,,,,,,,,,,,1093.5999755859375,2.122999906539917,2.798,52.689998626708984,91.08000183105469,,1186.0,,,,
20150102,102370,케이옥션,KOSDAQ,Listed,,FICS  도소매,,,,,,,1.0,,1014.0,27229210.0,,,,,,,,,,,,,20150331,24.0,-14.0,-13.0,113055679920.0,211018426570.68,,,,35.0,-30.0,-4.59,1093.5999755859375,2.122999906539917,2.798,52.689998626708984,91.08000183105469,,1186.0,,20150331,4152.0,86.65
20150102,102460,이연제약,KOSPI,Listed,,FICS  제약,16114.0,16491.0,16076.0,16229.0,40922.0,664123138.0,1.0,16229.0,2234.0,18586811.0,9189000.0,-64435100.0,0.0,-64435100.0,0.0,416.0,-3000.0,0.0,,,,,20150331,376.0,-72.0,-39.0,236238367810.0,479422143633.61395,,,,150.0,-208.0,-5.93,1093.5999755859375,2.122999906539917,2.798,52.689998626708984,91.08000183105469,,1186.0,,20150331,12710.0,102.94
20150102,102710,이엔에프테크놀로지,KOSDAQ,Listed,,FICS  반도체&nbsp;및&nbsp;관련장비,6740.0,6740.0,6600.0,6680.0,18459.0,123306120.0,1.0,6680.0,6515.0,14287836.0,15072430.0,,0.0,0.0,0.0,2278.0,,0.0,,,,,,,,,,,,,,,,,1093.5999755859375,2.122999906539917,2.798,52.689998626708984,91.08000183105469,,1186.0,,,,
20150102,102940,코오롱생명과학,KOSDAQ,Listed,,FICS  제약,32002.0,32002.0,30900.0,31160.0,33091.0,1031115560.0,1.0,31160.0,6646.0,12423387.0,-105014450.0,-562206500.0,-346170150.0,-156950750.0,-93001700.0,-2178.0,-11684.0,-7215.0,,,,,20150331,665.0,189.0,255.0,346413723108.0,642147118525.2996,,,,,2056.0,7.75,1093.5999755859375,2.122999906539917,2.798,52.689998626708984,91.08000183105469,,1186.0,,20150331,27884.0,85.37
20150102,103140,풍산,KOSPI,Listed,,FICS  금속&nbsp;및&nbsp;광물,24800.0,24950.0,24650.0,24800.0,63883.0,1584298400.0,1.0,24800.0,28780.0,28024278.0,-5844150.0,-379368950.0,0.0,-64354350.0,-141160100.0,-242.0,-15321.0,0.0,,,,,20150331,14555.0,835.0,586.0,2379121080810.0,4472747631922.8,,,,2600.0,2144.0,8.11,1093.5999755859375,2.122999906539917,2.798,52.689998626708984,91.08000183105469,,1186.0,,20150331,84895.0,88.0
20150102,103230,에스앤더블류,KOSDAQ,Listed,,FICS  조선,2070.0,2070.0,1975.0,2005.0,4849.0,9722245.0,1.0,2005.0,300.0,7200000.0,,40450.0,0.0,0.0,40450.0,,20.0,0.0,,,,,,,,,,,,,,,,,1093.5999755859375,2.122999906539917,2.798,52.689998626708984,91.08000183105469,,1186.0,,,,
20150102,103590,일진전기,KOSPI,Listed,,FICS  전기장비,7430.0,7704.0,7402.0,7686.0,110405.0,848572830.0,1.0,7686.0,26226.0,47685390.0,-24509970.0,245767640.0,242921860.0,-4627750.0,0.0,-2976.0,30349.0,30000.0,,,,,20150331,5320.0,372.0,243.0,583859915160.0,1416852856118.772,,,,300.0,375.0,16.29,1093.5999755859375,2.122999906539917,2.798,52.689998626708984,91.08000183105469,,1186.0,,20150331,12244.0,142.67
20150102,103840,우양,KOSDAQ,Listed,,FICS  식료품,,,,,,,1.0,,551.0,16366428.0,,,,,,,,,,,,,20150331,480.0,10.0,3.0,45187707708.0,150325947232.20358,,,,,18.0,5.59,1093.5999755859375,2.122999906539917,2.798,52.689998626708984,91.08000183105469,,1186.0,,20150331,2761.0,232.67
20150102,104040,대성파인텍,KOSDAQ,Listed,,FICS  자동차부품,693.0,707.0,693.0,699.0,1517.0,1060383.0,1.0,699.0,988.0,134067826.0,,,0.0,0.0,0.0,,,0.0,,,,,20150331,85.0,-13.0,72.0,115298330360.0,229662744244.084,,,,,92.0,-1.49,1093.5999755859375,2.122999906539917,2.798,52.689998626708984,91.08000183105469,,1186.0,,20150331,860.0,99.19
20150102,104200,NHN벅스,KOSDAQ,Listed,,FICS  미디어,10200.0,10550.0,10200.0,10500.0,88517.0,929428500.0,1.0,10500.0,390.0,14827550.0,-3293750.0,26912400.0,0.0,17305300.0,0.0,-318.0,2594.0,0.0,,,,,20150331,109.0,-4.0,-2.0,60526059100.0,77225198805.69,,,,,-15.0,-20.0,1093.5999755859375,2.122999906539917,2.798,52.689998626708984,91.08000183105469,,1186.0,,20150331,4082.0,27.59
20150102,104460,디와이피엔에프,KOSDAQ,Listed,,FICS  기계,4455.0,4500.0,4235.0,4300.0,31425.0,135127500.0,1.0,4300.0,1462.0,10518101.0,290.0,,0.0,0.0,0.0,,,0.0,,,,,20150331,1085.0,111.0,93.0,174127162055.0,282469082285.621,,,,200.0,871.0,28.58,1093.5999755859375,2.122999906539917,2.798,52.689998626708984,91.08000183105469,,1186.0,,20150331,16555.0,62.22
20150102,104480,티케이케미칼,KOSDAQ,Listed,,FICS  화학,1855.0,1880.0,1845.0,1880.0,188616.0,354598080.0,1.0,1880.0,1550.0,90895434.0,12796805.0,,0.0,0.0,0.0,6934.0,,0.0,,,,,20150331,920.0,23.0,177.0,1210908971748.0,1447883857519.0835,,,,,194.0,-8.86,1093.5999755859375,2.122999906539917,2.798,52.689998626708984,91.08000183105469,,1186.0,,20150331,13322.0,19.57
20150102,104540,코렌텍,KOSDAQ,Listed,,FICS  의료&nbsp;장비&nbsp;및&nbsp;서비스,21361.0,22373.0,21182.0,21897.0,163458.0,3579239826.0,1.0,21897.0,737.0,12785740.0,-53863500.0,-2191750.0,0.0,0.0,-2191750.0,-2823.0,-119.0,0.0,,,,,,,,,,,,,,,,,1093.5999755859375,2.122999906539917,2.798,52.689998626708984,91.08000183105469,,1186.0,,,,
20150102,104620,노랑풍선,KOSDAQ,Listed,,FICS  호텔&nbsp;및&nbsp;레저,,,,,,,1.0,,887.0,16810552.0,,,,,,,,,,,,,,,,,,,,,,,,,1093.5999755859375,2.122999906539917,2.798,52.689998626708984,91.08000183105469,,1186.0,,,,
20150102,104700,한국철강,KOSPI,Listed,,FICS  금속&nbsp;및&nbsp;광물,5899.0,6180.0,5890.0,6150.0,8140.0,50061000.0,1.0,6150.0,3645.0,36450000.0,19862800.0,143336400.0,20146650.0,26006700.0,66377150.0,652.0,4747.0,663.0,,,,,20150331,1150.0,-98.0,40.0,863318250000.0,952585357050.0,,,,400.0,110.0,-0.4,1093.5999755859375,2.122999906539917,2.798,52.689998626708984,91.08000183105469,,1186.0,,20150331,23685.0,10.34
20150102,104830,원익머트리얼즈,KOSDAQ,Listed,,FICS  반도체&nbsp;및&nbsp;관련장비,22900.0,23225.0,22500.0,23000.0,13714.0,315422000.0,1.0,23000.0,3921.0,12608000.0,-7962000.0,299779850.0,3965400.0,228166300.0,-4336200.0,-172.0,6546.0,87.0,,,,,,,,,,,,,,,,,1093.5999755859375,2.122999906539917,2.798,52.689998626708984,91.08000183105469,,1186.0,,,,
20150102,105330,케이엔더블유,KOSDAQ,Listed,,FICS  반도체&nbsp;및&nbsp;관련장비,4665.0,4747.0,4592.0,4649.0,4247.0,19744303.0,1.0,4649.0,921.0,16060028.0,-3020810.0,,0.0,0.0,0.0,-532.0,,0.0,,,,,20150331,199.0,-5.0,-9.0,125252158372.0,230651849642.038,,,,,-55.0,-0.94,1093.5999755859375,2.122999906539917,2.798,52.689998626708984,91.08000183105469,,1186.0,,20150331,7799.0,84.15
20150102,105550,엣지파운드리,KOSDAQ,Listed,,FICS  자동차부품,4273.0,4545.0,4217.0,4527.0,324728.0,1470043656.0,1.0,4527.0,1221.0,78307051.0,4741730.0,,0.0,0.0,0.0,646.0,,0.0,,,,,20150331,90.0,-46.0,-67.0,136959032199.0,210040371780.38638,,,,,-86.0,4.5,1093.5999755859375,2.122999906539917,2.798,52.689998626708984,91.08000183105469,,1186.0,,20150331,1749.0,53.36
20150102,105560,KB금융,KOSPI,Listed,,FICS  상업은행,36150.0,36500.0,35800.0,36000.0,787884.0,28363824000.0,1.0,36000.0,498570.0,381462103.0,-1679468050.0,-9757801750.0,-803538400.0,-5729149850.0,-3507762600.0,-46666.0,-270758.0,-22216.0,,,,,20150331,149661.0,10240.0,7010.0,63439055039415.0,822887014632763.9,,,,930.0,1829.0,9.88,1093.5999755859375,2.122999906539917,2.798,52.689998626708984,91.08000183105469,,1186.0,,20150331,166305.0,1197.13
20150102,105630,한세실업,KOSPI,Listed,,FICS  섬유&nbsp;및&nbsp;의복,39150.0,39700.0,38650.0,39350.0,79182.0,3115811700.0,1.0,39350.0,5292.0,40000000.0,-286874800.0,-882377550.0,-651040000.0,26648100.0,-37948000.0,-7317.0,-22805.0,-16763.0,,,,,20150331,4246.0,138.0,19.0,744120000000.0,1593756216000.0,,,,500.0,-58.0,4.62,1093.5999755859375,2.122999906539917,2.798,52.689998626708984,91.08000183105469,,1186.0,,20150331,18603.0,114.18
20150102,105740,디케이락,KOSDAQ,Listed,,FICS  기계,6300.0,6300.0,6210.0,6280.0,10102.0,63440560.0,1.0,6280.0,1016.0,10168513.0,2774570.0,-21550670.0,-18343150.0,-3207520.0,0.0,445.0,-3451.0,-2937.0,,,,,20150331,376.0,67.0,78.0,137874867767.0,224225897449.4721,,,,250.0,764.0,6.0,1093.5999755859375,2.122999906539917,2.798,52.689998626708984,91.08000183105469,,1186.0,,20150331,13559.0,62.63
20150102,105760,포스뱅크,KOSDAQ,Listed,,FICS  상업서비스,,,,,,,1.0,,544.0,10164047.0,,,,,,,,,,,,,20150331,183.0,-4.0,2.0,79665800386.0,101510162851.8412,,,,,18.0,7.94,1093.5999755859375,2.122999906539917,2.798,52.689998626708984,91.08000183105469,,1186.0,,20150331,7838.0,27.42
20150102,105840,우진,KOSPI,Listed,,FICS  기계,8800.0,8920.0,8800.0,8880.0,3063.0,27199440.0,1.0,8880.0,3809.0,20197670.0,361220.0,,0.0,0.0,0.0,41.0,,0.0,,,,,20150331,476.0,98.0,102.0,197937166000.0,235327496657.40002,,,,100.0,447.0,6.67,1093.5999755859375,2.122999906539917,2.798,52.689998626708984,91.08000183105469,,1186.0,,20150331,9800.0,18.89
20150102,106080,케이이엠텍,KOSDAQ,Listed,,FICS  휴대폰&nbsp;및&nbsp;관련부품,41858.0,41989.0,40588.0,41874.0,23365.0,978386010.0,1.0,41874.0,272.0,27829657.0,10836625.0,,0.0,0.0,0.0,3375.0,,0.0,,,,,20150331,15.0,-21.0,-6.0,34119159482.0,58490475099.99261,,,,,-22.0,-33.23,1093.5999755859375,2.122999906539917,2.798,52.689998626708984,91.08000183105469,,1186.0,,20150331,1226.0,71.43
20150102,106190,하이텍팜,KOSDAQ,Listed,,FICS  제약,9172.0,9306.0,9139.0,9306.0,20687.0,192513222.0,1.0,9306.0,1300.0,10633173.0,8360650.0,,0.0,0.0,0.0,606.0,,0.0,,,,,20150331,179.0,39.0,38.0,127002618312.0,139575877524.888,,,,100.0,357.0,9.85,1093.5999755859375,2.122999906539917,2.798,52.689998626708984,91.08000183105469,,1186.0,,20150331,11944.0,9.9
20150102,106240,파인테크닉스,KOSDAQ,Listed,,FICS  디스플레이&nbsp;및&nbsp;관련부품,1066.0,1088.0,1060.0,1086.0,233484.0,253563624.0,1.0,1086.0,236.0,16999340.0,23668025.0,,0.0,0.0,0.0,9407.0,,0.0,,,,,,,,,,,,,,,,,1093.5999755859375,2.122999906539917,2.798,52.689998626708984,91.08000183105469,,1186.0,,,,
20150102,106520,노블엠앤비,KOSDAQ,Listed,,FICS  전자&nbsp;장비&nbsp;및&nbsp;기기,52575.0,54614.0,52132.0,53576.0,66095.0,3541105720.0,1.0,53576.0,159.0,38695952.0,-25884640.0,,0.0,0.0,0.0,-3610.0,,0.0,,,,,20150331,10.0,-8.0,-8.0,16910131024.0,214269961218.2064,,,,,-11.0,-14.53,1093.5999755859375,2.122999906539917,2.798,52.689998626708984,91.08000183105469,,1186.0,,20150331,437.0,1167.11
20150102,107590,미원홀딩스,KOSPI,Listed,,FICS  화학,29288.0,29386.0,28997.0,29094.0,745.0,21675030.0,1.0,29094.0,1563.0,2320000.0,-3005000.0,602000.0,0.0,602000.0,0.0,-10.0,2.0,0.0,,,,,,,,,,,,,,,,,1093.5999755859375,2.122999906539917,2.798,52.689998626708984,91.08000183105469,,1186.0,,,,
20150102,107600,새빗켐,KOSDAQ,Listed,,FICS  전자&nbsp;장비&nbsp;및&nbsp;기기,,,,,,,1.0,,1880.0,5630054.0,,,,,,,,,,,,,,,,,,,,,,,,,1093.5999755859375,2.122999906539917,2.798,52.689998626708984,91.08000183105469,,1186.0,,,,
20150102,107640,한중엔시에스,KOSDAQ,Listed,,FICS  전기장비,3600.0,3600.0,3600.0,3600.0,0.0,,1.0,,4677.0,9064946.0,,,0.0,0.0,0.0,,,0.0,,,,,,,,,,,,,,,,,1093.5999755859375,2.122999906539917,2.798,52.689998626708984,91.08000183105469,,1186.0,,,,
20150102,108230,톱텍,KOSDAQ,Listed,,FICS  디스플레이&nbsp;및&nbsp;관련부품,5994.0,6068.0,5944.0,6068.0,22177.0,134570036.0,1.0,6068.0,1853.0,38023245.0,30567750.0,,0.0,0.0,0.0,2508.0,,0.0,,,,,,,,,,,,,,,,,1093.5999755859375,2.122999906539917,2.798,52.689998626708984,91.08000183105469,,1186.0,,,,
20150102,108320,LX세미콘,KOSDAQ,Listed,,FICS  반도체&nbsp;및&nbsp;관련장비,24950.0,25250.0,24650.0,24950.0,65925.0,1644828750.0,1.0,24950.0,8701.0,16264300.0,282018550.0,545172650.0,0.0,632790250.0,65191150.0,11288.0,21741.0,0.0,,,,,20150331,3944.0,140.0,101.0,1103825512400.0,1461023448212.64,,,,2400.0,620.0,7.82,1093.5999755859375,2.122999906539917,2.798,52.689998626708984,91.08000183105469,,1186.0,,20150331,67868.0,32.36
20150102,108380,대양전기공업,KOSDAQ,Listed,,FICS  조선,13000.0,13400.0,12950.0,13350.0,4616.0,61623600.0,1.0,13350.0,2741.0,9567333.0,-7490600.0,39077800.0,0.0,7305950.0,-1392800.0,-565.0,2932.0,0.0,,,,,20150331,662.0,74.0,81.0,278112802977.0,338880450427.47455,,,,100.0,844.0,11.0,1093.5999755859375,2.122999906539917,2.798,52.689998626708984,91.08000183105469,,1186.0,,20150331,29069.0,21.85
20150102,108490,로보티즈,KOSDAQ,Listed,,FICS  기계,,,,,,,1.0,,41233.0,14570088.0,,,,,,,,,,,,,20150331,95.0,5.0,9.0,99062028312.0,104550064680.48479,,,,,61.0,3.71,1093.5999755859375,2.122999906539917,2.798,52.689998626708984,91.08000183105469,,1186.0,,20150331,6799.0,5.54
20150102,108670,LX하우시스,KOSPI,Listed,,FICS  건축자재,162000.0,164000.0,157000.0,159500.0,42686.0,6808417000.0,1.0,159500.0,2797.0,8967670.0,-79523500.0,-797517500.0,-321453500.0,-390097000.0,-995260000.0,-465.0,-5080.0,-2017.0,,,,,20150331,8401.0,167.0,110.0,795190201910.0,2016681871063.9512,,,,1000.0,667.0,-0.5,1093.5999755859375,2.122999906539917,2.798,52.689998626708984,91.08000183105469,,1186.0,,20150331,88673.0,153.61
20150102,108675,LX하우시스우,KOSPI,Listed,,기준 분기는,78600.0,78900.0,76700.0,78900.0,2006.0,158273400.0,1.0,78900.0,2797.0,1032330.0,-40310400.0,5288800.0,0.0,17755200.0,-12623200.0,-521.0,68.0,0.0,,,,,20150331,8401.0,167.0,110.0,91539798090.0,232154081936.049,,,,1050.0,667.0,-0.5,1093.5999755859375,2.122999906539917,2.798,52.689998626708984,91.08000183105469,,1186.0,,20150331,88673.0,153.61
20150102,108860,셀바스AI,KOSDAQ,Listed,,FICS  의료&nbsp;장비&nbsp;및&nbsp;서비스,3681.0,4225.0,3681.0,4216.0,683299.0,2880788584.0,1.0,4216.0,3423.0,26914790.0,-46936090.0,188784375.0,0.0,200354540.0,-19508225.0,-12679.0,52606.0,0.0,,,,,20150331,258.0,10.0,25.0,118263587260.0,140982022372.646,,,,,33.0,-6.21,1093.5999755859375,2.122999906539917,2.798,52.689998626708984,91.08000183105469,,1186.0,,20150331,4394.0,19.21
20150102,109070,주성코퍼레이션,KOSPI,Listed,,FICS  해상운수,9471.0,9530.0,9110.0,9475.0,9289.0,88013275.0,1.0,9475.0,455.0,52810230.0,,,0.0,0.0,0.0,,,0.0,,,,,20150331,183.0,1.0,4.0,28623144660.0,41217328310.4,,,,,7.0,10.37,1093.5999755859375,2.122999906539917,2.798,52.689998626708984,91.08000183105469,,1186.0,,20150331,542.0,44.0
20150102,109080,옵티시스,KOSDAQ,Listed,,FICS  통신장비,5440.0,5840.0,5380.0,5510.0,27329.0,150582790.0,1.0,5510.0,460.0,5636000.0,2934560.0,,0.0,0.0,0.0,531.0,,0.0,,,,,,,,,,,,,,,,,1093.5999755859375,2.122999906539917,2.798,52.689998626708984,91.08000183105469,,1186.0,,,,
20150102,109610,에스와이,KOSDAQ,Listed,,FICS  건축자재,,,,,,,1.0,,1491.0,48907400.0,,,,,,,,,,,,,20150331,1166.0,-10.0,-24.0,184087453600.0,363002049753.84,,,,50.0,-38.0,-5.52,1093.5999755859375,2.122999906539917,2.798,52.689998626708984,91.08000183105469,,1186.0,,20150331,3764.0,97.19
20150102,109670,씨싸이트,KOSDAQ,Listed,,FICS  섬유&nbsp;및&nbsp;의복,,,,,,,1.0,,354.0,5836602.0,,,,,,,,,,,,,20150331,515.0,7.0,9.0,54934098024.0,99348316276.404,,,,,150.0,-1.97,1093.5999755859375,2.122999906539917,2.798,52.689998626708984,91.08000183105469,,1186.0,,20150331,9412.0,80.85
20150102,109740,디에스케이,KOSDAQ,Listed,,FICS  전자&nbsp;장비&nbsp;및&nbsp;기기,1542.0,1609.0,1534.0,1565.0,29429.0,46056385.0,1.0,1565.0,1874.0,25710390.0,-4802800.0,,0.0,0.0,0.0,-1531.0,,0.0,,,,,,,,,,,,,,,,,1093.5999755859375,2.122999906539917,2.798,52.689998626708984,91.08000183105469,,1186.0,,,,
20150102,109820,진매트릭스,KOSDAQ,Listed,,FICS  의료&nbsp;장비&nbsp;및&nbsp;서비스,1666.0,1676.0,1626.0,1667.0,11635.0,19395545.0,1.0,1667.0,514.0,20393640.0,-48560.0,,0.0,0.0,0.0,-19.0,,0.0,,,,,,,,,,,,,,,,,1093.5999755859375,2.122999906539917,2.798,52.689998626708984,91.08000183105469,,1186.0,,,,
20150102,109860,동일금속,KOSDAQ,Listed,,FICS  기계,6467.0,6552.0,6313.0,6483.0,1637.0,10612671.0,1.0,6483.0,718.0,9100000.0,,-644790.0,0.0,0.0,-560790.0,,-77.0,0.0,,,,,,,,,,,,,,,,,1093.5999755859375,2.122999906539917,2.798,52.689998626708984,91.08000183105469,,1186.0,,,,
20150102,109960,앱토크롬,KOSDAQ,Listed,,FICS  제약,389.0,392.0,372.0,391.0,562.0,219742.0,1.0,391.0,596.0,220789269.0,,,0.0,0.0,0.0,,,0.0,,,,,20150331,25.0,-4.0,-12.0,309546555138.0,324931018928.35864,,,,,-5.0,-21.09,1093.5999755859375,2.122999906539917,2.798,52.689998626708984,91.08000183105469,,1186.0,,20150331,1402.0,4.97
20150102,110020,전진바이오팜,KOSDAQ,Listed,,FICS  가정생활용품,,,,,,,1.0,,6.0,9058762.0,,,,,,,,,,,,,,,,,,,,,,,,,1093.5999755859375,2.122999906539917,2.798,52.689998626708984,91.08000183105469,,1186.0,,,,
20150102,110790,크리스에프앤씨,KOSDAQ,Listed,,FICS  섬유&nbsp;및&nbsp;의복,,,,,,,1.0,,1011.0,23430960.0,,,,,,,,,,,,,20150331,1172.0,-37.0,-7.0,413579874960.0,841552329568.6079,,,,200.0,9.0,-2.53,1093.5999755859375,2.122999906539917,2.798,52.689998626708984,91.08000183105469,,1186.0,,20150331,17651.0,103.48
20150102,110990,디아이티,KOSDAQ,Listed,,FICS  디스플레이&nbsp;및&nbsp;관련부품,,,,,,,1.0,,2753.0,18900000.0,,,,,,,,,,,,,20150331,304.0,86.0,90.0,235134900000.0,261328927860.0,,,,380.0,475.0,16.77,1093.5999755859375,2.122999906539917,2.798,52.689998626708984,91.08000183105469,,1186.0,,20150331,12441.0,11.14
20150102,111110,호전실업,KOSDAQ,Listed,,FICS  섬유&nbsp;및&nbsp;의복,,,,,,,1.0,,765.0,9376000.0,,,,,,,,,,,,,,,,,,,,,,,,,1093.5999755859375,2.122999906539917,2.798,52.689998626708984,91.08000183105469,,1186.0,,,,
20150102,111380,동인기연,KOSDAQ,Listed,,FICS  섬유&nbsp;및&nbsp;의복,,,,,,,1.0,,862.0,6128000.0,,,,,,,,,,,,,,,,,,,,,,,,,1093.5999755859375,2.122999906539917,2.798,52.689998626708984,91.08000183105469,,1186.0,,,,
20150102,111710,남화산업,KOSDAQ,Listed,,FICS  호텔&nbsp;및&nbsp;레저,,,,,,,1.0,,909.0,20588000.0,,,,,,,,,,,,,20150331,28.0,0.0,10.0,185971404000.0,199063790841.6,,,,200.0,47.0,3.95,1093.5999755859375,2.122999906539917,2.798,52.689998626708984,91.08000183105469,,1186.0,,20150331,9033.0,7.04
20150102,111770,영원무역,KOSPI,Listed,,FICS  섬유&nbsp;및&nbsp;의복,53000.0,54700.0,52800.0,54600.0,82570.0,4508322000.0,1.0,54600.0,40101.0,44311468.0,609768900.0,200113300.0,192496700.0,452762400.0,-15553300.0,11394.0,3574.0,3536.0,,,,,,,,,,,,,,,,,1093.5999755859375,2.122999906539917,2.798,52.689998626708984,91.08000183105469,,1186.0,,,,
20150102,111870,KH 미래물산,KOSDAQ,Listed,,FICS  내구소비재,73755.0,76002.0,73170.0,75645.0,1676.0,126781020.0,1.0,75645.0,627.0,7042251.0,3095900.0,,0.0,0.0,0.0,396.0,,0.0,,,,,20150331,5.0,-4.0,-5.0,88999968138.0,99003564556.71121,,,,,-66.0,-20.43,1093.5999755859375,2.122999906539917,2.798,52.689998626708984,91.08000183105469,,1186.0,,20150331,12638.0,11.24
20150102,112040,위메이드,KOSDAQ,Listed,,FICS  게임&nbsp;소프트웨어,19120.0,19979.0,19120.0,19954.0,426357.0,8507527578.0,1.0,19954.0,9471.0,33948483.0,877209450.0,-33863300.0,-31880500.0,-823050.0,-1159750.0,22503.0,-875.0,-824.0,,,,,20150331,1752.0,290.0,574.0,459492717405.0,935067679919.175,,,,750.0,916.0,61.14,1093.5999755859375,2.122999906539917,2.798,52.689998626708984,91.08000183105469,,1186.0,,20150331,13535.0,103.5
20150102,112290,와이씨켐,KOSDAQ,Listed,,FICS  반도체&nbsp;및&nbsp;관련장비,,,,,,,1.0,,2087.0,10110545.0,,,,,,,,,,,,,20150331,210.0,-6.0,-10.0,44991925250.0,134998271712.625,,,,100.0,-102.0,-10.85,1093.5999755859375,2.122999906539917,2.798,52.689998626708984,91.08000183105469,,1186.0,,20150331,4450.0,200.05
20150102,112610,씨에스윈드,KOSPI,Listed,,FICS  에너지&nbsp;시설&nbsp;및&nbsp;서비스,12478.0,12621.0,12289.0,12550.0,77763.0,975925650.0,1.0,12550.0,18576.0,42171403.0,68341700.0,140904000.0,0.0,1392500.0,120340050.0,2610.0,5351.0,0.0,,,,,20150331,7183.0,543.0,-145.0,1276317511795.0,3245292537241.1465,,,,1000.0,-197.0,16.82,1093.5999755859375,2.122999906539917,2.798,52.689998626708984,91.08000183105469,,1186.0,,20150331,30265.0,154.27
20150102,113810,디젠스,KOSDAQ,Listed,,FICS  자동차부품,762.0,791.0,755.0,785.0,34927.0,27417695.0,1.0,785.0,282.0,32628051.0,,,0.0,0.0,0.0,,,0.0,,,,,20150331,154.0,-3.0,-1.0,23329056465.0,56932229397.186,,,,20.0,-4.0,15.76,1093.5999755859375,2.122999906539917,2.798,52.689998626708984,91.08000183105469,,1186.0,,20150331,715.0,144.04
20150102,114090,GKL,KOSPI,Listed,,FICS  호텔&nbsp;및&nbsp;레저,32100.0,32900.0,32000.0,32900.0,141924.0,4669299600.0,1.0,32900.0,8814.0,61855670.0,535312750.0,-301654750.0,340217050.0,256973250.0,-424064350.0,16462.0,-9473.0,10392.0,,,,,20150331,1186.0,164.0,116.0,453649483780.0,662555071060.69,,,,60.0,200.0,12.41,1093.5999755859375,2.122999906539917,2.798,52.689998626708984,91.08000183105469,,1186.0,,20150331,7334.0,46.05
20150102,114190,강원에너지,KOSDAQ,Listed,,FICS  전자&nbsp;장비&nbsp;및&nbsp;기기,4210.0,4270.0,4150.0,4260.0,35127.0,149641020.0,1.0,4260.0,3965.0,26123038.0,6632600.0,,0.0,0.0,0.0,3135.0,,0.0,,,,,20150331,373.0,-58.0,-82.0,34221179780.0,80498481196.49399,,,,,-283.0,-16.42,1093.5999755859375,2.122999906539917,2.798,52.689998626708984,91.08000183105469,,1186.0,,20150331,1310.0,135.23
20150102,114450,그린생명과학,KOSDAQ,Listed,,FICS  제약,1968.0,1980.0,1950.0,1950.0,2962.0,5775900.0,1.0,1950.0,675.0,20000000.0,,,0.0,0.0,0.0,,,0.0,,,,,20150331,114.0,1.0,5.0,36800000000.0,52738080000.0,,,,,25.0,-1.03,1093.5999755859375,2.122999906539917,2.798,52.689998626708984,91.08000183105469,,1186.0,,20150331,1840.0,43.31
20150102,114630,폴라리스우노,KOSDAQ,Listed,,FICS  섬유&nbsp;및&nbsp;의복,919.0,939.0,904.0,915.0,113062.0,103451730.0,1.0,915.0,448.0,87947548.0,-33571275.0,73173590.0,0.0,0.0,73173590.0,-10000.0,21675.0,0.0,,,,,,,,,,,,,,,,,1093.5999755859375,2.122999906539917,2.798,52.689998626708984,91.08000183105469,,1186.0,,,,
20150102,114810,한솔아이원스,KOSDAQ,Listed,,FICS  반도체&nbsp;및&nbsp;관련장비,6898.0,6998.0,6723.0,6999.0,52771.0,369344229.0,1.0,6999.0,3597.0,28593174.0,54583300.0,218937200.0,0.0,0.0,213165850.0,3942.0,15723.0,0.0,,,,,,,,,,,,,,,,,1093.5999755859375,2.122999906539917,2.798,52.689998626708984,91.08000183105469,,1186.0,,,,
20150102,114840,아이패밀리에스씨,KOSDAQ,Listed,,FICS  개인생활용품,,,,,,,1.0,,2620.0,17319900.0,,,,,,,,,,,,,,,,,,,,,,,,,1093.5999755859375,2.122999906539917,2.798,52.689998626708984,91.08000183105469,,1186.0,,,,
20150102,115160,휴맥스,KOSDAQ,Listed,,FICS  셋톱&nbsp;박스,12777.0,13423.0,12685.0,13331.0,144234.0,1922783454.0,1.0,13331.0,393.0,43970124.0,100819600.0,1014540800.0,0.0,502330750.0,27918500.0,7102.0,70774.0,0.0,,,,,20150331,976.0,-20.0,28.0,112167786324.0,498294173965.7376,,,,,62.0,-46.97,1093.5999755859375,2.122999906539917,2.798,52.689998626708984,91.08000183105469,,1186.0,,20150331,2551.0,344.24
20150102,115180,큐리언트,KOSDAQ,Listed,,FICS  제약,,,,,,,1.0,,11172.0,35925979.0,,,,,,,,,,,,,20150331,17.0,-70.0,-66.0,48679701545.0,55217385462.49351,,,,,-177.0,-48.46,1093.5999755859375,2.122999906539917,2.798,52.689998626708984,91.08000183105469,,1186.0,,20150331,1355.0,13.43
20150102,115310,인포바인,KOSDAQ,Listed,,FICS  인터넷&nbsp;서비스,25600.0,25600.0,25150.0,25150.0,4793.0,120543950.0,1.0,25150.0,2308.0,3192883.0,-45048000.0,-5056850.0,0.0,0.0,-5056850.0,-1776.0,-200.0,0.0,,,,,20150331,72.0,24.0,24.0,202224437688.0,223336668982.6272,,,,1200.0,740.0,6.5,1093.5999755859375,2.122999906539917,2.798,52.689998626708984,91.08000183105469,,1186.0,,20150331,63336.0,10.44
20150102,115440,우리넷,KOSDAQ,Listed,,FICS  통신장비,3885.0,3930.0,3785.0,3850.0,6672.0,25687200.0,1.0,3850.0,776.0,10794292.0,-996775.0,,0.0,0.0,0.0,-257.0,,0.0,,,,,20150331,175.0,5.0,7.0,105697707264.0,135980100395.136,,,,100.0,67.0,6.15,1093.5999755859375,2.122999906539917,2.798,52.689998626708984,91.08000183105469,,1186.0,,20150331,9792.0,28.65
20150102,115450,HLB테라퓨틱스,KOSDAQ,Listed,,FICS  제약,1572.0,1623.0,1563.0,1580.0,62599.0,98906420.0,1.0,1580.0,2843.0,84382263.0,720420.0,,0.0,0.0,0.0,202.0,,0.0,,,,,20150331,161.0,-54.0,-56.0,147162666672.0,197153824540.47842,,,,,-65.0,-5.45,1093.5999755859375,2.122999906539917,2.798,52.689998626708984,91.08000183105469,,1186.0,,20150331,1744.0,33.97
20150102,115480,씨유메디칼,KOSDAQ,Listed,,FICS  의료&nbsp;장비&nbsp;및&nbsp;서비스,2981.0,3020.0,2909.0,2985.0,135727.0,405145095.0,1.0,2985.0,368.0,60624558.0,19387110.0,,0.0,0.0,0.0,2916.0,,0.0,,,,,,,,,,,,,,,,,1093.5999755859375,2.122999906539917,2.798,52.689998626708984,91.08000183105469,,1186.0,,,,
20150102,115500,케이씨에스,KOSDAQ,Listed,,FICS  IT&nbsp;서비스,2670.0,2770.0,2655.0,2740.0,89248.0,244539520.0,1.0,2740.0,1231.0,12000000.0,14783245.0,,0.0,0.0,0.0,5448.0,,0.0,,,,,,,,,,,,,,,,,1093.5999755859375,2.122999906539917,2.798,52.689998626708984,91.08000183105469,,1186.0,,,,
20150102,115530,씨엔플러스,KOSDAQ,Listed,,FICS  디스플레이&nbsp;및&nbsp;관련부품,590.0,594.0,584.0,594.0,3996.0,2373624.0,1.0,594.0,236.0,67963000.0,,-1323315.0,0.0,0.0,0.0,,-430.0,0.0,,,,,,,,,,,,,,,,,1093.5999755859375,2.122999906539917,2.798,52.689998626708984,91.08000183105469,,1186.0,,,,
20150102,115570,스타플렉스,KOSDAQ,Listed,,FICS  화학,5900.0,5940.0,5830.0,5940.0,13.0,77220.0,1.0,5940.0,260.0,7984508.0,-5830.0,,0.0,0.0,0.0,-1.0,,0.0,,,,,,,,,,,,,,,,,1093.5999755859375,2.122999906539917,2.798,52.689998626708984,91.08000183105469,,1186.0,,,,
20150102,115610,이미지스,KOSDAQ,Listed,,FICS  휴대폰&nbsp;및&nbsp;관련부품,1832.0,1864.0,1784.0,1855.0,23573.0,43727915.0,1.0,1855.0,284.0,23637538.0,3193615.0,,0.0,0.0,0.0,799.0,,0.0,,,,,,,,,,,,,,,,,1093.5999755859375,2.122999906539917,2.798,52.689998626708984,91.08000183105469,,1186.0,,,,
20150102,117580,대성에너지,KOSPI,Listed,,FICS  가스,5950.0,6030.0,5940.0,5960.0,15566.0,92773360.0,1.0,5960.0,2255.0,27500000.0,-4984990.0,-47600.0,0.0,0.0,-47600.0,-831.0,-8.0,0.0,,,,,,,,,,,,,,,,,1093.5999755859375,2.122999906539917,2.798,52.689998626708984,91.08000183105469,,1186.0,,,,
20150102,117670,알파칩스,KOSDAQ,Listed,,FICS  반도체&nbsp;및&nbsp;관련장비,253226.0,257071.0,250910.0,251311.0,1603.0,402851533.0,1.0,251311.0,574.0,6661742.0,-16967040.0,,0.0,0.0,0.0,-2560.0,,0.0,,,,,,,,,,,,,,,,,1093.5999755859375,2.122999906539917,2.798,52.689998626708984,91.08000183105469,,1186.0,,,,
20150102,117730,티로보틱스,KOSDAQ,Listed,,FICS  기계,,,,,,,1.0,,3640.0,21605307.0,,,,,,,,,,,,,20150331,131.0,-1.0,23.0,27827635416.0,121693032437.7096,,,,,125.0,-44.94,1093.5999755859375,2.122999906539917,2.798,52.689998626708984,91.08000183105469,,1186.0,,20150331,1288.0,337.31
20150102,118000,메타케어,KOSPI,Listed,,FICS  제약,2960.0,3058.0,2845.0,2977.0,269145.0,801244665.0,1.0,2977.0,522.0,171777364.0,16753050.0,,0.0,0.0,0.0,4241.0,,0.0,,,,,20150331,108.0,1.0,10.0,123507924716.0,196772825657.5312,,,,,8.0,0.93,1093.5999755859375,2.122999906539917,2.798,52.689998626708984,91.08000183105469,,1186.0,,20150331,719.0,59.32
20150102,118990,모트렉스,KOSDAQ,Listed,,FICS  자동차부품,,,,,,,1.0,,2155.0,24861990.0,,,,,,,,,,,,,,,,,,,,,,,,,1093.5999755859375,2.122999906539917,2.798,52.689998626708984,91.08000183105469,,1186.0,,,,
20150102,119500,포메탈,KOSDAQ,Listed,,FICS  기계,2780.0,2795.0,2745.0,2785.0,8570.0,23867450.0,1.0,2785.0,366.0,11847232.0,,,0.0,0.0,0.0,,,0.0,,,,,20150331,169.0,4.0,4.0,51203736704.0,62949873903.897606,,,,60.0,38.0,3.78,1093.5999755859375,2.122999906539917,2.798,52.689998626708984,91.08000183105469,,1186.0,,20150331,4322.0,22.94
20150102,119610,인터로조,KOSDAQ,Listed,,FICS  의료&nbsp;장비&nbsp;및&nbsp;서비스,12162.0,12258.0,11970.0,12260.0,29509.0,361780340.0,1.0,12260.0,1915.0,11413747.0,67585650.0,-36566300.0,-46253650.0,36197000.0,0.0,3574.0,-1940.0,-2450.0,,,,,,,,,,,,,,,,,1093.5999755859375,2.122999906539917,2.798,52.689998626708984,91.08000183105469,,1186.0,,,,
20150102,119650,KC코트렐,KOSPI,Listed,,FICS  상업서비스,9374.0,9374.0,8977.0,9186.0,16932.0,155537352.0,1.0,9186.0,1007.0,109785309.0,22132080.0,-19832960.0,-19832960.0,0.0,0.0,3290.0,-2947.0,-2947.0,,,,,20150331,479.0,-16.0,-2.0,426076784229.0,1480531609838.9292,,,,,-7.0,113.8,1093.5999755859375,2.122999906539917,2.798,52.689998626708984,91.08000183105469,,1186.0,,20150331,3881.0,247.48
20150102,119830,아이텍,KOSDAQ,Listed,,FICS  반도체&nbsp;및&nbsp;관련장비,2505.0,2555.0,2505.0,2530.0,1829.0,4627370.0,1.0,2530.0,1174.0,22117542.0,,,0.0,0.0,0.0,,,0.0,,,,,,,,,,,,,,,,,1093.5999755859375,2.122999906539917,2.798,52.689998626708984,91.08000183105469,,1186.0,,,,
20150102,119850,지엔씨에너지,KOSDAQ,Listed,,FICS  전기장비,3422.0,3499.0,3397.0,3469.0,42031.0,145805539.0,1.0,3469.0,5773.0,16448909.0,-5705790.0,,0.0,0.0,0.0,-830.0,,0.0,,,,,20150331,749.0,141.0,121.0,209427509388.0,306434331736.5216,,,,100.0,721.0,22.48,1093.5999755859375,2.122999906539917,2.798,52.689998626708984,91.08000183105469,,1186.0,,20150331,12732.0,46.32
20150102,120030,조선선재,KOSPI,Listed,,FICS  금속&nbsp;및&nbsp;광물,64500.0,65300.0,63200.0,64300.0,1915.0,123134500.0,1.0,64300.0,1238.0,1257651.0,23965600.0,,0.0,0.0,0.0,372.0,,0.0,,,,,20150331,126.0,19.0,33.0,216886945554.0,228663906697.5822,,,,500.0,2631.0,8.2,1093.5999755859375,2.122999906539917,2.798,52.689998626708984,91.08000183105469,,1186.0,,20150331,172454.0,5.43
20150102,120110,코오롱인더,KOSPI,Listed,,FICS  화학,47900.0,48250.0,46700.0,47400.0,60417.0,2863765800.0,1.0,47400.0,12356.0,27519091.0,-267455450.0,-232452000.0,30991700.0,-334640200.0,286619450.0,-5672.0,-4953.0,645.0,,,,,,,,,,,,,,,,,1093.5999755859375,2.122999906539917,2.798,52.689998626708984,91.08000183105469,,1186.0,,,,
20150102,120115,코오롱인더우,KOSPI,Listed,,기준 분기는,18550.0,18550.0,18150.0,18300.0,5806.0,106249800.0,1.0,18300.0,12356.0,2767860.0,4607350.0,18550.0,0.0,0.0,18550.0,255.0,1.0,0.0,,,,,,,,,,,,,,,,,1093.5999755859375,2.122999906539917,2.798,52.689998626708984,91.08000183105469,,1186.0,,,,
20150102,120240,대정화금,KOSDAQ,Listed,,FICS  화학,9580.0,9580.0,9500.0,9500.0,2420.0,22990000.0,1.0,9500.0,934.0,7190391.0,-1352750.0,,0.0,0.0,0.0,-142.0,,0.0,,,,,20150331,291.0,36.0,32.0,178717168305.0,210046287908.86652,,,,420.0,450.0,5.4,1093.5999755859375,2.122999906539917,2.798,52.689998626708984,91.08000183105469,,1186.0,,20150331,24855.0,17.53
20150102,121440,골프존홀딩스,KOSDAQ,Listed,,FICS  레저용품,13262.0,14266.0,13262.0,13803.0,418986.0,5783263758.0,1.0,13803.0,2321.0,42836818.0,-107349950.0,-999868800.0,-1089488350.0,-754304910.0,237157150.0,-3936.0,-37271.0,-40723.0,,,,,20150331,1006.0,97.0,81.0,829492143752.0,1199528589079.767,,,,250.0,187.0,3.76,1093.5999755859375,2.122999906539917,2.798,52.689998626708984,91.08000183105469,,1186.0,,20150331,19364.0,44.61
20150102,121600,나노신소재,KOSDAQ,Listed,,FICS  화학,10533.0,10733.0,10466.0,10533.0,30140.0,317464620.0,1.0,10533.0,6960.0,12211191.0,-11118650.0,,0.0,0.0,0.0,-677.0,,0.0,,,,,,,,,,,,,,,,,1093.5999755859375,2.122999906539917,2.798,52.689998626708984,91.08000183105469,,1186.0,,,,
20150102,121800,비덴트,KOSDAQ,Listed,,FICS  디스플레이&nbsp;및&nbsp;관련부품,4463.0,4463.0,4200.0,4455.0,2778.0,12375990.0,1.0,4455.0,2563.0,77201611.0,,,0.0,0.0,0.0,,,0.0,,,,,20150331,25.0,-24.0,262.0,677521338136.0,745002463414.3456,,,,,340.0,14.39,1093.5999755859375,2.122999906539917,2.798,52.689998626708984,91.08000183105469,,1186.0,,20150331,8776.0,9.96
20150102,121850,코이즈,KOSDAQ,Listed,,FICS  디스플레이&nbsp;및&nbsp;관련부품,1459.0,1491.0,1438.0,1469.0,20676.0,30373044.0,1.0,1469.0,172.0,30614175.0,-289990.0,,0.0,0.0,0.0,-93.0,,0.0,,,,,,,,,,,,,,,,,1093.5999755859375,2.122999906539917,2.798,52.689998626708984,91.08000183105469,,1186.0,,,,
20150102,121890,에스디시스템,KOSDAQ,Listed,,FICS  운송인프라,2342.0,2387.0,2340.0,2385.0,1640.0,3911400.0,1.0,2385.0,221.0,13291446.0,,,0.0,0.0,0.0,,,0.0,,,,,,,,,,,,,,,,,1093.5999755859375,2.122999906539917,2.798,52.689998626708984,91.08000183105469,,1186.0,,,,
20150102,122310,제노레이,KOSDAQ,Listed,,FICS  의료&nbsp;장비&nbsp;및&nbsp;서비스,,,,,,,1.0,,638.0,14553844.0,,,,,,,,,,,,,20150331,218.0,-17.0,-10.0,93435678480.0,151982474615.568,,,,180.0,-69.0,-9.59,1093.5999755859375,2.122999906539917,2.798,52.689998626708984,91.08000183105469,,1186.0,,20150331,6420.0,62.66
20150102,122350,삼기,KOSDAQ,Listed,,FICS  자동차부품,4040.0,4145.0,4040.0,4120.0,119807.0,493604840.0,1.0,4120.0,493.0,38339428.0,15687295.0,188728705.0,0.0,188909215.0,0.0,3829.0,45956.0,0.0,,,,,,,,,,,,,,,,,1093.5999755859375,2.122999906539917,2.798,52.689998626708984,91.08000183105469,,1186.0,,,,
20150102,122450,KX,KOSDAQ,Listed,,FICS  복합&nbsp;산업,3126.0,3140.0,3083.0,3107.0,30720.0,95447040.0,1.0,3107.0,1725.0,44819834.0,26371190.0,-39963330.0,-128389480.0,28697720.0,57962640.0,2826.0,-4300.0,-13765.0,,,,,20150331,974.0,117.0,108.0,354300787770.0,643339370432.766,,,,190.0,152.0,0.93,1093.5999755859375,2.122999906539917,2.798,52.689998626708984,91.08000183105469,,1186.0,,20150331,7905.0,81.58
20150102,122640,예스티,KOSDAQ,Listed,,FICS  반도체&nbsp;및&nbsp;관련장비,2606.0,2606.0,2606.0,2606.0,0.0,,1.0,,4056.0,21349821.0,,,0.0,0.0,0.0,,,0.0,,,,,20150331,187.0,11.0,2.0,132902635725.0,211501254492.765,,,,,29.0,4.67,1093.5999755859375,2.122999906539917,2.798,52.689998626708984,91.08000183105469,,1186.0,,20150331,6225.0,59.14
20150102,122690,서진오토모티브,KOSDAQ,Listed,,FICS  자동차부품,3660.0,3790.0,3660.0,3775.0,50074.0,189029350.0,1.0,3775.0,449.0,22361957.0,25391865.0,1276335.0,0.0,0.0,1276335.0,6817.0,339.0,0.0,,,,,20150331,7076.0,43.0,26.0,160111612120.0,702169474952.26,,,,,113.0,-2.28,1093.5999755859375,2.122999906539917,2.798,52.689998626708984,91.08000183105469,,1186.0,,20150331,7160.0,338.55
20150102,122870,와이지엔터테인먼트,KOSDAQ,Listed,,FICS  미디어,44400.0,45350.0,44200.0,45350.0,94404.0,4281221400.0,1.0,45350.0,11607.0,18691049.0,-397337850.0,908080800.0,45611150.0,807156250.0,82769150.0,-8876.0,20231.0,1023.0,,,,,20150331,1719.0,261.0,223.0,535031277625.0,708220902192.2125,,,,250.0,1106.0,10.39,1093.5999755859375,2.122999906539917,2.798,52.689998626708984,91.08000183105469,,1186.0,,20150331,28625.0,32.37
20150102,122900,아이마켓코리아,KOSPI,Listed,,FICS  온라인쇼핑,28400.0,28600.0,26900.0,26950.0,102114.0,2751972300.0,1.0,26950.0,2664.0,33428840.0,1143060800.0,-1755587950.0,-9584200.0,-799941350.0,-686496050.0,41639.0,-64228.0,-346.0,,,,,,,,,,,,,,,,,1093.5999755859375,2.122999906539917,2.798,52.689998626708984,91.08000183105469,,1186.0,,,,
20150102,122990,와이솔,KOSDAQ,Listed,,FICS  휴대폰&nbsp;및&nbsp;관련부품,6569.0,6638.0,6483.0,6561.0,113319.0,743485959.0,1.0,6561.0,1571.0,26639081.0,-32624770.0,,0.0,0.0,0.0,-4341.0,,0.0,,,,,,,,,,,,,,,,,1093.5999755859375,2.122999906539917,2.798,52.689998626708984,91.08000183105469,,1186.0,,,,
20150102,123010,아이윈플러스,KOSDAQ,Listed,,FICS  휴대폰&nbsp;및&nbsp;관련부품,624.0,624.0,624.0,624.0,0.0,,1.0,,361.0,32658542.0,,,0.0,0.0,0.0,,,0.0,,,,,,,,,,,,,,,,,1093.5999755859375,2.122999906539917,2.798,52.689998626708984,91.08000183105469,,1186.0,,,,
20150102,123040,엠에스오토텍,KOSDAQ,Listed,,FICS  자동차부품,5394.0,5394.0,4942.0,5007.0,3573.0,17890011.0,1.0,5007.0,1402.0,62628299.0,4861690.0,,0.0,0.0,0.0,780.0,,0.0,,,,,20150331,4675.0,139.0,-36.0,246442356565.0,687722040230.289,,,,75.0,-260.0,-29.16,1093.5999755859375,2.122999906539917,2.798,52.689998626708984,91.08000183105469,,1186.0,,20150331,3935.0,179.06
20150102,123330,제닉,KOSDAQ,Listed,,FICS  개인생활용품,20171.0,20171.0,19492.0,19583.0,42747.0,837114501.0,1.0,19583.0,1566.0,7968680.0,-44393650.0,-2889600.0,0.0,-2889600.0,0.0,-2034.0,-133.0,0.0,,,,,,,,,,,,,,,,,1093.5999755859375,2.122999906539917,2.798,52.689998626708984,91.08000183105469,,1186.0,,,,
20150102,123410,코리아에프티,KOSDAQ,Listed,,FICS  자동차부품,6450.0,6450.0,6130.0,6330.0,55191.0,349359030.0,1.0,6330.0,2335.0,27841064.0,8712260.0,-89330900.0,-49525080.0,-37425260.0,-1550740.0,1425.0,-14470.0,-7998.0,,,,,,,,,,,,,,,,,1093.5999755859375,2.122999906539917,2.798,52.689998626708984,91.08000183105469,,1186.0,,,,
20150102,123420,위메이드플레이,KOSDAQ,Listed,,FICS  게임&nbsp;소프트웨어,58323.0,60009.0,57986.0,58829.0,641339.0,37729332031.0,1.0,58829.0,895.0,10552334.0,-329669750.0,-5576250.0,0.0,0.0,-5576250.0,-18920.0,-318.0,0.0,,,,,20150331,311.0,34.0,42.0,270709576436.0,310937019494.3896,,,,,330.0,18.5,1093.5999755859375,2.122999906539917,2.798,52.689998626708984,91.08000183105469,,1186.0,,20150331,25654.0,14.86
20150102,123570,이엠넷,KOSDAQ,Listed,,FICS  미디어,1500.0,1500.0,1457.0,1488.0,4684.0,6969792.0,1.0,1488.0,436.0,22276078.0,,7318540.0,0.0,0.0,7318540.0,,1235.0,0.0,,,,,,,,,,,,,,,,,1093.5999755859375,2.122999906539917,2.798,52.689998626708984,91.08000183105469,,1186.0,,,,
20150102,123690,한국화장품,KOSPI,Listed,,FICS  개인생활용품,4470.0,4565.0,4415.0,4510.0,144506.0,651722060.0,1.0,4510.0,1600.0,16068000.0,60862065.0,,0.0,0.0,0.0,13695.0,,0.0,,,,,20150331,213.0,6.0,9.0,34096296000.0,57295415798.4,,,,,56.0,14.68,1093.5999755859375,2.122999906539917,2.798,52.689998626708984,91.08000183105469,,1186.0,,20150331,2122.0,68.04
20150102,123700,SJM,KOSPI,Listed,,FICS  자동차부품,6970.0,6990.0,6880.0,6970.0,2375.0,16553750.0,1.0,6970.0,590.0,15604898.0,-3612980.0,-601170.0,0.0,0.0,-1107640.0,-521.0,-87.0,0.0,,,,,20150331,500.0,31.0,50.0,227300944268.0,271897389533.3816,,,,175.0,335.0,10.02,1093.5999755859375,2.122999906539917,2.798,52.689998626708984,91.08000183105469,,1186.0,,20150331,14566.0,19.62
20150102,123750,알톤,KOSDAQ,Listed,,FICS  레저용품,13212.0,13869.0,13212.0,13804.0,96623.0,1333783892.0,1.0,13804.0,171.0,12746297.0,54903200.0,,0.0,0.0,0.0,5294.0,,0.0,,,,,,,,,,,,,,,,,1093.5999755859375,2.122999906539917,2.798,52.689998626708984,91.08000183105469,,1186.0,,,,
20150102,123840,뉴온,KOSDAQ,Listed,,FICS  휴대폰&nbsp;및&nbsp;관련부품,8290.0,8420.0,8260.0,8350.0,16938.0,141432300.0,1.0,8350.0,344.0,37154307.0,19188668.0,,0.0,0.0,0.0,20128.0,,0.0,,,,,,,,,,,,,,,,,1093.5999755859375,2.122999906539917,2.798,52.689998626708984,91.08000183105469,,1186.0,,,,
20150102,123860,아나패스,KOSDAQ,Listed,,FICS  디스플레이&nbsp;및&nbsp;관련부품,12300.0,12450.0,12150.0,12200.0,58320.0,711504000.0,1.0,12200.0,2171.0,12123415.0,-1912200.0,105502450.0,0.0,0.0,105502450.0,-151.0,8560.0,0.0,,,,,,,,,,,,,,,,,1093.5999755859375,2.122999906539917,2.798,52.689998626708984,91.08000183105469,,1186.0,,,,
20150102,123890,한국자산신탁,KOSDAQ,Listed,,FICS  부동산,,,,,,,1.0,,3114.0,122373926.0,,,,,,,,,,,,,20150331,530.0,160.0,110.0,1095001889848.0,1758244534528.9338,,,,100.0,90.0,5.56,1093.5999755859375,2.122999906539917,2.798,52.689998626708984,91.08000183105469,,1186.0,,20150331,8948.0,60.57
20150102,124500,아이티센글로벌,KOSDAQ,Listed,,FICS  금속&nbsp;및&nbsp;광물,3598.0,3684.0,3494.0,3581.0,98643.0,353240583.0,1.0,3581.0,4768.0,23204527.0,,,0.0,0.0,0.0,,,0.0,,,,,20150331,17273.0,645.0,465.0,100777260761.0,314092488613.80865,,,,,261.0,25.31,1093.5999755859375,2.122999906539917,2.798,52.689998626708984,91.08000183105469,,1186.0,,20150331,4343.0,211.67
20150102,124560,태웅로직스,KOSDAQ,Listed,,FICS  해상운수,,,,,,,1.0,,1091.0,38720811.0,,,,,,,,,,,,,20150331,2689.0,-89.0,-64.0,250910855280.0,537200141154.48,,,,100.0,-155.0,2.4,1093.5999755859375,2.122999906539917,2.798,52.689998626708984,91.08000183105469,,1186.0,,20150331,6480.0,114.1
20150102,125020,티씨머티리얼즈,KOSDAQ,Listed,,FICS  전기장비,,,,,,,1.0,,1137.0,35038550.0,,,,,,,,,,,,,20150331,781.0,19.0,16.0,76839540150.0,98131776725.56499,,,,,48.0,1.8,1093.5999755859375,2.122999906539917,2.798,52.689998626708984,91.08000183105469,,1186.0,,20150331,2193.0,27.71
20150102,125210,아모그린텍,KOSDAQ,Listed,,FICS  화학,,,,,,,1.0,,1035.0,16496790.0,,,,,,,,,,,,,20150331,308.0,22.0,21.0,74680968330.0,176762383940.277,,,,,126.0,11.06,1093.5999755859375,2.122999906539917,2.798,52.689998626708984,91.08000183105469,,1186.0,,20150331,4527.0,136.69
20150102,125490,한라캐스트,KOSDAQ,Listed,,FICS  자동차부품,,,,,,,1.0,,7103.0,36502352.0,,,,,,,,,,,,,20150331,380.0,21.0,19.0,16900588976.0,30912867296.0016,,,,,57.0,70.58,1093.5999755859375,2.122999906539917,2.798,52.689998626708984,91.08000183105469,,1186.0,,20150331,463.0,82.91
20150102,126340,비나텍,KOSDAQ,Listed,,FICS  전기장비,1896.0,1896.0,1896.0,1896.0,0.0,,1.0,,5002.0,6413668.0,,,0.0,0.0,0.0,,,0.0,,,,,20150331,247.0,28.0,22.0,81934608700.0,196397257053.9,,,,,278.0,-9.05,1093.5999755859375,2.122999906539917,2.798,52.689998626708984,91.08000183105469,,1186.0,,20150331,12775.0,139.7
20150102,126560,현대퓨처넷,KOSPI,Listed,,FICS  개인생활용품,4435.0,4435.0,4270.0,4285.0,31849.0,136472965.0,1.0,4285.0,3498.0,110202945.0,3476160.0,-33043495.0,25428425.0,0.0,0.0,788.0,-7681.0,5880.0,,,,,20150331,693.0,37.0,60.0,737808716775.0,791373629612.865,,,,110.0,33.0,1.13,1093.5999755859375,2.122999906539917,2.798,52.689998626708984,91.08000183105469,,1186.0,,20150331,6695.0,7.26
20150102,126600,BGF에코머티리얼즈,KOSDAQ,Listed,,FICS  자동차부품,5539.0,5563.0,5396.0,5492.0,84311.0,463036012.0,1.0,5492.0,2112.0,62766899.0,9445550.0,41509600.0,34659100.0,90018400.0,-83167900.0,813.0,3550.0,3000.0,,,,,20150331,1008.0,58.0,44.0,412880661622.0,624192984240.1396,,,,50.0,84.0,4.09,1093.5999755859375,2.122999906539917,2.798,52.689998626708984,91.08000183105469,,1186.0,,20150331,6578.0,51.18
20150102,126640,화신정공,KOSDAQ,Listed,,FICS  자동차부품,1340.0,1345.0,1305.0,1330.0,47122.0,62672260.0,1.0,1330.0,483.0,36373887.0,-1603075.0,,0.0,0.0,0.0,-1214.0,,0.0,,,,,20150331,876.0,3.0,5.0,117887767767.0,188420019221.9961,,,,50.0,12.0,7.52,1093.5999755859375,2.122999906539917,2.798,52.689998626708984,91.08000183105469,,1186.0,,20150331,3241.0,59.83
20150102,126700,하이비젼시스템,KOSDAQ,Listed,,FICS  휴대폰&nbsp;및&nbsp;관련부품,9790.0,10300.0,9660.0,10150.0,903137.0,9166840550.0,1.0,10150.0,2369.0,14942112.0,503730010.0,61208930.0,0.0,61208930.0,0.0,51133.0,6053.0,0.0,,,,,20150331,616.0,7.0,5.0,295061885664.0,347287839426.528,,,,400.0,33.0,-0.67,1093.5999755859375,2.122999906539917,2.798,52.689998626708984,91.08000183105469,,1186.0,,20150331,19747.0,17.7
20150102,126720,수산인더스트리,KOSDAQ,Listed,,FICS  에너지&nbsp;시설&nbsp;및&nbsp;서비스,,,,,,,1.0,,3178.0,14286000.0,,,,,,,,,,,,,20150331,811.0,101.0,127.0,537653610000.0,653356666872.0,,,,800.0,885.0,7.01,1093.5999755859375,2.122999906539917,2.798,52.689998626708984,91.08000183105469,,1186.0,,20150331,37635.0,21.52
20150102,126730,코칩,KOSDAQ,Listed,,FICS  전기장비,,,,,,,1.0,,1398.0,8503460.0,,,,,,,,,,,,,20150331,97.0,1.0,9.0,59082040080.0,71341563396.6,,,,,103.0,6.58,1093.5999755859375,2.122999906539917,2.798,52.689998626708984,91.08000183105469,,1186.0,,20150331,6948.0,20.75
20150102,126880,제이엔케이글로벌,KOSDAQ,Listed,,FICS  석유&nbsp;및&nbsp;가스,3264.0,3264.0,3174.0,3227.0,3813.0,12304551.0,1.0,3227.0,930.0,23204903.0,1973710.0,-4186000.0,0.0,-220800.0,-3965200.0,429.0,-910.0,0.0,,,,,20150331,293.0,-7.0,11.0,159301659095.0,262099019709.0035,,,,50.0,47.0,55.8,1093.5999755859375,2.122999906539917,2.798,52.689998626708984,91.08000183105469,,1186.0,,20150331,6865.0,64.53
20150102,127120,제이에스링크,KOSDAQ,Listed,,FICS  바이오,13315.0,13848.0,13218.0,13752.0,64833.0,891583416.0,1.0,13752.0,6184.0,31828466.0,-97706400.0,,0.0,0.0,0.0,-7036.0,,0.0,,,,,,,,,,,,,,,,,1093.5999755859375,2.122999906539917,2.798,52.689998626708984,91.08000183105469,,1186.0,,,,
20150102,127710,아시아경제,KOSDAQ,Listed,,FICS  미디어,,,,,,,1.0,,336.0,34904082.0,,,,,,,,,,,,,20150331,176.0,79.0,15.0,97801237764.0,343282344551.63995,,,,,42.0,-40.16,1093.5999755859375,2.122999906539917,2.798,52.689998626708984,91.08000183105469,,1186.0,,20150331,2802.0,251.0
20150102,127980,화인써키트,KOSDAQ,Listed,,FICS  전자&nbsp;장비&nbsp;및&nbsp;기기,,,,,,,1.0,,723.0,11840684.0,,,,,,,,,,,,,,,,,,,,,,,,,1093.5999755859375,2.122999906539917,2.798,52.689998626708984,91.08000183105469,,1186.0,,,,
20150102,128540,에코캡,KOSDAQ,Listed,,FICS  자동차부품,,,,,,,1.0,,474.0,26690460.0,,,,,,,,,,,,,,,,,,,,,,,,,1093.5999755859375,2.122999906539917,2.798,52.689998626708984,91.08000183105469,,1186.0,,,,
20150102,128660,피제이메탈,KOSDAQ,Listed,,FICS  금속&nbsp;및&nbsp;광물,1900.0,1925.0,1835.0,1910.0,127610.0,243735100.0,1.0,1910.0,695.0,24803369.0,6428075.0,,0.0,0.0,0.0,3495.0,,0.0,,,,,,,,,,,,,,,,,1093.5999755859375,2.122999906539917,2.798,52.689998626708984,91.08000183105469,,1186.0,,,,
20150102,128820,대성산업,KOSPI,Listed,,FICS  석유&nbsp;및&nbsp;가스,0.0,0.0,0.0,10997.0,0.0,,1.0,,2506.0,45235478.0,,,,,,,,,,,,,20150331,3503.0,36.0,-87.0,708658998348.0,1931662697696.9788,,,,,-180.0,-1.49,1093.5999755859375,2.122999906539917,2.798,52.689998626708984,91.08000183105469,,1186.0,,20150331,15666.0,172.58
20150102,128940,한미약품,KOSPI,Listed,,FICS  제약,80184.0,81312.0,80184.0,81318.0,48390.0,3934978020.0,1.0,81318.0,54574.0,12810991.0,-791333100.0,-937804100.0,103383500.0,224870000.0,-1270671600.0,-7865.0,-9334.0,1027.0,,,,,20150331,4020.0,615.0,420.0,1236516851320.0,1874930501656.5159,,,,1000.0,3059.0,10.29,1093.5999755859375,2.122999906539917,2.798,52.689998626708984,91.08000183105469,,1186.0,,20150331,96520.0,51.63
20150102,129260,인터지스,KOSPI,Listed,,FICS  해상운수,3800.0,3880.0,3775.0,3875.0,15053.0,58330375.0,1.0,3875.0,760.0,29747874.0,5759020.0,15200000.0,0.0,22950000.0,-7750000.0,759.0,2000.0,0.0,,,,,20150331,1771.0,52.0,44.0,313334356842.0,506128986606.88257,,,,100.0,144.0,5.31,1093.5999755859375,2.122999906539917,2.798,52.689998626708984,91.08000183105469,,1186.0,,20150331,10533.0,61.53
20150102,129890,앱코,KOSDAQ,Listed,,FICS  컴퓨터&nbsp;및&nbsp;주변기기,,,,,,,1.0,,574.0,45545602.0,,,,,,,,,,,,,20150331,193.0,11.0,12.0,59846921028.0,106012835908.99919,,,,20.0,23.0,7.36,1093.5999755859375,2.122999906539917,2.798,52.689998626708984,91.08000183105469,,1186.0,,20150331,1314.0,77.14
20150102,129920,대성하이텍,KOSDAQ,Listed,,FICS  기계,,,,,,,1.0,,521.0,13715053.0,,,,,,,,,,,,,,,,,,,,,,,,,1093.5999755859375,2.122999906539917,2.798,52.689998626708984,91.08000183105469,,1186.0,,,,
20150102,130500,GH신소재,KOSDAQ,Listed,,FICS  자동차부품,2557.0,2622.0,2508.0,2537.0,6825.0,17315025.0,1.0,2537.0,378.0,14545052.0,-6250.0,,0.0,0.0,0.0,-2.0,,0.0,,,,,,,,,,,,,,,,,1093.5999755859375,2.122999906539917,2.798,52.689998626708984,91.08000183105469,,1186.0,,,,
20150102,130580,나이스디앤비,KOSDAQ,Listed,,FICS  상업서비스,3140.0,3290.0,3105.0,3240.0,29497.0,95570280.0,1.0,3240.0,924.0,15400000.0,-16936940.0,20294080.0,0.0,0.0,10343225.0,-5278.0,6274.0,0.0,,,,,,,,,,,,,,,,,1093.5999755859375,2.122999906539917,2.798,52.689998626708984,91.08000183105469,,1186.0,,,,
20150102,130660,한전산업,KOSPI,Listed,,FICS  에너지&nbsp;시설&nbsp;및&nbsp;서비스,6360.0,6500.0,6300.0,6330.0,85486.0,541126380.0,1.0,6330.0,3781.0,32600000.0,-35720000.0,35741330.0,0.0,9212600.0,4651570.0,-5629.0,5625.0,0.0,,,,,20150331,906.0,-164.0,-129.0,107384400000.0,220288358160.0,,,,367.0,-395.0,-2.43,1093.5999755859375,2.122999906539917,2.798,52.689998626708984,91.08000183105469,,1186.0,,20150331,3294.0,105.14
20150102,130740,티피씨글로벌,KOSDAQ,Listed,,FICS  자동차부품,2705.0,2740.0,2685.0,2730.0,9016.0,24613680.0,1.0,2730.0,203.0,11276679.0,553890.0,,0.0,0.0,0.0,209.0,,0.0,,,,,,,,,,,,,,,,,1093.5999755859375,2.122999906539917,2.798,52.689998626708984,91.08000183105469,,1186.0,,,,
20150102,131030,옵투스제약,KOSDAQ,Listed,,FICS  제약,13500.0,13650.0,13300.0,13400.0,345017.0,4623227800.0,1.0,13400.0,1205.0,17646590.0,-34954800.0,247223950.0,0.0,110914750.0,25164700.0,-2568.0,18259.0,0.0,,,,,20150331,241.0,32.0,32.0,173607152420.0,202599546874.14,,,,100.0,198.0,7.71,1093.5999755859375,2.122999906539917,2.798,52.689998626708984,91.08000183105469,,1186.0,,20150331,9838.0,16.7
20150102,131090,시큐브,KOSDAQ,Listed,,FICS  일반&nbsp;소프트웨어,2694.0,2694.0,2650.0,2660.0,31569.0,83973540.0,1.0,2660.0,321.0,8000000.0,4328335.0,,0.0,0.0,0.0,1094.0,,0.0,,,,,,,,,,,,,,,,,1093.5999755859375,2.122999906539917,2.798,52.689998626708984,91.08000183105469,,1186.0,,,,
20150102,131100,티엔엔터테인먼트,KOSDAQ,Listed,,FICS  미디어,55175.0,55175.0,52190.0,53440.0,2993.0,159945920.0,1.0,53440.0,432.0,32246724.0,-3194880.0,-776740.0,0.0,0.0,0.0,-1205.0,-300.0,0.0,,,,,,,,,,,,,,,,,1093.5999755859375,2.122999906539917,2.798,52.689998626708984,91.08000183105469,,1186.0,,,,
20150102,131180,딜리,KOSDAQ,Listed,,FICS  컴퓨터&nbsp;및&nbsp;주변기기,1890.0,1970.0,1870.0,1895.0,923539.0,1750106405.0,1.0,1895.0,271.0,29350000.0,-24502105.0,,0.0,0.0,0.0,-12633.0,,0.0,,,,,,,,,,,,,,,,,1093.5999755859375,2.122999906539917,2.798,52.689998626708984,91.08000183105469,,1186.0,,,,
20150102,131220,대한과학,KOSDAQ,Listed,,FICS  의료&nbsp;장비&nbsp;및&nbsp;서비스,5850.0,6090.0,5800.0,6050.0,53046.0,320928300.0,1.0,6050.0,368.0,7454490.0,-224110.0,,0.0,0.0,0.0,-26.0,,0.0,,,,,20150331,212.0,23.0,24.0,44958029190.0,55950267326.954994,,,,60.0,226.0,9.74,1093.5999755859375,2.122999906539917,2.798,52.689998626708984,91.08000183105469,,1186.0,,20150331,6031.0,24.45
20150102,131290,티에스이,KOSDAQ,Listed,,FICS  반도체&nbsp;및&nbsp;관련장비,11300.0,11550.0,11300.0,11500.0,4294.0,49381000.0,1.0,11500.0,6603.0,11061429.0,1675950.0,,0.0,0.0,0.0,149.0,,0.0,,,,,,,,,,,,,,,,,1093.5999755859375,2.122999906539917,2.798,52.689998626708984,91.08000183105469,,1186.0,,,,
20150102,131370,알서포트,KOSDAQ,Listed,,FICS  일반&nbsp;소프트웨어,3615.0,3675.0,3425.0,3530.0,3736018.0,13188143540.0,1.0,3530.0,1398.0,53267083.0,-44597295.0,-1029087830.0,0.0,0.0,-1005647055.0,-12205.0,-292316.0,0.0,,,,,,,,,,,,,,,,,1093.5999755859375,2.122999906539917,2.798,52.689998626708984,91.08000183105469,,1186.0,,,,
20150102,131400,이브이첨단소재,KOSDAQ,Listed,,FICS  전자&nbsp;장비&nbsp;및&nbsp;기기,1407.0,1450.0,1390.0,1451.0,205516.0,298203716.0,1.0,1451.0,895.0,59591882.0,22452265.0,,0.0,0.0,0.0,13620.0,,0.0,,,,,20150331,138.0,-20.0,-25.0,103093955860.0,137352077392.278,,,,,-41.0,-21.44,1093.5999755859375,2.122999906539917,2.798,52.689998626708984,91.08000183105469,,1186.0,,20150331,1730.0,33.23
20150102,131760,파인텍,KOSDAQ,Listed,,FICS  디스플레이&nbsp;및&nbsp;관련부품,,,,,,,1.0,,358.0,43431583.0,,,,,,,,,,,,,20150331,146.0,-16.0,-17.0,31097013428.0,89823723286.77798,,,,,-36.0,-12.43,1093.5999755859375,2.122999906539917,2.798,52.689998626708984,91.08000183105469,,1186.0,,20150331,716.0,188.85
20150102,131970,두산테스나,KOSDAQ,Listed,,FICS  반도체&nbsp;및&nbsp;관련장비,9484.0,9484.0,9157.0,9283.0,33223.0,308409109.0,1.0,9283.0,8561.0,19327238.0,100610650.0,7841250.0,0.0,1409800.0,-4526250.0,5440.0,426.0,0.0,,,,,20150331,882.0,92.0,75.0,433741875196.0,714502991010.3708,,,,160.0,388.0,-1.55,1093.5999755859375,2.122999906539917,2.798,52.689998626708984,91.08000183105469,,1186.0,,20150331,22442.0,64.73
20150102,133750,메가엠디,KOSDAQ,Listed,,FICS  교육,,,,,,,1.0,,424.0,23407077.0,,,,,,,,,,,,,,,,,,,,,,,,,1093.5999755859375,2.122999906539917,2.798,52.689998626708984,91.08000183105469,,1186.0,,,,
20150102,133820,화인베스틸,KOSPI,Listed,,FICS  금속&nbsp;및&nbsp;광물,4655.0,4695.0,4615.0,4625.0,65958.0,305055750.0,1.0,4625.0,668.0,37114502.0,17122635.0,-46377800.0,0.0,0.0,0.0,3689.0,-10000.0,0.0,,,,,20150331,485.0,0.0,-34.0,53407768378.0,188743053447.85202,,,,,-101.0,-32.63,1093.5999755859375,2.122999906539917,2.798,52.689998626708984,91.08000183105469,,1186.0,,20150331,1439.0,253.4
20150102,134060,이퓨쳐,KOSDAQ,Listed,,FICS  교육,2800.0,2900.0,2800.0,2875.0,7385.0,21231875.0,1.0,2875.0,199.0,4769250.0,-53075.0,,0.0,0.0,0.0,-18.0,,0.0,,,,,,,,,,,,,,,,,1093.5999755859375,2.122999906539917,2.798,52.689998626708984,91.08000183105469,,1186.0,,,,
20150102,134380,미원화학,KOSPI,Listed,,FICS  화학,35850.0,35850.0,35000.0,35000.0,307.0,10745000.0,1.0,35000.0,2067.0,2199268.0,,,0.0,0.0,0.0,,,0.0,,,,,20150331,728.0,88.0,80.0,190515989036.0,241764790086.684,,,,2000.0,3616.0,15.44,1093.5999755859375,2.122999906539917,2.798,52.689998626708984,91.08000183105469,,1186.0,,20150331,86627.0,26.9
20150102,134580,탑코미디어,KOSDAQ,Listed,,FICS  미디어,3844.0,4031.0,3784.0,3892.0,239045.0,930363140.0,1.0,3892.0,1111.0,49294149.0,-2264700.0,19576240.0,0.0,0.0,19576240.0,-383.0,3300.0,0.0,,,,,,,,,,,,,,,,,1093.5999755859375,2.122999906539917,2.798,52.689998626708984,91.08000183105469,,1186.0,,,,
20150102,134790,시디즈,KOSPI,Listed,,FICS  내구소비재,12800.0,12800.0,12250.0,12300.0,1075.0,13222500.0,1.0,12300.0,446.0,2000000.0,624750.0,,0.0,0.0,0.0,51.0,,0.0,,,,,20150331,465.0,-19.0,-3.0,73340000000.0,112730914000.00002,,,,500.0,-130.0,-7.05,1093.5999755859375,2.122999906539917,2.798,52.689998626708984,91.08000183105469,,1186.0,,20150331,36670.0,53.71
20150102,136150,원일티엔아이,KOSDAQ,Listed,,FICS  에너지&nbsp;시설&nbsp;및&nbsp;서비스,,,,,,,1.0,,1726.0,8381030.0,,,,,,,,,,,,,,,,,,,,,,,,,1093.5999755859375,2.122999906539917,2.798,52.689998626708984,91.08000183105469,,1186.0,,,,
20150102,136410,아셈스,KOSDAQ,Listed,,FICS  화학,,,,,,,1.0,,1236.0,11019106.0,,,,,,,,,,,,,,,,,,,,,,,,,1093.5999755859375,2.122999906539917,2.798,52.689998626708984,91.08000183105469,,1186.0,,,,
20150102,136480,하림,KOSDAQ,Listed,,FICS  식료품,3727.0,3874.0,3626.0,3870.0,588894.0,2279019780.0,1.0,3870.0,3196.0,106209702.0,218597910.0,93708600.0,95612640.0,62567630.0,-110837525.0,51651.0,21670.0,22091.0,,,,,,,,,,,,,,,,,1093.5999755859375,2.122999906539917,2.798,52.689998626708984,91.08000183105469,,1186.0,,,,
20150102,136490,선진,KOSPI,Listed,,FICS  식료품,13929.0,13929.0,13495.0,13542.0,4601.0,62306742.0,1.0,13542.0,2232.0,23779604.0,-77006050.0,62546100.0,0.0,51577050.0,0.0,-2596.0,2107.0,0.0,,,,,20150331,4732.0,383.0,159.0,539226300304.0,1312908195980.1792,,,,100.0,570.0,13.85,1093.5999755859375,2.122999906539917,2.798,52.689998626708984,91.08000183105469,,1186.0,,20150331,22676.0,143.48
20150102,136540,윈스테크넷,KOSDAQ,Listed,,FICS  일반&nbsp;소프트웨어,8640.0,8890.0,8520.0,8890.0,116055.0,1031728950.0,1.0,8890.0,1484.0,12279746.0,23078770.0,,0.0,0.0,0.0,2646.0,,0.0,,,,,20150331,186.0,34.0,38.0,201977262208.0,217893070469.9904,,,,800.0,309.0,9.09,1093.5999755859375,2.122999906539917,2.798,52.689998626708984,91.08000183105469,,1186.0,,20150331,16448.0,7.88
20150102,137080,나래나노텍,KOSDAQ,Listed,,FICS  디스플레이&nbsp;및&nbsp;관련부품,,,,,,,1.0,,360.0,11059422.0,,,,,,,,,,,,,,,,,,,,,,,,,1093.5999755859375,2.122999906539917,2.798,52.689998626708984,91.08000183105469,,1186.0,,,,
20150102,137310,에스디바이오센서,KOSDAQ,Listed,,FICS  의료&nbsp;장비&nbsp;및&nbsp;서비스,,,,,,,1.0,,11480.0,121749102.0,,,,,,,,,,,,,20150331,1642.0,-140.0,-99.0,3114707276466.0,4042578574125.2217,,,,200.0,-80.0,3.8,1093.5999755859375,2.122999906539917,2.798,52.689998626708984,91.08000183105469,,1186.0,,20150331,25583.0,29.79
20150102,137400,피엔티,KOSDAQ,Listed,,FICS  전자&nbsp;장비&nbsp;및&nbsp;기기,4258.0,4288.0,4182.0,4284.0,142161.0,609017724.0,1.0,4284.0,9853.0,23743086.0,71142850.0,41638840.0,0.0,41638840.0,0.0,8525.0,5000.0,0.0,,,,,20150331,1075.0,135.0,122.0,602647008852.0,1661678597507.6196,,,,100.0,551.0,17.22,1093.5999755859375,2.122999906539917,2.798,52.689998626708984,91.08000183105469,,1186.0,,20150331,25382.0,175.73
20150102,137940,넥스트아이,KOSDAQ,Listed,,FICS  개인생활용품,854.0,854.0,839.0,839.0,4069.0,3413891.0,1.0,839.0,269.0,85368992.0,,,0.0,0.0,0.0,,,0.0,,,,,20150331,441.0,-181.0,-201.0,68636669568.0,111905226063.66719,,,,,-219.0,-19.73,1093.5999755859375,2.122999906539917,2.798,52.689998626708984,91.08000183105469,,1186.0,,20150331,804.0,63.04
20150102,137950,제이씨케미칼,KOSDAQ,Listed,,FICS  에너지&nbsp;시설&nbsp;및&nbsp;서비스,2660.0,2678.0,2611.0,2625.0,3512.0,9219000.0,1.0,2625.0,745.0,22267814.0,,,0.0,0.0,0.0,,,0.0,,,,,,,,,,,,,,,,,1093.5999755859375,2.122999906539917,2.798,52.689998626708984,91.08000183105469,,1186.0,,,,
20150102,138040,메리츠금융지주,KOSPI,Listed,,FICS  증권,9000.0,9390.0,8950.0,9350.0,58846.0,550210100.0,1.0,9350.0,194496.0,175221773.0,-88421360.0,278484570.0,323819680.0,-47309700.0,31763890.0,-9522.0,29916.0,34816.0,,,,,20150331,73705.0,6892.0,5318.0,8966098124410.0,104322344897135.22,,,,1350.0,2949.0,22.91,1093.5999755859375,2.122999906539917,2.798,52.689998626708984,91.08000183105469,,1186.0,,20150331,51170.0,1063.52
20150102,138070,신진에스엠,KOSDAQ,Listed,,FICS  기계,9435.0,9538.0,9281.0,9538.0,186462.0,1778474556.0,1.0,9538.0,367.0,17503204.0,-44297250.0,-1139918400.0,21664150.0,4380200.0,-1021918200.0,-2419.0,-61469.0,1180.0,,,,,,,,,,,,,,,,,1093.5999755859375,2.122999906539917,2.798,52.689998626708984,91.08000183105469,,1186.0,,,,
20150102,138080,오이솔루션,KOSDAQ,Listed,,FICS  통신장비,12007.0,12314.0,11884.0,12315.0,47115.0,580221225.0,1.0,12315.0,1451.0,11477616.0,85538600.0,45084850.0,0.0,39146900.0,5937950.0,4306.0,2300.0,0.0,,,,,,,,,,,,,,,,,1093.5999755859375,2.122999906539917,2.798,52.689998626708984,91.08000183105469,,1186.0,,,,
20150102,138360,협진,KOSDAQ,Listed,,FICS  기계,4281.0,4315.0,4131.0,4299.0,91807.0,394678293.0,1.0,4299.0,632.0,56721452.0,-84454000.0,,0.0,0.0,0.0,-6725.0,,0.0,,,,,20150331,112.0,23.0,18.0,67441806428.0,77780635353.4124,,,,,36.0,-0.55,1093.5999755859375,2.122999906539917,2.798,52.689998626708984,91.08000183105469,,1186.0,,20150331,1189.0,15.33
20150102,138490,코오롱ENP,KOSPI,Listed,,FICS  화학,4629.0,4667.0,4586.0,4653.0,55340.0,257497020.0,1.0,4653.0,3157.0,38000000.0,-32653620.0,,0.0,0.0,0.0,-6755.0,,0.0,,,,,20150331,1202.0,133.0,133.0,353172000000.0,433377361200.0,,,,200.0,350.0,13.22,1093.5999755859375,2.122999906539917,2.798,52.689998626708984,91.08000183105469,,1186.0,,20150331,9294.0,22.71
20150102,138610,나이벡,KOSDAQ,Listed,,FICS  의료&nbsp;장비&nbsp;및&nbsp;서비스,5961.0,5961.0,5399.0,5615.0,157749.0,885760635.0,1.0,5615.0,4500.0,11361970.0,46122380.0,,0.0,0.0,0.0,6748.0,,0.0,,,,,20150331,52.0,-10.0,-5.0,45572861670.0,65943930836.490005,,,,,-40.0,9.0,1093.5999755859375,2.122999906539917,2.798,52.689998626708984,91.08000183105469,,1186.0,,20150331,4011.0,44.7
20150102,138930,BNK금융지주,KOSPI,Listed,,FICS  상업은행,13743.0,14127.0,13743.0,13840.0,343452.0,4753375680.0,1.0,13840.0,49396.0,314425154.0,2781294250.0,-2907473150.0,-1873095050.0,-398056550.0,-831988400.0,191394.0,-200463.0,-128988.0,,,,,20150331,22979.0,979.0,937.0,11118387870594.0,157630944035346.44,,,,120.0,246.0,7.42,1093.5999755859375,2.122999906539917,2.798,52.689998626708984,91.08000183105469,,1186.0,,20150331,35361.0,1317.75
20150102,139050,BF랩스,KOSDAQ,Listed,,FICS  일반&nbsp;소프트웨어,2380.0,2415.0,2380.0,2400.0,186868.0,448483200.0,1.0,2400.0,242.0,8644551.0,9868020.0,,0.0,0.0,0.0,4114.0,,0.0,,,,,20150331,34.0,-8.0,5.0,18680874711.0,38559193490.9751,,,,,56.0,-49.43,1093.5999755859375,2.122999906539917,2.798,52.689998626708984,91.08000183105469,,1186.0,,20150331,2161.0,106.41
20150102,139130,iM금융지주,KOSPI,Listed,,FICS  상업은행,11350.0,11350.0,11150.0,11200.0,341554.0,3825404800.0,1.0,11200.0,23708.0,162054666.0,86787850.0,-1407626100.0,0.0,-78450.0,-1409602250.0,7315.0,-125314.0,0.0,,,,,20150331,16788.0,405.0,347.0,6333906620610.0,100815524898925.25,,,,500.0,175.0,6.45,1093.5999755859375,2.122999906539917,2.798,52.689998626708984,91.08000183105469,,1186.0,,20150331,39085.0,1491.68
20150102,139480,이마트,KOSPI,Listed,,FICS  도소매,203000.0,210000.0,202500.0,208500.0,43998.0,9173583000.0,1.0,208500.0,22711.0,27595819.0,-1214899000.0,2132149000.0,2706031500.0,144480000.0,-1680794000.0,-5792.0,10210.0,12995.0,,,,,20150331,74339.0,1164.0,287.0,10966744045514.0,27542977670308.41,,,,2000.0,1782.0,-2.82,1093.5999755859375,2.122999906539917,2.798,52.689998626708984,91.08000183105469,,1186.0,,20150331,397406.0,151.15
20150102,139670,키네마스터,KOSDAQ,Listed,,FICS  일반&nbsp;소프트웨어,2942.0,3061.0,2885.0,3010.0,9298.0,27986980.0,1.0,3010.0,292.0,14118810.0,-1064110.0,,0.0,0.0,0.0,-186.0,,0.0,,,,,20150331,30.0,3.0,21.0,25272669900.0,26907811642.53,,,,,147.0,28.19,1093.5999755859375,2.122999906539917,2.798,52.689998626708984,91.08000183105469,,1186.0,,20150331,1790.0,6.47
20150102,139990,아주스틸,KOSDAQ,Listed,,FICS  금속&nbsp;및&nbsp;광물,,,,,,,1.0,,1360.0,38755414.0,,,,,,,,,,,,,,,,,,,,,,,,,1093.5999755859375,2.122999906539917,2.798,52.689998626708984,91.08000183105469,,1186.0,,,,
20150102,140070,서플러스글로벌,KOSDAQ,Listed,,FICS  반도체&nbsp;및&nbsp;관련장비,,,,,,,1.0,,810.0,36988000.0,,,,,,,,,,,,,,,,,,,,,,,,,1093.5999755859375,2.122999906539917,2.798,52.689998626708984,91.08000183105469,,1186.0,,,,
20150102,140410,메지온,KOSDAQ,Listed,,FICS  식료품,11565.0,11899.0,11365.0,11716.0,71970.0,843200520.0,1.0,11716.0,25748.0,30363914.0,9654350.0,3405850.0,0.0,105558850.0,-102153000.0,289.0,65.0,0.0,,,,,20150331,21.0,-47.0,-51.0,37529797704.0,88318872936.8232,,,,,-170.0,-48.05,1093.5999755859375,2.122999906539917,2.798,52.689998626708984,91.08000183105469,,1186.0,,20150331,1236.0,135.33
20150102,140430,카티스,KOSDAQ,Listed,,FICS  보안장비,,,,,,,1.0,,312.0,19102219.0,,,,,,,,,,,,,20150331,45.0,-6.0,-7.0,11384922524.0,19692500489.7628,,,,,-13.0,6.98,1093.5999755859375,2.122999906539917,2.798,52.689998626708984,91.08000183105469,,1186.0,,20150331,596.0,72.97
20150102,140520,대창스틸,KOSDAQ,Listed,,FICS  금속&nbsp;및&nbsp;광물,2514.0,2578.0,2484.0,2520.0,330205.0,832116600.0,1.0,2520.0,460.0,21109243.0,24955500.0,-27814620.0,0.0,-27814620.0,0.0,8428.0,-9463.0,0.0,,,,,,,,,,,,,,,,,1093.5999755859375,2.122999906539917,2.798,52.689998626708984,91.08000183105469,,1186.0,,,,
20150102,140670,알에스오토메이션,KOSDAQ,Listed,,FICS  기계,,,,,,,1.0,,1226.0,9303140.0,,,,,,,,,,,,,20150331,174.0,-4.0,-5.0,22615933340.0,55657811949.74,,,,,-51.0,-22.83,1093.5999755859375,2.122999906539917,2.798,52.689998626708984,91.08000183105469,,1186.0,,20150331,2431.0,146.1
20150102,140860,파크시스템스,KOSDAQ,Listed,,FICS  전자&nbsp;장비&nbsp;및&nbsp;기기,,,,,,,1.0,,15742.0,6996477.0,,,,,,,,,,,,,,,,,,,,,,,,,1093.5999755859375,2.122999906539917,2.798,52.689998626708984,91.08000183105469,,1186.0,,,,
20150102,140910,에이리츠,KOSPI,Listed,,FICS  부동산,5506.0,5742.0,5142.0,5715.0,9128.0,52166520.0,1.0,5715.0,140.0,4463032.0,,-39661860.0,0.0,0.0,-39661860.0,,-7184.0,0.0,,,,,,,,,,,,,,,,,1093.5999755859375,2.122999906539917,2.798,52.689998626708984,91.08000183105469,,1186.0,,,,
20150102,141000,비아트론,KOSDAQ,Listed,,FICS  디스플레이&nbsp;및&nbsp;관련부품,10000.0,10250.0,10000.0,10200.0,70879.0,722965800.0,1.0,10200.0,959.0,12114710.0,-15844400.0,60974900.0,0.0,9443500.0,0.0,-1587.0,5992.0,0.0,,,,,20150331,39.0,-25.0,1.0,210056956690.0,237700452190.404,,,,100.0,14.0,7.39,1093.5999755859375,2.122999906539917,2.798,52.689998626708984,91.08000183105469,,1186.0,,20150331,17339.0,13.16
20150102,141080,리가켐바이오,KOSDAQ,Listed,,FICS  제약,8532.0,8758.0,8382.0,8758.0,12824.0,112312592.0,1.0,8758.0,67912.0,36610338.0,-7983700.0,,0.0,0.0,0.0,-466.0,,0.0,,,,,20150331,414.0,-232.0,-153.0,605974314576.0,752741293566.3071,,,,,-427.0,-4.22,1093.5999755859375,2.122999906539917,2.798,52.689998626708984,91.08000183105469,,1186.0,,20150331,16552.0,24.22
20150102,142210,유니트론텍,KOSDAQ,Listed,,FICS  반도체&nbsp;및&nbsp;관련장비,,,,,,,1.0,,1281.0,21010071.0,,,,,,,,,,,,,20150331,1924.0,69.0,56.0,141544848327.0,389135097020.58844,,,,150.0,285.0,10.48,1093.5999755859375,2.122999906539917,2.798,52.689998626708984,91.08000183105469,,1186.0,,20150331,6737.0,174.92
20150102,142280,녹십자엠에스,KOSDAQ,Listed,,FICS  의료&nbsp;장비&nbsp;및&nbsp;서비스,13524.0,14470.0,13113.0,14224.0,704239.0,10017095536.0,1.0,14224.0,883.0,21741926.0,-65161850.0,-1444786200.0,0.0,-920170950.0,-79242050.0,-3941.0,-87426.0,0.0,,,,,20150331,264.0,9.0,14.0,44766625634.0,92443081934.20999,,,,,62.0,13.53,1093.5999755859375,2.122999906539917,2.798,52.689998626708984,91.08000183105469,,1186.0,,20150331,2059.0,106.5
20150102,142760,모아라이프플러스,KOSDAQ,Listed,,FICS  제약,4227.0,4227.0,4227.0,4227.0,1.0,4227.0,1.0,4227.0,657.0,39053522.0,,,0.0,0.0,0.0,,,0.0,,,,,20150331,12.0,-15.0,-7.0,29993104896.0,47521075397.222404,,,,,-18.0,-34.39,1093.5999755859375,2.122999906539917,2.798,52.689998626708984,91.08000183105469,,1186.0,,20150331,768.0,58.44
20150102,143160,아이디스,KOSDAQ,Listed,,FICS  보안장비,12500.0,12550.0,12050.0,12500.0,17099.0,213737500.0,1.0,12500.0,1910.0,10716390.0,16168850.0,-36688300.0,0.0,-36688300.0,0.0,1300.0,-3000.0,0.0,,,,,20150331,780.0,55.0,70.0,253656951300.0,335588146569.89996,,,,300.0,473.0,4.73,1093.5999755859375,2.122999906539917,2.798,52.689998626708984,91.08000183105469,,1186.0,,20150331,23670.0,32.3
20150102,143210,핸즈코퍼레이션,KOSDAQ,Listed,,FICS  자동차부품,,,,,,,1.0,,308.0,21875747.0,,,,,,,,,,,,,,,,,,,,,,,,,1093.5999755859375,2.122999906539917,2.798,52.689998626708984,91.08000183105469,,1186.0,,,,
20150102,143240,사람인,KOSDAQ,Listed,,FICS  상업서비스,11200.0,11300.0,10750.0,10850.0,9260.0,100471000.0,1.0,10850.0,1574.0,11709263.0,10467000.0,,0.0,0.0,0.0,966.0,,0.0,,,,,20150331,308.0,58.0,73.0,205251671127.0,250673865947.40512,,,,500.0,625.0,5.99,1093.5999755859375,2.122999906539917,2.798,52.689998626708984,91.08000183105469,,1186.0,,20150331,17529.0,22.13
20150102,143540,영우디에스피,KOSDAQ,Listed,,FICS  디스플레이&nbsp;및&nbsp;관련부품,2493.0,2633.0,2470.0,2615.0,30021.0,78504915.0,1.0,2615.0,338.0,44599895.0,-8415560.0,,0.0,0.0,0.0,-1238.0,,0.0,,,,,,,,,,,,,,,,,1093.5999755859375,2.122999906539917,2.798,52.689998626708984,91.08000183105469,,1186.0,,,,
20150102,144510,지씨셀,KOSDAQ,Listed,,FICS  의료&nbsp;장비&nbsp;및&nbsp;서비스,,,,,,,1.0,,4123.0,15800344.0,,,,,,,,,,,,,20150331,450.0,-4.0,-24.0,449156378888.0,588844012722.168,,,,100.0,-167.0,-20.55,1093.5999755859375,2.122999906539917,2.798,52.689998626708984,91.08000183105469,,1186.0,,20150331,28427.0,31.1
20150102,144960,뉴파워프라즈마,KOSDAQ,Listed,,FICS  반도체&nbsp;및&nbsp;관련장비,,,,,,,1.0,,2197.0,43692624.0,,,,,,,,,,,,,20150331,1514.0,60.0,70.0,307464995088.0,712365647119.3872,,,,50.0,155.0,7.76,1093.5999755859375,2.122999906539917,2.798,52.689998626708984,91.08000183105469,,1186.0,,20150331,7037.0,131.69
20150102,145020,휴젤,KOSDAQ,Listed,,FICS  바이오,,,,,,,1.0,,27437.0,12304033.0,,,,,,,,,,,,,20150331,1116.0,513.0,476.0,1090937085945.0,1204067261757.4963,,,,,3275.0,16.52,1093.5999755859375,2.122999906539917,2.798,52.689998626708984,91.08000183105469,,1186.0,,20150331,88665.0,10.37
20150102,145170,노브랜드,KOSDAQ,Listed,,FICS  섬유&nbsp;및&nbsp;의복,,,,,,,1.0,,720.0,16908405.0,,,,,,,,,,,,,20150331,1632.0,90.0,46.0,158397938040.0,374737841815.03204,,,,,271.0,-1.26,1093.5999755859375,2.122999906539917,2.798,52.689998626708984,91.08000183105469,,1186.0,,20150331,9368.0,136.58
20150102,145210,다이나믹디자인,KOSDAQ,Listed,,FICS  자동차부품,,,,,,,1.0,,343.0,37793712.0,,,,,,,,,,,,,,,,,,,,,,,,,1093.5999755859375,2.122999906539917,2.798,52.689998626708984,91.08000183105469,,1186.0,,,,
20150102,145270,케이탑리츠,KOSPI,Listed,,FICS  부동산,802.0,827.0,802.0,828.0,19634.0,16256952.0,1.0,828.0,464.0,48060774.0,-2227420.0,15866705.0,0.0,15866705.0,0.0,-467.0,3317.0,0.0,,,,,,,,,,,,,,,,,1093.5999755859375,2.122999906539917,2.798,52.689998626708984,91.08000183105469,,1186.0,,,,
20150102,145720,덴티움,KOSDAQ,Listed,,FICS  의료&nbsp;장비&nbsp;및&nbsp;서비스,,,,,,,1.0,,5645.0,11068830.0,,,,,,,,,,,,,,,,,,,,,,,,,1093.5999755859375,2.122999906539917,2.798,52.689998626708984,91.08000183105469,,1186.0,,,,
20150102,145990,삼양사,KOSPI,Listed,,FICS  식료품,61600.0,61600.0,60300.0,60400.0,4187.0,252894800.0,1.0,60400.0,5362.0,10313449.0,-82271300.0,37692300.0,0.0,7507100.0,0.0,-1356.0,620.0,0.0,,,,,20150331,6659.0,384.0,335.0,2009895254569.0,3352304295095.635,,,,1750.0,2611.0,6.04,1093.5999755859375,2.122999906539917,2.798,52.689998626708984,91.08000183105469,,1186.0,,20150331,194881.0,66.79
20150102,145995,삼양사우,KOSPI,Listed,,기준 분기는,34200.0,34200.0,32050.0,32200.0,361.0,11624200.0,1.0,32200.0,5362.0,370070.0,,,0.0,0.0,0.0,,,0.0,,,,,20150331,6659.0,384.0,335.0,72119611670.0,120288300304.39299,,,,1800.0,2611.0,6.04,1093.5999755859375,2.122999906539917,2.798,52.689998626708984,91.08000183105469,,1186.0,,20150331,194881.0,66.79
20150102,146060,율촌,KOSDAQ,Listed,,FICS  자동차부품,,,,,,,1.0,,289.0,24015595.0,,,,,,,,,,,,,20150331,204.0,15.0,18.0,53194542925.0,100388741408.06,,,,,67.0,9.13,1093.5999755859375,2.122999906539917,2.798,52.689998626708984,91.08000183105469,,1186.0,,20150331,2215.0,88.72
20150102,146320,비씨엔씨,KOSDAQ,Listed,,FICS  반도체&nbsp;및&nbsp;관련장비,,,,,,,1.0,,1679.0,12797923.0,,,,,,,,,,,,,,,,,,,,,,,,,1093.5999755859375,2.122999906539917,2.798,52.689998626708984,91.08000183105469,,1186.0,,,,
20150102,147760,피엠티,KOSDAQ,Listed,,FICS  반도체&nbsp;및&nbsp;관련장비,,,,,,,1.0,,301.0,10819866.0,,,,,,,,,,,,,,,,,,,,,,,,,1093.5999755859375,2.122999906539917,2.798,52.689998626708984,91.08000183105469,,1186.0,,,,
20150102,147830,제룡산업,KOSDAQ,Listed,,FICS  금속&nbsp;및&nbsp;광물,2134.0,2221.0,2039.0,2067.0,1883066.0,3892297422.0,1.0,2067.0,1220.0,20000000.0,-32220750.0,,0.0,0.0,0.0,-6225.0,,0.0,,,,,20150331,84.0,15.0,20.0,86180000000.0,100623768000.0,,,,200.0,98.0,10.88,1093.5999755859375,2.122999906539917,2.798,52.689998626708984,91.08000183105469,,1186.0,,20150331,4309.0,16.76
20150102,148150,세경하이테크,KOSDAQ,Listed,,FICS  휴대폰&nbsp;및&nbsp;관련부품,,,,,,,1.0,,1843.0,35860429.0,,,,,,,,,,,,,20150331,783.0,26.0,69.0,184717069779.0,253542649978.6554,,,,100.0,140.0,10.14,1093.5999755859375,2.122999906539917,2.798,52.689998626708984,91.08000183105469,,1186.0,,20150331,5151.0,37.26
20150102,148250,알엔투테크놀로지,KOSDAQ,Listed,,FICS  전자&nbsp;장비&nbsp;및&nbsp;기기,6510.0,6510.0,6510.0,6510.0,0.0,,1.0,,557.0,9446672.0,,,0.0,0.0,0.0,,,0.0,,,,,,,,,,,,,,,,,1093.5999755859375,2.122999906539917,2.798,52.689998626708984,91.08000183105469,,1186.0,,,,
20150102,148780,비큐AI,KOSDAQ,Listed,,FICS  일반&nbsp;소프트웨어,,,,,,,1.0,,438.0,31445725.0,,,,,,,,,,,,,20150331,44.0,-2.0,-1.0,11163232375.0,15963422296.25,,,,,-3.0,-7.61,1093.5999755859375,2.122999906539917,2.798,52.689998626708984,91.08000183105469,,1186.0,,20150331,355.0,43.0
20150102,148930,에이치와이티씨,KOSDAQ,Listed,,FICS  전자&nbsp;장비&nbsp;및&nbsp;기기,,,,,,,1.0,,328.0,10175213.0,,,,,,,,,,,,,,,,,,,,,,,,,1093.5999755859375,2.122999906539917,2.798,52.689998626708984,91.08000183105469,,1186.0,,,,
20150102,149950,아바텍,KOSDAQ,Listed,,FICS  디스플레이&nbsp;및&nbsp;관련부품,11900.0,12150.0,11850.0,12100.0,162726.0,1968984600.0,1.0,12100.0,1411.0,13667703.0,25118350.0,448207700.0,51097250.0,0.0,-962400.0,2083.0,37317.0,4255.0,,,,,,,,,,,,,,,,,1093.5999755859375,2.122999906539917,2.798,52.689998626708984,91.08000183105469,,1186.0,,,,
20150102,149980,하이로닉,KOSDAQ,Listed,,FICS  의료&nbsp;장비&nbsp;및&nbsp;서비스,14264.0,14405.0,13905.0,14062.0,420709.0,5916009958.0,1.0,14062.0,946.0,18594363.0,,346894800.0,0.0,-828800.0,215891700.0,,3813.0,0.0,,,,,20150331,83.0,5.0,4.0,81908169015.0,92834718761.601,,,,,24.0,-8.48,1093.5999755859375,2.122999906539917,2.798,52.689998626708984,91.08000183105469,,1186.0,,20150331,4405.0,13.34
20150102,150840,인트로메딕,KOSDAQ,Listed,,FICS  의료&nbsp;장비&nbsp;및&nbsp;서비스,7206.0,7309.0,7078.0,7207.0,140824.0,1014918568.0,1.0,7207.0,2515.0,42997901.0,3985550.0,-48683250.0,0.0,0.0,0.0,280.0,-3435.0,0.0,,,,,20150331,27.0,1.0,1.0,4557777506.0,8794231697.827,,,,,3.0,-25.43,1093.5999755859375,2.122999906539917,2.798,52.689998626708984,91.08000183105469,,1186.0,,20150331,106.0,92.95
20150102,150900,파수,KOSDAQ,Listed,,FICS  일반&nbsp;소프트웨어,11600.0,11900.0,11450.0,11700.0,129915.0,1520005500.0,1.0,11700.0,527.0,11699422.0,21367950.0,58903500.0,0.0,58903500.0,0.0,1836.0,5000.0,0.0,,,,,,,,,,,,,,,,,1093.5999755859375,2.122999906539917,2.798,52.689998626708984,91.08000183105469,,1186.0,,,,
20150102,151860,KG에코솔루션,KOSDAQ,Listed,,FICS  자동차,5200.0,5220.0,5140.0,5180.0,143573.0,743708140.0,1.0,5180.0,2822.0,47603002.0,31952140.0,370003040.0,81327920.0,200296370.0,44191500.0,6176.0,71269.0,15680.0,,,,,20150331,20691.0,588.0,292.0,1604268770402.0,3404739611424.1646,,,,120.0,295.0,5.57,1093.5999755859375,2.122999906539917,2.798,52.689998626708984,91.08000183105469,,1186.0,,20150331,33701.0,112.23
20150102,152550,한국ANKOR유전,KOSPI,Listed,,FICS  석유&nbsp;및&nbsp;가스,35.0,35.0,33.0,34.0,802401.0,27281634.0,1.0,34.0,155.0,70020000.0,-3343470.0,,0.0,0.0,0.0,-1276.0,,0.0,,,,,,,,,,,,,,,,,1093.5999755859375,2.122999906539917,2.798,52.689998626708984,91.08000183105469,,1186.0,,,,
20150102,153460,네이블,KOSDAQ,Listed,,FICS  일반&nbsp;소프트웨어,5928.0,5928.0,5718.0,5718.0,45441.0,259831638.0,1.0,5718.0,455.0,6530014.0,9117520.0,,0.0,0.0,0.0,1453.0,,0.0,,,,,,,,,,,,,,,,,1093.5999755859375,2.122999906539917,2.798,52.689998626708984,91.08000183105469,,1186.0,,,,
20150102,153490,우리이앤엘,KOSDAQ,Listed,,FICS  디스플레이&nbsp;및&nbsp;관련부품,1927.0,2109.0,1892.0,1999.0,551812.0,1103072188.0,1.0,1999.0,356.0,51480000.0,22527460.0,,0.0,0.0,0.0,10074.0,,0.0,,,,,,,,,,,,,,,,,1093.5999755859375,2.122999906539917,2.798,52.689998626708984,91.08000183105469,,1186.0,,,,
20150102,153710,옵티팜,KOSDAQ,Listed,,FICS  제약,,,,,,,1.0,,765.0,14669958.0,,,,,,,,,,,,,20150331,57.0,-5.0,-5.0,25701766416.0,42307677697.3776,,,,,-37.0,-9.71,1093.5999755859375,2.122999906539917,2.798,52.689998626708984,91.08000183105469,,1186.0,,20150331,1752.0,64.61
20150102,154030,아시아종묘,KOSDAQ,Listed,,FICS  식료품,4500.0,4500.0,4500.0,4500.0,1.0,4500.0,1.0,4500.0,253.0,12061867.0,,,0.0,0.0,0.0,,,0.0,,,,,,,,,,,,,,,,,1093.5999755859375,2.122999906539917,2.798,52.689998626708984,91.08000183105469,,1186.0,,,,
20150102,154040,다산솔루에타,KOSDAQ,Listed,,FICS  전자&nbsp;장비&nbsp;및&nbsp;기기,7460.0,7710.0,7460.0,7640.0,99332.0,758896480.0,1.0,7640.0,204.0,17950094.0,42735380.0,,0.0,0.0,0.0,5612.0,,0.0,,,,,,,,,,,,,,,,,1093.5999755859375,2.122999906539917,2.798,52.689998626708984,91.08000183105469,,1186.0,,,,
20150102,155650,와이엠씨,KOSDAQ,Listed,,FICS  디스플레이&nbsp;및&nbsp;관련부품,1601.0,1651.0,1535.0,1636.0,84635.0,138462860.0,1.0,1636.0,696.0,19474358.0,194775.0,,0.0,0.0,0.0,166.0,,0.0,,,,,20150331,410.0,19.0,15.0,126388583420.0,181822616108.01202,,,,75.0,80.0,3.5,1093.5999755859375,2.122999906539917,2.798,52.689998626708984,91.08000183105469,,1186.0,,20150331,6490.0,43.86
20150102,155660,DSR,KOSPI,Listed,,FICS  금속&nbsp;및&nbsp;광물,3645.0,3700.0,3625.0,3700.0,5978.0,22118600.0,1.0,3700.0,624.0,16000000.0,-4720330.0,9223460.0,0.0,2728740.0,6494720.0,-1286.0,2512.0,0.0,,,,,20150331,747.0,55.0,73.0,239712000000.0,360047424000.0,,,,70.0,457.0,5.86,1093.5999755859375,2.122999906539917,2.798,52.689998626708984,91.08000183105469,,1186.0,,20150331,14982.0,50.2
20150102,156100,엘앤케이바이오,KOSDAQ,Listed,,FICS  의료&nbsp;장비&nbsp;및&nbsp;서비스,9912.0,9912.0,9912.0,9912.0,0.0,,1.0,,2929.0,21032076.0,,,0.0,0.0,0.0,,,0.0,,,,,20150331,101.0,3.0,26.0,49362282372.0,95155671728.5044,,,,,133.0,13.47,1093.5999755859375,2.122999906539917,2.798,52.689998626708984,91.08000183105469,,1186.0,,20150331,2347.0,92.77
20150102,158430,아톤,KOSDAQ,Listed,,FICS  일반&nbsp;소프트웨어,,,,,,,1.0,,1575.0,24850529.0,,,,,,,,,,,,,20150331,146.0,33.0,31.0,109665384477.0,142696598281.4724,,,,50.0,81.0,6.41,1093.5999755859375,2.122999906539917,2.798,52.689998626708984,91.08000183105469,,1186.0,,20150331,4413.0,30.12
20150102,159010,아스플로,KOSDAQ,Listed,,FICS  기계,,,,,,,1.0,,586.0,13334739.0,,,,,,,,,,,,,,,,,,,,,,,,,1093.5999755859375,2.122999906539917,2.798,52.689998626708984,91.08000183105469,,1186.0,,,,
20150102,159580,제로투세븐,KOSDAQ,Listed,,FICS  개인생활용품,8180.0,8200.0,8090.0,8100.0,28004.0,226832400.0,1.0,8100.0,820.0,20032636.0,7738270.0,9965060.0,-37901510.0,27071020.0,27890910.0,947.0,1233.0,-4659.0,,,,,,,,,,,,,,,,,1093.5999755859375,2.122999906539917,2.798,52.689998626708984,91.08000183105469,,1186.0,,,,
20150102,159910,에코글로우,KOSDAQ,Listed,,FICS  개인생활용품,1700.0,1745.0,1673.0,1714.0,27671.0,47428094.0,1.0,1714.0,297.0,41331359.0,243620.0,,0.0,0.0,0.0,49.0,,0.0,,,,,20150331,21.0,-14.0,-18.0,13019378085.0,28039834581.664497,,,,,-46.0,-30.54,1093.5999755859375,2.122999906539917,2.798,52.689998626708984,91.08000183105469,,1186.0,,20150331,315.0,115.37
20150102,160190,하이젠알앤엠,KOSDAQ,Listed,,FICS  기계,,,,,,,1.0,,18440.0,30888000.0,,,,,,,,,,,,,20150331,159.0,-21.0,-23.0,67644720000.0,122416649783.99998,,,,,-73.0,-11.69,1093.5999755859375,2.122999906539917,2.798,52.689998626708984,91.08000183105469,,1186.0,,20150331,2190.0,80.97
20150102,160550,NEW,KOSDAQ,Listed,,FICS  미디어,9040.0,10392.0,8939.0,10392.0,1109641.0,11531389272.0,1.0,10392.0,583.0,27906106.0,122235400.0,1129632050.0,1073908600.0,1359813900.0,-11380500.0,5854.0,59919.0,55322.0,,,,,20150331,545.0,39.0,40.0,89773943002.0,181621664087.34622,,,,,110.0,-5.8,1093.5999755859375,2.122999906539917,2.798,52.689998626708984,91.08000183105469,,1186.0,,20150331,3217.0,102.31
20150102,160980,싸이맥스,KOSDAQ,Listed,,FICS  반도체&nbsp;및&nbsp;관련장비,,,,,,,1.0,,1689.0,10924243.0,,,,,,,,,,,,,,,,,,,,,,,,,1093.5999755859375,2.122999906539917,2.798,52.689998626708984,91.08000183105469,,1186.0,,,,
20150102,161000,애경케미칼,KOSPI,Listed,,FICS  화학,6250.0,6250.0,6110.0,6190.0,1958.0,12120020.0,1.0,6190.0,5288.0,48648709.0,-10430500.0,-5751100.0,0.0,0.0,-185200.0,-169.0,-93.0,0.0,,,,,20150331,3578.0,-73.0,140.0,729536040164.0,1396477888081.929,,,,281.0,298.0,1.49,1093.5999755859375,2.122999906539917,2.798,52.689998626708984,91.08000183105469,,1186.0,,20150331,14996.0,91.42
20150102,161390,한국타이어앤테크놀로지,KOSPI,Listed,,FICS  자동차부품,52100.0,52600.0,51400.0,51600.0,217902.0,11243743200.0,1.0,51600.0,77793.0,123875069.0,1759015100.0,-1699732400.0,-698352800.0,845655400.0,-1379445200.0,34086.0,-32994.0,-13509.0,,,,,20150331,54129.0,5238.0,3205.0,12023685822347.0,24308285627038.93,,,,800.0,2544.0,8.62,1093.5999755859375,2.122999906539917,2.798,52.689998626708984,91.08000183105469,,1186.0,,20150331,97063.0,102.17
20150102,161580,필옵틱스,KOSDAQ,Listed,,FICS  전자&nbsp;장비&nbsp;및&nbsp;기기,,,,,,,1.0,,9665.0,23402747.0,,,,,,,,,,,,,20150331,336.0,1.0,-81.0,149005290149.0,244860393301.85168,,,,314.0,171.0,-4.2,1093.5999755859375,2.122999906539917,2.798,52.689998626708984,91.08000183105469,,1186.0,,20150331,6367.0,64.33
20150102,161890,한국콜마,KOSPI,Listed,,FICS  개인생활용품,44100.0,44800.0,43150.0,43650.0,164383.0,7175317950.0,1.0,43650.0,15461.0,23605077.0,82753500.0,-1652235100.0,-219839850.0,-95515350.0,-1144837100.0,1905.0,-38097.0,-5056.0,,,,,20150331,6469.0,492.0,337.0,880705422870.0,1923548714090.367,,,,720.0,1043.0,13.91,1093.5999755859375,2.122999906539917,2.798,52.689998626708984,91.08000183105469,,1186.0,,20150331,37310.0,118.41
20150102,162300,신스틸,KOSDAQ,Listed,,FICS  금속&nbsp;및&nbsp;광물,,,,,,,1.0,,745.0,41471382.0,,,,,,,,,,,,,20150331,853.0,2.0,6.0,82652464326.0,218343015009.9942,,,,20.0,14.0,4.37,1093.5999755859375,2.122999906539917,2.798,52.689998626708984,91.08000183105469,,1186.0,,20150331,1993.0,164.17
20150102,163280,에어레인,KOSDAQ,Listed,,FICS  화학,,,,,,,1.0,,1236.0,8174789.0,,,,,,,,,,,,,,,,,,,,,,,,,1093.5999755859375,2.122999906539917,2.798,52.689998626708984,91.08000183105469,,1186.0,,,,
20150102,163560,동일고무벨트,KOSPI,Listed,,FICS  화학,7816.0,7894.0,7764.0,7888.0,17901.0,141203088.0,1.0,7888.0,939.0,13900000.0,-30533910.0,29225200.0,0.0,27871000.0,1354200.0,-3377.0,3199.0,0.0,,,,,,,,,,,,,,,,,1093.5999755859375,2.122999906539917,2.798,52.689998626708984,91.08000183105469,,1186.0,,,,
20150102,163730,핑거,KOSDAQ,Listed,,FICS  IT&nbsp;서비스,,,,,,,1.0,,1079.0,9406568.0,,,,,,,,,,,,,20150331,253.0,11.0,15.0,49356262296.0,69972373057.0392,,,,100.0,153.0,6.05,1093.5999755859375,2.122999906539917,2.798,52.689998626708984,91.08000183105469,,1186.0,,20150331,5247.0,41.77
20150102,166090,하나머티리얼즈,KOSDAQ,Listed,,FICS  반도체&nbsp;및&nbsp;관련장비,,,,,,,1.0,,8890.0,19777674.0,,,,,,,,,,,,,20150331,737.0,168.0,135.0,400735230588.0,595813140838.2384,,,,250.0,738.0,8.54,1093.5999755859375,2.122999906539917,2.798,52.689998626708984,91.08000183105469,,1186.0,,20150331,20262.0,48.68
20150102,166480,코아스템켐온,KOSDAQ,Listed,,FICS  바이오,,,,,,,1.0,,1003.0,52870376.0,,,,,,,,,,,,,20150331,36.0,-75.0,-72.0,61964080672.0,172799231770.0064,,,,,-181.0,-39.91,1093.5999755859375,2.122999906539917,2.798,52.689998626708984,91.08000183105469,,1186.0,,20150331,1172.0,178.87
20150102,168330,내츄럴엔도텍,KOSDAQ,Listed,,FICS  개인생활용품,91300.0,94300.0,91200.0,94000.0,50331.0,4731114000.0,1.0,94000.0,981.0,31754900.0,976085500.0,-68040700.0,0.0,203027550.0,-271068250.0,20884.0,-1424.0,0.0,,,,,,,,,,,,,,,,,1093.5999755859375,2.122999906539917,2.798,52.689998626708984,91.08000183105469,,1186.0,,,,
20150102,168360,펨트론,KOSDAQ,Listed,,FICS  전자&nbsp;장비&nbsp;및&nbsp;기기,,,,,,,1.0,,3874.0,21288284.0,,,,,,,,,,,,,20150331,179.0,11.0,7.0,21565031692.0,108351345233.2848,,,,,34.0,-25.5,1093.5999755859375,2.122999906539917,2.798,52.689998626708984,91.08000183105469,,1186.0,,20150331,1013.0,402.44
20150102,169330,엠브레인,KOSDAQ,Listed,,FICS  IT&nbsp;서비스,,,,,,,1.0,,364.0,18316918.0,,,,,,,,,,,,,20150331,136.0,3.0,2.0,25735269790.0,45029001551.563,,,,80.0,13.0,-1.63,1093.5999755859375,2.122999906539917,2.798,52.689998626708984,91.08000183105469,,1186.0,,20150331,1405.0,74.97
20150102,170030,현대공업,KOSDAQ,Listed,,FICS  자동차부품,6100.0,6406.0,5966.0,6333.0,107172.0,678720276.0,1.0,6333.0,986.0,15340000.0,-14294330.0,61897420.0,0.0,61897420.0,0.0,-1515.0,6524.0,0.0,,,,,20150331,864.0,44.0,63.0,163278960000.0,247563559152.0,,,,200.0,410.0,8.53,1093.5999755859375,2.122999906539917,2.798,52.689998626708984,91.08000183105469,,1186.0,,20150331,10644.0,51.62
20150102,170790,파이오링크,KOSDAQ,Listed,,FICS  IT&nbsp;서비스,14400.0,16300.0,14300.0,15700.0,557573.0,8753896100.0,1.0,15700.0,622.0,6718889.0,-64304800.0,,0.0,0.0,0.0,-4453.0,,0.0,,,,,20150331,147.0,5.0,8.0,85235825854.0,100271425534.64561,,,,300.0,125.0,7.96,1093.5999755859375,2.122999906539917,2.798,52.689998626708984,91.08000183105469,,1186.0,,20150331,12686.0,17.64
20150102,170900,동아에스티,KOSPI,Listed,,FICS  제약,85337.0,86186.0,82978.0,83451.0,15520.0,1295159520.0,1.0,83451.0,5237.0,9352645.0,-296805100.0,270682600.0,537894000.0,-116517200.0,-186076400.0,-3294.0,3005.0,6000.0,,,,,20150331,2159.0,140.0,85.0,699512377485.0,1473103115745.6616,,,,687.0,988.0,-0.08,1093.5999755859375,2.122999906539917,2.798,52.689998626708984,91.08000183105469,,1186.0,,20150331,74793.0,110.59
20150102,170920,엘티씨,KOSDAQ,Listed,,FICS  반도체&nbsp;및&nbsp;관련장비,14550.0,14650.0,14100.0,14600.0,5976.0,87249600.0,1.0,14600.0,1641.0,10210070.0,-18015900.0,,0.0,0.0,0.0,-1241.0,,0.0,,,,,,,,,,,,,,,,,1093.5999755859375,2.122999906539917,2.798,52.689998626708984,91.08000183105469,,1186.0,,,,
20150102,171010,램테크놀러지,KOSDAQ,Listed,,FICS  반도체&nbsp;및&nbsp;관련장비,2823.0,2907.0,2769.0,2785.0,6603.0,18389355.0,1.0,2785.0,571.0,14298752.0,960020.0,,0.0,0.0,0.0,260.0,,0.0,,,,,,,,,,,,,,,,,1093.5999755859375,2.122999906539917,2.798,52.689998626708984,91.08000183105469,,1186.0,,,,
20150102,171090,선익시스템,KOSDAQ,Listed,,FICS  디스플레이&nbsp;및&nbsp;관련부품,,,,,,,1.0,,5364.0,9561504.0,,,,,,,,,,,,,20150331,1580.0,278.0,39.0,143738089632.0,474666293391.75354,,,,,408.0,38.31,1093.5999755859375,2.122999906539917,2.798,52.689998626708984,91.08000183105469,,1186.0,,20150331,15033.0,230.23
20150102,171120,라이온켐텍,KOSDAQ,Listed,,FICS  건축소재,6387.0,6578.0,6360.0,6443.0,67648.0,435856064.0,1.0,6443.0,768.0,35901760.0,28923500.0,12734750.0,-14575750.0,75601300.0,0.0,1228.0,551.0,-622.0,,,,,20150331,366.0,48.0,52.0,137970463680.0,155189177547.264,,,,100.0,144.0,7.52,1093.5999755859375,2.122999906539917,2.798,52.689998626708984,91.08000183105469,,1186.0,,20150331,3843.0,12.48
20150102,172670,에이엘티,KOSDAQ,Listed,,FICS  반도체&nbsp;및&nbsp;관련장비,,,,,,,1.0,,898.0,8960259.0,,,,,,,,,,,,,,,,,,,,,,,,,1093.5999755859375,2.122999906539917,2.798,52.689998626708984,91.08000183105469,,1186.0,,,,
20150102,173130,오파스넷,KOSDAQ,Listed,,FICS  IT&nbsp;서비스,,,,,,,1.0,,926.0,13046473.0,,,,,,,,,,,,,20150331,428.0,34.0,30.0,60653052977.0,131604994349.4946,,,,100.0,233.0,26.63,1093.5999755859375,2.122999906539917,2.798,52.689998626708984,91.08000183105469,,1186.0,,20150331,4649.0,116.98
20150102,173940,에프엔씨엔터,KOSDAQ,Listed,,FICS  미디어,11316.0,11616.0,11140.0,11341.0,105427.0,1195647607.0,1.0,11341.0,570.0,15392808.0,-7692600.0,-128898750.0,91256650.0,-97675400.0,-122480000.0,-328.0,-5720.0,4000.0,,,,,,,,,,,,,,,,,1093.5999755859375,2.122999906539917,2.798,52.689998626708984,91.08000183105469,,1186.0,,,,
20150102,174880,장원테크,KOSDAQ,Listed,,FICS  휴대폰&nbsp;및&nbsp;관련부품,,,,,,,1.0,,116.0,4381265.0,,,,,,,,,,,,,,,,,,,,,,,,,1093.5999755859375,2.122999906539917,2.798,52.689998626708984,91.08000183105469,,1186.0,,,,
20150102,174900,앱클론,KOSDAQ,Listed,,FICS  바이오,,,,,,,1.0,,7637.0,19092949.0,,,,,,,,,,,,,20150331,16.0,-35.0,-35.0,28162099775.0,37306333571.9425,,,,,-179.0,-61.6,1093.5999755859375,2.122999906539917,2.798,52.689998626708984,91.08000183105469,,1186.0,,20150331,1475.0,32.47
20150102,175140,휴먼테크놀로지,KOSDAQ,Listed,,FICS  내구소비재,,,,,,,1.0,,1181.0,24798012.0,,,,,,,,,,,,,20150331,144.0,-31.0,-32.0,46843444668.0,70349485202.4024,,,,,-130.0,-48.39,1093.5999755859375,2.122999906539917,2.798,52.689998626708984,91.08000183105469,,1186.0,,20150331,1889.0,50.18
20150102,175250,아이큐어,KOSDAQ,Listed,,FICS  제약,,,,,,,1.0,,815.0,37558368.0,,,,,,,,,,,,,20150331,251.0,-33.0,-39.0,46422142848.0,126036117832.31999,,,,,-99.0,-51.92,1093.5999755859375,2.122999906539917,2.798,52.689998626708984,91.08000183105469,,1186.0,,20150331,1236.0,171.5
20150102,175330,JB금융지주,KOSPI,Listed,,FICS  상업은행,6010.0,6060.0,5860.0,6000.0,416227.0,2497362000.0,1.0,6000.0,47661.0,189884601.0,-309541740.0,-427356590.0,-662666750.0,-171563990.0,4417020.0,-52217.0,-72823.0,-112481.0,,,,,,,,,,,,,,,,,1093.5999755859375,2.122999906539917,2.798,52.689998626708984,91.08000183105469,,1186.0,,,,
20150102,176750,듀켐바이오,KOSDAQ,Listed,,FICS  제약,8500.0,8500.0,8500.0,8500.0,1000.0,8500000.0,1.0,8500.0,2629.0,28455220.0,,,0.0,0.0,0.0,,,0.0,,,,,,,,,,,,,,,,,1093.5999755859375,2.122999906539917,2.798,52.689998626708984,91.08000183105469,,1186.0,,,,
20150102,177350,베셀,KOSDAQ,Listed,,FICS  디스플레이&nbsp;및&nbsp;관련부품,3241.0,3241.0,3241.0,3241.0,398.0,1289918.0,1.0,3241.0,254.0,19653767.0,,-1296000.0,0.0,0.0,-1296000.0,,-300.0,0.0,,,,,20150331,35.0,-1.0,5.0,37833501475.0,49652687335.79,,,,,23.0,35.14,1093.5999755859375,2.122999906539917,2.798,52.689998626708984,91.08000183105469,,1186.0,,20150331,1925.0,31.24
20150102,177830,파버나인,KOSDAQ,Listed,,FICS  금속&nbsp;및&nbsp;광물,4050.0,4050.0,3875.0,3990.0,68677.0,274021230.0,1.0,3990.0,390.0,13493951.0,7107590.0,,0.0,0.0,0.0,897.0,,0.0,,,,,,,,,,,,,,,,,1093.5999755859375,2.122999906539917,2.798,52.689998626708984,91.08000183105469,,1186.0,,,,
20150102,177900,쓰리에이로직스,KOSDAQ,Listed,,FICS  통신장비,,,,,,,1.0,,614.0,9584800.0,,,,,,,,,,,,,20150331,32.0,-4.0,-5.0,49409644000.0,70349451127.2,,,,,-52.0,18.23,1093.5999755859375,2.122999906539917,2.798,52.689998626708984,91.08000183105469,,1186.0,,20150331,5155.0,42.38
20150102,178320,서진시스템,KOSDAQ,Listed,,FICS  전기장비,,,,,,,1.0,,14351.0,56282149.0,,,,,,,,,,,,,20150331,3012.0,236.0,80.0,818961550099.0,2482108666040.0493,,,,,-850.0,-15.75,1093.5999755859375,2.122999906539917,2.798,52.689998626708984,91.08000183105469,,1186.0,,20150331,14551.0,203.08
20150102,178780,일월지엠엘,KOSDAQ,Listed,,FICS  도소매,,,,,,,1.0,,519.0,17769195.0,,,,,,,,,,,,,20150331,33.0,-0.0,1.0,34365623130.0,44610015385.053,,,,,8.0,23.59,1093.5999755859375,2.122999906539917,2.798,52.689998626708984,91.08000183105469,,1186.0,,20150331,1934.0,29.81
20150102,178920,PI첨단소재,KOSDAQ,Listed,,FICS  화학,7710.0,8020.0,7610.0,8000.0,721937.0,5775496000.0,1.0,8000.0,4904.0,29366322.0,72801600.0,303979690.0,0.0,182176350.0,-83570520.0,9340.0,38148.0,0.0,,,,,20150331,584.0,55.0,69.0,361147027956.0,502897236428.73004,,,,350.0,235.0,8.38,1093.5999755859375,2.122999906539917,2.798,52.689998626708984,91.08000183105469,,1186.0,,20150331,12298.0,39.25
20150102,179290,엠아이텍,KOSDAQ,Listed,,FICS  의료&nbsp;장비&nbsp;및&nbsp;서비스,,,,,,,1.0,,2126.0,32365678.0,,,,,,,,,,,,,20150331,171.0,57.0,49.0,120788710296.0,134534465527.68478,,,,100.0,153.0,16.59,1093.5999755859375,2.122999906539917,2.798,52.689998626708984,91.08000183105469,,1186.0,,20150331,3732.0,11.38
20150102,179530,애드바이오텍,KOSDAQ,Listed,,FICS  제약,,,,,,,1.0,,483.0,16360379.0,,,,,,,,,,,,,,,,,,,,,,,,,1093.5999755859375,2.122999906539917,2.798,52.689998626708984,91.08000183105469,,1186.0,,,,
20150102,179900,유티아이,KOSDAQ,Listed,,FICS  휴대폰&nbsp;및&nbsp;관련부품,,,,,,,1.0,,5149.0,19579416.0,,,,,,,,,,,,,20150331,46.0,-133.0,-159.0,22242216576.0,72302773423.60321,,,,,-826.0,-170.28,1093.5999755859375,2.122999906539917,2.798,52.689998626708984,91.08000183105469,,1186.0,,20150331,1136.0,225.07
20150102,180400,DXVX,KOSDAQ,Listed,,FICS  의료&nbsp;장비&nbsp;및&nbsp;서비스,1832.0,1832.0,1832.0,1832.0,899.0,1646968.0,1.0,1832.0,874.0,49219432.0,,,0.0,0.0,0.0,,,0.0,,,,,20150331,56.0,-68.0,-89.0,-5463356952.0,93889974562.9008,,,,,-180.0,-277.58,1093.5999755859375,2.122999906539917,2.798,52.689998626708984,91.08000183105469,,1186.0,,20150331,-111.0,-1818.54
20150102,180640,한진칼,KOSPI,Listed,,FICS  항공운수,30127.0,31447.0,29638.0,30567.0,589554.0,18020897118.0,1.0,30567.0,72437.0,66762279.0,-2693745100.0,5567059100.0,1186585750.0,113377150.0,295069900.0,-85408.0,175381.0,37452.0,,,,,,,,,,,,,,,,,1093.5999755859375,2.122999906539917,2.798,52.689998626708984,91.08000183105469,,1186.0,,,,
20150102,18064K,한진칼우,KOSPI,Listed,,기준 분기는,13027.0,13606.0,13027.0,13269.0,9763.0,129545247.0,1.0,13269.0,72437.0,536766.0,,,0.0,0.0,0.0,,,0.0,,,,,,,,,,,,,,,,,1093.5999755859375,2.122999906539917,2.798,52.689998626708984,91.08000183105469,,1186.0,,,,
20150102,181710,NHN,KOSPI,Listed,,FICS  IT&nbsp;서비스,44192.0,46866.0,43991.0,46867.0,1132540.0,53078752180.0,1.0,46867.0,10923.0,33766123.0,-251517800.0,6410741600.0,4104724300.0,480105200.0,1592936300.0,-2801.0,69936.0,44806.0,,,,,20150331,6638.0,297.0,122.0,1617262227208.0,3181963432031.74,,,,500.0,117.0,-3.06,1093.5999755859375,2.122999906539917,2.798,52.689998626708984,91.08000183105469,,1186.0,,20150331,47896.0,96.75
20150102,182360,큐브엔터,KOSDAQ,Listed,,FICS  미디어,5653.0,5828.0,5641.0,5716.0,135658.0,775421128.0,1.0,5716.0,1943.0,15549849.0,,-219660905.0,0.0,0.0,-41623295.0,,-95278.0,0.0,,,,,20150331,501.0,-52.0,-66.0,171032789151.0,325817463332.655,,,,,-395.0,-0.55,1093.5999755859375,2.122999906539917,2.798,52.689998626708984,91.08000183105469,,1186.0,,20150331,10999.0,90.5
20150102,182400,엔케이맥스,KOSDAQ,Listed,,FICS  바이오,,,,,,,1.0,,2630.0,71378535.0,,,,,,,,,,,,,20150331,22.0,0.0,2.0,6424068150.0,14077060537.095,,,,,3.0,15.7,1093.5999755859375,2.122999906539917,2.798,52.689998626708984,91.08000183105469,,1186.0,,20150331,90.0,119.13
20150102,183190,아세아시멘트,KOSPI,Listed,,FICS  건축소재,11895.0,12141.0,11699.0,11994.0,189520.0,2273102880.0,1.0,11994.0,4530.0,37346770.0,200221500.0,-479388000.0,310871000.0,-358189000.0,-477058000.0,1658.0,-3977.0,2558.0,,,,,,,,,,,,,,,,,1093.5999755859375,2.122999906539917,2.798,52.689998626708984,91.08000183105469,,1186.0,,,,
20150102,183300,코미코,KOSDAQ,Listed,,FICS  반도체&nbsp;및&nbsp;관련장비,,,,,,,1.0,,9048.0,10460684.0,,,,,,,,,,,,,,,,,,,,,,,,,1093.5999755859375,2.122999906539917,2.798,52.689998626708984,91.08000183105469,,1186.0,,,,
20150102,183490,엔지켐생명과학,KOSDAQ,Listed,,FICS  제약,27900.0,27900.0,24200.0,27200.0,7727.0,210174400.0,1.0,27200.0,913.0,85065562.0,,,0.0,0.0,0.0,,,0.0,,,,,20150331,165.0,-37.0,-33.0,164686928032.0,184021173382.9568,,,,,-39.0,-14.88,1093.5999755859375,2.122999906539917,2.798,52.689998626708984,91.08000183105469,,1186.0,,20150331,1936.0,11.74
20150102,184230,SGA솔루션즈,KOSDAQ,Listed,,FICS  일반&nbsp;소프트웨어,0.0,0.0,0.0,2009.0,0.0,,1.0,,622.0,85870018.0,,,,,,,,,,,,,,,,,,,,,,,,,1093.5999755859375,2.122999906539917,2.798,52.689998626708984,91.08000183105469,,1186.0,,,,
20150102,185490,아이진,KOSDAQ,Listed,,FICS  바이오,9300.0,9300.0,8500.0,9000.0,2111.0,18999000.0,1.0,9000.0,527.0,27029784.0,,,0.0,0.0,0.0,,,0.0,,,,,20150331,11.0,-16.0,-16.0,37409221056.0,48063367212.748795,,,,,-48.0,-19.96,1093.5999755859375,2.122999906539917,2.798,52.689998626708984,91.08000183105469,,1186.0,,20150331,1384.0,28.48
20150102,185750,종근당,KOSPI,Listed,,FICS  제약,44432.0,44911.0,44155.0,44433.0,24087.0,1070257671.0,1.0,44433.0,12008.0,13802780.0,131634700.0,40732300.0,-364748600.0,19566500.0,15695300.0,2027.0,617.0,-5621.0,,,,,20150331,4342.0,152.0,202.0,986802150540.0,1588356741509.1838,,,,1050.0,920.0,6.45,1093.5999755859375,2.122999906539917,2.798,52.689998626708984,91.08000183105469,,1186.0,,20150331,71493.0,60.96
20150102,186230,그린플러스,KOSDAQ,Listed,,FICS  건축자재,2527.0,2527.0,2527.0,2527.0,0.0,,1.0,,649.0,10920188.0,,,0.0,0.0,0.0,,,0.0,,,,,20150331,279.0,16.0,1.0,50713353072.0,113232774739.1616,,,,,24.0,3.2,1093.5999755859375,2.122999906539917,2.798,52.689998626708984,91.08000183105469,,1186.0,,20150331,4644.0,123.28
20150102,187220,디티앤씨,KOSDAQ,Listed,,FICS  전자&nbsp;장비&nbsp;및&nbsp;기기,24500.0,25100.0,23350.0,25100.0,81677.0,2050092700.0,1.0,25100.0,305.0,11698021.0,-23313450.0,488248300.0,221146400.0,-1231050.0,383832600.0,-942.0,19840.0,9000.0,,,,,20150331,326.0,-11.0,-47.0,93701148210.0,211492861624.791,,,,,-239.0,2.46,1093.5999755859375,2.122999906539917,2.798,52.689998626708984,91.08000183105469,,1186.0,,20150331,8010.0,125.71
20150102,187270,신화콘텍,KOSDAQ,Listed,,FICS  휴대폰&nbsp;및&nbsp;관련부품,4898.0,5043.0,4879.0,5035.0,19320.0,97276200.0,1.0,5035.0,319.0,10143845.0,-2079370.0,,0.0,0.0,0.0,-377.0,,0.0,,,,,20150331,140.0,5.0,6.0,78553935680.0,103494810258.4,,,,50.0,64.0,7.84,1093.5999755859375,2.122999906539917,2.798,52.689998626708984,91.08000183105469,,1186.0,,20150331,7744.0,31.75
20150102,187420,HLB제넥스,KOSDAQ,Listed,,FICS  바이오,,,,,,,1.0,,818.0,29135882.0,,,,,,,,,,,,,,,,,,,,,,,,,1093.5999755859375,2.122999906539917,2.798,52.689998626708984,91.08000183105469,,1186.0,,,,
20150102,187660,현대ADM,KOSDAQ,Listed,,FICS  제약,,,,,,,1.0,,1500.0,54075422.0,,,,,,,,,,,,,20150331,26.0,-15.0,-85.0,11572140308.0,27528964578.7012,,,,,-173.0,-153.68,1093.5999755859375,2.122999906539917,2.798,52.689998626708984,91.08000183105469,,1186.0,,20150331,214.0,137.89
20150102,187790,나노,KOSDAQ,Listed,,FICS  화학,0.0,0.0,0.0,4872.0,0.0,,1.0,,1222.0,30840830.0,,,,,,,,,,,,,20150331,345.0,55.0,52.0,39630466550.0,84103776112.41002,,,,,173.0,66.88,1093.5999755859375,2.122999906539917,2.798,52.689998626708984,91.08000183105469,,1186.0,,20150331,1285.0,112.22
20150102,187870,디바이스,KOSDAQ,Listed,,FICS  디스플레이&nbsp;및&nbsp;관련부품,,,,,,,1.0,,1011.0,7036609.0,,,,,,,,,,,,,20150331,392.0,133.0,120.0,164494808593.0,250574941929.7169,,,,200.0,1700.0,15.16,1093.5999755859375,2.122999906539917,2.798,52.689998626708984,91.08000183105469,,1186.0,,20150331,23377.0,52.33
20150102,188040,바이오포트,KOSDAQ,Listed,,FICS  식료품,,,,,,,1.0,,413.0,4679308.0,,,,,,,,,,,,,,,,,,,,,,,,,1093.5999755859375,2.122999906539917,2.798,52.689998626708984,91.08000183105469,,1186.0,,,,
20150102,188260,세니젠,KOSDAQ,Listed,,FICS  의료&nbsp;장비&nbsp;및&nbsp;서비스,,,,,,,1.0,,149.0,7228470.0,,,,,,,,,,,,,,,,,,,,,,,,,1093.5999755859375,2.122999906539917,2.798,52.689998626708984,91.08000183105469,,1186.0,,,,
20150102,189300,인텔리안테크,KOSDAQ,Listed,,FICS  통신장비,,,,,,,1.0,,4931.0,10733334.0,,,,,,,,,,,,,20150331,1117.0,93.0,90.0,269514016740.0,528058812998.682,,,,100.0,679.0,-1.4,1093.5999755859375,2.122999906539917,2.798,52.689998626708984,91.08000183105469,,1186.0,,20150331,25110.0,95.93
20150102,189330,씨이랩,KOSDAQ,Listed,,FICS  IT&nbsp;서비스,1464.0,1464.0,1464.0,1464.0,20651.0,30233064.0,1.0,1464.0,440.0,9382284.0,,30240000.0,0.0,30240000.0,0.0,,8000.0,0.0,,,,,,,,,,,,,,,,,1093.5999755859375,2.122999906539917,2.798,52.689998626708984,91.08000183105469,,1186.0,,,,
20150102,189690,포시에스,KOSDAQ,Listed,,FICS  일반&nbsp;소프트웨어,,,,,,,1.0,,571.0,27321969.0,,,,,,,,,,,,,20150331,75.0,1.0,3.0,76802054859.0,82508447535.0237,,,,50.0,12.0,5.91,1093.5999755859375,2.122999906539917,2.798,52.689998626708984,91.08000183105469,,1186.0,,20150331,2811.0,7.43
20150102,189860,서전기전,KOSDAQ,Listed,,FICS  전기장비,4320.0,4470.0,4250.0,4265.0,159694.0,681094910.0,1.0,4265.0,311.0,9698780.0,,-150252650.0,0.0,-33181440.0,0.0,,-17514.0,0.0,,,,,,,,,,,,,,,,,1093.5999755859375,2.122999906539917,2.798,52.689998626708984,91.08000183105469,,1186.0,,,,
20150102,189980,흥국에프엔비,KOSDAQ,Listed,,FICS  음료,,,,,,,1.0,,657.0,40137827.0,,,,,,,,,,,,,20150331,286.0,30.0,18.0,98096849188.0,233372404218.252,,,,100.0,45.0,5.82,1093.5999755859375,2.122999906539917,2.798,52.689998626708984,91.08000183105469,,1186.0,,20150331,2444.0,137.9
20150102,190510,나무가,KOSDAQ,Listed,,FICS  휴대폰&nbsp;및&nbsp;관련부품,,,,,,,1.0,,2286.0,14345875.0,,,,,,,,,,,,,20150331,1127.0,75.0,90.0,170586799625.0,266883048013.3125,,,,650.0,616.0,18.19,1093.5999755859375,2.122999906539917,2.798,52.689998626708984,91.08000183105469,,1186.0,,20150331,11891.0,56.45
20150102,190650,코리아에셋투자증권,KOSDAQ,Listed,,FICS  증권,,,,,,,1.0,,442.0,6388000.0,,,,,,,,,,,,,20150331,596.0,47.0,33.0,97723624000.0,1048496306620.7999,,,,550.0,517.0,7.9,1093.5999755859375,2.122999906539917,2.798,52.689998626708984,91.08000183105469,,1186.0,,20150331,15298.0,972.92
20150102,191410,육일씨엔에쓰,KOSDAQ,Listed,,FICS  화학,,,,,,,1.0,,183.0,11204255.0,,,,,,,,,,,,,,,,,,,,,,,,,1093.5999755859375,2.122999906539917,2.798,52.689998626708984,91.08000183105469,,1186.0,,,,
20150102,191420,테고사이언스,KOSDAQ,Listed,,FICS  바이오,13250.0,15350.0,13150.0,15350.0,126948.0,1948651800.0,1.0,15350.0,1375.0,8108834.0,32155950.0,-59382100.0,212298900.0,0.0,-135028500.0,1086.0,-1932.0,7500.0,,,,,20150331,16.0,-10.0,-10.0,58302516460.0,83489203570.72,,,,,-120.0,-5.98,1093.5999755859375,2.122999906539917,2.798,52.689998626708984,91.08000183105469,,1186.0,,20150331,7190.0,43.2
20150102,192080,더블유게임즈,KOSDAQ,Listed,,FICS  게임&nbsp;소프트웨어,,,,,,,1.0,,11693.0,21495906.0,,,,,,,,,,,,,20150331,1959.0,619.0,532.0,1393536594168.0,1553653948837.9033,,,,1200.0,2141.0,14.94,1093.5999755859375,2.122999906539917,2.798,52.689998626708984,91.08000183105469,,1186.0,,20150331,64828.0,11.49
20150102,192250,케이사인,KOSDAQ,Listed,,FICS  일반&nbsp;소프트웨어,24700.0,27600.0,24300.0,26900.0,280485.0,7545046500.0,1.0,26900.0,734.0,7067125.0,-51413125.0,865231370.0,0.0,430751305.0,62653355.0,-19068.0,333360.0,0.0,,,,,20150331,71.0,-15.0,-17.0,88317861125.0,140964138141.6125,,,,200.0,-161.0,-0.78,1093.5999755859375,2.122999906539917,2.798,52.689998626708984,91.08000183105469,,1186.0,,20150331,12497.0,59.61
20150102,192390,윈하이텍,KOSDAQ,Listed,,FICS  건축자재,5729.0,6158.0,5656.0,6158.0,289444.0,1782396152.0,1.0,6158.0,500.0,11032229.0,6314120.0,-45896000.0,0.0,0.0,-45896000.0,740.0,-5017.0,0.0,,,,,,,,,,,,,,,,,1093.5999755859375,2.122999906539917,2.798,52.689998626708984,91.08000183105469,,1186.0,,,,
20150102,192400,쿠쿠홀딩스,KOSPI,Listed,,FICS  내구소비재,27509.0,27895.0,27200.0,27509.0,88445.0,2433033505.0,1.0,27509.0,10704.0,35562185.0,128462000.0,-406160500.0,10142000.0,-36169000.0,-16172500.0,721.0,-2291.0,57.0,,,,,,,,,,,,,,,,,1093.5999755859375,2.122999906539917,2.798,52.689998626708984,91.08000183105469,,1186.0,,,,
20150102,192410,오늘이엔엠,KOSDAQ,Listed,,FICS  통신장비,152677.0,155301.0,151068.0,153256.0,344.0,52720064.0,1.0,153256.0,351.0,46661573.0,-10550200.0,,0.0,0.0,0.0,-741.0,,0.0,,,,,,,,,,,,,,,,,1093.5999755859375,2.122999906539917,2.798,52.689998626708984,91.08000183105469,,1186.0,,,,
20150102,192440,슈피겐코리아,KOSDAQ,Listed,,FICS  휴대폰&nbsp;및&nbsp;관련부품,75400.0,76000.0,73300.0,73300.0,37998.0,2785253400.0,1.0,73300.0,1491.0,6216363.0,31362800.0,208692300.0,0.0,31297200.0,72979000.0,427.0,2803.0,0.0,,,,,,,,,,,,,,,,,1093.5999755859375,2.122999906539917,2.798,52.689998626708984,91.08000183105469,,1186.0,,,,
20150102,192650,드림텍,KOSDAQ,Listed,,FICS  휴대폰&nbsp;및&nbsp;관련부품,,,,,,,1.0,,5008.0,68890041.0,,,,,,,,,,,,,,,,,,,,,,,,,1093.5999755859375,2.122999906539917,2.798,52.689998626708984,91.08000183105469,,1186.0,,,,
20150102,192820,코스맥스,KOSPI,Listed,,FICS  개인생활용품,94818.0,97494.0,93766.0,96539.0,39554.0,3818503606.0,1.0,96539.0,18749.0,11349509.0,51521900.0,-240422400.0,77098700.0,-177426800.0,-85660100.0,482.0,-2392.0,751.0,,,,,20150331,6077.0,443.0,274.0,509797245262.0,2069267018518.4575,,,,2300.0,2524.0,11.09,1093.5999755859375,2.122999906539917,2.798,52.689998626708984,91.08000183105469,,1186.0,,20150331,44918.0,305.9
20150102,193250,링크드,KOSDAQ,Listed,,FICS  휴대폰&nbsp;및&nbsp;관련부품,1888.0,1998.0,1850.0,1926.0,432140.0,832301640.0,1.0,1926.0,262.0,63323377.0,26427250.0,,0.0,0.0,0.0,2813.0,,0.0,,,,,20150331,20.0,-20.0,-8.0,49265587306.0,73159397149.40999,,,,,-12.0,-34.11,1093.5999755859375,2.122999906539917,2.798,52.689998626708984,91.08000183105469,,1186.0,,20150331,778.0,48.5
20150102,194370,제이에스코퍼레이션,KOSDAQ,Listed,,FICS  섬유&nbsp;및&nbsp;의복,,,,,,,1.0,,3450.0,29016758.0,,,,,,,,,,,,,,,,,,,,,,,,,1093.5999755859375,2.122999906539917,2.798,52.689998626708984,91.08000183105469,,1186.0,,,,
20150102,194480,데브시스터즈,KOSDAQ,Listed,,FICS  게임&nbsp;소프트웨어,48050.0,51600.0,46650.0,50800.0,502272.0,25515417600.0,1.0,50800.0,3825.0,12203150.0,956102000.0,-224733950.0,52785550.0,-1350304450.0,-306155250.0,19302.0,-4915.0,1051.0,,,,,20150331,872.0,108.0,64.0,204488184550.0,365318141698.575,,,,,625.0,11.57,1093.5999755859375,2.122999906539917,2.798,52.689998626708984,91.08000183105469,,1186.0,,20150331,16757.0,78.65
20150102,194700,노바렉스,KOSDAQ,Listed,,FICS  식료품,,,,,,,1.0,,2678.0,18754848.0,,,,,,,,,,,,,20150331,1011.0,106.0,85.0,265924989792.0,372002468220.0288,,,,200.0,651.0,15.93,1093.5999755859375,2.122999906539917,2.798,52.689998626708984,91.08000183105469,,1186.0,,20150331,14179.0,39.89
20150102,195500,마니커에프앤지,KOSDAQ,Listed,,FICS  식료품,,,,,,,1.0,,445.0,15978000.0,,,,,,,,,,,,,20150331,295.0,9.0,7.0,78691650000.0,123419983860.0,,,,,45.0,2.16,1093.5999755859375,2.122999906539917,2.798,52.689998626708984,91.08000183105469,,1186.0,,20150331,4925.0,56.84
20150102,195870,해성디에스,KOSDAQ,Listed,,FICS  반도체&nbsp;및&nbsp;관련장비,,,,,,,1.0,,8976.0,17000000.0,,,,,,,,,,,,,20150331,1820.0,185.0,173.0,575382000000.0,913706616000.0,,,,800.0,977.0,4.8,1093.5999755859375,2.122999906539917,2.798,52.689998626708984,91.08000183105469,,1186.0,,20150331,33846.0,58.8
20150102,195940,HK이노엔,KOSDAQ,Listed,,FICS  제약,,,,,,,1.0,,14618.0,28329891.0,,,,,,,,,,,,,20150331,2842.0,354.0,251.0,1315951766841.0,2203561233575.2544,,,,350.0,886.0,5.31,1093.5999755859375,2.122999906539917,2.798,52.689998626708984,91.08000183105469,,1186.0,,20150331,46451.0,67.45
20150102,195990,에이비프로바이오,KOSDAQ,Listed,,FICS  기계,,,,,,,1.0,,834.0,284689721.0,,,,,,,,,,,,,20150331,79.0,-17.0,-2.0,60923600294.0,81826487554.8714,,,,,-1.0,-73.29,1093.5999755859375,2.122999906539917,2.798,52.689998626708984,91.08000183105469,,1186.0,,20150331,214.0,34.31
20150102,196170,알테오젠,KOSDAQ,Listed,,FICS  바이오,3508.0,3556.0,3382.0,3495.0,312846.0,1093396770.0,1.0,3495.0,244253.0,53505788.0,14433500.0,64768200.0,0.0,-651950.0,65469950.0,629.0,2622.0,0.0,,,,,20150331,1238.0,771.0,220.0,349499807216.0,591388623790.1936,,,,,415.0,45.7,1093.5999755859375,2.122999906539917,2.798,52.689998626708984,91.08000183105469,,1186.0,,20150331,6532.0,69.21
20150102,196300,HLB펩,KOSDAQ,Listed,,FICS  바이오,,,,,,,1.0,,635.0,9293398.0,,,,,,,,,,,,,,,,,,,,,,,,,1093.5999755859375,2.122999906539917,2.798,52.689998626708984,91.08000183105469,,1186.0,,,,
20150102,196450,코아시아씨엠,KOSDAQ,Listed,,FICS  휴대폰&nbsp;및&nbsp;관련부품,8213.0,8382.0,8142.0,8143.0,174896.0,1424178128.0,1.0,8143.0,348.0,45319582.0,-2365260.0,,0.0,0.0,0.0,-821.0,,0.0,,,,,,,,,,,,,,,,,1093.5999755859375,2.122999906539917,2.798,52.689998626708984,91.08000183105469,,1186.0,,,,
20150102,196490,디에이테크놀로지,KOSDAQ,Listed,,FICS  전자&nbsp;장비&nbsp;및&nbsp;기기,895.0,920.0,895.0,920.0,118097.0,108649240.0,1.0,920.0,362.0,178549360.0,-8030895.0,,0.0,0.0,0.0,-1757.0,,0.0,,,,,20150331,255.0,73.0,77.0,-2856789760.0,47792092931.968,,,,,43.0,-640.51,1093.5999755859375,2.122999906539917,2.798,52.689998626708984,91.08000183105469,,1186.0,,20150331,-16.0,-1772.93
20150102,196700,웹스,KOSDAQ,Listed,,FICS  화학,,,,,,,1.0,,229.0,14364144.0,,,,,,,,,,,,,,,,,,,,,,,,,1093.5999755859375,2.122999906539917,2.798,52.689998626708984,91.08000183105469,,1186.0,,,,
20150102,197140,디지캡,KOSDAQ,Listed,,FICS  일반&nbsp;소프트웨어,3837.0,3837.0,3837.0,3837.0,0.0,,1.0,,274.0,13013154.0,,,0.0,0.0,0.0,,,0.0,,,,,,,,,,,,,,,,,1093.5999755859375,2.122999906539917,2.798,52.689998626708984,91.08000183105469,,1186.0,,,,
20150102,198080,캐프,KOSDAQ,Listed,,FICS  휴대폰&nbsp;및&nbsp;관련부품,,,,,,,1.0,,486.0,21535185.0,,,,,,,,,,,,,,,,,,,,,,,,,1093.5999755859375,2.122999906539917,2.798,52.689998626708984,91.08000183105469,,1186.0,,,,
20150102,198440,강동씨앤엘,KOSDAQ,Listed,,FICS  건축소재,1469.0,1483.0,1469.0,1480.0,7589.0,11231720.0,1.0,1480.0,8.0,60931896.0,,1784310.0,0.0,0.0,1790460.0,,879.0,0.0,,,,,20150331,217.0,27.0,9.0,134903217744.0,434766090145.36316,,,,,14.0,-8.85,1093.5999755859375,2.122999906539917,2.798,52.689998626708984,91.08000183105469,,1186.0,,20150331,2214.0,222.28
20150102,198940,한주라이트메탈,KOSDAQ,Listed,,FICS  자동차부품,1800.0,1800.0,1800.0,1800.0,0.0,,1.0,,267.0,38922978.0,,,0.0,0.0,0.0,,,0.0,,,,,20150331,652.0,-2.0,-4.0,47057880402.0,207915832980.15662,,,,,-9.0,-1.15,1093.5999755859375,2.122999906539917,2.798,52.689998626708984,91.08000183105469,,1186.0,,20150331,1209.0,341.83
20150102,199430,케이엔알시스템,KOSDAQ,Listed,,FICS  기계,,,,,,,1.0,,2593.0,10897213.0,,,,,,,,,,,,,20150331,22.0,-28.0,-29.0,20988032238.0,43841900541.9582,,,,,-269.0,-32.93,1093.5999755859375,2.122999906539917,2.798,52.689998626708984,91.08000183105469,,1186.0,,20150331,1926.0,108.89
20150102,199480,뱅크웨어글로벌,KOSDAQ,Listed,,FICS  IT&nbsp;서비스,,,,,,,1.0,,611.0,10196588.0,,,,,,,,,,,,,20150331,170.0,-2.0,-0.0,16365523740.0,46250606641.614006,,,,,-3.0,-35.05,1093.5999755859375,2.122999906539917,2.798,52.689998626708984,91.08000183105469,,1186.0,,20150331,1605.0,182.61
20150102,199550,레이저옵텍,KOSDAQ,Listed,,FICS  의료&nbsp;장비&nbsp;및&nbsp;서비스,,,,,,,1.0,,712.0,12265791.0,,,,,,,,,,,,,20150331,99.0,-30.0,-26.0,24948618894.0,40509072498.1878,,,,,-216.0,-29.83,1093.5999755859375,2.122999906539917,2.798,52.689998626708984,91.08000183105469,,1186.0,,20150331,2034.0,62.37
20150102,199730,바이오인프라,KOSDAQ,Listed,,FICS  바이오,,,,,,,1.0,,232.0,4864367.0,,,,,,,,,,,,,20150331,51.0,-21.0,-22.0,20075242609.0,36432550286.8132,,,,400.0,-454.0,-23.46,1093.5999755859375,2.122999906539917,2.798,52.689998626708984,91.08000183105469,,1186.0,,20150331,4127.0,81.48
20150102,199800,툴젠,KOSDAQ,Listed,,FICS  바이오,3400.0,3890.0,3400.0,3890.0,1001.0,3893890.0,1.0,3890.0,5004.0,8968285.0,,,0.0,0.0,0.0,,,0.0,,,,,20150331,6.0,-54.0,-54.0,55020428475.0,70316107591.05,,,,,-633.0,24.11,1093.5999755859375,2.122999906539917,2.798,52.689998626708984,91.08000183105469,,1186.0,,20150331,6135.0,27.8
20150102,199820,제일일렉트릭,KOSDAQ,Listed,,FICS  전기장비,,,,,,,1.0,,2099.0,22220000.0,,,,,,,,,,,,,20150331,451.0,27.0,24.0,158495260000.0,231609123438.0,,,,100.0,111.0,7.38,1093.5999755859375,2.122999906539917,2.798,52.689998626708984,91.08000183105469,,1186.0,,20150331,7133.0,46.13
20150102,200130,콜마비앤에이치,KOSDAQ,Listed,,FICS  식료품,29308.0,29934.0,29308.0,29935.0,73942.0,2213453770.0,1.0,29935.0,3938.0,29415558.0,-13050800.0,130678150.0,0.0,0.0,50516500.0,-1106.0,11017.0,0.0,,,,,20150331,1518.0,97.0,62.0,413053265436.0,707684159671.4988,,,,75.0,210.0,4.1,1093.5999755859375,2.122999906539917,2.798,52.689998626708984,91.08000183105469,,1186.0,,20150331,14042.0,71.33
20150102,200230,텔콘RF제약,KOSDAQ,Listed,,FICS  제약,3356.0,3760.0,3356.0,3696.0,783406.0,2895468576.0,1.0,3696.0,687.0,68523533.0,-6067850.0,315206200.0,0.0,0.0,0.0,-326.0,24197.0,0.0,,,,,20150331,98.0,-0.0,-48.0,101688922972.0,156051821192.8312,,,,,-91.0,-34.03,1093.5999755859375,2.122999906539917,2.798,52.689998626708984,91.08000183105469,,1186.0,,20150331,1484.0,53.46
20150102,200350,아티스트스튜디오,KOSDAQ,Listed,,FICS  미디어,18000.0,18000.0,18000.0,18000.0,0.0,,1.0,,627.0,9996025.0,,,0.0,0.0,0.0,,,0.0,,,,,,,,,,,,,,,,,1093.5999755859375,2.122999906539917,2.798,52.689998626708984,91.08000183105469,,1186.0,,,,
20150102,200470,에이팩트,KOSDAQ,Listed,,FICS  반도체&nbsp;및&nbsp;관련장비,1407.0,1437.0,1390.0,1397.0,1646930.0,2300761210.0,1.0,1397.0,2541.0,42362093.0,41113145.0,,0.0,0.0,0.0,19772.0,,0.0,,,,,20150331,284.0,20.0,17.0,55282531365.0,162171305759.2275,,,,,40.0,-58.61,1093.5999755859375,2.122999906539917,2.798,52.689998626708984,91.08000183105469,,1186.0,,20150331,1305.0,193.35
20150102,200670,휴메딕스,KOSDAQ,Listed,,FICS  제약,32261.0,34517.0,31940.0,33911.0,327742.0,11114058962.0,1.0,33911.0,4935.0,11229930.0,-96397350.0,429761550.0,0.0,425995450.0,-1721450.0,-2061.0,9070.0,0.0,,,,,,,,,,,,,,,,,1093.5999755859375,2.122999906539917,2.798,52.689998626708984,91.08000183105469,,1186.0,,,,
20150102,200710,에이디테크놀로지,KOSDAQ,Listed,,FICS  반도체&nbsp;및&nbsp;관련장비,9884.0,10583.0,9627.0,10304.0,786958.0,8108815232.0,1.0,10304.0,3965.0,13440822.0,,-2017590050.0,0.0,-1889947500.0,-127642550.0,,-95810.0,0.0,,,,,20150331,537.0,25.0,30.0,138091005228.0,305498730865.9044,,,,,283.0,-7.83,1093.5999755859375,2.122999906539917,2.798,52.689998626708984,91.08000183105469,,1186.0,,20150331,10274.0,121.23
20150102,200780,비씨월드제약,KOSDAQ,Listed,,FICS  제약,12247.0,13433.0,12211.0,13086.0,317008.0,4148366688.0,1.0,13086.0,456.0,9736240.0,-17448950.0,24783850.0,0.0,-34344000.0,59127850.0,-950.0,1520.0,0.0,,,,,,,,,,,,,,,,,1093.5999755859375,2.122999906539917,2.798,52.689998626708984,91.08000183105469,,1186.0,,,,
20150102,200880,서연이화,KOSPI,Listed,,FICS  자동차부품,13700.0,13800.0,13300.0,13600.0,100841.0,1371437600.0,1.0,13600.0,3629.0,27028437.0,-238154600.0,176743650.0,-324256100.0,115012700.0,-1205950.0,-17563.0,13050.0,-24002.0,,,,,20150331,10965.0,490.0,486.0,1149249141240.0,2982186596603.676,,,,250.0,1805.0,10.21,1093.5999755859375,2.122999906539917,2.798,52.689998626708984,91.08000183105469,,1186.0,,20150331,42520.0,159.49
20150102,201490,미투온,KOSDAQ,Listed,,FICS  게임&nbsp;소프트웨어,,,,,,,1.0,,1166.0,32593810.0,,,,,,,,,,,,,20150331,227.0,33.0,30.0,155439879890.0,189325773706.02,,,,,30.0,-0.1,1093.5999755859375,2.122999906539917,2.798,52.689998626708984,91.08000183105469,,1186.0,,20150331,4769.0,21.8
20150102,203400,에이비온,KOSDAQ,Listed,,FICS  제약,2502.0,2502.0,2502.0,2502.0,0.0,,1.0,,1126.0,29456280.0,,,0.0,0.0,0.0,,,0.0,,,,,20150331,2.0,-44.0,-53.0,4388985720.0,19740779971.416,,,,,-85.0,-361.04,1093.5999755859375,2.122999906539917,2.798,52.689998626708984,91.08000183105469,,1186.0,,20150331,149.0,349.78
20150102,203450,유니온바이오메트릭스,KOSDAQ,Listed,,FICS  보안장비,1665.0,1665.0,1665.0,1665.0,0.0,,1.0,,439.0,14079007.0,,,0.0,0.0,0.0,,,0.0,,,,,20150331,132.0,5.0,8.0,48952707339.0,74393429343.0783,,,,70.0,60.0,13.26,1093.5999755859375,2.122999906539917,2.798,52.689998626708984,91.08000183105469,,1186.0,,20150331,3477.0,51.97
20150102,203650,드림시큐리티,KOSDAQ,Listed,,FICS  상업서비스,942.0,956.0,940.0,942.0,66767.0,62894514.0,1.0,942.0,826.0,47816422.0,,-16069235.0,0.0,-16069235.0,0.0,,-8000.0,0.0,,,,,,,,,,,,,,,,,1093.5999755859375,2.122999906539917,2.798,52.689998626708984,91.08000183105469,,1186.0,,,,
20150102,203690,아크솔루션스,KOSDAQ,Listed,,FICS  가정생활용품,20000.0,20000.0,20000.0,20000.0,483.0,9660000.0,1.0,20000.0,769.0,17383395.0,,,0.0,0.0,0.0,,,0.0,,,,,20150331,36.0,-15.0,-27.0,27743898420.0,44184932623.692,,,,,-155.0,-39.78,1093.5999755859375,2.122999906539917,2.798,52.689998626708984,91.08000183105469,,1186.0,,20150331,1596.0,59.26
20150102,204020,그리티,KOSDAQ,Listed,,FICS  섬유&nbsp;및&nbsp;의복,,,,,,,1.0,,439.0,19450832.0,,,,,,,,,,,,,,,,,,,,,,,,,1093.5999755859375,2.122999906539917,2.798,52.689998626708984,91.08000183105469,,1186.0,,,,
20150102,204210,스타에스엠리츠,KOSDAQ,Listed,,FICS  부동산,,,,,,,1.0,,159.0,7826815.0,,,,,,,,,,,,,,,,,,,,,,,,,1093.5999755859375,2.122999906539917,2.798,52.689998626708984,91.08000183105469,,1186.0,,,,
20150102,204270,제이앤티씨,KOSDAQ,Listed,,FICS  휴대폰&nbsp;및&nbsp;관련부품,,,,,,,1.0,,11083.0,57848466.0,,,,,,,,,,,,,20150331,633.0,94.0,95.0,227228774448.0,484406301368.24646,,,,,164.0,-29.03,1093.5999755859375,2.122999906539917,2.798,52.689998626708984,91.08000183105469,,1186.0,,20150331,3928.0,113.18
20150102,204320,HL만도,KOSPI,Listed,,FICS  자동차부품,36300.0,36500.0,36000.0,36500.0,27121.0,989916500.0,1.0,36500.0,27798.0,46957120.0,-252507500.0,-1535638500.0,-511968500.0,-961575500.0,-631240500.0,-1398.0,-8493.0,-2831.0,,,,,20150331,25258.0,1154.0,873.0,2517324246080.0,6702627537612.607,,,,700.0,1389.0,4.97,1093.5999755859375,2.122999906539917,2.798,52.689998626708984,91.08000183105469,,1186.0,,20150331,53609.0,166.26
20150102,204610,티쓰리,KOSDAQ,Listed,,FICS  게임&nbsp;소프트웨어,,,,,,,1.0,,1112.0,58691720.0,,,,,,,,,,,,,20150331,167.0,30.0,32.0,102827893440.0,116349761427.36,,,,50.0,49.0,15.27,1093.5999755859375,2.122999906539917,2.798,52.689998626708984,91.08000183105469,,1186.0,,20150331,1752.0,13.15
20150102,204620,글로벌텍스프리,KOSDAQ,Listed,,FICS  소비자&nbsp;금융,3766.0,3814.0,3766.0,3808.0,5131.0,19538848.0,1.0,3808.0,3341.0,70283330.0,,,0.0,0.0,0.0,,,0.0,,,,,20150331,451.0,82.0,61.0,130726993800.0,177514184881.02,,,,,85.0,19.28,1093.5999755859375,2.122999906539917,2.798,52.689998626708984,91.08000183105469,,1186.0,,20150331,1860.0,35.79
20150102,204630,스튜디오산타클로스,KOSDAQ,Listed,,FICS  미디어,42840.0,42960.0,42840.0,42990.0,4.0,171960.0,1.0,42990.0,236.0,5089941.0,,,0.0,0.0,0.0,,,0.0,,,,,,,,,,,,,,,,,1093.5999755859375,2.122999906539917,2.798,52.689998626708984,91.08000183105469,,1186.0,,,,
20150102,204840,지엘팜텍,KOSDAQ,Listed,,FICS  제약,2416.0,2416.0,2410.0,2411.0,2501.0,6029911.0,1.0,2411.0,949.0,77549006.0,,,0.0,0.0,0.0,,,0.0,,,,,20150331,95.0,3.0,1.0,20085192554.0,46635808591.13261,,,,,2.0,1.55,1093.5999755859375,2.122999906539917,2.798,52.689998626708984,91.08000183105469,,1186.0,,20150331,259.0,132.19
20150102,205100,엑셈,KOSDAQ,Listed,,FICS  IT&nbsp;서비스,0.0,0.0,0.0,2779.0,0.0,,1.0,,1443.0,71462308.0,,,,,,,,,,,,,20150331,135.0,5.0,15.0,114125305876.0,122308090307.3092,,,,,15.0,7.81,1093.5999755859375,2.122999906539917,2.798,52.689998626708984,91.08000183105469,,1186.0,,20150331,1597.0,7.17
20150102,205470,휴마시스,KOSDAQ,Listed,,FICS  의료&nbsp;장비&nbsp;및&nbsp;서비스,663.0,663.0,660.0,660.0,44272.0,29219520.0,1.0,660.0,1527.0,129375009.0,,-16095555.0,0.0,-16095555.0,0.0,,-8000.0,0.0,,,,,20150331,87.0,-25.0,-3.0,254868767730.0,347768433567.585,,,,,5.0,-15.63,1093.5999755859375,2.122999906539917,2.798,52.689998626708984,91.08000183105469,,1186.0,,20150331,1970.0,36.45
20150102,205500,넥써쓰,KOSDAQ,Listed,,FICS  게임&nbsp;소프트웨어,12900.0,12900.0,12870.0,12905.0,10268.0,132508540.0,1.0,12905.0,1307.0,59724193.0,,-20256000.0,0.0,-20256000.0,0.0,,-10128.0,0.0,,,,,20150331,92.0,3.0,-1.0,36192860958.0,75096567201.7542,,,,,-3.0,-8.27,1093.5999755859375,2.122999906539917,2.798,52.689998626708984,91.08000183105469,,1186.0,,20150331,606.0,107.49
20150102,206400,베노티앤알,KOSDAQ,Listed,,FICS  건설,7400.0,7415.0,7400.0,7405.0,12810.0,94858050.0,1.0,7405.0,599.0,37510158.0,,-16080000.0,0.0,-16080000.0,0.0,,-8000.0,0.0,,,,,,,,,,,,,,,,,1093.5999755859375,2.122999906539917,2.798,52.689998626708984,91.08000183105469,,1186.0,,,,
20150102,206560,덱스터,KOSDAQ,Listed,,FICS  미디어,,,,,,,1.0,,1123.0,25411736.0,,,,,,,,,,,,,,,,,,,,,,,,,1093.5999755859375,2.122999906539917,2.798,52.689998626708984,91.08000183105469,,1186.0,,,,
20150102,206640,바디텍메드,KOSDAQ,Listed,,FICS  의료&nbsp;장비&nbsp;및&nbsp;서비스,36450.0,36633.0,36359.0,36451.0,21865.0,797001115.0,1.0,36451.0,3177.0,23486560.0,9500000.0,-21718495.0,0.0,-8218495.0,-13500000.0,4750.0,-10849.0,0.0,,,,,20150331,399.0,66.0,78.0,246374014400.0,285424295682.4,,,,150.0,334.0,12.54,1093.5999755859375,2.122999906539917,2.798,52.689998626708984,91.08000183105469,,1186.0,,20150331,10490.0,15.85
20150102,206650,유바이오로직스,KOSDAQ,Listed,,FICS  바이오,,,,,,,1.0,,4555.0,36647307.0,,,,,,,,,,,,,20150331,401.0,156.0,134.0,183712949991.0,246010011332.9481,,,,,366.0,32.98,1093.5999755859375,2.122999906539917,2.798,52.689998626708984,91.08000183105469,,1186.0,,20150331,5013.0,33.91
20150102,207760,미스터블루,KOSDAQ,Listed,,FICS  미디어,797.0,807.0,797.0,799.0,347421.0,277589379.0,1.0,799.0,1187.0,83079783.0,,-117153000.0,0.0,-16009000.0,128872000.0,,-58572.0,0.0,,,,,20150331,175.0,-7.0,1.0,62891395731.0,92513243120.30101,,,,10.0,1.0,-17.21,1093.5999755859375,2.122999906539917,2.798,52.689998626708984,91.08000183105469,,1186.0,,20150331,757.0,47.1
20150102,207940,삼성바이오로직스,KOSDAQ,Listed,,FICS  바이오,,,,,,,1.0,,759634.0,46290951.0,,,,,,,,,,,,,20150331,16602.0,7288.0,5745.0,12401114318145.0,18671117717399.113,,,,,8071.0,14.02,1093.5999755859375,2.122999906539917,2.798,52.689998626708984,91.08000183105469,,1186.0,,20150331,267895.0,50.56
20150102,208140,정다운,KOSDAQ,Listed,,FICS  식료품,1731.0,1747.0,1731.0,1741.0,5912.0,10292792.0,1.0,1741.0,885.0,32684246.0,10500000.0,,0.0,0.0,0.0,5000.0,,0.0,,,,,20150331,427.0,23.0,23.0,130671615508.0,215516695457.34442,,,,250.0,70.0,5.22,1093.5999755859375,2.122999906539917,2.798,52.689998626708984,91.08000183105469,,1186.0,,20150331,3998.0,64.93
20150102,208340,파멥신,KOSDAQ,Listed,,FICS  바이오,,,,,,,1.0,,2337.0,80201108.0,,,,,,,,,,,,,,,,,,,,,,,,,1093.5999755859375,2.122999906539917,2.798,52.689998626708984,91.08000183105469,,1186.0,,,,
20150102,208350,지란지교시큐리티,KOSDAQ,Listed,,FICS  일반&nbsp;소프트웨어,10902.0,10957.0,10902.0,10958.0,11590.0,127003220.0,1.0,10958.0,252.0,8501570.0,,,0.0,0.0,0.0,,,0.0,,,,,,,,,,,,,,,,,1093.5999755859375,2.122999906539917,2.798,52.689998626708984,91.08000183105469,,1186.0,,,,
20150102,208370,셀바스헬스케어,KOSDAQ,Listed,,FICS  의료&nbsp;장비&nbsp;및&nbsp;서비스,10950.0,10975.0,10921.0,10980.0,3195.0,35081100.0,1.0,10980.0,1092.0,25740564.0,,,0.0,0.0,0.0,,,0.0,,,,,20150331,67.0,5.0,5.0,64016782668.0,70898586804.81,,,,,20.0,3.73,1093.5999755859375,2.122999906539917,2.798,52.689998626708984,91.08000183105469,,1186.0,,20150331,2487.0,10.75
20150102,208640,썸에이지,KOSDAQ,Listed,,FICS  게임&nbsp;소프트웨어,1776.0,2030.0,1776.0,1908.0,461828.0,881167824.0,1.0,1908.0,416.0,139240254.0,-7690.0,-512045600.0,0.0,-213869315.0,-289736910.0,,-226984.0,0.0,,,,,,,,,,,,,,,,,1093.5999755859375,2.122999906539917,2.798,52.689998626708984,91.08000183105469,,1186.0,,,,
20150102,208710,포톤,KOSDAQ,Listed,,FICS  휴대폰&nbsp;및&nbsp;관련부품,9480.0,9504.0,9460.0,9485.0,2045.0,19396825.0,1.0,9485.0,301.0,13180132.0,,5062500.0,0.0,0.0,5062500.0,,2500.0,0.0,,,,,,,,,,,,,,,,,1093.5999755859375,2.122999906539917,2.798,52.689998626708984,91.08000183105469,,1186.0,,,,
20150102,208860,다산디엠씨,KOSDAQ,Listed,,FICS  자동차부품,,,,,,,1.0,,448.0,33949973.0,,,,,,,,,,,,,20150331,355.0,3.0,12.0,65693197755.0,120875483869.2,,,,,34.0,12.24,1093.5999755859375,2.122999906539917,2.798,52.689998626708984,91.08000183105469,,1186.0,,20150331,1935.0,84.0
20150102,209640,와이제이링크,KOSDAQ,Listed,,FICS  전자&nbsp;장비&nbsp;및&nbsp;기기,,,,,,,1.0,,870.0,28443146.0,,,,,,,,,,,,,20150331,105.0,-7.0,2.0,71790500504.0,119495288088.90799,,,,,7.0,0.66,1093.5999755859375,2.122999906539917,2.798,52.689998626708984,91.08000183105469,,1186.0,,20150331,2524.0,66.45
20150102,210120,캔버스엔,KOSDAQ,Listed,,FICS  미디어,2414.0,2414.0,2414.0,2414.0,0.0,,1.0,,370.0,24237478.0,,,0.0,0.0,0.0,,,0.0,,,,,,,,,,,,,,,,,1093.5999755859375,2.122999906539917,2.798,52.689998626708984,91.08000183105469,,1186.0,,,,
20150102,210540,디와이파워,KOSDAQ,Listed,,FICS  기계,,,,,,,1.0,,1445.0,11041708.0,,,,,,,,,,,,,20150331,955.0,80.0,88.0,307224483392.0,371588012662.624,,,,350.0,795.0,9.06,1093.5999755859375,2.122999906539917,2.798,52.689998626708984,91.08000183105469,,1186.0,,20150331,27824.0,20.95
20150102,210980,SK디앤디,KOSDAQ,Listed,,FICS  부동산,,,,,,,1.0,,2358.0,18617382.0,,,,,,,,,,,,,20150331,1428.0,220.0,39.0,633139927056.0,1844399921506.8335,,,,200.0,218.0,11.06,1093.5999755859375,2.122999906539917,2.798,52.689998626708984,91.08000183105469,,1186.0,,20150331,34008.0,191.31
20150102,211050,인카금융서비스,KOSDAQ,Listed,,FICS  보험,,,,,,,1.0,,8220.0,51379800.0,,,,,,,,,,,,,,,,,,,,,,,,,1093.5999755859375,2.122999906539917,2.798,52.689998626708984,91.08000183105469,,1186.0,,,,
20150102,211270,AP위성,KOSDAQ,Listed,,FICS  통신장비,,,,,,,1.0,,1610.0,15082304.0,,,,,,,,,,,,,20150331,54.0,-24.0,-15.0,107566992128.0,135996948147.4304,,,,70.0,-103.0,-0.22,1093.5999755859375,2.122999906539917,2.798,52.689998626708984,91.08000183105469,,1186.0,,20150331,7132.0,26.43
20150102,212560,네오오토,KOSDAQ,Listed,,FICS  자동차부품,,,,,,,1.0,,696.0,11812241.0,,,,,,,,,,,,,20150331,574.0,36.0,39.0,135238347209.0,205751621443.77258,,,,133.0,332.0,14.06,1093.5999755859375,2.122999906539917,2.798,52.689998626708984,91.08000183105469,,1186.0,,20150331,11449.0,52.14
20150102,212710,아이에스티이,KOSDAQ,Listed,,FICS  반도체&nbsp;및&nbsp;관련장비,,,,,,,1.0,,875.0,9410478.0,,,,,,,,,,,,,,,,,,,,,,,,,1093.5999755859375,2.122999906539917,2.798,52.689998626708984,91.08000183105469,,1186.0,,,,
20150102,213420,덕산네오룩스,KOSDAQ,Listed,,FICS  디스플레이&nbsp;및&nbsp;관련부품,,,,,,,1.0,,10379.0,24831179.0,,,,,,,,,,,,,20150331,1166.0,305.0,287.0,462828345381.0,707710822922.0872,,,,,1071.0,11.68,1093.5999755859375,2.122999906539917,2.798,52.689998626708984,91.08000183105469,,1186.0,,20150331,18639.0,52.91
20150102,213500,한솔제지,KOSDAQ,Listed,,FICS  종이&nbsp;및&nbsp;목재,,,,,,,1.0,,2018.0,23800576.0,,,,,,,,,,,,,20150331,5572.0,139.0,74.0,596561437440.0,1730087824719.7441,,,,200.0,218.0,-3.72,1093.5999755859375,2.122999906539917,2.798,52.689998626708984,91.08000183105469,,1186.0,,20150331,25065.0,190.01
20150102,214150,클래시스,KOSDAQ,Listed,,FICS  의료&nbsp;장비&nbsp;및&nbsp;서비스,,,,,,,1.0,,36224.0,65505659.0,,,,,,,,,,,,,20150331,981.0,486.0,439.0,562824622128.0,710566085436.6,,,,257.0,608.0,27.39,1093.5999755859375,2.122999906539917,2.798,52.689998626708984,91.08000183105469,,1186.0,,20150331,8592.0,26.25
20150102,214180,헥토이노베이션,KOSDAQ,Listed,,FICS  IT&nbsp;서비스,,,,,,,1.0,,2115.0,13124613.0,,,,,,,,,,,,,20150331,993.0,151.0,121.0,246257113719.0,517780207305.56934,,,,490.0,620.0,14.0,1093.5999755859375,2.122999906539917,2.798,52.689998626708984,91.08000183105469,,1186.0,,20150331,18763.0,110.26
20150102,214260,라파스,KOSDAQ,Listed,,FICS  개인생활용품,,,,,,,1.0,,1149.0,8922463.0,,,,,,,,,,,,,20150331,96.0,-6.0,-12.0,31799658132.0,80682092612.51039,,,,,-132.0,2.32,1093.5999755859375,2.122999906539917,2.798,52.689998626708984,91.08000183105469,,1186.0,,20150331,3564.0,153.72
20150102,214270,FSN,KOSDAQ,Listed,,FICS  미디어,,,,,,,1.0,,843.0,43690959.0,,,,,,,,,,,,,,,,,,,,,,,,,1093.5999755859375,2.122999906539917,2.798,52.689998626708984,91.08000183105469,,1186.0,,,,
20150102,214320,이노션,KOSDAQ,Listed,,FICS  미디어,,,,,,,1.0,,7476.0,40000000.0,,,,,,,,,,,,,20150331,5425.0,466.0,303.0,1018680000000.0,2368023528000.0,,,,225.0,601.0,8.57,1093.5999755859375,2.122999906539917,2.798,52.689998626708984,91.08000183105469,,1186.0,,20150331,25467.0,132.46
20150102,214330,금호에이치티,KOSDAQ,Listed,,FICS  자동차부품,,,,,,,1.0,,8.0,218046510.0,,,,,,,,,,,,,20150331,903.0,8.0,-24.0,322054695270.0,452100381220.026,,,,,-11.0,-4.38,1093.5999755859375,2.122999906539917,2.798,52.689998626708984,91.08000183105469,,1186.0,,20150331,1477.0,40.38
20150102,214370,케어젠,KOSDAQ,Listed,,FICS  개인생활용품,,,,,,,1.0,,39158.0,53715000.0,,,,,,,,,,,,,20150331,171.0,99.0,102.0,236829435000.0,257149400523.00003,,,,237.0,189.0,13.04,1093.5999755859375,2.122999906539917,2.798,52.689998626708984,91.08000183105469,,1186.0,,20150331,4409.0,8.58
20150102,214390,경보제약,KOSDAQ,Listed,,FICS  제약,,,,,,,1.0,,1453.0,23906860.0,,,,,,,,,,,,,,,,,,,,,,,,,1093.5999755859375,2.122999906539917,2.798,52.689998626708984,91.08000183105469,,1186.0,,,,
20150102,214420,토니모리,KOSDAQ,Listed,,FICS  개인생활용품,,,,,,,1.0,,2109.0,24054799.0,,,,,,,,,,,,,20150331,532.0,36.0,36.0,117844460301.0,218896085009.10748,,,,120.0,151.0,17.25,1093.5999755859375,2.122999906539917,2.798,52.689998626708984,91.08000183105469,,1186.0,,20150331,4899.0,85.75
20150102,214430,아이쓰리시스템,KOSDAQ,Listed,,FICS  전자&nbsp;장비&nbsp;및&nbsp;기기,,,,,,,1.0,,5074.0,7106760.0,,,,,,,,,,,,,20150331,324.0,42.0,33.0,127452633840.0,179708213714.4,,,,400.0,470.0,15.38,1093.5999755859375,2.122999906539917,2.798,52.689998626708984,91.08000183105469,,1186.0,,20150331,17934.0,41.0
20150102,214450,파마리서치,KOSDAQ,Listed,,FICS  의료&nbsp;장비&nbsp;및&nbsp;서비스,,,,,,,1.0,,41714.0,10389648.0,,,,,,,,,,,,,20150331,1548.0,643.0,541.0,640303616592.0,918771659447.8608,,,,1100.0,4560.0,25.83,1093.5999755859375,2.122999906539917,2.798,52.689998626708984,91.08000183105469,,1186.0,,20150331,61629.0,43.49
20150102,214610,롤링스톤,KOSDAQ,Listed,,FICS  의료&nbsp;장비&nbsp;및&nbsp;서비스,,,,,,,1.0,,364.0,8383322.0,,,,,,,,,,,,,20150331,10.0,-41.0,-67.0,25829015082.0,33719779189.551,,,,,-892.0,-121.46,1093.5999755859375,2.122999906539917,2.798,52.689998626708984,91.08000183105469,,1186.0,,20150331,3081.0,30.55
20150102,214680,디알텍,KOSDAQ,Listed,,FICS  의료&nbsp;장비&nbsp;및&nbsp;서비스,,,,,,,1.0,,1540.0,76460050.0,,,,,,,,,,,,,20150331,340.0,17.0,28.0,72025367100.0,195757745241.09003,,,,,36.0,-16.24,1093.5999755859375,2.122999906539917,2.798,52.689998626708984,91.08000183105469,,1186.0,,20150331,942.0,171.79
20150102,215000,골프존,KOSDAQ,Listed,,FICS  호텔&nbsp;및&nbsp;레저,,,,,,,1.0,,3890.0,6275415.0,,,,,,,,,,,,,,,,,,,,,,,,,1093.5999755859375,2.122999906539917,2.798,52.689998626708984,91.08000183105469,,1186.0,,,,
20150102,215090,솔디펜스,KOSDAQ,Listed,,FICS  상업서비스,,,,,,,1.0,,577.0,23155661.0,,,,,,,,,,,,,20150331,59.0,-2.0,-2.0,51405567420.0,58175680649.214,,,,,-11.0,24.87,1093.5999755859375,2.122999906539917,2.798,52.689998626708984,91.08000183105469,,1186.0,,20150331,2220.0,13.17
20150102,215100,로보로보,KOSDAQ,Listed,,FICS  교육,,,,,,,1.0,,1607.0,20348454.0,,,,,,,,,,,,,20150331,30.0,-5.0,-0.0,30543029454.0,32864299692.504,,,,14.0,-2.0,-2.38,1093.5999755859375,2.122999906539917,2.798,52.689998626708984,91.08000183105469,,1186.0,,20150331,1501.0,7.6
20150102,215200,메가스터디교육,KOSDAQ,Listed,,FICS  교육,,,,,,,1.0,,4560.0,10365216.0,,,,,,,,,,,,,,,,,,,,,,,,,1093.5999755859375,2.122999906539917,2.798,52.689998626708984,91.08000183105469,,1186.0,,,,
20150102,215360,우리산업,KOSDAQ,Listed,,FICS  자동차부품,,,,,,,1.0,,741.0,9132163.0,,,,,,,,,,,,,20150331,1293.0,48.0,47.0,114864346214.0,357986221410.5524,,,,180.0,513.0,10.81,1093.5999755859375,2.122999906539917,2.798,52.689998626708984,91.08000183105469,,1186.0,,20150331,12578.0,211.66
20150102,215380,우정바이오,KOSDAQ,Listed,,FICS  의료&nbsp;장비&nbsp;및&nbsp;서비스,,,,,,,1.0,,360.0,16829576.0,,,,,,,,,,,,,,,,,,,,,,,,,1093.5999755859375,2.122999906539917,2.798,52.689998626708984,91.08000183105469,,1186.0,,,,
20150102,215480,토박스코리아,KOSDAQ,Listed,,FICS  섬유&nbsp;및&nbsp;의복,,,,,,,1.0,,187.0,9180000.0,,,,,,,,,,,,,20150331,75.0,-5.0,-7.0,33158160000.0,41391331128.0,,,,,-76.0,-3.88,1093.5999755859375,2.122999906539917,2.798,52.689998626708984,91.08000183105469,,1186.0,,20150331,3612.0,24.83
20150102,215600,신라젠,KOSDAQ,Listed,,FICS  바이오,,,,,,,1.0,,5317.0,138129836.0,,,,,,,,,,,,,20150331,28.0,-61.0,-59.0,117824750108.0,124399371164.02641,,,,,-43.0,-18.12,1093.5999755859375,2.122999906539917,2.798,52.689998626708984,91.08000183105469,,1186.0,,20150331,853.0,5.58
20150102,215790,이노인스트루먼트,KOSDAQ,Listed,,FICS  통신장비,,,,,,,1.0,,231.0,40283149.0,,,,,,,,,,,,,,,,,,,,,,,,,1093.5999755859375,2.122999906539917,2.798,52.689998626708984,91.08000183105469,,1186.0,,,,
20150102,216050,인크로스,KOSDAQ,Listed,,FICS  미디어,,,,,,,1.0,,874.0,12843222.0,,,,,,,,,,,,,,,,,,,,,,,,,1093.5999755859375,2.122999906539917,2.798,52.689998626708984,91.08000183105469,,1186.0,,,,
20150102,216080,제테마,KOSDAQ,Listed,,FICS  의료&nbsp;장비&nbsp;및&nbsp;서비스,,,,,,,1.0,,2149.0,36007518.0,,,,,,,,,,,,,,,,,,,,,,,,,1093.5999755859375,2.122999906539917,2.798,52.689998626708984,91.08000183105469,,1186.0,,,,
20150102,217190,제너셈,KOSDAQ,Listed,,FICS  반도체&nbsp;및&nbsp;관련장비,,,,,,,1.0,,441.0,8769174.0,,,,,,,,,,,,,20150331,158.0,-4.0,-0.0,32937017544.0,56480397684.451195,,,,75.0,-2.0,4.68,1093.5999755859375,2.122999906539917,2.798,52.689998626708984,91.08000183105469,,1186.0,,20150331,3756.0,71.48
20150102,217270,넵튠,KOSDAQ,Listed,,FICS  게임&nbsp;소프트웨어,,,,,,,1.0,,2383.0,46735643.0,,,,,,,,,,,,,20150331,297.0,6.0,-234.0,375801305363.0,418755394565.9909,,,,,-498.0,-15.81,1093.5999755859375,2.122999906539917,2.798,52.689998626708984,91.08000183105469,,1186.0,,20150331,8041.0,11.43
20150102,217330,싸이토젠,KOSDAQ,Listed,,FICS  의료&nbsp;장비&nbsp;및&nbsp;서비스,,,,,,,1.0,,1.0,23129547.0,,,,,,,,,,,,,20150331,76.0,-13.0,-16.0,41239982301.0,66998475246.204605,,,,,-70.0,-30.64,1093.5999755859375,2.122999906539917,2.798,52.689998626708984,91.08000183105469,,1186.0,,20150331,1783.0,62.46
20150102,217480,에스디생명공학,KOSDAQ,Listed,,FICS  개인생활용품,,,,,,,1.0,,547.0,109733141.0,,,,,,,,,,,,,20150331,69.0,-17.0,-19.0,35004871979.0,67464889765.1267,,,,,-18.0,-27.31,1093.5999755859375,2.122999906539917,2.798,52.689998626708984,91.08000183105469,,1186.0,,20150331,319.0,92.73
20150102,217500,러셀,KOSDAQ,Listed,,FICS  반도체&nbsp;및&nbsp;관련장비,,,,,,,1.0,,648.0,31812000.0,,,,,,,,,,,,,,,,,,,,,,,,,1093.5999755859375,2.122999906539917,2.798,52.689998626708984,91.08000183105469,,1186.0,,,,
20150102,217620,선샤인푸드,KOSDAQ,Listed,,FICS  호텔&nbsp;및&nbsp;레저,,,,,,,1.0,,268.0,7035087.0,,,,,,,,,,,,,20150331,7.0,-1.0,6.0,-6099420429.0,19898749207.569603,,,,,89.0,119.54,1093.5999755859375,2.122999906539917,2.798,52.689998626708984,91.08000183105469,,1186.0,,20150331,-867.0,-426.24
20150102,217730,강스템바이오텍,KOSDAQ,Listed,,FICS  바이오,,,,,,,1.0,,1518.0,94054149.0,,,,,,,,,,,,,20150331,5.0,-42.0,-45.0,64803308661.0,76396620580.45291,,,,,-59.0,-32.74,1093.5999755859375,2.122999906539917,2.798,52.689998626708984,91.08000183105469,,1186.0,,20150331,689.0,17.89
20150102,217820,원익피앤이,KOSDAQ,Listed,,FICS  전자&nbsp;장비&nbsp;및&nbsp;기기,,,,,,,1.0,,1739.0,47454559.0,,,,,,,,,,,,,20150331,952.0,39.0,57.0,95241299913.0,345259236314.6163,,,,,120.0,10.97,1093.5999755859375,2.122999906539917,2.798,52.689998626708984,91.08000183105469,,1186.0,,20150331,2007.0,262.51
20150102,218150,미래생명자원,KOSDAQ,Listed,,FICS  식료품,,,,,,,1.0,,633.0,20415802.0,,,,,,,,,,,,,,,,,,,,,,,,,1093.5999755859375,2.122999906539917,2.798,52.689998626708984,91.08000183105469,,1186.0,,,,
20150102,218410,RFHIC,KOSDAQ,Listed,,FICS  통신장비,,,,,,,1.0,,8096.0,26503442.0,,,,,,,,,,,,,20150331,504.0,88.0,89.0,339164547274.0,457261642634.8068,,,,100.0,287.0,5.0,1093.5999755859375,2.122999906539917,2.798,52.689998626708984,91.08000183105469,,1186.0,,20150331,12797.0,34.82
20150102,219130,타이거일렉,KOSDAQ,Listed,,FICS  반도체&nbsp;및&nbsp;관련장비,,,,,,,1.0,,1341.0,6314290.0,,,,,,,,,,,,,,,,,,,,,,,,,1093.5999755859375,2.122999906539917,2.798,52.689998626708984,91.08000183105469,,1186.0,,,,
20150102,219420,링크제니시스,KOSDAQ,Listed,,FICS  일반&nbsp;소프트웨어,,,,,,,1.0,,580.0,11469507.0,,,,,,,,,,,,,20150331,39.0,6.0,12.0,45935375535.0,51792135915.712494,,,,,106.0,1.11,1093.5999755859375,2.122999906539917,2.798,52.689998626708984,91.08000183105469,,1186.0,,20150331,4005.0,12.75
20150102,219550,디와이디,KOSDAQ,Listed,,FICS  개인생활용품,,,,,,,1.0,,250.0,125110615.0,,,,,,,,,,,,,20150331,122.0,0.0,-7.0,39534954340.0,138708387301.88998,,,,,-23.0,-223.32,1093.5999755859375,2.122999906539917,2.798,52.689998626708984,91.08000183105469,,1186.0,,20150331,316.0,250.85
20150102,219750,한국비티비,KOSDAQ,Listed,,FICS  의료&nbsp;장비&nbsp;및&nbsp;서비스,,,,,,,1.0,,626.0,65426885.0,,,,,,,,,,,,,,,,,,,,,,,,,1093.5999755859375,2.122999906539917,2.798,52.689998626708984,91.08000183105469,,1186.0,,,,
20150102,220100,퓨쳐켐,KOSDAQ,Listed,,FICS  제약,,,,,,,1.0,,6776.0,22400552.0,,,,,,,,,,,,,20150331,38.0,-25.0,-38.0,50759650832.0,70114305694.2416,,,,,-171.0,-8.02,1093.5999755859375,2.122999906539917,2.798,52.689998626708984,91.08000183105469,,1186.0,,20150331,2266.0,38.13
20150102,220180,핸디소프트,KOSDAQ,Listed,,FICS  일반&nbsp;소프트웨어,,,,,,,1.0,,486.0,23930842.0,,,,,,,,,,,,,,,,,,,,,,,,,1093.5999755859375,2.122999906539917,2.798,52.689998626708984,91.08000183105469,,1186.0,,,,
20150102,220260,켐트로스,KOSDAQ,Listed,,FICS  화학,,,,,,,1.0,,1407.0,26558307.0,,,,,,,,,,,,,20150331,131.0,-6.0,5.0,65333435220.0,119749653414.73799,,,,,17.0,0.63,1093.5999755859375,2.122999906539917,2.798,52.689998626708984,91.08000183105469,,1186.0,,20150331,2460.0,83.29
20150102,221800,유투바이오,KOSDAQ,Listed,,FICS  의료&nbsp;장비&nbsp;및&nbsp;서비스,,,,,,,1.0,,696.0,13544196.0,,,,,,,,,,,,,20150331,69.0,-6.0,-7.0,40307527296.0,53451811947.2256,,,,30.0,-66.0,-8.51,1093.5999755859375,2.122999906539917,2.798,52.689998626708984,91.08000183105469,,1186.0,,20150331,2976.0,32.61
20150102,221840,하이즈항공,KOSDAQ,Listed,,FICS  운송인프라,,,,,,,1.0,,419.0,18700561.0,,,,,,,,,,,,,,,,,,,,,,,,,1093.5999755859375,2.122999906539917,2.798,52.689998626708984,91.08000183105469,,1186.0,,,,
20150102,221980,케이디켐,KOSDAQ,Listed,,FICS  화학,,,,,,,1.0,,433.0,4034800.0,,,,,,,,,,,,,20150331,158.0,20.0,23.0,108814521200.0,141589454985.44,,,,500.0,570.0,4.79,1093.5999755859375,2.122999906539917,2.798,52.689998626708984,91.08000183105469,,1186.0,,20150331,26969.0,30.12
20150102,222040,코스맥스엔비티,KOSDAQ,Listed,,FICS  식료품,,,,,,,1.0,,702.0,20628000.0,,,,,,,,,,,,,,,,,,,,,,,,,1093.5999755859375,2.122999906539917,2.798,52.689998626708984,91.08000183105469,,1186.0,,,,
20150102,222080,씨아이에스,KOSDAQ,Listed,,FICS  전자&nbsp;장비&nbsp;및&nbsp;기기,,,,,,,1.0,,5756.0,77371839.0,,,,,,,,,,,,,20150331,877.0,75.0,119.0,496572462702.0,694406931842.4768,,,,,154.0,11.62,1093.5999755859375,2.122999906539917,2.798,52.689998626708984,91.08000183105469,,1186.0,,20150331,6418.0,39.84
20150102,222110,팬젠,KOSDAQ,Listed,,FICS  바이오,,,,,,,1.0,,819.0,13494197.0,,,,,,,,,,,,,,,,,,,,,,,,,1093.5999755859375,2.122999906539917,2.798,52.689998626708984,91.08000183105469,,1186.0,,,,
20150102,222160,NPX,KOSDAQ,Listed,,FICS  반도체&nbsp;및&nbsp;관련장비,,,,,,,1.0,,795.0,9894439.0,,,,,,,,,,,,,,,,,,,,,,,,,1093.5999755859375,2.122999906539917,2.798,52.689998626708984,91.08000183105469,,1186.0,,,,
20150102,222420,쎄노텍,KOSDAQ,Listed,,FICS  화학,,,,,,,1.0,,408.0,45460231.0,,,,,,,,,,,,,,,,,,,,,,,,,1093.5999755859375,2.122999906539917,2.798,52.689998626708984,91.08000183105469,,1186.0,,,,
20150102,222800,심텍,KOSDAQ,Listed,,FICS  전자&nbsp;장비&nbsp;및&nbsp;기기,,,,,,,1.0,,21246.0,36949656.0,,,,,,,,,,,,,20150331,3782.0,178.0,131.0,455737057104.0,1357777414229.9473,,,,100.0,401.0,-14.0,1093.5999755859375,2.122999906539917,2.798,52.689998626708984,91.08000183105469,,1186.0,,20150331,12334.0,197.93
20150102,222810,세토피아,KOSDAQ,Listed,,FICS  금속&nbsp;및&nbsp;광물,,,,,,,1.0,,817.0,15131870.0,,,,,,,,,,,,,20150331,22.0,-12.0,-14.0,-620406670.0,24397244135.082,,,,,-90.0,-209.56,1093.5999755859375,2.122999906539917,2.798,52.689998626708984,91.08000183105469,,1186.0,,20150331,-41.0,-4032.46
20150102,222980,한국맥널티,KOSDAQ,Listed,,FICS  식료품,,,,,,,1.0,,371.0,11031483.0,,,,,,,,,,,,,,,,,,,,,,,,,1093.5999755859375,2.122999906539917,2.798,52.689998626708984,91.08000183105469,,1186.0,,,,
20150102,223250,드림씨아이에스,KOSDAQ,Listed,,FICS  제약,,,,,,,1.0,,1173.0,23799324.0,,,,,,,,,,,,,20150331,165.0,28.0,137.0,83749821156.0,137919205479.7008,,,,,563.0,25.25,1093.5999755859375,2.122999906539917,2.798,52.689998626708984,91.08000183105469,,1186.0,,20150331,3519.0,64.68
20150102,223310,사토시홀딩스,KOSDAQ,Listed,,FICS  식료품,,,,,,,1.0,,546.0,26023214.0,,,,,,,,,,,,,20150331,45.0,-22.0,-152.0,36458522814.0,88590564585.7386,,,,,-615.0,-68.27,1093.5999755859375,2.122999906539917,2.798,52.689998626708984,91.08000183105469,,1186.0,,20150331,1401.0,142.99
20150102,224060,더코디,KOSDAQ,Listed,,FICS  건축자재,,,,,,,1.0,,140.0,5160722.0,,,,,,,,,,,,,,,,,,,,,,,,,1093.5999755859375,2.122999906539917,2.798,52.689998626708984,91.08000183105469,,1186.0,,,,
20150102,224110,에이텍모빌리티,KOSDAQ,Listed,,FICS  컴퓨터&nbsp;및&nbsp;주변기기,,,,,,,1.0,,547.0,5340000.0,,,,,,,,,,,,,20150331,231.0,44.0,37.0,81344220000.0,113564665542.00002,,,,300.0,687.0,19.16,1093.5999755859375,2.122999906539917,2.798,52.689998626708984,91.08000183105469,,1186.0,,20150331,15233.0,39.61
20150102,225190,LK삼양,KOSDAQ,Listed,,FICS  내구소비재,,,,,,,1.0,,812.0,70468440.0,,,,,,,,,,,,,20150331,47.0,-30.0,-21.0,27341754720.0,52504371588.816,,,,10.0,-36.0,-31.61,1093.5999755859375,2.122999906539917,2.798,52.689998626708984,91.08000183105469,,1186.0,,20150331,388.0,92.03
20150102,225220,제놀루션,KOSDAQ,Listed,,FICS  의료&nbsp;장비&nbsp;및&nbsp;서비스,,,,,,,1.0,,392.0,19190021.0,,,,,,,,,,,,,,,,,,,,,,,,,1093.5999755859375,2.122999906539917,2.798,52.689998626708984,91.08000183105469,,1186.0,,,,
20150102,225430,케이엠제약,KOSDAQ,Listed,,FICS  개인생활용품,,,,,,,1.0,,155.0,27887050.0,,,,,,,,,,,,,20150331,44.0,-8.0,-10.0,29811256450.0,47775519586.770004,,,,,-36.0,-14.95,1093.5999755859375,2.122999906539917,2.798,52.689998626708984,91.08000183105469,,1186.0,,20150331,1069.0,60.26
20150102,225530,HC보광산업,KOSDAQ,Listed,,FICS  건축소재,,,,,,,1.0,,1070.0,36338727.0,,,,,,,,,,,,,20150331,90.0,-5.0,0.0,92736431304.0,173945724196.91278,,,,150.0,0.0,-3.55,1093.5999755859375,2.122999906539917,2.798,52.689998626708984,91.08000183105469,,1186.0,,20150331,2552.0,87.57
20150102,225570,넥슨게임즈,KOSDAQ,Listed,,FICS  게임&nbsp;소프트웨어,,,,,,,1.0,,8581.0,65860174.0,,,,,,,,,,,,,20150331,502.0,-105.0,-111.0,291233689428.0,446461245893.12396,,,,,-169.0,-10.9,1093.5999755859375,2.122999906539917,2.798,52.689998626708984,91.08000183105469,,1186.0,,20150331,4422.0,53.3
20150102,225590,패션플랫폼,KOSDAQ,Listed,,FICS  섬유&nbsp;및&nbsp;의복,,,,,,,1.0,,238.0,26636713.0,,,,,,,,,,,,,20150331,219.0,18.0,8.0,76127725754.0,104203631012.0752,,,,,32.0,-5.89,1093.5999755859375,2.122999906539917,2.798,52.689998626708984,91.08000183105469,,1186.0,,20150331,2858.0,36.88
20150102,226320,잇츠한불,KOSDAQ,Listed,,FICS  개인생활용품,,,,,,,1.0,,2587.0,21929315.0,,,,,,,,,,,,,,,,,,,,,,,,,1093.5999755859375,2.122999906539917,2.798,52.689998626708984,91.08000183105469,,1186.0,,,,
20150102,226330,신테카바이오,KOSDAQ,Listed,,FICS  의료&nbsp;장비&nbsp;및&nbsp;서비스,,,,,,,1.0,,673.0,15258475.0,,,,,,,,,,,,,20150331,5.0,-23.0,-23.0,9948525700.0,28004104992.93,,,,,-126.0,-86.04,1093.5999755859375,2.122999906539917,2.798,52.689998626708984,91.08000183105469,,1186.0,,20150331,652.0,181.49
20150102,226340,본느,KOSDAQ,Listed,,FICS  개인생활용품,,,,,,,1.0,,298.0,41952420.0,,,,,,,,,,,,,,,,,,,,,,,,,1093.5999755859375,2.122999906539917,2.798,52.689998626708984,91.08000183105469,,1186.0,,,,
20150102,226360,KH 건설,KOSDAQ,Listed,,FICS  건설,,,,,,,1.0,,676.0,26464732.0,,,,,,,,,,,,,,,,,,,,,,,,,1093.5999755859375,2.122999906539917,2.798,52.689998626708984,91.08000183105469,,1186.0,,,,
20150102,226400,오스테오닉,KOSDAQ,Listed,,FICS  의료&nbsp;장비&nbsp;및&nbsp;서비스,,,,,,,1.0,,1307.0,20661601.0,,,,,,,,,,,,,20150331,138.0,36.0,24.0,66736971230.0,100419120609.781,,,,,116.0,10.76,1093.5999755859375,2.122999906539917,2.798,52.689998626708984,91.08000183105469,,1186.0,,20150331,3230.0,50.47
20150102,226590,엠디바이스,KOSDAQ,Listed,,FICS  반도체&nbsp;및&nbsp;관련장비,,,,,,,1.0,,1425.0,10630784.0,,,,,,,,,,,,,20150331,181.0,22.0,10.0,40715902720.0,84827511726.848,,,,,95.0,18.64,1093.5999755859375,2.122999906539917,2.798,52.689998626708984,91.08000183105469,,1186.0,,20150331,3830.0,108.34
20150102,226950,올릭스,KOSDAQ,Listed,,FICS  바이오,,,,,,,1.0,,3.0,20114783.0,,,,,,,,,,,,,20150331,29.0,-83.0,-87.0,97415894069.0,127497922157.5072,,,,,-418.0,-54.78,1093.5999755859375,2.122999906539917,2.798,52.689998626708984,91.08000183105469,,1186.0,,20150331,4843.0,30.88
20150102,227100,퀀텀온,KOSDAQ,Listed,,FICS  건설,,,,,,,1.0,,147.0,24134182.0,,,,,,,,,,,,,,,,,,,,,,,,,1093.5999755859375,2.122999906539917,2.798,52.689998626708984,91.08000183105469,,1186.0,,,,
20150102,227610,아우딘퓨쳐스,KOSDAQ,Listed,,FICS  개인생활용품,,,,,,,1.0,,295.0,36120292.0,,,,,,,,,,,,,,,,,,,,,,,,,1093.5999755859375,2.122999906539917,2.798,52.689998626708984,91.08000183105469,,1186.0,,,,
20150102,227840,현대코퍼레이션홀딩스,KOSDAQ,Listed,,FICS  식료품,,,,,,,1.0,,1138.0,9100836.0,,,,,,,,,,,,,,,,,,,,,,,,,1093.5999755859375,2.122999906539917,2.798,52.689998626708984,91.08000183105469,,1186.0,,,,
20150102,227950,엔투텍,KOSDAQ,Listed,,FICS  레저용품,,,,,,,1.0,,603.0,172541047.0,,,,,,,,,,,,,20150331,40.0,-5.0,-7.0,124919718028.0,129666667313.06401,,,,,-5.0,0.73,1093.5999755859375,2.122999906539917,2.798,52.689998626708984,91.08000183105469,,1186.0,,20150331,724.0,3.8
20150102,228340,동양파일,KOSDAQ,Listed,,FICS  건축소재,,,,,,,1.0,,336.0,20000000.0,,,,,,,,,,,,,20150331,122.0,-9.0,-6.0,118800000000.0,124288560000.0,,,,,-29.0,-6.67,1093.5999755859375,2.122999906539917,2.798,52.689998626708984,91.08000183105469,,1186.0,,20150331,5940.0,4.62
20150102,228670,레이,KOSDAQ,Listed,,FICS  의료&nbsp;장비&nbsp;및&nbsp;서비스,,,,,,,1.0,,975.0,15602050.0,,,,,,,,,,,,,20150331,324.0,27.0,22.0,75591932250.0,181783478674.8,,,,,141.0,-24.2,1093.5999755859375,2.122999906539917,2.798,52.689998626708984,91.08000183105469,,1186.0,,20150331,4845.0,140.48
20150102,228760,지노믹트리,KOSDAQ,Listed,,FICS  의료&nbsp;장비&nbsp;및&nbsp;서비스,,,,,,,1.0,,6753.0,24382071.0,,,,,,,,,,,,,20150331,9.0,-34.0,-28.0,117497200149.0,124523532717.9102,,,,,-112.0,-7.31,1093.5999755859375,2.122999906539917,2.798,52.689998626708984,91.08000183105469,,1186.0,,20150331,4819.0,5.98
20150102,228850,레이언스,KOSDAQ,Listed,,FICS  의료&nbsp;장비&nbsp;및&nbsp;서비스,,,,,,,1.0,,871.0,16591014.0,,,,,,,,,,,,,20150331,284.0,18.0,31.0,251818410492.0,278662253050.4472,,,,100.0,205.0,0.2,1093.5999755859375,2.122999906539917,2.798,52.689998626708984,91.08000183105469,,1186.0,,20150331,15178.0,10.66
20150102,229000,젠큐릭스,KOSDAQ,Listed,,FICS  의료&nbsp;장비&nbsp;및&nbsp;서비스,,,,,,,1.0,,247.0,16117826.0,,,,,,,,,,,,,,,,,,,,,,,,,1093.5999755859375,2.122999906539917,2.798,52.689998626708984,91.08000183105469,,1186.0,,,,
20150102,229640,LS에코에너지,KOSDAQ,Listed,,FICS  전기장비,,,,,,,1.0,,11300.0,30624879.0,,,,,,,,,,,,,,,,,,,,,,,,,1093.5999755859375,2.122999906539917,,52.689998626708984,91.08000183105469,,1186.0,,,,
20150102,230240,에치에프알,KOSDAQ,Listed,,FICS  통신장비,,,,,,,1.0,,1667.0,13309000.0,,,,,,,,,,,,,20150331,254.0,-31.0,-42.0,160054034000.0,274844787184.80002,,,,220.0,-314.0,-0.01,1093.5999755859375,2.122999906539917,,52.689998626708984,91.08000183105469,,1186.0,,20150331,12026.0,71.72
20150102,230360,에코마케팅,KOSDAQ,Listed,,FICS  섬유&nbsp;및&nbsp;의복,,,,,,,1.0,,3335.0,30998758.0,,,,,,,,,,,,,20150331,1236.0,141.0,110.0,245479164602.0,370968113546.5424,,,,620.0,189.0,11.7,1093.5999755859375,2.122999906539917,,52.689998626708984,91.08000183105469,,1186.0,,20150331,7919.0,51.12
20150102,230980,비유테크놀러지,KOSDAQ,Listed,,FICS  일반&nbsp;소프트웨어,,,,,,,1.0,,213.0,93320557.0,,,,,,,,,,,,,20150331,28.0,11.0,-15.0,2426334482.0,34251593348.6012,,,,,-16.0,-54.59,1093.5999755859375,2.122999906539917,,52.689998626708984,91.08000183105469,,1186.0,,20150331,26.0,1311.66
20150102,232140,와이씨,KOSDAQ,Listed,,FICS  반도체&nbsp;및&nbsp;관련장비,,,,,,,1.0,,12388.0,82045350.0,,,,,,,,,,,,,,,,,,,,,,,,,1093.5999755859375,2.122999906539917,2.798,52.689998626708984,91.08000183105469,,1186.0,,,,
20150102,232680,라온테크,KOSDAQ,Listed,,FICS  반도체&nbsp;및&nbsp;관련장비,,,,,,,1.0,,1047.0,12534234.0,,,,,,,,,,,,,20150331,130.0,10.0,10.0,35484416454.0,65720687714.4534,,,,50.0,79.0,17.29,1093.5999755859375,2.122999906539917,2.798,52.689998626708984,91.08000183105469,,1186.0,,20150331,2831.0,85.21
20150102,232830,아이티센피엔에스,KOSDAQ,Listed,,FICS  IT&nbsp;서비스,,,,,,,1.0,,349.0,16533726.0,,,,,,,,,,,,,,,,,,,,,,,,,1093.5999755859375,2.122999906539917,2.798,52.689998626708984,91.08000183105469,,1186.0,,,,
20150102,234030,싸이닉솔루션,KOSDAQ,Listed,,FICS  반도체&nbsp;및&nbsp;관련장비,,,,,,,1.0,,2358.0,23605000.0,,,,,,,,,,,,,20150331,429.0,-2.0,6.0,25210140000.0,46774893756.0,,,,,28.0,25.27,1093.5999755859375,2.122999906539917,2.798,52.689998626708984,91.08000183105469,,1186.0,,20150331,1068.0,85.54
20150102,234080,JW생명과학,KOSDAQ,Listed,,FICS  제약,,,,,,,1.0,,2163.0,15834554.0,,,,,,,,,,,,,20150331,604.0,72.0,59.0,218944378158.0,315914843244.1782,,,,500.0,373.0,24.72,1093.5999755859375,2.122999906539917,2.798,52.689998626708984,91.08000183105469,,1186.0,,20150331,13827.0,44.29
20150102,234100,폴라리스세원,KOSDAQ,Listed,,FICS  자동차부품,,,,,,,1.0,,800.0,70180552.0,,,,,,,,,,,,,,,,,,,,,,,,,1093.5999755859375,2.122999906539917,2.798,52.689998626708984,91.08000183105469,,1186.0,,,,
20150102,234300,에스트래픽,KOSDAQ,Listed,,FICS  IT&nbsp;서비스,,,,,,,1.0,,993.0,27207780.0,,,,,,,,,,,,,20150331,335.0,-52.0,-36.0,94791905520.0,160416341711.496,,,,60.0,-129.0,3.68,1093.5999755859375,2.122999906539917,2.798,52.689998626708984,91.08000183105469,,1186.0,,20150331,3484.0,69.23
20150102,234340,헥토파이낸셜,KOSDAQ,Listed,,FICS  IT&nbsp;서비스,,,,,,,1.0,,2062.0,13970656.0,,,,,,,,,,,,,20150331,505.0,45.0,34.0,163079467488.0,473419694117.664,,,,237.0,251.0,4.89,1093.5999755859375,2.122999906539917,,52.689998626708984,91.08000183105469,,1186.0,,20150331,11673.0,190.3
20150102,234690,녹십자웰빙,KOSDAQ,Listed,,FICS  제약,,,,,,,1.0,,1654.0,17752276.0,,,,,,,,,,,,,20150331,423.0,52.0,37.0,112034613836.0,225951409184.4448,,,,120.0,210.0,8.99,1093.5999755859375,2.122999906539917,,52.689998626708984,91.08000183105469,,1186.0,,20150331,6311.0,101.68
20150102,234920,자이글,KOSDAQ,Listed,,FICS  내구소비재,,,,,,,1.0,,718.0,13530910.0,,,,,,,,,,,,,20150331,17.0,-10.0,-15.0,20499328650.0,50147507676.494995,,,,,-107.0,-30.91,1093.5999755859375,2.122999906539917,,52.689998626708984,91.08000183105469,,1186.0,,20150331,1515.0,144.63
20150102,235980,메드팩토,KOSDAQ,Listed,,FICS  제약,,,,,,,1.0,,2371.0,34275121.0,,,,,,,,,,,,,20150331,12.0,-47.0,-45.0,48396470852.0,51590637928.232,,,,,-132.0,-27.86,1093.5999755859375,2.122999906539917,2.798,52.689998626708984,91.08000183105469,,1186.0,,20150331,1412.0,6.6
20150102,236200,슈프리마,KOSDAQ,Listed,,FICS  보안장비,,,,,,,1.0,,2754.0,7257273.0,,,,,,,,,,,,,20150331,410.0,103.0,106.0,269803638321.0,292251301029.3072,,,,,1585.0,13.54,1093.5999755859375,2.122999906539917,2.798,52.689998626708984,91.08000183105469,,1186.0,,20150331,37177.0,8.32
20150102,236810,엔비티,KOSDAQ,Listed,,FICS  미디어,,,,,,,1.0,,398.0,16975426.0,,,,,,,,,,,,,20150331,230.0,-17.0,-21.0,19895199272.0,67313417216.884796,,,,,-124.0,-43.94,1093.5999755859375,2.122999906539917,2.798,52.689998626708984,91.08000183105469,,1186.0,,20150331,1172.0,238.34
20150102,237690,에스티팜,KOSDAQ,Listed,,FICS  제약,,,,,,,1.0,,24427.0,20701684.0,,,,,,,,,,,,,20150331,1287.0,262.0,219.0,550789004504.0,748467178220.4856,,,,500.0,1174.0,7.06,1093.5999755859375,2.122999906539917,2.798,52.689998626708984,91.08000183105469,,1186.0,,20150331,26606.0,35.89
20150102,237750,피앤씨테크,KOSDAQ,Listed,,FICS  전기장비,,,,,,,1.0,,281.0,6496600.0,,,,,,,,,,,,,,,,,,,,,,,,,1093.5999755859375,2.122999906539917,2.798,52.689998626708984,91.08000183105469,,1186.0,,,,
20150102,237820,플레이디,KOSDAQ,Listed,,FICS  미디어,,,,,,,1.0,,582.0,12827140.0,,,,,,,,,,,,,20150331,95.0,14.0,14.0,89084487300.0,140040814035.6,,,,,106.0,5.16,1093.5999755859375,2.122999906539917,2.798,52.689998626708984,91.08000183105469,,1186.0,,20150331,6945.0,57.2
20150102,237880,클리오,KOSDAQ,Listed,,FICS  개인생활용품,,,,,,,1.0,,2441.0,18071353.0,,,,,,,,,,,,,20150331,827.0,29.0,55.0,246800467921.0,317385401746.406,,,,400.0,194.0,5.37,1093.5999755859375,2.122999906539917,,52.689998626708984,91.08000183105469,,1186.0,,20150331,13657.0,28.6
20150102,238090,앤디포스,KOSDAQ,Listed,,FICS  휴대폰&nbsp;및&nbsp;관련부품,,,,,,,1.0,,463.0,23541303.0,,,,,,,,,,,,,20150331,132.0,17.0,39.0,99932831235.0,115252534263.3255,,,,,165.0,-13.55,1093.5999755859375,2.122999906539917,,52.689998626708984,91.08000183105469,,1186.0,,20150331,4245.0,15.33
20150102,238120,얼라인드,KOSDAQ,Listed,,FICS  의료&nbsp;장비&nbsp;및&nbsp;서비스,,,,,,,1.0,,517.0,14378896.0,,,,,,,,,,,,,,,,,,,,,,,,,1093.5999755859375,2.122999906539917,,52.689998626708984,91.08000183105469,,1186.0,,,,
20150102,238200,비피도,KOSDAQ,Listed,,FICS  식료품,,,,,,,1.0,,260.0,8180000.0,,,,,,,,,,,,,,,,,,,,,,,,,1093.5999755859375,2.122999906539917,,52.689998626708984,91.08000183105469,,1186.0,,,,
20150102,238490,힘스,KOSDAQ,Listed,,FICS  디스플레이&nbsp;및&nbsp;관련부품,,,,,,,1.0,,386.0,11312236.0,,,,,,,,,,,,,,,,,,,,,,,,,1093.5999755859375,2.122999906539917,2.798,52.689998626708984,91.08000183105469,,1186.0,,,,
20150102,239340,이스트에이드,KOSDAQ,Listed,,FICS  인터넷&nbsp;서비스,,,,,,,1.0,,430.0,26979634.0,,,,,,,,,,,,,,,,,,,,,,,,,1093.5999755859375,2.122999906539917,2.798,52.689998626708984,91.08000183105469,,1186.0,,,,
20150102,239610,에이치엘사이언스,KOSDAQ,Listed,,FICS  식료품,,,,,,,1.0,,451.0,5392115.0,,,,,,,,,,,,,,,,,,,,,,,,,1093.5999755859375,2.122999906539917,2.798,52.689998626708984,91.08000183105469,,1186.0,,,,4.6
20150102,239890,피엔에이치테크,KOSDAQ,Listed,,FICS  디스플레이&nbsp;및&nbsp;관련부품,,,,,,,1.0,,499.0,9935755.0,,,,,,,,,,,,,,,,,,,,,,,,,1093.5999755859375,2.122999906539917,2.798,52.689998626708984,91.08000183105469,,1186.0,,,,
20150102,240550,동방메디컬,KOSDAQ,Listed,,FICS  의료&nbsp;장비&nbsp;및&nbsp;서비스,,,,,,,1.0,,1752.0,20810260.0,,,,,,,,,,,,,20150331,321.0,53.0,40.0,124008339340.0,190749627572.788,,,,,143.0,9.81,1093.5999755859375,2.122999906539917,2.798,52.689998626708984,91.08000183105469,,1186.0,,20150331,5959.0,53.82
20150102,240600,유진테크놀로지,KOSDAQ,Listed,,FICS  전자&nbsp;장비&nbsp;및&nbsp;기기,,,,,,,1.0,,282.0,6928151.0,,,,,,,,,,,,,,,,,,,,,,,,,1093.5999755859375,2.122999906539917,2.798,52.689998626708984,91.08000183105469,,1186.0,,,,
20150102,240810,원익IPS,KOSDAQ,Listed,,FICS  반도체&nbsp;및&nbsp;관련장비,,,,,,,1.0,,30333.0,49083901.0,,,,,,,,,,,,,20150331,2995.0,294.0,269.0,964645906353.0,1245164935920.4524,,,,50.0,577.0,8.81,1093.5999755859375,2.122999906539917,,52.689998626708984,91.08000183105469,,1186.0,,20150331,19653.0,29.08
20150102,241520,DSC인베스트먼트,KOSDAQ,Listed,,FICS  창업투자&nbsp;및&nbsp;종금,,,,,,,1.0,,1984.0,27000000.0,,,,,,,,,,,,,20150331,82.0,9.0,5.0,120123000000.0,164112042600.0,,,,40.0,27.0,7.47,1093.5999755859375,2.122999906539917,,52.689998626708984,91.08000183105469,,1186.0,,20150331,4449.0,36.62
20150102,241560,두산밥캣,KOSDAQ,Listed,,FICS  기계,,,,,,,1.0,,57321.0,95856065.0,,,,,,,,,,,,,20150331,21870.0,1586.0,1382.0,7209718072910.0,12577353178191.494,,,,400.0,947.0,6.69,1093.5999755859375,2.122999906539917,,52.689998626708984,91.08000183105469,,1186.0,,20150331,75214.0,74.45
20150102,241590,화승엔터프라이즈,KOSDAQ,Listed,,FICS  섬유&nbsp;및&nbsp;의복,,,,,,,1.0,,3059.0,60589276.0,,,,,,,,,,,,,,,,,,,,,,,,,1093.5999755859375,2.122999906539917,,52.689998626708984,91.08000183105469,,1186.0,,,,
20150102,241690,유니테크노,KOSDAQ,Listed,,FICS  자동차부품,,,,,,,1.0,,863.0,24470706.0,,,,,,,,,,,,,20150331,275.0,4.0,-2.0,140241616086.0,245058199948.6764,,,,,-6.0,3.06,1093.5999755859375,2.122999906539917,2.798,52.689998626708984,91.08000183105469,,1186.0,,20150331,5731.0,74.74
20150102,241710,코스메카코리아,KOSDAQ,Listed,,FICS  개인생활용품,,,,,,,1.0,,7251.0,10680000.0,,,,,,,,,,,,,20150331,1631.0,225.0,194.0,262589160000.0,515987699399.99994,,,,100.0,1397.0,20.63,1093.5999755859375,2.122999906539917,2.798,52.689998626708984,91.08000183105469,,1186.0,,20150331,24587.0,96.5
20150102,241770,메카로,KOSDAQ,Listed,,FICS  반도체&nbsp;및&nbsp;관련장비,,,,,,,1.0,,2446.0,10192640.0,,,,,,,,,,,,,,,,,,,,,,,,,1093.5999755859375,2.122999906539917,2.798,52.689998626708984,91.08000183105469,,1186.0,,,,
20150102,241790,티이엠씨씨엔에스,KOSDAQ,Listed,,FICS  반도체&nbsp;및&nbsp;관련장비,,,,,,,1.0,,685.0,10002634.0,,,,,,,,,,,,,,,,,,,,,,,,,1093.5999755859375,2.122999906539917,2.798,52.689998626708984,91.08000183105469,,1186.0,,,,
20150102,241820,피씨엘,KOSDAQ,Listed,,FICS  의료&nbsp;장비&nbsp;및&nbsp;서비스,,,,,,,1.0,,168.0,2782098.0,,,,,,,,,,,,,20150331,12.0,1.0,2.0,2715327648.0,17089729150.9824,,,,,74.0,-179.27,1093.5999755859375,2.122999906539917,2.798,52.689998626708984,91.08000183105469,,1186.0,,20150331,976.0,529.38
20150102,241840,에이스토리,KOSDAQ,Listed,,FICS  미디어,,,,,,,1.0,,667.0,9539994.0,,,,,,,,,,,,,20150331,37.0,-12.0,-6.0,55284265230.0,65959656845.913,,,,,-61.0,-12.09,1093.5999755859375,2.122999906539917,2.798,52.689998626708984,91.08000183105469,,1186.0,,20150331,5795.0,19.31
20150102,242040,나무기술,KOSDAQ,Listed,,FICS  IT&nbsp;서비스,,,,,,,1.0,,493.0,34606264.0,,,,,,,,,,,,,20150331,322.0,30.0,17.0,38032284136.0,90802078374.70001,,,,,33.0,-7.17,1093.5999755859375,2.122999906539917,,52.689998626708984,91.08000183105469,,1186.0,,20150331,1099.0,138.75
20150102,243070,휴온스,KOSDAQ,Listed,,FICS  제약,,,,,,,1.0,,3372.0,11979665.0,,,,,,,,,,,,,,,,,,,,,,,,,1093.5999755859375,2.122999906539917,,52.689998626708984,91.08000183105469,,1186.0,,,,
20150102,243840,신흥에스이씨,KOSDAQ,Listed,,FICS  전자&nbsp;장비&nbsp;및&nbsp;기기,,,,,,,1.0,,2163.0,38558235.0,,,,,,,,,,,,,20150331,1014.0,7.0,-31.0,287567316630.0,729874606338.603,,,,66.0,-69.0,-1.27,1093.5999755859375,2.122999906539917,,52.689998626708984,91.08000183105469,,1186.0,,20150331,7458.0,153.81
20150102,244460,올리패스,KOSDAQ,Listed,,FICS  제약,,,,,,,1.0,,89.0,5439505.0,,,,,,,,,,,,,20150331,1.0,-15.0,-20.0,2067011900.0,17424910317.0,,,,,-362.0,-487.33,1093.5999755859375,2.122999906539917,,52.689998626708984,91.08000183105469,,1186.0,,20150331,380.0,743.0
20150102,244920,에이플러스에셋,KOSDAQ,Listed,,FICS  보험,,,,,,,1.0,,1937.0,22607693.0,,,,,,,,,,,,,20150331,1677.0,60.0,40.0,161147635704.0,315027513037.7496,,,,200.0,214.0,13.06,1093.5999755859375,2.122999906539917,2.798,52.689998626708984,91.08000183105469,,1186.0,,20150331,7128.0,95.49
20150102,245620,EDGC,KOSDAQ,Listed,,FICS  의료&nbsp;장비&nbsp;및&nbsp;서비스,,,,,,,1.0,,574.0,138493951.0,,,,,,,,,,,,,20150331,18.0,-4.0,-4.0,5955239893.0,55542735910.04309,,,,,-3.0,-141.99,1093.5999755859375,2.122999906539917,2.798,52.689998626708984,91.08000183105469,,1186.0,,20150331,43.0,832.67
20150102,246250,에스엘에스바이오,KOSDAQ,Listed,,FICS  제약,,,,,,,1.0,,302.0,15348206.0,,,,,,,,,,,,,20150331,3.0,-18.0,-19.0,9423798484.0,12929451520.048,,,,25.0,-122.0,-31.09,1093.5999755859375,2.122999906539917,2.798,52.689998626708984,91.08000183105469,,1186.0,,20150331,614.0,37.2
20150102,246690,TS인베스트먼트,KOSDAQ,Listed,,FICS  창업투자&nbsp;및&nbsp;종금,,,,,,,1.0,,563.0,41477862.0,,,,,,,,,,,,,20150331,41.0,10.0,10.0,82997201862.0,109232617370.5782,,,,10.0,23.0,2.42,1093.5999755859375,2.122999906539917,2.798,52.689998626708984,91.08000183105469,,1186.0,,20150331,2001.0,31.61
20150102,246710,티앤알바이오팹,KOSDAQ,Listed,,FICS  바이오,,,,,,,1.0,,1178.0,45850836.0,,,,,,,,,,,,,20150331,70.0,-13.0,-57.0,15543433404.0,115294971617.5104,,,,,-171.0,-27.72,1093.5999755859375,2.122999906539917,2.798,52.689998626708984,91.08000183105469,,1186.0,,20150331,339.0,641.76
20150102,246720,아스타,KOSDAQ,Listed,,FICS  의료&nbsp;장비&nbsp;및&nbsp;서비스,,,,,,,1.0,,1251.0,14914900.0,,,,,,,,,,,,,,,,,,,,,,,,,1093.5999755859375,2.122999906539917,2.798,52.689998626708984,91.08000183105469,,1186.0,,,,
20150102,246960,SCL사이언스,KOSDAQ,Listed,,FICS  의료&nbsp;장비&nbsp;및&nbsp;서비스,,,,,,,1.0,,869.0,33972311.0,,,,,,,,,,,,,,,,,,,,,,,,,1093.5999755859375,2.122999906539917,,52.689998626708984,91.08000183105469,,1186.0,,,,
20150102,247540,에코프로비엠,KOSDAQ,Listed,,FICS  전자&nbsp;장비&nbsp;및&nbsp;기기,,,,,,,1.0,,156188.0,97801344.0,,,,,,,,,,,,,20150331,6123.0,209.0,115.0,1646192222208.0,3878758113966.49,,,,450.0,122.0,0.21,1093.5999755859375,2.122999906539917,,52.689998626708984,91.08000183105469,,1186.0,,20150331,16832.0,135.62
20150102,247660,나노씨엠에스,KOSDAQ,Listed,,FICS  화학,,,,,,,1.0,,220.0,4343920.0,,,,,,,,,,,,,,,,,,,,,,,,,1093.5999755859375,2.122999906539917,,52.689998626708984,91.08000183105469,,1186.0,,,,
20150102,248070,솔루엠,KOSDAQ,Listed,,FICS  전자&nbsp;장비&nbsp;및&nbsp;기기,,,,,,,1.0,,7947.0,47816236.0,,,,,,,,,,,,,20150331,4196.0,114.0,94.0,415953436964.0,950204031400.5615,,,,,144.0,4.21,1093.5999755859375,2.122999906539917,,52.689998626708984,91.08000183105469,,1186.0,,20150331,8699.0,128.44
20150102,248170,샘표식품,KOSDAQ,Listed,,FICS  식료품,,,,,,,1.0,,1336.0,4568286.0,,,,,,,,,,,,,20150331,1088.0,128.0,125.0,262886586156.0,395933487409.5516,,,,200.0,2734.0,9.2,1093.5999755859375,2.122999906539917,2.798,52.689998626708984,91.08000183105469,,1186.0,,20150331,57546.0,50.61
20150102,249420,일동제약,KOSDAQ,Listed,,FICS  제약,,,,,,,1.0,,8779.0,31638252.0,,,,,,,,,,,,,,,,,,,,,,,,,1093.5999755859375,2.122999906539917,2.798,52.689998626708984,91.08000183105469,,1186.0,,,,
20150102,250000,보라티알,KOSDAQ,Listed,,FICS  식료품,,,,,,,1.0,,555.0,6750733.0,,,,,,,,,,,,,20150331,274.0,26.0,-6.0,94969311844.0,226311870124.252,,,,250.0,-82.0,3.39,1093.5999755859375,2.122999906539917,2.798,52.689998626708984,91.08000183105469,,1186.0,,20150331,14068.0,138.3
20150102,250060,모비스,KOSDAQ,Listed,,FICS  일반&nbsp;소프트웨어,,,,,,,1.0,,870.0,32171314.0,,,,,,,,,,,,,20150331,9.0,-5.0,10.0,35710158540.0,49294302848.616005,,,,,31.0,-7.63,1093.5999755859375,2.122999906539917,2.798,52.689998626708984,91.08000183105469,,1186.0,,20150331,1110.0,38.04
20150102,250930,예선테크,KOSDAQ,Listed,,FICS  디스플레이&nbsp;및&nbsp;관련부품,,,,,,,1.0,,172.0,33000440.0,,,,,,,,,,,,,,,,,,,,,,,,,1093.5999755859375,2.122999906539917,2.798,52.689998626708984,91.08000183105469,,1186.0,,,,
20150102,251120,바이오에프디엔씨,KOSDAQ,Listed,,FICS  바이오,,,,,,,1.0,,1437.0,8695700.0,,,,,,,,,,,,,20150331,51.0,17.0,19.0,69800383900.0,73681285244.84001,,,,,223.0,10.93,1093.5999755859375,2.122999906539917,,52.689998626708984,91.08000183105469,,1186.0,,20150331,8027.0,5.56
20150102,251270,넷마블,KOSDAQ,Listed,,FICS  게임&nbsp;소프트웨어,,,,,,,1.0,,43578.0,85953502.0,,,,,,,,,,,,,20150331,7385.0,1026.0,324.0,5985629972276.0,8749793893473.057,,,,417.0,278.0,2.03,1093.5999755859375,2.122999906539917,,52.689998626708984,91.08000183105469,,1186.0,,20150331,69638.0,46.18
20150102,251370,와이엠티,KOSDAQ,Listed,,FICS  화학,,,,,,,1.0,,2026.0,17624010.0,,,,,,,,,,,,,,,,,,,,,,,,,1093.5999755859375,2.122999906539917,,52.689998626708984,91.08000183105469,,1186.0,,,,
20150102,251630,브이원텍,KOSDAQ,Listed,,FICS  전자&nbsp;장비&nbsp;및&nbsp;기기,,,,,,,1.0,,911.0,15942886.0,,,,,,,,,,,,,,,,,,,,,,,,,1093.5999755859375,2.122999906539917,,52.689998626708984,91.08000183105469,,1186.0,,,,
20150102,251970,펌텍코리아,KOSDAQ,Listed,,FICS  용기&nbsp;및&nbsp;포장,,,,,,,1.0,,6758.0,12400000.0,,,,,,,,,,,,,,,,,,,,,,,,,1093.5999755859375,2.122999906539917,,52.689998626708984,91.08000183105469,,1186.0,,,,
20150102,252500,세화피앤씨,KOSDAQ,Listed,,FICS  개인생활용품,,,,,,,1.0,,336.0,41486390.0,,,,,,,,,,,,,20150331,118.0,4.0,8.0,40075852740.0,44692590975.647995,,,,50.0,19.0,2.44,1093.5999755859375,2.122999906539917,2.798,52.689998626708984,91.08000183105469,,1186.0,,20150331,966.0,11.52
20150102,252990,샘씨엔에스,KOSDAQ,Listed,,FICS  반도체&nbsp;및&nbsp;관련장비,,,,,,,1.0,,4233.0,58388063.0,,,,,,,,,,,,,20150331,197.0,48.0,53.0,158757143297.0,234135034934.4156,,,,,91.0,5.09,1093.5999755859375,2.122999906539917,2.798,52.689998626708984,91.08000183105469,,1186.0,,20150331,2719.0,47.48
20150102,253450,스튜디오드래곤,KOSDAQ,Listed,,FICS  미디어,,,,,,,1.0,,11677.0,30058498.0,,,,,,,,,,,,,20150331,1690.0,178.0,124.0,763606083192.0,1004218360005.7992,,,,,435.0,2.4,1093.5999755859375,2.122999906539917,2.798,52.689998626708984,91.08000183105469,,1186.0,,20150331,25404.0,31.51
20150102,253590,네오셈,KOSDAQ,Listed,,FICS  반도체&nbsp;및&nbsp;관련장비,,,,,,,1.0,,4492.0,43869164.0,,,,,,,,,,,,,20150331,102.0,-5.0,7.0,117130667880.0,129441101074.188,,,,60.0,16.0,7.86,1093.5999755859375,2.122999906539917,2.798,52.689998626708984,91.08000183105469,,1186.0,,20150331,2670.0,10.51
20150102,253840,수젠텍,KOSDAQ,Listed,,FICS  의료&nbsp;장비&nbsp;및&nbsp;서비스,,,,,,,1.0,,1183.0,16743200.0,,,,,,,,,,,,,20150331,15.0,-48.0,-38.0,96055738400.0,118648048071.68001,,,,150.0,-225.0,-21.46,1093.5999755859375,2.122999906539917,2.798,52.689998626708984,91.08000183105469,,1186.0,,20150331,5737.0,23.52
20150102,254120,자비스,KOSDAQ,Listed,,FICS  전자&nbsp;장비&nbsp;및&nbsp;기기,,,,,,,1.0,,461.0,30754270.0,,,,,,,,,,,,,20150331,70.0,-3.0,-3.0,28109402780.0,40092441185.114,,,,,-8.0,-1.53,1093.5999755859375,2.122999906539917,2.798,52.689998626708984,91.08000183105469,,1186.0,,20150331,914.0,42.63
20150102,254490,미래반도체,KOSDAQ,Listed,,FICS  반도체&nbsp;및&nbsp;관련장비,,,,,,,1.0,,2211.0,14438000.0,,,,,,,,,,,,,20150331,1578.0,28.0,21.0,95189734000.0,157605642583.8,,,,,143.0,11.19,1093.5999755859375,2.122999906539917,,52.689998626708984,91.08000183105469,,1186.0,,20150331,6593.0,65.57
20150102,255220,SG,KOSDAQ,Listed,,FICS  건축소재,,,,,,,1.0,,2324.0,98717929.0,,,,,,,,,,,,,20150331,220.0,-23.0,-12.0,110958952196.0,254806137822.89438,,,,,-12.0,-10.63,1093.5999755859375,2.122999906539917,,52.689998626708984,91.08000183105469,,1186.0,,20150331,1124.0,129.64
20150102,255440,야스,KOSDAQ,Listed,,FICS  디스플레이&nbsp;및&nbsp;관련부품,,,,,,,1.0,,1270.0,13058000.0,,,,,,,,,,,,,,,,,,,,,,,,,1093.5999755859375,2.122999906539917,,52.689998626708984,91.08000183105469,,1186.0,,,,
20150102,256150,한독크린텍,KOSDAQ,Listed,,FICS  가정생활용품,,,,,,,1.0,,465.0,8395000.0,,,,,,,,,,,,,20150331,184.0,8.0,7.0,62316085000.0,70978020815.0,,,,250.0,89.0,5.22,1093.5999755859375,2.122999906539917,,52.689998626708984,91.08000183105469,,1186.0,,20150331,7423.0,13.9
20150102,256630,포인트엔지니어링,KOSDAQ,Listed,,FICS  디스플레이&nbsp;및&nbsp;관련부품,,,,,,,1.0,,610.0,57997072.0,,,,,,,,,,,,,,,,,,,,,,,,,1093.5999755859375,2.122999906539917,2.798,52.689998626708984,91.08000183105469,,1186.0,,,,
20150102,256840,한국비엔씨,KOSDAQ,Listed,,FICS  의료&nbsp;장비&nbsp;및&nbsp;서비스,,,,,,,1.0,,3816.0,68394886.0,,,,,,,,,,,,,20150331,223.0,-14.0,-4.0,236099146472.0,275197165127.7632,,,,,-3.0,6.11,1093.5999755859375,2.122999906539917,2.798,52.689998626708984,91.08000183105469,,1186.0,,20150331,3452.0,16.56
20150102,256940,킵스파마,KOSDAQ,Listed,,FICS  금속&nbsp;및&nbsp;광물,,,,,,,1.0,,2007.0,20078147.0,,,,,,,,,,,,,20150331,409.0,14.0,-4.0,75614301602.0,179599089165.07043,,,,,-22.0,-0.04,1093.5999755859375,2.122999906539917,2.798,52.689998626708984,91.08000183105469,,1186.0,,20150331,3766.0,137.52
20150102,257370,피엔티엠에스,KOSDAQ,Listed,,FICS  전자&nbsp;장비&nbsp;및&nbsp;기기,,,,,,,1.0,,260.0,12504861.0,,,,,,,,,,,,,,,,,,,,,,,,,1093.5999755859375,2.122999906539917,2.798,52.689998626708984,91.08000183105469,,1186.0,,,,
20150102,257720,실리콘투,KOSDAQ,Listed,,FICS  온라인쇼핑,,,,,,,1.0,,25600.0,61171908.0,,,,,,,,,,,,,20150331,2888.0,505.0,443.0,414806708148.0,662197428887.4672,,,,,735.0,51.39,1093.5999755859375,2.122999906539917,2.798,52.689998626708984,91.08000183105469,,1186.0,,20150331,6781.0,59.64
20150102,258610,케일럼,KOSDAQ,Listed,,FICS  휴대폰&nbsp;및&nbsp;관련부품,,,,,,,1.0,,406.0,26787133.0,,,,,,,,,,,,,,,,,,,,,,,,,1093.5999755859375,2.122999906539917,2.798,52.689998626708984,91.08000183105469,,1186.0,,,,
20150102,258790,소프트캠프,KOSDAQ,Listed,,FICS  일반&nbsp;소프트웨어,,,,,,,1.0,,342.0,24991284.0,,,,,,,,,,,,,20150331,66.0,8.0,6.0,12295711728.0,38785593074.8032,,,,,24.0,9.73,1093.5999755859375,2.122999906539917,,52.689998626708984,91.08000183105469,,1186.0,,20150331,492.0,215.44
20150102,258830,세종메디칼,KOSDAQ,Listed,,FICS  의료&nbsp;장비&nbsp;및&nbsp;서비스,,,,,,,1.0,,271.0,65786351.0,,,,,,,,,,,,,20150331,49.0,11.0,12.0,29735430652.0,60746511278.97081,,,,,21.0,15.65,1093.5999755859375,2.122999906539917,,52.689998626708984,91.08000183105469,,1186.0,,20150331,452.0,104.29
20150102,259630,엠플러스,KOSDAQ,Listed,,FICS  전자&nbsp;장비&nbsp;및&nbsp;기기,,,,,,,1.0,,1755.0,12157656.0,,,,,,,,,,,,,,,,,,,,,,,,,1093.5999755859375,2.122999906539917,,52.689998626708984,91.08000183105469,,1186.0,,,,
20150102,259960,크래프톤,KOSDAQ,Listed,,FICS  게임&nbsp;소프트웨어,,,,,,,1.0,,117319.0,47401981.0,,,,,,,,,,,,,20150331,8725.0,2451.0,2205.0,8050657649078.0,9335542609870.848,,,,,4869.0,18.72,1093.5999755859375,2.122999906539917,,52.689998626708984,91.08000183105469,,1186.0,,20150331,169838.0,15.96
20150102,260660,알리코제약,KOSDAQ,Listed,,FICS  제약,,,,,,,1.0,,590.0,15327021.0,,,,,,,,,,,,,,,,,,,,,,,,,1093.5999755859375,2.122999906539917,2.798,52.689998626708984,91.08000183105469,,1186.0,,,,
20150102,260930,씨티케이,KOSDAQ,Listed,,FICS  개인생활용품,,,,,,,1.0,,898.0,19341591.0,,,,,,,,,,,,,20150331,311.0,-41.0,-47.0,154752069591.0,270197113505.886,,,,100.0,-237.0,-4.76,1093.5999755859375,2.122999906539917,2.798,52.689998626708984,91.08000183105469,,1186.0,,20150331,8001.0,74.6
20150102,260970,에스앤디,KOSDAQ,Listed,,FICS  식료품,,,,,,,1.0,,1964.0,2892754.0,,,,,,,,,,,,,,,,,,,,,,,,,1093.5999755859375,2.122999906539917,2.798,52.689998626708984,91.08000183105469,,1186.0,,,,
20150102,261200,덴티스,KOSDAQ,Listed,,FICS  의료&nbsp;장비&nbsp;및&nbsp;서비스,,,,,,,1.0,,714.0,15809700.0,,,,,,,,,,,,,20150331,266.0,-16.0,-13.0,53958506100.0,213551579591.97,,,,,-39.0,-12.67,1093.5999755859375,2.122999906539917,2.798,52.689998626708984,91.08000183105469,,1186.0,,20150331,3413.0,295.77
20150102,261780,차백신연구소,KOSDAQ,Listed,,FICS  제약,,,,,,,1.0,,788.0,26865246.0,,,,,,,,,,,,,,,,,,,,,,,,,1093.5999755859375,2.122999906539917,2.798,52.689998626708984,91.08000183105469,,1186.0,,,,
20150102,262260,에이프로,KOSDAQ,Listed,,FICS  전자&nbsp;장비&nbsp;및&nbsp;기기,,,,,,,1.0,,792.0,14468152.0,,,,,,,,,,,,,,,,,,,,,,,,,1093.5999755859375,2.122999906539917,2.798,52.689998626708984,91.08000183105469,,1186.0,,,,
20150102,262840,아이퀘스트,KOSDAQ,Listed,,FICS  일반&nbsp;소프트웨어,,,,,,,1.0,,399.0,21133905.0,,,,,,,,,,,,,20150331,118.0,9.0,8.0,52369816590.0,96334277617.30501,,,,39.0,38.0,11.36,1093.5999755859375,2.122999906539917,,52.689998626708984,91.08000183105469,,1186.0,,20150331,2478.0,83.95
20150102,263020,디케이앤디,KOSDAQ,Listed,,FICS  섬유&nbsp;및&nbsp;의복,,,,,,,1.0,,431.0,13836146.0,,,,,,,,,,,,,20150331,363.0,32.0,29.0,74604499232.0,107012693698.3808,,,,50.0,189.0,10.35,1093.5999755859375,2.122999906539917,,52.689998626708984,91.08000183105469,,1186.0,,20150331,5392.0,43.44
20150102,263050,유틸렉스,KOSDAQ,Listed,,FICS  바이오,,,,,,,1.0,,449.0,36834856.0,,,,,,,,,,,,,20150331,35.0,-38.0,-39.0,26594766032.0,46910507803.8448,,,,,-105.0,-60.38,1093.5999755859375,2.122999906539917,,52.689998626708984,91.08000183105469,,1186.0,,20150331,722.0,76.39
20150102,263600,덕우전자,KOSDAQ,Listed,,FICS  휴대폰&nbsp;및&nbsp;관련부품,,,,,,,1.0,,673.0,15930310.0,,,,,,,,,,,,,20150331,537.0,25.0,10.0,98194430840.0,222243455320.172,,,,70.0,64.0,-0.73,1093.5999755859375,2.122999906539917,,52.689998626708984,91.08000183105469,,1186.0,,20150331,6164.0,126.33
20150102,263690,디알젬,KOSDAQ,Listed,,FICS  의료&nbsp;장비&nbsp;및&nbsp;서비스,,,,,,,1.0,,645.0,11325610.0,,,,,,,,,,,,,20150331,244.0,22.0,20.0,92779397120.0,123981108371.45601,,,,160.0,176.0,9.36,1093.5999755859375,2.122999906539917,2.798,52.689998626708984,91.08000183105469,,1186.0,,20150331,8192.0,33.63
20150102,263700,케어랩스,KOSDAQ,Listed,,FICS  의료&nbsp;장비&nbsp;및&nbsp;서비스,,,,,,,1.0,,613.0,19414200.0,,,,,,,,,,,,,,,,,,,,,,,,,1093.5999755859375,2.122999906539917,2.798,52.689998626708984,91.08000183105469,,1186.0,,,,
20150102,263720,디앤씨미디어,KOSDAQ,Listed,,FICS  미디어,,,,,,,1.0,,1603.0,12524473.0,,,,,,,,,,,,,20150331,277.0,65.0,64.0,104466629293.0,131304106358.37169,,,,,512.0,11.05,1093.5999755859375,2.122999906539917,2.798,52.689998626708984,91.08000183105469,,1186.0,,20150331,8341.0,25.69
20150102,263750,펄어비스,KOSDAQ,Listed,,FICS  게임&nbsp;소프트웨어,,,,,,,1.0,,24831.0,64247855.0,,,,,,,,,,,,,20150331,879.0,-71.0,-1.0,824813962490.0,1150697959069.799,,,,,37.0,6.82,1093.5999755859375,2.122999906539917,2.798,52.689998626708984,91.08000183105469,,1186.0,,20150331,12838.0,39.51
20150102,263770,유에스티,KOSDAQ,Listed,,FICS  금속&nbsp;및&nbsp;광물,,,,,,,1.0,,464.0,23700172.0,,,,,,,,,,,,,,,,,,,,,,,,,1093.5999755859375,2.122999906539917,2.798,52.689998626708984,91.08000183105469,,1186.0,,,,
20150102,263800,데이타솔루션,KOSDAQ,Listed,,FICS  IT&nbsp;서비스,,,,,,,1.0,,859.0,16222380.0,,,,,,,,,,,,,,,,,,,,,,,,,1093.5999755859375,2.122999906539917,,52.689998626708984,91.08000183105469,,1186.0,,,,
20150102,263810,상신전자,KOSDAQ,Listed,,FICS  내구소비재,,,,,,,1.0,,510.0,15924825.0,,,,,,,,,,,,,20150331,324.0,10.0,13.0,52344899775.0,86573229737.87251,,,,,81.0,6.07,1093.5999755859375,2.122999906539917,,52.689998626708984,91.08000183105469,,1186.0,,20150331,3287.0,65.39
20150102,263860,지니언스,KOSDAQ,Listed,,FICS  일반&nbsp;소프트웨어,,,,,,,1.0,,1787.0,9079600.0,,,,,,,,,,,,,20150331,230.0,72.0,75.0,67724736400.0,90392205673.08,,,,250.0,826.0,17.36,1093.5999755859375,2.122999906539917,,52.689998626708984,91.08000183105469,,1186.0,,20150331,7459.0,33.47
20150102,263920,휴엠앤씨,KOSDAQ,Listed,,FICS  용기&nbsp;및&nbsp;포장,,,,,,,1.0,,366.0,9809026.0,,,,,,,,,,,,,,,,,,,,,,,,,1093.5999755859375,2.122999906539917,,52.689998626708984,91.08000183105469,,1186.0,,,,
20150102,264450,유비쿼스,KOSDAQ,Listed,,FICS  통신장비,,,,,,,1.0,,1435.0,14665493.0,,,,,,,,,,,,,20150331,282.0,56.0,60.0,186765053355.0,217263786567.8715,,,,170.0,400.0,13.28,1093.5999755859375,2.122999906539917,,52.689998626708984,91.08000183105469,,1186.0,,20150331,12735.0,16.33
20150102,264660,씨앤지하이테크,KOSDAQ,Listed,,FICS  반도체&nbsp;및&nbsp;관련장비,,,,,,,1.0,,1513.0,9721172.0,,,,,,,,,,,,,20150331,205.0,68.0,61.0,136397764332.0,187219571322.1032,,,,99.0,632.0,13.51,1093.5999755859375,2.122999906539917,2.798,52.689998626708984,91.08000183105469,,1186.0,,20150331,14031.0,37.26
20150102,264850,이랜시스,KOSDAQ,Listed,,FICS  전자&nbsp;장비&nbsp;및&nbsp;기기,,,,,,,1.0,,1729.0,30294612.0,,,,,,,,,,,,,20150331,169.0,11.0,12.0,52439973372.0,64800075095.7804,,,,50.0,40.0,8.18,1093.5999755859375,2.122999906539917,2.798,52.689998626708984,91.08000183105469,,1186.0,,20150331,1731.0,23.57
20150102,264900,크라운제과,KOSDAQ,Listed,,FICS  식료품,,,,,,,1.0,,4.0,12523850.0,,,,,,,,,,,,,20150331,1085.0,27.0,19.0,217388988300.0,347278908809.25006,,,,280.0,146.0,5.21,1093.5999755859375,2.122999906539917,2.798,52.689998626708984,91.08000183105469,,1186.0,,20150331,17358.0,59.75
20150102,26490K,크라운제과우,KOSDAQ,Listed,,기준 분기는,,,,,,,1.0,,4.0,773560.0,,,,,,,,,,,,,20150331,1085.0,27.0,19.0,13427454480.0,21450358531.800003,,,,282.0,146.0,5.21,1093.5999755859375,2.122999906539917,2.798,52.689998626708984,91.08000183105469,,1186.0,,20150331,17358.0,59.75
20150102,265520,AP시스템,KOSDAQ,Listed,,FICS  디스플레이&nbsp;및&nbsp;관련부품,,,,,,,1.0,,3032.0,15050821.0,,,,,,,,,,,,,20150331,1544.0,179.0,124.0,394045544601.0,652539421859.256,,,,330.0,819.0,9.87,1093.5999755859375,2.122999906539917,2.798,52.689998626708984,91.08000183105469,,1186.0,,20150331,26181.0,65.6
20150102,265560,영화테크,KOSDAQ,Listed,,FICS  자동차부품,,,,,,,1.0,,757.0,10690180.0,,,,,,,,,,,,,20150331,256.0,36.0,49.0,86291132960.0,114396154965.07199,,,,100.0,455.0,16.73,1093.5999755859375,2.122999906539917,,52.689998626708984,91.08000183105469,,1186.0,,20150331,8072.0,32.57
20150102,265740,엔에프씨,KOSDAQ,Listed,,FICS  개인생활용품,,,,,,,1.0,,896.0,17863600.0,,,,,,,,,,,,,,,,,,,,,,,,,1093.5999755859375,2.122999906539917,,52.689998626708984,91.08000183105469,,1186.0,,,,
20150102,267250,HD현대,KOSDAQ,Listed,,FICS  석유&nbsp;및&nbsp;가스,,,,,,,1.0,,164700.0,78993085.0,,,,,,,,,,,,,20150331,179399.0,15847.0,12005.0,10784925895050.0,28724571628876.17,,,,900.0,4807.0,7.92,1093.5999755859375,2.122999906539917,,52.689998626708984,91.08000183105469,,1186.0,,20150331,136530.0,166.34
20150102,267260,HD현대일렉트릭,KOSDAQ,Listed,,FICS  전기장비,,,,,,,1.0,,299912.0,36047135.0,,,,,,,,,,,,,20150331,11343.0,2776.0,2074.0,1997660127430.0,4969778865020.3545,,,,1900.0,6245.0,38.95,1093.5999755859375,2.122999906539917,,52.689998626708984,91.08000183105469,,1186.0,,20150331,55418.0,148.78
20150102,267270,HD현대건설기계,KOSDAQ,Listed,,FICS  기계,,,,,,,1.0,,16698.0,17357613.0,,,,,,,,,,,,,20150331,9321.0,486.0,158.0,1758031117479.0,3287869795909.226,,,,500.0,1095.0,5.27,1093.5999755859375,2.122999906539917,,52.689998626708984,91.08000183105469,,1186.0,,20150331,101283.0,87.02
20150102,267290,경동도시가스,KOSDAQ,Listed,,FICS  가스,,,,,,,1.0,,1285.0,5895406.0,,,,,,,,,,,,,20150331,2888.0,36.0,45.0,467765093664.0,772888264261.0271,,,,875.0,763.0,6.82,1093.5999755859375,2.122999906539917,2.798,52.689998626708984,91.08000183105469,,1186.0,,20150331,79344.0,65.23
20150102,267320,나인테크,KOSDAQ,Listed,,FICS  전자&nbsp;장비&nbsp;및&nbsp;기기,,,,,,,1.0,,1888.0,57415295.0,,,,,,,,,,,,,20150331,221.0,-14.0,26.0,100419350955.0,164175596876.3295,,,,,44.0,-16.13,1093.5999755859375,2.122999906539917,2.798,52.689998626708984,91.08000183105469,,1186.0,,20150331,1749.0,63.49
20150102,267790,배럴,KOSDAQ,Listed,,FICS  섬유&nbsp;및&nbsp;의복,,,,,,,1.0,,289.0,7689309.0,,,,,,,,,,,,,,,,,,,,,,,,,1093.5999755859375,2.122999906539917,2.798,52.689998626708984,91.08000183105469,,1186.0,,,,
20150102,267850,아시아나IDT,KOSDAQ,Listed,,FICS  IT&nbsp;서비스,,,,,,,1.0,,1240.0,11100000.0,,,,,,,,,,,,,20150331,444.0,28.0,21.0,171483900000.0,1200387300000.0,,,,500.0,185.0,7.03,1093.5999755859375,2.122999906539917,2.798,52.689998626708984,91.08000183105469,,1186.0,,20150331,15449.0,600.0
20150102,267980,매일유업,KOSDAQ,Listed,,FICS  식료품,,,,,,,1.0,,2785.0,7663638.0,,,,,,,,,,,,,,,,,,,,,,,,,1093.5999755859375,2.122999906539917,2.798,52.689998626708984,91.08000183105469,,1186.0,,,,
20150102,268280,미원에스씨,KOSDAQ,Listed,,FICS  화학,,,,,,,1.0,,6935.0,5000000.0,,,,,,,,,,,,,,,,,,,,,,,,,1093.5999755859375,2.122999906539917,,52.689998626708984,91.08000183105469,,1186.0,,,,
20150102,269620,시스웍,KOSDAQ,Listed,,FICS  전자&nbsp;장비&nbsp;및&nbsp;기기,,,,,,,1.0,,1320.0,148582691.0,,,,,,,,,,,,,20150331,29.0,-5.0,-3.0,-20950159431.0,22705782791.317802,,,,,-2.0,31.12,1093.5999755859375,2.122999906539917,,52.689998626708984,91.08000183105469,,1186.0,,20150331,-141.0,-208.38
20150102,270520,앱튼,KOSDAQ,Listed,,FICS  에너지&nbsp;시설&nbsp;및&nbsp;서비스,,,,,,,1.0,,762.0,196589147.0,,,,,,,,,,,,,20150331,52.0,-10.0,-43.0,102619534734.0,232381936405.143,,,,,-22.0,-30.74,1093.5999755859375,2.122999906539917,,52.689998626708984,91.08000183105469,,1186.0,,20150331,522.0,126.45
20150102,270660,에브리봇,KOSDAQ,Listed,,FICS  내구소비재,,,,,,,1.0,,2425.0,12371090.0,,,,,,,,,,,,,20150331,87.0,-4.0,-2.0,62993590280.0,116796415738.148,,,,,-9.0,-6.17,1093.5999755859375,2.122999906539917,,52.689998626708984,91.08000183105469,,1186.0,,20150331,5092.0,85.41
20150102,270870,뉴트리,KOSDAQ,Listed,,FICS  식료품,,,,,,,1.0,,475.0,9200224.0,,,,,,,,,,,,,,,,,,,,,,,,,1093.5999755859375,2.122999906539917,,52.689998626708984,91.08000183105469,,1186.0,,,,
20150102,271560,오리온,KOSDAQ,Listed,,FICS  식료품,,,,,,,1.0,,41157.0,39536132.0,,,,,,,,,,,,,,,,,,,,,,,,,1093.5999755859375,2.122999906539917,2.798,52.689998626708984,91.08000183105469,,1186.0,,,,
20150102,271830,팸텍,KOSDAQ,Listed,,FICS  휴대폰&nbsp;및&nbsp;관련부품,,,,,,,1.0,,476.0,29490202.0,,,,,,,,,,,,,20150331,77.0,-6.0,-5.0,61958914402.0,100020275519.1486,,,,30.0,-25.0,-6.23,1093.5999755859375,2.122999906539917,2.798,52.689998626708984,91.08000183105469,,1186.0,,20150331,2101.0,61.43
20150102,271940,일진하이솔루스,KOSDAQ,Listed,,FICS  자동차부품,,,,,,,1.0,,5581.0,36313190.0,,,,,,,,,,,,,,,,,,,,,,,,,1093.5999755859375,2.122999906539917,2.798,52.689998626708984,91.08000183105469,,1186.0,,,,
20150102,271980,제일약품,KOSDAQ,Listed,,FICS  제약,,,,,,,1.0,,2271.0,14704872.0,,,,,,,,,,,,,20150331,1348.0,98.0,159.0,206412288264.0,425085466450.88165,,,,50.0,699.0,10.52,1093.5999755859375,2.122999906539917,2.798,52.689998626708984,91.08000183105469,,1186.0,,20150331,14037.0,105.94
20150102,272110,케이엔제이,KOSDAQ,Listed,,FICS  반도체&nbsp;및&nbsp;관련장비,,,,,,,1.0,,1918.0,8025395.0,,,,,,,,,,,,,,,,,,,,,,,,,1093.5999755859375,2.122999906539917,2.798,52.689998626708984,91.08000183105469,,1186.0,,,,
20150102,272210,한화시스템,KOSDAQ,Listed,,FICS  상업서비스,,,,,,,1.0,,89169.0,188919389.0,,,,,,,,,,,,,20150331,12717.0,393.0,500.0,3300988483997.0,6501957016928.891,,,,350.0,217.0,17.16,1093.5999755859375,2.122999906539917,,52.689998626708984,91.08000183105469,,1186.0,,20150331,17473.0,96.97
20150102,272290,이녹스첨단소재,KOSDAQ,Listed,,FICS  디스플레이&nbsp;및&nbsp;관련부품,,,,,,,1.0,,5137.0,20227658.0,,,,,,,,,,,,,20150331,1058.0,226.0,185.0,571734753370.0,1138952802188.377,,,,350.0,875.0,18.45,1093.5999755859375,2.122999906539917,,52.689998626708984,91.08000183105469,,1186.0,,20150331,28265.0,99.21
20150102,272450,진에어,KOSDAQ,Listed,,FICS  항공운수,,,,,,,1.0,,3486.0,52200000.0,,,,,,,,,,,,,20150331,3315.0,-46.0,-90.0,239806800000.0,1226395955880.0002,,,,,-173.0,-2.62,1093.5999755859375,2.122999906539917,,52.689998626708984,91.08000183105469,,1186.0,,20150331,4594.0,411.41
20150102,272550,삼양패키징,KOSDAQ,Listed,,FICS  용기&nbsp;및&nbsp;포장,,,,,,,1.0,,2117.0,15068406.0,,,,,,,,,,,,,20150331,1253.0,158.0,129.0,387438855072.0,674027376168.7584,,,,500.0,839.0,4.44,1093.5999755859375,2.122999906539917,,52.689998626708984,91.08000183105469,,1186.0,,20150331,25712.0,73.97
20150102,273060,와이즈버즈,KOSDAQ,Listed,,FICS  미디어,,,,,,,1.0,,487.0,50459582.0,,,,,,,,,,,,,,,,,,,,,,,,,1093.5999755859375,2.122999906539917,,52.689998626708984,91.08000183105469,,1186.0,,,,
20150102,273640,와이엠텍,KOSDAQ,Listed,,FICS  전자&nbsp;장비&nbsp;및&nbsp;기기,,,,,,,1.0,,893.0,10966000.0,,,,,,,,,,,,,,,,,,,,,,,,,1093.5999755859375,2.122999906539917,2.798,52.689998626708984,91.08000183105469,,1186.0,,,,
20150102,274090,켄코아에어로스페이스,KOSDAQ,Listed,,FICS  상업서비스,,,,,,,1.0,,1269.0,13104750.0,,,,,,,,,,,,,20150331,178.0,-43.0,-28.0,171501863250.0,248900654134.725,,,,,-215.0,-6.58,1093.5999755859375,2.122999906539917,2.798,52.689998626708984,91.08000183105469,,1186.0,,20150331,13087.0,45.13
20150102,274400,이노시뮬레이션,KOSDAQ,Listed,,FICS  일반&nbsp;소프트웨어,,,,,,,1.0,,361.0,9086493.0,,,,,,,,,,,,,20150331,25.0,-8.0,-9.0,25033288215.0,52011662924.305504,,,,,-97.0,-21.71,1093.5999755859375,2.122999906539917,2.798,52.689998626708984,91.08000183105469,,1186.0,,20150331,2755.0,107.77
20150102,275630,에스에스알,KOSDAQ,Listed,,FICS  일반&nbsp;소프트웨어,,,,,,,1.0,,179.0,6017989.0,,,,,,,,,,,,,,,,,,,,,,,,,1093.5999755859375,2.122999906539917,2.798,52.689998626708984,91.08000183105469,,1186.0,,,,
20150102,276040,스코넥,KOSDAQ,Listed,,FICS  일반&nbsp;소프트웨어,,,,,,,1.0,,373.0,21630335.0,,,,,,,,,,,,,,,,,,,,,,,,,1093.5999755859375,2.122999906539917,,52.689998626708984,91.08000183105469,,1186.0,,,,
20150102,276730,한울앤제주,KOSDAQ,Listed,,FICS  음료,,,,,,,1.0,,282.0,15677356.0,,,,,,,,,,,,,,,,,,,,,,,,,1093.5999755859375,2.122999906539917,,52.689998626708984,91.08000183105469,,1186.0,,,,
20150102,277070,린드먼아시아,KOSDAQ,Listed,,FICS  창업투자&nbsp;및&nbsp;종금,,,,,,,1.0,,656.0,13692000.0,,,,,,,,,,,,,,,,,,,,,,,,,1093.5999755859375,2.122999906539917,,52.689998626708984,91.08000183105469,,1186.0,,,,
20150102,277410,인산가,KOSDAQ,Listed,,FICS  식료품,,,,,,,1.0,,471.0,38411505.0,,,,,,,,,,,,,20150331,109.0,17.0,12.0,66221434620.0,116450392779.27,,,,20.0,32.0,2.2,1093.5999755859375,2.122999906539917,,52.689998626708984,91.08000183105469,,1186.0,,20150331,1724.0,75.85
20150102,277810,레인보우로보틱스,KOSDAQ,Listed,,FICS  기계,,,,,,,1.0,,85068.0,19399858.0,,,,,,,,,,,,,20150331,107.0,-7.0,-0.0,131375838376.0,141084512831.98642,,,,,-2.0,1.49,1093.5999755859375,2.122999906539917,,52.689998626708984,91.08000183105469,,1186.0,,20150331,6772.0,7.39
20150102,277880,티에스아이,KOSDAQ,Listed,,FICS  전자&nbsp;장비&nbsp;및&nbsp;기기,,,,,,,1.0,,1066.0,20206248.0,,,,,,,,,,,,,20150331,766.0,26.0,30.0,102950833560.0,268969347758.85596,,,,,120.0,11.5,1093.5999755859375,2.122999906539917,,52.689998626708984,91.08000183105469,,1186.0,,20150331,5095.0,161.26
20150102,278280,천보,KOSDAQ,Listed,,FICS  전자&nbsp;장비&nbsp;및&nbsp;기기,,,,,,,1.0,,5740.0,10000000.0,,,,,,,,,,,,,20150331,396.0,17.0,-101.0,355490000000.0,729216637000.0,,,,500.0,-292.0,5.17,1093.5999755859375,2.122999906539917,,52.689998626708984,91.08000183105469,,1186.0,,20150331,35549.0,105.13
20150102,278470,에이피알,KOSDAQ,Listed,,FICS  개인생활용품,,,,,,,1.0,,95261.0,37430655.0,,,,,,,,,,,,,,,,,,,,,,,,,1093.5999755859375,2.122999906539917,,52.689998626708984,91.08000183105469,,1186.0,,,,
20150102,278650,HLB바이오스텝,KOSDAQ,Listed,,FICS  의료&nbsp;장비&nbsp;및&nbsp;서비스,,,,,,,1.0,,1320.0,87005539.0,,,,,,,,,,,,,,,,,,,,,,,,,1093.5999755859375,2.122999906539917,,52.689998626708984,91.08000183105469,,1186.0,,,,
20150102,279600,미디어젠,KOSDAQ,Listed,,FICS  IT&nbsp;서비스,,,,,,,1.0,,347.0,4684781.0,,,,,,,,,,,,,,,,,,,,,,,,,1093.5999755859375,2.122999906539917,,52.689998626708984,91.08000183105469,,1186.0,,,,
20150102,280360,롯데웰푸드,KOSDAQ,Listed,,FICS  식료품,,,,,,,1.0,,11323.0,9304574.0,,,,,,,,,,,,,,,,,,,,,,,,,1093.5999755859375,2.122999906539917,,52.689998626708984,91.08000183105469,,1186.0,,,,
20150102,281740,레이크머티리얼즈,KOSDAQ,Listed,,FICS  화학,,,,,,,1.0,,9057.0,65730548.0,,,,,,,,,,,,,20150331,362.0,14.0,5.0,129949293396.0,353838930987.9684,,,,50.0,7.0,10.13,1093.5999755859375,2.122999906539917,,52.689998626708984,91.08000183105469,,1186.0,,20150331,1977.0,172.29
20150102,281820,케이씨텍,KOSDAQ,Listed,,FICS  반도체&nbsp;및&nbsp;관련장비,,,,,,,1.0,,8038.0,20690323.0,,,,,,,,,,,,,,,,,,,,,,,,,1093.5999755859375,2.122999906539917,,52.689998626708984,91.08000183105469,,1186.0,,,,
20150102,282330,BGF리테일,KOSDAQ,Listed,,FICS  도소매,,,,,,,1.0,,19167.0,17283906.0,,,,,,,,,,,,,20150331,23064.0,569.0,436.0,1298557141686.0,3698420595235.8965,,,,4100.0,2583.0,15.68,1093.5999755859375,2.122999906539917,,52.689998626708984,91.08000183105469,,1186.0,,20150331,75131.0,184.81
20150102,282720,금양그린파워,KOSDAQ,Listed,,FICS  에너지&nbsp;시설&nbsp;및&nbsp;서비스,,,,,,,1.0,,1502.0,12119500.0,,,,,,,,,,,,,,,,,,,,,,,,,1093.5999755859375,2.122999906539917,,52.689998626708984,91.08000183105469,,1186.0,,,,
20150102,282880,코윈테크,KOSDAQ,Listed,,FICS  기계,,,,,,,1.0,,1812.0,11469370.0,,,,,,,,,,,,,20150331,442.0,16.0,14.0,181502780250.0,287445953081.925,,,,194.0,148.0,2.09,1093.5999755859375,2.122999906539917,,52.689998626708984,91.08000183105469,,1186.0,,20150331,15825.0,58.37
20150102,284620,카이노스메드,KOSDAQ,Listed,,FICS  제약,,,,,,,1.0,,359.0,33086953.0,,,,,,,,,,,,,20150331,3.0,-15.0,-18.0,2183738898.0,3782454145.2258,,,,,-56.0,-248.66,1093.5999755859375,2.122999906539917,,52.689998626708984,91.08000183105469,,1186.0,,20150331,66.0,73.21
20150102,284740,쿠쿠홈시스,KOSDAQ,Listed,,FICS  내구소비재,,,,,,,1.0,,5710.0,22437330.0,,,,,,,,,,,,,20150331,2916.0,408.0,337.0,1017465603510.0,1282210153543.302,,,,1000.0,1417.0,11.91,1093.5999755859375,2.122999906539917,,52.689998626708984,91.08000183105469,,1186.0,,20150331,45347.0,26.02
20150102,285130,SK케미칼,KOSDAQ,Listed,,FICS  화학,,,,,,,1.0,,12368.0,17298766.0,,,,,,,,,,,,,20150331,6490.0,162.0,128.0,2046236432608.0,3740520198807.424,,,,400.0,670.0,3.84,1093.5999755859375,2.122999906539917,,52.689998626708984,91.08000183105469,,1186.0,,20150331,118288.0,82.8
20150102,28513K,SK케미칼우,KOSDAQ,Listed,,기준 분기는,,,,,,,1.0,,12368.0,2115429.0,,,,,,,,,,,,,,,,,,,,,,,,,1093.5999755859375,2.122999906539917,,52.689998626708984,91.08000183105469,,1186.0,,,,
20150102,285490,노바텍,KOSDAQ,Listed,,FICS  휴대폰&nbsp;및&nbsp;관련부품,,,,,,,1.0,,2178.0,10575831.0,,,,,,,,,,,,,20150331,139.0,22.0,40.0,173739751668.0,187499940000.1056,,,,1409.0,375.0,11.48,1093.5999755859375,2.122999906539917,,52.689998626708984,91.08000183105469,,1186.0,,20150331,16428.0,7.92
20150102,285800,진영,KOSDAQ,Listed,,FICS  화학,,,,,,,1.0,,301.0,17477270.0,,,,,,,,,,,,,,,,,,,,,,,,,1093.5999755859375,2.122999906539917,,52.689998626708984,91.08000183105469,,1186.0,,,,
20150102,286750,나노실리칸첨단소재,KOSDAQ,Listed,,FICS  화학,,,,,,,1.0,,472.0,27260684.0,,,,,,,,,,,,,20150331,24.0,-20.0,-24.0,19709474532.0,39876208873.1424,,,,,-93.0,-35.39,1093.5999755859375,2.122999906539917,,52.689998626708984,91.08000183105469,,1186.0,,20150331,723.0,102.32
20150102,286940,롯데이노베이트,KOSDAQ,Listed,,FICS  IT&nbsp;서비스,,,,,,,1.0,,3022.0,15129367.0,,,,,,,,,,,,,,,,,,,,,,,,,1093.5999755859375,2.122999906539917,,52.689998626708984,91.08000183105469,,1186.0,,,,
20150102,287840,인투셀,KOSDAQ,Listed,,FICS  제약,,,,,,,1.0,,9928.0,14997600.0,,,,,,,,,,,,,20150331,14.0,-13.0,-11.0,24326107200.0,41641430304.96001,,,,,-77.0,-62.07,1093.5999755859375,2.122999906539917,,52.689998626708984,91.08000183105469,,1186.0,,20150331,1622.0,71.18
20150102,288330,파라택시스코리아,KOSDAQ,Listed,,FICS  제약,,,,,,,1.0,,814.0,87605864.0,,,,,,,,,,,,,,,,,,,,,,,,,1093.5999755859375,2.122999906539917,,52.689998626708984,91.08000183105469,,1186.0,,,,
20150102,288620,에스퓨얼셀,KOSDAQ,Listed,,FICS  전자&nbsp;장비&nbsp;및&nbsp;기기,,,,,,,1.0,,793.0,6979316.0,,,,,,,,,,,,,,,,,,,,,,,,,1093.5999755859375,2.122999906539917,,52.689998626708984,91.08000183105469,,1186.0,,,,
20150102,288980,모아데이타,KOSDAQ,Listed,,FICS  일반&nbsp;소프트웨어,,,,,,,1.0,,315.0,34556562.0,,,,,,,,,,,,,,,,,,,,,,,,,1093.5999755859375,2.122999906539917,,52.689998626708984,91.08000183105469,,1186.0,,,,
20150102,289010,아이스크림에듀,KOSDAQ,Listed,,FICS  교육,,,,,,,1.0,,254.0,13945256.0,,,,,,,,,,,,,20150331,210.0,10.0,-15.0,41347684040.0,66350628578.988,,,,,-109.0,-10.64,1093.5999755859375,2.122999906539917,,52.689998626708984,91.08000183105469,,1186.0,,20150331,2965.0,60.47
20150102,289080,SV인베스트먼트,KOSDAQ,Listed,,FICS  창업투자&nbsp;및&nbsp;종금,,,,,,,1.0,,894.0,54286310.0,,,,,,,,,,,,,20150331,43.0,-3.0,-3.0,69106472630.0,93936428245.959,,,,20.0,-6.0,-5.7,1093.5999755859375,2.122999906539917,,52.689998626708984,91.08000183105469,,1186.0,,20150331,1273.0,35.93
20150102,289220,자이언트스텝,KOSDAQ,Listed,,FICS  미디어,,,,,,,1.0,,1012.0,22312221.0,,,,,,,,,,,,,20150331,90.0,-49.0,-45.0,53303895969.0,72573254361.7935,,,,,-199.0,-42.56,1093.5999755859375,2.122999906539917,,52.689998626708984,91.08000183105469,,1186.0,,20150331,2389.0,36.15
20150102,289930,웨이비스,KOSDAQ,Listed,,FICS  상업서비스,,,,,,,1.0,,1020.0,12519593.0,,,,,,,,,,,,,20150331,83.0,-12.0,-8.0,29496161108.0,57266796791.182,,,,,-62.0,-21.94,1093.5999755859375,2.122999906539917,,52.689998626708984,91.08000183105469,,1186.0,,20150331,2356.0,94.15
20150102,290090,트윔,KOSDAQ,Listed,,FICS  일반&nbsp;소프트웨어,,,,,,,1.0,,558.0,7440268.0,,,,,,,,,,,,,,,,,,,,,,,,,1093.5999755859375,2.122999906539917,,52.689998626708984,91.08000183105469,,1186.0,,,,
20150102,290120,DH오토리드,KOSDAQ,Listed,,FICS  자동차부품,,,,,,,1.0,,382.0,15824249.0,,,,,,,,,,,,,,,,,,,,,,,,,1093.5999755859375,2.122999906539917,,52.689998626708984,91.08000183105469,,1186.0,,,,
20150102,290270,휴네시온,KOSDAQ,Listed,,FICS  일반&nbsp;소프트웨어,,,,,,,1.0,,358.0,9607672.0,,,,,,,,,,,,,20150331,76.0,2.0,6.0,47509938040.0,52883312032.324,,,,40.0,62.0,12.17,1093.5999755859375,2.122999906539917,,52.689998626708984,91.08000183105469,,1186.0,,20150331,4945.0,11.31
20150102,290520,신도기연,KOSDAQ,Listed,,FICS  디스플레이&nbsp;및&nbsp;관련부품,,,,,,,1.0,,277.0,15929362.0,,,,,,,,,,,,,,,,,,,,,,,,,1093.5999755859375,2.122999906539917,,52.689998626708984,91.08000183105469,,1186.0,,,,
20150102,290550,디케이티,KOSDAQ,Listed,,FICS  휴대폰&nbsp;및&nbsp;관련부품,,,,,,,1.0,,1448.0,20001230.0,,,,,,,,,,,,,20150331,1164.0,60.0,51.0,192791855970.0,304881041030.958,,,,,253.0,11.52,1093.5999755859375,2.122999906539917,,52.689998626708984,91.08000183105469,,1186.0,,20150331,9639.0,58.14
20150102,290560,신시웨이,KOSDAQ,Listed,,FICS  일반&nbsp;소프트웨어,,,,,,,1.0,,281.0,3727122.0,,,,,,,,,,,,,,,,,,,,,,,,,1093.5999755859375,2.122999906539917,,52.689998626708984,91.08000183105469,,1186.0,,,,
20150102,290650,엘앤씨바이오,KOSDAQ,Listed,,FICS  의료&nbsp;장비&nbsp;및&nbsp;서비스,,,,,,,1.0,,16937.0,24618850.0,,,,,,,,,,,,,20150331,256.0,40.0,58.0,264086403950.0,493049316174.65,,,,50.0,-2090.0,39.03,1093.5999755859375,2.122999906539917,,52.689998626708984,91.08000183105469,,1186.0,,20150331,10727.0,86.7
20150102,290660,네오펙트,KOSDAQ,Listed,,FICS  의료&nbsp;장비&nbsp;및&nbsp;서비스,,,,,,,1.0,,422.0,50478612.0,,,,,,,,,,,,,,,,,,,,,,,,,1093.5999755859375,2.122999906539917,,52.689998626708984,91.08000183105469,,1186.0,,,,
20150102,290670,대보마그네틱,KOSDAQ,Listed,,FICS  전자&nbsp;장비&nbsp;및&nbsp;기기,,,,,,,1.0,,1152.0,7857660.0,,,,,,,,,,,,,,,,,,,,,,,,,1093.5999755859375,2.122999906539917,,52.689998626708984,91.08000183105469,,1186.0,,,,
20150102,290690,소룩스,KOSDAQ,Listed,,FICS  디스플레이&nbsp;및&nbsp;관련부품,,,,,,,1.0,,2184.0,48754156.0,,,,,,,,,,,,,20150331,79.0,-24.0,-74.0,65184306572.0,109763853836.59079,,,,17.0,-151.0,-71.74,1093.5999755859375,2.122999906539917,,52.689998626708984,91.08000183105469,,1186.0,,20150331,1337.0,68.39
20150102,290720,푸드나무,KOSDAQ,Listed,,FICS  식료품,,,,,,,1.0,,690.0,34366855.0,,,,,,,,,,,,,,,,,,,,,,,,,1093.5999755859375,2.122999906539917,,52.689998626708984,91.08000183105469,,1186.0,,,,
20150102,290740,액트로,KOSDAQ,Listed,,FICS  휴대폰&nbsp;및&nbsp;관련부품,,,,,,,1.0,,666.0,10065011.0,,,,,,,,,,,,,,,,,,,,,,,,,1093.5999755859375,2.122999906539917,,52.689998626708984,91.08000183105469,,1186.0,,,,
20150102,291230,엔피,KOSDAQ,Listed,,FICS  미디어,,,,,,,1.0,,432.0,44095775.0,,,,,,,,,,,,,20150331,58.0,-18.0,-18.0,26369273450.0,43954941913.805,,,,,-41.0,-16.04,1093.5999755859375,2.122999906539917,,52.689998626708984,91.08000183105469,,1186.0,,20150331,598.0,66.69
20150102,291650,압타머사이언스,KOSDAQ,Listed,,FICS  바이오,,,,,,,1.0,,317.0,40257092.0,,,,,,,,,,,,,20150331,5.0,-21.0,-20.0,26368395260.0,34373840060.936,,,,,-67.0,-46.68,1093.5999755859375,2.122999906539917,,52.689998626708984,91.08000183105469,,1186.0,,20150331,655.0,30.36
20150102,291810,핀텔,KOSDAQ,Listed,,FICS  일반&nbsp;소프트웨어,,,,,,,1.0,,330.0,11368712.0,,,,,,,,,,,,,,,,,,,,,,,,,1093.5999755859375,2.122999906539917,,52.689998626708984,91.08000183105469,,1186.0,,,,
20150102,293480,하나제약,KOSDAQ,Listed,,FICS  제약,,,,,,,1.0,,2077.0,17772946.0,,,,,,,,,,,,,20150331,642.0,87.0,72.0,310475593674.0,410852353108.8042,,,,510.0,405.0,4.33,1093.5999755859375,2.122999906539917,,52.689998626708984,91.08000183105469,,1186.0,,20150331,17469.0,32.33
20150102,293490,카카오게임즈,KOSDAQ,Listed,,FICS  게임&nbsp;소프트웨어,,,,,,,1.0,,15003.0,89786911.0,,,,,,,,,,,,,20150331,1074.0,-119.0,-318.0,1332976480706.0,2889493117226.396,,,,,-173.0,-8.02,1093.5999755859375,2.122999906539917,,52.689998626708984,91.08000183105469,,1186.0,,20150331,14846.0,116.77
20150102,293580,나우IB,KOSDAQ,Listed,,FICS  창업투자&nbsp;및&nbsp;종금,,,,,,,1.0,,1118.0,94929950.0,,,,,,,,,,,,,20150331,101.0,66.0,52.0,108979582600.0,175468025944.26,,,,20.0,55.0,4.52,1093.5999755859375,2.122999906539917,,52.689998626708984,91.08000183105469,,1186.0,,20150331,1148.0,61.01
20150102,293780,압타바이오,KOSDAQ,Listed,,FICS  제약,,,,,,,1.0,,2287.0,26881360.0,,,,,,,,,,,,,20150331,12.0,-34.0,-31.0,44623057600.0,67135390159.200005,,,,,-114.0,-43.23,1093.5999755859375,2.122999906539917,,52.689998626708984,91.08000183105469,,1186.0,,20150331,1660.0,50.45
20150102,293940,신한알파리츠,KOSDAQ,Listed,,FICS  부동산,,,,,,,1.0,,7075.0,120940123.0,,,,,,,,,,,,,,,,,,,,,,,,,1093.5999755859375,2.122999906539917,,52.689998626708984,91.08000183105469,,1186.0,,,,
20150102,294090,이오플로우,KOSDAQ,Listed,,FICS  의료&nbsp;장비&nbsp;및&nbsp;서비스,,,,,,,1.0,,522.0,35079105.0,,,,,,,,,,,,,20150331,16.0,-35.0,-63.0,-103167647805.0,45785802095.85899,,,,,-172.0,393.44,1093.5999755859375,2.122999906539917,,52.689998626708984,91.08000183105469,,1186.0,,20150331,-2941.0,-144.38
20150102,294140,레몬,KOSDAQ,Listed,,FICS  화학,,,,,,,1.0,,1631.0,22414818.0,,,,,,,,,,,,,,,,,,,,,,,,,1093.5999755859375,2.122999906539917,,52.689998626708984,91.08000183105469,,1186.0,,,,
20150102,294570,쿠콘,KOSDAQ,Listed,,FICS  IT&nbsp;서비스,,,,,,,1.0,,2956.0,10091732.0,,,,,,,,,,,,,20150331,194.0,49.0,47.0,166523669732.0,299759257884.5732,,,,150.0,466.0,19.5,1093.5999755859375,2.122999906539917,,52.689998626708984,91.08000183105469,,1186.0,,20150331,16501.0,80.01
20150102,294630,서남,KOSDAQ,Listed,,FICS  에너지&nbsp;시설&nbsp;및&nbsp;서비스,,,,,,,1.0,,603.0,24144099.0,,,,,,,,,,,,,20150331,10.0,-7.0,-7.0,5625575067.0,11795143242.9789,,,,,-30.0,-55.77,1093.5999755859375,2.122999906539917,,52.689998626708984,91.08000183105469,,1186.0,,20150331,233.0,109.67
20150102,294870,HDC현대산업개발,KOSDAQ,Listed,,FICS  건설,,,,,,,1.0,,13379.0,65907330.0,,,,,,,,,,,,,20150331,10728.0,886.0,630.0,3420656334330.0,8658707379089.528,,,,700.0,995.0,6.11,1093.5999755859375,2.122999906539917,,52.689998626708984,91.08000183105469,,1186.0,,20150331,51901.0,153.13
20150102,295310,에이치브이엠,KOSDAQ,Listed,,FICS  금속&nbsp;및&nbsp;광물,,,,,,,1.0,,2737.0,11901931.0,,,,,,,,,,,,,20150331,221.0,24.0,10.0,82135225831.0,168426494089.0486,,,,,84.0,-7.72,1093.5999755859375,2.122999906539917,,52.689998626708984,91.08000183105469,,1186.0,,20150331,6901.0,105.06
20150102,296640,이노룰스,KOSDAQ,Listed,,FICS  일반&nbsp;소프트웨어,,,,,,,1.0,,288.0,5178252.0,,,,,,,,,,,,,20150331,60.0,3.0,5.0,33793272552.0,41565725238.96,,,,250.0,98.0,7.68,1093.5999755859375,2.122999906539917,,52.689998626708984,91.08000183105469,,1186.0,,20150331,6526.0,23.0
20150102,297090,씨에스베어링,KOSDAQ,Listed,,FICS  기계,,,,,,,1.0,,1666.0,27270000.0,,,,,,,,,,,,,20150331,322.0,33.0,44.0,94735980000.0,134998771500.0,,,,,161.0,8.18,1093.5999755859375,2.122999906539917,,52.689998626708984,91.08000183105469,,1186.0,,20150331,3474.0,42.5
20150102,297570,알로이스,KOSDAQ,Listed,,FICS  셋톱&nbsp;박스,,,,,,,1.0,,378.0,34621218.0,,,,,,,,,,,,,,,,,,,,,,,,,1093.5999755859375,2.122999906539917,,52.689998626708984,91.08000183105469,,1186.0,,,,
20150102,297890,HB솔루션,KOSDAQ,Listed,,FICS  디스플레이&nbsp;및&nbsp;관련부품,,,,,,,1.0,,1561.0,73140914.0,,,,,,,,,,,,,20150331,64.0,-20.0,132.0,246338598352.0,309696885848.1344,,,,30.0,182.0,7.91,1093.5999755859375,2.122999906539917,,52.689998626708984,91.08000183105469,,1186.0,,20150331,3368.0,25.72
20150102,298000,효성화학,KOSDAQ,Listed,,FICS  화학,,,,,,,1.0,,1475.0,3791811.0,,,,,,,,,,,,,20150331,5803.0,-261.0,-406.0,332295356985.0,1387532492626.5662,,,,,-5195.0,199.36,1093.5999755859375,2.122999906539917,,52.689998626708984,91.08000183105469,,1186.0,,20150331,87635.0,317.56
20150102,298020,효성티앤씨,KOSDAQ,Listed,,FICS  섬유&nbsp;및&nbsp;의복,,,,,,,1.0,,9888.0,4327682.0,,,,,,,,,,,,,,,,,,,,,,,,,1093.5999755859375,2.122999906539917,,52.689998626708984,91.08000183105469,,1186.0,,,,
20150102,298040,효성중공업,KOSDAQ,Listed,,FICS  전기장비,,,,,,,1.0,,187609.0,9324548.0,,,,,,,,,,,,,20150331,17243.0,2123.0,1424.0,2341403327348.0,6990493774130.188,,,,5000.0,15509.0,25.9,1093.5999755859375,2.122999906539917,,52.689998626708984,91.08000183105469,,1186.0,,20150331,251101.0,198.56
20150102,298050,HS효성첨단소재,KOSDAQ,Listed,,FICS  화학,,,,,,,1.0,,8910.0,4479948.0,,,,,,,,,,,,,20150331,8255.0,387.0,198.0,1023668118000.0,3719805207188.4,,,,6500.0,3411.0,-0.8,1093.5999755859375,2.122999906539917,,52.689998626708984,91.08000183105469,,1186.0,,20150331,228500.0,263.38
20150102,298060,에스씨엠생명과학,KOSDAQ,Listed,,FICS  바이오,,,,,,,1.0,,492.0,44203176.0,,,,,,,,,,,,,,,,,,,,,,,,,1093.5999755859375,2.122999906539917,,52.689998626708984,91.08000183105469,,1186.0,,,,
20150102,298380,에이비엘바이오,KOSDAQ,Listed,,FICS  바이오,,,,,,,1.0,,105068.0,55125165.0,,,,,,,,,,,,,20150331,14.0,-224.0,-213.0,226399052655.0,291964218303.888,,,,,-389.0,-15.78,1093.5999755859375,2.122999906539917,,52.689998626708984,91.08000183105469,,1186.0,,20150331,4107.0,28.96
20150102,298540,더네이쳐홀딩스,KOSDAQ,Listed,,FICS  섬유&nbsp;및&nbsp;의복,,,,,,,1.0,,1313.0,14486386.0,,,,,,,,,,,,,,,,,,,,,,,,,1093.5999755859375,2.122999906539917,,52.689998626708984,91.08000183105469,,1186.0,,,,
20150102,298690,에어부산,KOSDAQ,Listed,,FICS  항공운수,,,,,,,1.0,,2010.0,116640000.0,,,,,,,,,,,,,20150331,1763.0,-140.0,-504.0,195255360000.0,1394552832192.0,,,,,-432.0,-24.63,1093.5999755859375,2.122999906539917,,52.689998626708984,91.08000183105469,,1186.0,,20150331,1674.0,614.22
20150102,298830,슈어소프트테크,KOSDAQ,Listed,,FICS  일반&nbsp;소프트웨어,,,,,,,1.0,,2978.0,52619061.0,,,,,,,,,,,,,20150331,236.0,36.0,15.0,94977405105.0,143738804885.907,,,,,30.0,9.61,1093.5999755859375,2.122999906539917,,52.689998626708984,91.08000183105469,,1186.0,,20150331,1805.0,51.34
20150102,299030,하나기술,KOSDAQ,Listed,,FICS  전자&nbsp;장비&nbsp;및&nbsp;기기,,,,,,,1.0,,2510.0,7994910.0,,,,,,,,,,,,,20150331,110.0,-35.0,-34.0,76303421040.0,198022638283.00803,,,,,-425.0,-11.14,1093.5999755859375,2.122999906539917,,52.689998626708984,91.08000183105469,,1186.0,,20150331,9544.0,159.52
20150102,299170,더블유에스아이,KOSDAQ,Listed,,FICS  제약,,,,,,,1.0,,903.0,38609239.0,,,,,,,,,,,,,20150331,134.0,11.0,10.0,53744060688.0,84491037807.6048,,,,,26.0,0.14,1093.5999755859375,2.122999906539917,,52.689998626708984,91.08000183105469,,1186.0,,20150331,1392.0,57.21
20150102,299660,셀리드,KOSDAQ,Listed,,FICS  바이오,,,,,,,1.0,,982.0,29502977.0,,,,,,,,,,,,,20150331,23.0,-25.0,-24.0,78713942636.0,112505838209.6348,,,,,-80.0,-16.71,1093.5999755859375,2.122999906539917,,52.689998626708984,91.08000183105469,,1186.0,,20150331,2668.0,42.93
20150102,299900,위지윅스튜디오,KOSDAQ,Listed,,FICS  미디어,,,,,,,1.0,,1168.0,171048884.0,,,,,,,,,,,,,20150331,296.0,-17.0,-36.0,149838822384.0,257692806736.0032,,,,,-19.0,-31.63,1093.5999755859375,2.122999906539917,,52.689998626708984,91.08000183105469,,1186.0,,20150331,876.0,71.98
20150102,300080,플리토,KOSDAQ,Listed,,FICS  IT&nbsp;서비스,,,,,,,1.0,,3071.0,16505451.0,,,,,,,,,,,,,20150331,118.0,28.0,30.0,16687010961.0,27620340542.6472,,,,,182.0,43.91,1093.5999755859375,2.122999906539917,,52.689998626708984,91.08000183105469,,1186.0,,20150331,1011.0,65.52
20150102,300120,라온피플,KOSDAQ,Listed,,FICS  일반&nbsp;소프트웨어,,,,,,,1.0,,451.0,20860012.0,,,,,,,,,,,,,20150331,199.0,-62.0,-72.0,9950225724.0,52833708549.295204,,,,50.0,-262.0,-89.64,1093.5999755859375,2.122999906539917,,52.689998626708984,91.08000183105469,,1186.0,,20150331,477.0,430.98
20150102,300720,한일시멘트,KOSDAQ,Listed,,FICS  건축소재,,,,,,,1.0,,13517.0,73545209.0,,,,,,,,,,,,,20150331,4364.0,661.0,260.0,1747434165840.0,2827348480329.1196,,,,1000.0,498.0,4.54,1093.5999755859375,2.122999906539917,,52.689998626708984,91.08000183105469,,1186.0,,20150331,23760.0,61.8
20150102,301300,바이브컴퍼니,KOSDAQ,Listed,,FICS  일반&nbsp;소프트웨어,,,,,,,1.0,,479.0,13154712.0,,,,,,,,,,,,,,,,,,,,,,,,,1093.5999755859375,2.122999906539917,,52.689998626708984,91.08000183105469,,1186.0,,,,
20150102,302430,이노메트리,KOSDAQ,Listed,,FICS  전자&nbsp;장비&nbsp;및&nbsp;기기,,,,,,,1.0,,713.0,9833208.0,,,,,,,,,,,,,,,,,,,,,,,,,1093.5999755859375,2.122999906539917,,52.689998626708984,91.08000183105469,,1186.0,,,,
20150102,302440,SK바이오사이언스,KOSDAQ,Listed,,FICS  제약,,,,,,,1.0,,42319.0,78369145.0,,,,,,,,,,,,,20150331,1816.0,-290.0,300.0,1812364847270.0,2553078360349.249,,,,,-281.0,-0.33,1093.5999755859375,2.122999906539917,,52.689998626708984,91.08000183105469,,1186.0,,20150331,23126.0,40.87
20150102,302550,리메드,KOSDAQ,Listed,,FICS  의료&nbsp;장비&nbsp;및&nbsp;서비스,,,,,,,1.0,,1003.0,31495528.0,,,,,,,,,,,,,,,,,,,,,,,,,1093.5999755859375,2.122999906539917,,52.689998626708984,91.08000183105469,,1186.0,,,,
20150102,303030,지니틱스,KOSDAQ,Listed,,FICS  반도체&nbsp;및&nbsp;관련장비,,,,,,,1.0,,266.0,37073689.0,,,,,,,,,,,,,20150331,96.0,-19.0,-18.0,13457749107.0,26825331294.9831,,,,,-47.0,-29.61,1093.5999755859375,2.122999906539917,,52.689998626708984,91.08000183105469,,1186.0,,20150331,363.0,99.33
20150102,303360,프로티아,KOSDAQ,Listed,,FICS  의료&nbsp;장비&nbsp;및&nbsp;서비스,,,,,,,1.0,,724.0,12877215.0,,,,,,,,,,,,,,,,,,,,,,,,,1093.5999755859375,2.122999906539917,,52.689998626708984,91.08000183105469,,1186.0,,,,
20150102,303530,이노뎁,KOSDAQ,Listed,,FICS  IT&nbsp;서비스,,,,,,,1.0,,389.0,7339299.0,,,,,,,,,,,,,20150331,135.0,-22.0,-21.0,32968131108.0,73037597656.6632,,,,,-289.0,1.89,1093.5999755859375,2.122999906539917,,52.689998626708984,91.08000183105469,,1186.0,,20150331,4492.0,121.54
20150102,303810,동국생명과학,KOSDAQ,Listed,,FICS  의료&nbsp;장비&nbsp;및&nbsp;서비스,,,,,,,1.0,,1229.0,31984140.0,,,,,,,,,,,,,20150331,294.0,43.0,24.0,130463307060.0,208532550004.704,,,,,75.0,5.68,1093.5999755859375,2.122999906539917,,52.689998626708984,91.08000183105469,,1186.0,,20150331,4079.0,59.84
20150102,304100,솔트룩스,KOSDAQ,Listed,,FICS  IT&nbsp;서비스,,,,,,,1.0,,3948.0,12593855.0,,,,,,,,,,,,,20150331,91.0,-27.0,-26.0,69921082960.0,90694636707.416,,,,,-198.0,-15.76,1093.5999755859375,2.122999906539917,,52.689998626708984,91.08000183105469,,1186.0,,20150331,5552.0,29.71
20150102,304360,에스바이오메딕스,KOSDAQ,Listed,,FICS  바이오,,,,,,,1.0,,4086.0,11949131.0,,,,,,,,,,,,,20150331,32.0,-19.0,-22.0,4002958885.0,12030092337.0905,,,,,-198.0,-117.52,1093.5999755859375,2.122999906539917,,52.689998626708984,91.08000183105469,,1186.0,,20150331,335.0,200.53
20150102,304840,피플바이오,KOSDAQ,Listed,,FICS  의료&nbsp;장비&nbsp;및&nbsp;서비스,,,,,,,1.0,,324.0,21228311.0,,,,,,,,,,,,,20150331,12.0,-21.0,-12.0,2865821985.0,32592993435.405,,,,,-51.0,-111.11,1093.5999755859375,2.122999906539917,,52.689998626708984,91.08000183105469,,1186.0,,20150331,135.0,1037.3
20150102,305090,마이크로디지탈,KOSDAQ,Listed,,FICS  의료&nbsp;장비&nbsp;및&nbsp;서비스,,,,,,,1.0,,1591.0,18567123.0,,,,,,,,,,,,,,,,,,,,,,,,,1093.5999755859375,2.122999906539917,,52.689998626708984,91.08000183105469,,1186.0,,,,
20150102,306040,에스제이그룹,KOSDAQ,Listed,,FICS  섬유&nbsp;및&nbsp;의복,,,,,,,1.0,,328.0,9865828.0,,,,,,,,,,,,,,,,,,,,,,,,,1093.5999755859375,2.122999906539917,,52.689998626708984,91.08000183105469,,1186.0,,,,
20150102,306200,세아제강,KOSDAQ,Listed,,FICS  금속&nbsp;및&nbsp;광물,,,,,,,1.0,,3400.0,2836300.0,,,,,,,,,,,,,20150331,3820.0,99.0,190.0,1124805672500.0,1744011195211.25,,,,7000.0,-176.0,12.99,1093.5999755859375,2.122999906539917,,52.689998626708984,91.08000183105469,,1186.0,,20150331,396575.0,55.05
20150102,306620,네온테크,KOSDAQ,Listed,,FICS  반도체&nbsp;및&nbsp;관련장비,,,,,,,1.0,,927.0,45014260.0,,,,,,,,,,,,,20150331,231.0,13.0,-2.0,47490044300.0,128080649477.1,,,,,-12.0,-15.18,1093.5999755859375,2.122999906539917,,52.689998626708984,91.08000183105469,,1186.0,,20150331,1055.0,169.7
20150102,307180,아이엘,KOSDAQ,Listed,,FICS  디스플레이&nbsp;및&nbsp;관련부품,,,,,,,1.0,,897.0,28591728.0,,,,,,,,,,,,,20150331,292.0,12.0,1.0,17240811984.0,128538873746.71199,,,,,-2.0,-20.39,1093.5999755859375,2.122999906539917,,52.689998626708984,91.08000183105469,,1186.0,,20150331,603.0,645.55
20150102,307280,원바이오젠,KOSDAQ,Listed,,FICS  의료&nbsp;장비&nbsp;및&nbsp;서비스,,,,,,,1.0,,432.0,7094627.0,,,,,,,,,,,,,,,,,,,,,,,,,1093.5999755859375,2.122999906539917,,52.689998626708984,91.08000183105469,,1186.0,,,,
20150102,307750,국전약품,KOSDAQ,Listed,,FICS  제약,,,,,,,1.0,,1758.0,50176380.0,,,,,,,,,,,,,20150331,292.0,-20.0,-29.0,98696939460.0,178305890828.436,,,,10.0,-58.0,-3.66,1093.5999755859375,2.122999906539917,,52.689998626708984,91.08000183105469,,1186.0,,20150331,1967.0,80.66
20150102,307870,비투엔,KOSDAQ,Listed,,FICS  IT&nbsp;서비스,,,,,,,1.0,,802.0,59564511.0,,,,,,,,,,,,,,,,,,,,,,,,,1093.5999755859375,2.122999906539917,,52.689998626708984,91.08000183105469,,1186.0,,,,
20150102,307930,컴퍼니케이,KOSDAQ,Listed,,FICS  창업투자&nbsp;및&nbsp;종금,,,,,,,1.0,,944.0,15610000.0,,,,,,,,,,,,,20150331,41.0,19.0,16.0,79813930000.0,83900403216.0,,,,,100.0,5.42,1093.5999755859375,2.122999906539917,,52.689998626708984,91.08000183105469,,1186.0,,20150331,5113.0,5.12
20150102,307950,현대오토에버,KOSDAQ,Listed,,FICS  IT&nbsp;서비스,,,,,,,1.0,,77746.0,27423982.0,,,,,,,,,,,,,20150331,12413.0,816.0,700.0,1850213793594.0,3359248163649.266,,,,1780.0,2400.0,10.4,1093.5999755859375,2.122999906539917,,52.689998626708984,91.08000183105469,,1186.0,,20150331,67467.0,81.56
20150102,308080,바이젠셀,KOSDAQ,Listed,,FICS  제약,,,,,,,1.0,,2085.0,20449100.0,,,,,,,,,,,,,20150331,2.0,-24.0,-22.0,49343678300.0,58723911544.829994,,,,,-110.0,-25.09,1093.5999755859375,2.122999906539917,,52.689998626708984,91.08000183105469,,1186.0,,20150331,2413.0,19.01
20150102,308100,형지글로벌,KOSDAQ,Listed,,FICS  섬유&nbsp;및&nbsp;의복,,,,,,,1.0,,354.0,24023008.0,,,,,,,,,,,,,20150331,98.0,-19.0,-17.0,66759939232.0,115247683096.2016,,,,,-78.0,-69.85,1093.5999755859375,2.122999906539917,,52.689998626708984,91.08000183105469,,1186.0,,20150331,2779.0,72.63
20150102,308170,씨티알모빌리티,KOSDAQ,Listed,,FICS  자동차부품,,,,,,,1.0,,430.0,8610000.0,,,,,,,,,,,,,20150331,1146.0,14.0,-8.0,69017760000.0,310069188575.99994,,,,,-92.0,-21.7,1093.5999755859375,2.122999906539917,,52.689998626708984,91.08000183105469,,1186.0,,20150331,8016.0,349.26
20150102,308430,셀비온,KOSDAQ,Listed,,FICS  제약,,,,,,,1.0,,3349.0,12831510.0,,,,,,,,,,,,,20150331,7.0,-20.0,-18.0,24803308830.0,33484466920.500004,,,,,-143.0,-54.63,1093.5999755859375,2.122999906539917,,52.689998626708984,91.08000183105469,,1186.0,,20150331,1933.0,35.0
20150102,309710,아이티켐,KOSDAQ,Listed,,FICS  제약,,,,,,,1.0,,5561.0,12583001.0,,,,,,,,,,,,,20150331,272.0,-12.0,-37.0,76806638104.0,173383304855.96957,,,,,-300.0,91.27,1093.5999755859375,2.122999906539917,,52.689998626708984,91.08000183105469,,1186.0,,20150331,6104.0,125.74
20150102,309930,조이웍스앤코,KOSDAQ,Listed,,FICS  내구소비재,,,,,,,1.0,,587.0,24487048.0,,,,,,,,,,,,,,,,,,,,,,,,,1093.5999755859375,2.122999906539917,,52.689998626708984,91.08000183105469,,1186.0,,,,
20150102,309960,LB인베스트먼트,KOSDAQ,Listed,,FICS  창업투자&nbsp;및&nbsp;종금,,,,,,,1.0,,1286.0,23217239.0,,,,,,,,,,,,,20150331,81.0,53.0,46.0,123190670134.0,135140165136.998,,,,200.0,200.0,12.04,1093.5999755859375,2.122999906539917,,52.689998626708984,91.08000183105469,,1186.0,,20150331,5306.0,9.7
20150102,310200,애니플러스,KOSDAQ,Listed,,FICS  미디어,,,,,,,1.0,,1836.0,52162836.0,,,,,,,,,,,,,20150331,557.0,164.0,123.0,135571210764.0,276565269958.56,,,,70.0,227.0,18.98,1093.5999755859375,2.122999906539917,,52.689998626708984,91.08000183105469,,1186.0,,20150331,2599.0,104.0
20150102,310210,보로노이,KOSDAQ,Listed,,FICS  제약,,,,,,,1.0,,43775.0,18393121.0,,,,,,,,,,,,,20150331,41.0,-136.0,-138.0,22623538830.0,42330903504.812996,,,,,-751.0,-74.0,1093.5999755859375,2.122999906539917,,52.689998626708984,91.08000183105469,,1186.0,,20150331,1230.0,87.11
20150102,310870,디와이씨,KOSDAQ,Listed,,FICS  자동차부품,,,,,,,1.0,,285.0,20687271.0,,,,,,,,,,,,,,,,,,,,,,,,,1093.5999755859375,2.122999906539917,,52.689998626708984,91.08000183105469,,1186.0,,,,
20150102,311320,지오엘리먼트,KOSDAQ,Listed,,FICS  반도체&nbsp;및&nbsp;관련장비,,,,,,,1.0,,811.0,12614560.0,,,,,,,,,,,,,20150331,156.0,14.0,11.0,57194415040.0,72030646301.376,,,,50.0,100.0,5.68,1093.5999755859375,2.122999906539917,,52.689998626708984,91.08000183105469,,1186.0,,20150331,4534.0,25.94
20150102,311390,네오크레마,KOSDAQ,Listed,,FICS  식료품,,,,,,,1.0,,752.0,12653789.0,,,,,,,,,,,,,,,,,,,,,,,,,1093.5999755859375,2.122999906539917,,52.689998626708984,91.08000183105469,,1186.0,,,,
20150102,311690,CJ 바이오사이언스,KOSDAQ,Listed,,FICS  의료&nbsp;장비&nbsp;및&nbsp;서비스,,,,,,,1.0,,1215.0,13065462.0,,,,,,,,,,,,,,,,,,,,,,,,,1093.5999755859375,2.122999906539917,,52.689998626708984,91.08000183105469,,1186.0,,,,
20150102,312610,에이에프더블류,KOSDAQ,Listed,,FICS  전자&nbsp;장비&nbsp;및&nbsp;기기,,,,,,,1.0,,293.0,20256888.0,,,,,,,,,,,,,,,,,,,,,,,,,1093.5999755859375,2.122999906539917,,52.689998626708984,91.08000183105469,,1186.0,,,,
20150102,313760,캐리,KOSDAQ,Listed,,FICS  전자&nbsp;장비&nbsp;및&nbsp;기기,,,,,,,1.0,,149.0,11207186.0,,,,,,,,,,,,,,,,,,,,,,,,,1093.5999755859375,2.122999906539917,,52.689998626708984,91.08000183105469,,1186.0,,,,
20150102,314130,지놈앤컴퍼니,KOSDAQ,Listed,,FICS  제약,,,,,,,1.0,,1635.0,31085515.0,,,,,,,,,,,,,20150331,66.0,-81.0,-80.0,63849647810.0,91554009994.759,,,,,-183.0,-40.33,1093.5999755859375,2.122999906539917,,52.689998626708984,91.08000183105469,,1186.0,,20150331,2054.0,43.39
20150102,314140,알피바이오,KOSDAQ,Listed,,FICS  제약,,,,,,,1.0,,616.0,8666361.0,,,,,,,,,,,,,,,,,,,,,,,,,1093.5999755859375,2.122999906539917,,52.689998626708984,91.08000183105469,,1186.0,,,,
20150102,314930,바이오다인,KOSDAQ,Listed,,FICS  의료&nbsp;장비&nbsp;및&nbsp;서비스,,,,,,,1.0,,4693.0,29764103.0,,,,,,,,,,,,,20150331,9.0,-4.0,0.0,43098421144.0,43878502566.7064,,,,,0.0,-0.18,1093.5999755859375,2.122999906539917,,52.689998626708984,91.08000183105469,,1186.0,,20150331,1448.0,1.81
20150102,315640,딥노이드,KOSDAQ,Listed,,FICS  IT&nbsp;서비스,,,,,,,1.0,,824.0,22536788.0,,,,,,,,,,,,,20150331,22.0,-30.0,-31.0,11876887276.0,22449692329.0952,,,,,-124.0,-52.47,1093.5999755859375,2.122999906539917,,52.689998626708984,91.08000183105469,,1186.0,,20150331,527.0,89.02
20150102,316140,우리금융지주,KOSDAQ,Listed,,FICS  상업은행,,,,,,,1.0,,209211.0,734076320.0,,,,,,,,,,,,,20150331,79343.0,7292.0,5700.0,35415512058400.0,559529675010661.6,,,,200.0,718.0,9.32,1093.5999755859375,2.122999906539917,,52.689998626708984,91.08000183105469,,1186.0,,20150331,48245.0,1479.9
20150102,317120,라닉스,KOSDAQ,Listed,,FICS  전자&nbsp;장비&nbsp;및&nbsp;기기,,,,,,,1.0,,293.0,15260000.0,,,,,,,,,,,,,,,,,,,,,,,,,1093.5999755859375,2.122999906539917,,52.689998626708984,91.08000183105469,,1186.0,,,,
20150102,317240,TS트릴리온,KOSDAQ,Listed,,FICS  개인생활용품,,,,,,,1.0,,262.0,115808012.0,,,,,,,,,,,,,20150331,73.0,2.0,-2.0,25130338604.0,54688642870.0248,,,,,-2.0,-18.89,1093.5999755859375,2.122999906539917,,52.689998626708984,91.08000183105469,,1186.0,,20150331,217.0,117.62
20150102,317330,덕산테코피아,KOSDAQ,Listed,,FICS  반도체&nbsp;및&nbsp;관련장비,,,,,,,1.0,,4115.0,20476584.0,,,,,,,,,,,,,20150331,393.0,-43.0,-209.0,164426969520.0,649272774543.624,,,,,-667.0,-22.21,1093.5999755859375,2.122999906539917,,52.689998626708984,91.08000183105469,,1186.0,,20150331,8030.0,294.87
20150102,317400,자이에스앤디,KOSDAQ,Listed,,FICS  건설,,,,,,,1.0,,1603.0,38782520.0,,,,,,,,,,,,,20150331,4030.0,284.0,374.0,455268002280.0,804321979628.076,,,,150.0,631.0,6.46,1093.5999755859375,2.122999906539917,,52.689998626708984,91.08000183105469,,1186.0,,20150331,11739.0,76.67
20150102,317450,명인제약,KOSDAQ,Listed,,FICS  제약,,,,,,,1.0,,10599.0,14600000.0,,,,,,,,,,,,,20150331,727.0,219.0,185.0,771697600000.0,816533230560.0,,,,,1614.0,13.68,1093.5999755859375,2.122999906539917,,52.689998626708984,91.08000183105469,,1186.0,,20150331,52856.0,5.81
20150102,317530,캐리소프트,KOSDAQ,Listed,,FICS  미디어,,,,,,,1.0,,475.0,10039454.0,,,,,,,,,,,,,20150331,12.0,-10.0,-12.0,7941208114.0,17677923382.575397,,,,,-110.0,-81.99,1093.5999755859375,2.122999906539917,,52.689998626708984,91.08000183105469,,1186.0,,20150331,791.0,122.61
20150102,317690,퀀타매트릭스,KOSDAQ,Listed,,FICS  의료&nbsp;장비&nbsp;및&nbsp;서비스,,,,,,,1.0,,777.0,19577021.0,,,,,,,,,,,,,20150331,10.0,-37.0,-40.0,6969419476.0,21627502517.9232,,,,,-207.0,-331.02,1093.5999755859375,2.122999906539917,,52.689998626708984,91.08000183105469,,1186.0,,20150331,356.0,210.32
20150102,317770,엑스페릭스,KOSDAQ,Listed,,FICS  보안장비,,,,,,,1.0,,936.0,33275181.0,,,,,,,,,,,,,20150331,60.0,-8.0,2.0,85317564084.0,102193378259.8152,,,,,7.0,-21.34,1093.5999755859375,2.122999906539917,,52.689998626708984,91.08000183105469,,1186.0,,20150331,2564.0,19.78
20150102,317830,에스피시스템스,KOSDAQ,Listed,,FICS  기계,,,,,,,1.0,,1180.0,10773818.0,,,,,,,,,,,,,,,,,,,,,,,,,1093.5999755859375,2.122999906539917,,52.689998626708984,91.08000183105469,,1186.0,,,,
20150102,317850,대모,KOSDAQ,Listed,,FICS  기계,,,,,,,1.0,,642.0,8324420.0,,,,,,,,,,,,,20150331,88.0,-1.0,2.0,47998605720.0,65244504755.196,,,,40.0,27.0,4.84,1093.5999755859375,2.122999906539917,,52.689998626708984,91.08000183105469,,1186.0,,20150331,5766.0,35.93
20150102,317870,엔바이오니아,KOSDAQ,Listed,,FICS  내구소비재,,,,,,,1.0,,1146.0,8546519.0,,,,,,,,,,,,,,,,,,,,,,,,,1093.5999755859375,2.122999906539917,,52.689998626708984,91.08000183105469,,1186.0,,,,
20150102,318000,KBG,KOSDAQ,Listed,,FICS  화학,,,,,,,1.0,,395.0,8740223.0,,,,,,,,,,,,,,,,,,,,,,,,,1093.5999755859375,2.122999906539917,,52.689998626708984,91.08000183105469,,1186.0,,,,
20150102,318010,팜스빌,KOSDAQ,Listed,,FICS  제약,,,,,,,1.0,,279.0,7929338.0,,,,,,,,,,,,,,,,,,,,,,,,,1093.5999755859375,2.122999906539917,,52.689998626708984,91.08000183105469,,1186.0,,,,
20150102,318020,포인트모바일,KOSDAQ,Listed,,FICS  전자&nbsp;장비&nbsp;및&nbsp;기기,,,,,,,1.0,,520.0,12301272.0,,,,,,,,,,,,,,,,,,,,,,,,,1093.5999755859375,2.122999906539917,,52.689998626708984,91.08000183105469,,1186.0,,,,
20150102,318060,그래피,KOSDAQ,Listed,,FICS  일반&nbsp;소프트웨어,,,,,,,1.0,,2399.0,11107777.0,,,,,,,,,,,,,20150331,34.0,-37.0,-36.0,25603425985.0,43520703489.303,,,,,-355.0,-46.39,1093.5999755859375,2.122999906539917,,52.689998626708984,91.08000183105469,,1186.0,,20150331,2305.0,69.98
20150102,318160,셀바이오휴먼텍,KOSDAQ,Listed,,FICS  개인생활용품,,,,,,,1.0,,851.0,9341201.0,,,,,,,,,,,,,,,,,,,,,,,,,1093.5999755859375,2.122999906539917,,52.689998626708984,91.08000183105469,,1186.0,,,,
20150102,318410,비비씨,KOSDAQ,Listed,,FICS  가정생활용품,,,,,,,1.0,,436.0,5555243.0,,,,,,,,,,,,,20150331,106.0,7.0,15.0,79962167742.0,95474828283.948,,,,400.0,265.0,7.68,1093.5999755859375,2.122999906539917,,52.689998626708984,91.08000183105469,,1186.0,,20150331,14394.0,19.4
20150102,319400,현대무벡스,KOSDAQ,Listed,,FICS  기계,,,,,,,1.0,,11037.0,111376039.0,,,,,,,,,,,,,20150331,1338.0,96.0,50.0,161829384667.0,259525784190.4679,,,,50.0,45.0,16.24,1093.5999755859375,2.122999906539917,,52.689998626708984,91.08000183105469,,1186.0,,20150331,1453.0,60.37
20150102,319660,피에스케이,KOSDAQ,Listed,,FICS  반도체&nbsp;및&nbsp;관련장비,,,,,,,1.0,,9153.0,28966714.0,,,,,,,,,,,,,20150331,1213.0,170.0,79.0,545008723910.0,640930259318.1599,,,,400.0,594.0,15.38,1093.5999755859375,2.122999906539917,,52.689998626708984,91.08000183105469,,1186.0,,20150331,18815.0,17.6
20150102,320000,한울반도체,KOSDAQ,Listed,,FICS  전자&nbsp;장비&nbsp;및&nbsp;기기,,,,,,,1.0,,663.0,32308990.0,,,,,,,,,,,,,,,,,,,,,,,,,1093.5999755859375,2.122999906539917,,52.689998626708984,91.08000183105469,,1186.0,,,,
20150102,321260,프로이천,KOSDAQ,Listed,,FICS  디스플레이&nbsp;및&nbsp;관련부품,,,,,,,1.0,,511.0,28192084.0,,,,,,,,,,,,,20150331,60.0,-3.0,8.0,42203549748.0,46955669449.6248,,,,20.0,29.0,10.1,1093.5999755859375,2.122999906539917,,52.689998626708984,91.08000183105469,,1186.0,,20150331,1497.0,11.26
20150102,321370,센서뷰,KOSDAQ,Listed,,FICS  통신장비,,,,,,,1.0,,460.0,45143365.0,,,,,,,,,,,,,20150331,34.0,-34.0,-37.0,10608690775.0,34539775425.245,,,,,-84.0,-207.91,1093.5999755859375,2.122999906539917,,52.689998626708984,91.08000183105469,,1186.0,,20150331,235.0,225.58
20150102,321550,티움바이오,KOSDAQ,Listed,,FICS  제약,,,,,,,1.0,,1846.0,27678239.0,,,,,,,,,,,,,20150331,31.0,-45.0,-58.0,35843319505.0,103436651427.529,,,,,-183.0,-27.93,1093.5999755859375,2.122999906539917,,52.689998626708984,91.08000183105469,,1186.0,,20150331,1295.0,188.58
20150102,321820,아티스트컴퍼니,KOSDAQ,Listed,,FICS  IT&nbsp;서비스,,,,,,,1.0,,705.0,15591376.0,,,,,,,,,,,,,,,,,,,,,,,,,1093.5999755859375,2.122999906539917,,52.689998626708984,91.08000183105469,,1186.0,,,,
20150102,322000,HD현대에너지솔루션,KOSDAQ,Listed,,FICS  에너지&nbsp;시설&nbsp;및&nbsp;서비스,,,,,,,1.0,,6193.0,11200000.0,,,,,,,,,,,,,,,,,,,,,,,,,1093.5999755859375,2.122999906539917,,52.689998626708984,91.08000183105469,,1186.0,,,,
20150102,322180,LS티라유텍,KOSDAQ,Listed,,FICS  일반&nbsp;소프트웨어,,,,,,,1.0,,1454.0,20921984.0,,,,,,,,,,,,,20150331,130.0,-16.0,-49.0,41676592128.0,66290787438.7968,,,,,-177.0,-10.47,1093.5999755859375,2.122999906539917,,52.689998626708984,91.08000183105469,,1186.0,,20150331,1992.0,59.06
20150102,322310,오로스테크놀로지,KOSDAQ,Listed,,FICS  반도체&nbsp;및&nbsp;관련장비,,,,,,,1.0,,2074.0,9366542.0,,,,,,,,,,,,,,,,,,,,,,,,,1093.5999755859375,2.122999906539917,,52.689998626708984,91.08000183105469,,1186.0,,,,
20150102,322510,제이엘케이,KOSDAQ,Listed,,FICS  의료&nbsp;장비&nbsp;및&nbsp;서비스,,,,,,,1.0,,1055.0,25528892.0,,,,,,,,,,,,,,,,,,,,,,,,,1093.5999755859375,2.122999906539917,,52.689998626708984,91.08000183105469,,1186.0,,,,
20150102,322780,코퍼스코리아,KOSDAQ,Listed,,FICS  미디어,,,,,,,1.0,,568.0,41263297.0,,,,,,,,,,,,,,,,,,,,,,,,,1093.5999755859375,2.122999906539917,,52.689998626708984,91.08000183105469,,1186.0,,,,
20150102,323280,태성,KOSDAQ,Listed,,FICS  전자&nbsp;장비&nbsp;및&nbsp;기기,,,,,,,1.0,,14518.0,30500730.0,,,,,,,,,,,,,20150331,88.0,-12.0,-32.0,125083493730.0,160782322840.54202,,,,,-105.0,-2.39,1093.5999755859375,2.122999906539917,,52.689998626708984,91.08000183105469,,1186.0,,20150331,4101.0,28.54
20150102,323350,다원넥스뷰,KOSDAQ,Listed,,FICS  반도체&nbsp;및&nbsp;관련장비,,,,,,,1.0,,475.0,8010772.0,,,,,,,,,,,,,,,,,,,,,,,,,1093.5999755859375,2.122999906539917,,52.689998626708984,91.08000183105469,,1186.0,,,,
20150102,323410,카카오뱅크,KOSDAQ,Listed,,FICS  상업은행,,,,,,,1.0,,104937.0,476990437.0,,,,,,,,,,,,,20150331,7647.0,1329.0,986.0,6812377421234.0,75060818140382.58,,,,360.0,207.0,6.98,1093.5999755859375,2.122999906539917,,52.689998626708984,91.08000183105469,,1186.0,,20150331,14282.0,1001.83
20150102,323990,박셀바이오,KOSDAQ,Listed,,FICS  제약,,,,,,,1.0,,2442.0,23257345.0,,,,,,,,,,,,,20150331,17.0,-34.0,-27.0,65446168830.0,70747308505.23,,,,,-115.0,-17.6,1093.5999755859375,2.122999906539917,,52.689998626708984,91.08000183105469,,1186.0,,20150331,2814.0,8.1
20150102,326030,SK바이오팜,KOSDAQ,Listed,,FICS  제약,,,,,,,1.0,,104939.0,78313250.0,,,,,,,,,,,,,,,,,,,,,,,,,1093.5999755859375,2.122999906539917,,52.689998626708984,91.08000183105469,,1186.0,,,,
20150102,327260,RF머트리얼즈,KOSDAQ,Listed,,FICS  상업서비스,,,,,,,1.0,,1550.0,8433231.0,,,,,,,,,,,,,,,,,,,,,,,,,1093.5999755859375,2.122999906539917,,52.689998626708984,91.08000183105469,,1186.0,,,,
20150102,328130,루닛,KOSDAQ,Listed,,FICS  의료&nbsp;장비&nbsp;및&nbsp;서비스,,,,,,,1.0,,11483.0,29256746.0,,,,,,,,,,,,,20150331,196.0,-216.0,181.0,256610919166.0,606551229632.6742,,,,,621.0,-44.31,1093.5999755859375,2.122999906539917,,52.689998626708984,91.08000183105469,,1186.0,,20150331,8771.0,136.37
20150102,328380,솔트웨어,KOSDAQ,Listed,,FICS  IT&nbsp;서비스,,,,,,,1.0,,294.0,34262778.0,,,,,,,,,,,,,,,,,,,,,,,,,1093.5999755859375,2.122999906539917,,52.689998626708984,91.08000183105469,,1186.0,,,,
20150102,329180,HD현대중공업,KOSDAQ,Listed,,FICS  조선,,,,,,,1.0,,474048.0,88773116.0,,,,,,,,,,,,,20150331,45987.0,6365.0,4925.0,5784988877256.0,18606259725918.473,,,,1671.0,5444.0,21.68,1093.5999755859375,2.122999906539917,,52.689998626708984,91.08000183105469,,1186.0,,20150331,65166.0,221.63
20150102,330350,위더스제약,KOSDAQ,Listed,,FICS  제약,,,,,,,1.0,,884.0,13202139.0,,,,,,,,,,,,,,,,,,,,,,,,,1093.5999755859375,2.122999906539917,,52.689998626708984,91.08000183105469,,1186.0,,,,
20150102,330590,롯데리츠,KOSDAQ,Listed,,FICS  부동산,,,,,,,1.0,,1.0,288968884.0,,,,,,,,,,,,,,,,,,,,,,,,,1093.5999755859375,2.122999906539917,,52.689998626708984,91.08000183105469,,1186.0,,,,
20150102,330730,스톤브릿지벤처스,KOSDAQ,Listed,,FICS  창업투자&nbsp;및&nbsp;종금,,,,,,,1.0,,978.0,18150830.0,,,,,,,,,,,,,20150331,57.0,26.0,22.0,89901060990.0,97389819370.467,,,,200.0,121.0,2.56,1093.5999755859375,2.122999906539917,,52.689998626708984,91.08000183105469,,1186.0,,20150331,4953.0,8.33
20150102,330860,네패스아크,KOSDAQ,Listed,,FICS  반도체&nbsp;및&nbsp;관련장비,,,,,,,1.0,,2116.0,12184045.0,,,,,,,,,,,,,,,,,,,,,,,,,1093.5999755859375,2.122999906539917,,52.689998626708984,91.08000183105469,,1186.0,,,,
20150102,331380,포커스에이아이,KOSDAQ,Listed,,FICS  보안장비,,,,,,,1.0,,614.0,24239838.0,,,,,,,,,,,,,20150331,135.0,-13.0,-29.0,13089512520.0,45408827883.132,,,,30.0,-122.0,-64.71,1093.5999755859375,2.122999906539917,,52.689998626708984,91.08000183105469,,1186.0,,20150331,540.0,246.91
20150102,331520,밸로프,KOSDAQ,Listed,,FICS  게임&nbsp;소프트웨어,,,,,,,1.0,,295.0,50864390.0,,,,,,,,,,,,,,,,,,,,,,,,,1093.5999755859375,2.122999906539917,,52.689998626708984,91.08000183105469,,1186.0,,,,
20150102,331740,아우토크립트,KOSDAQ,Listed,,FICS  자동차부품,,,,,,,1.0,,1246.0,9633699.0,,,,,,,,,,,,,20150331,58.0,-45.0,-46.0,29315346057.0,70837602212.1348,,,,,-479.0,169.11,1093.5999755859375,2.122999906539917,,52.689998626708984,91.08000183105469,,1186.0,,20150331,3043.0,141.64
20150102,331920,셀레믹스,KOSDAQ,Listed,,FICS  바이오,,,,,,,1.0,,227.0,8164148.0,,,,,,,,,,,,,,,,,,,,,,,,,1093.5999755859375,2.122999906539917,,52.689998626708984,91.08000183105469,,1186.0,,,,
20150102,332290,누보,KOSDAQ,Listed,,FICS  화학,,,,,,,1.0,,502.0,39904404.0,,,,,,,,,,,,,20150331,251.0,17.0,12.0,35674537176.0,92586126332.8728,,,,,33.0,12.16,1093.5999755859375,2.122999906539917,,52.689998626708984,91.08000183105469,,1186.0,,20150331,894.0,159.53
20150102,332370,아이디피,KOSDAQ,Listed,,FICS  컴퓨터&nbsp;및&nbsp;주변기기,,,,,,,1.0,,679.0,13273726.0,,,,,,,,,,,,,,,,,,,,,,,,,1093.5999755859375,2.122999906539917,,52.689998626708984,91.08000183105469,,1186.0,,,,
20150102,332570,PS일렉트로닉스,KOSDAQ,Listed,,FICS  휴대폰&nbsp;및&nbsp;관련부품,,,,,,,1.0,,2228.0,43789726.0,,,,,,,,,,,,,20150331,269.0,15.0,102.0,108948838288.0,189037129313.50882,,,,,206.0,11.43,1093.5999755859375,2.122999906539917,,52.689998626708984,91.08000183105469,,1186.0,,20150331,2488.0,73.51
20150102,333050,모코엠시스,KOSDAQ,Listed,,FICS  IT&nbsp;서비스,,,,,,,1.0,,338.0,24613326.0,,,,,,,,,,,,,20150331,71.0,5.0,5.0,24268739436.0,31906111736.5092,,,,16.0,20.0,12.1,1093.5999755859375,2.122999906539917,,52.689998626708984,91.08000183105469,,1186.0,,20150331,986.0,31.47
20150102,333430,일승,KOSDAQ,Listed,,FICS  조선,,,,,,,1.0,,1917.0,30726747.0,,,,,,,,,,,,,,,,,,,,,,,,,1093.5999755859375,2.122999906539917,,52.689998626708984,91.08000183105469,,1186.0,,,,
20150102,333620,엔시스,KOSDAQ,Listed,,FICS  전자&nbsp;장비&nbsp;및&nbsp;기기,,,,,,,1.0,,688.0,10556344.0,,,,,,,,,,,,,20150331,123.0,-9.0,3.0,56022517608.0,90790092035.5248,,,,160.0,36.0,-1.05,1093.5999755859375,2.122999906539917,,52.689998626708984,91.08000183105469,,1186.0,,20150331,5307.0,62.06
20150102,334890,이지스밸류플러스리츠,KOSDAQ,Listed,,FICS  부동산,,,,,,,1.0,,2938.0,69448683.0,,,,,,,,,,,,,,,,,,,,,,,,,1093.5999755859375,2.122999906539917,,52.689998626708984,91.08000183105469,,1186.0,,,,
20150102,334970,프레스티지바이오로직스,KOSDAQ,Listed,,FICS  제약,,,,,,,1.0,,2515.0,77752637.0,,,,,,,,,,,,,,,,,,,,,,,,,1093.5999755859375,2.122999906539917,,52.689998626708984,91.08000183105469,,1186.0,,,,
20150102,335810,프리시젼바이오,KOSDAQ,Listed,,FICS  의료&nbsp;장비&nbsp;및&nbsp;서비스,,,,,,,1.0,,532.0,17957810.0,,,,,,,,,,,,,,,,,,,,,,,,,1093.5999755859375,2.122999906539917,,52.689998626708984,91.08000183105469,,1186.0,,,,
20150102,335870,윙스풋,KOSDAQ,Listed,,FICS  섬유&nbsp;및&nbsp;의복,,,,,,,1.0,,294.0,16750473.0,,,,,,,,,,,,,,,,,,,,,,,,,1093.5999755859375,2.122999906539917,,52.689998626708984,91.08000183105469,,1186.0,,,,
20150102,335890,비올,KOSDAQ,Listed,,FICS  의료&nbsp;장비&nbsp;및&nbsp;서비스,,,,,,,1.0,,7302.0,58419125.0,,,,,,,,,,,,,,,,,,,,,,,,,1093.5999755859375,2.122999906539917,,52.689998626708984,91.08000183105469,,1186.0,,,,
20150102,336060,웨이버스,KOSDAQ,Listed,,FICS  IT&nbsp;서비스,,,,,,,1.0,,522.0,48155200.0,,,,,,,,,,,,,20150331,155.0,9.0,11.0,39824350400.0,59700683684.63999,,,,,23.0,5.54,1093.5999755859375,2.122999906539917,,52.689998626708984,91.08000183105469,,1186.0,,20150331,827.0,49.91
20150102,336260,두산퓨얼셀,KOSDAQ,Listed,,FICS  전자&nbsp;장비&nbsp;및&nbsp;기기,,,,,,,1.0,,22857.0,65493726.0,,,,,,,,,,,,,20150331,2170.0,-77.0,-95.0,371152945242.0,1032176340718.0018,,,,,-101.0,-7.46,1093.5999755859375,2.122999906539917,,52.689998626708984,91.08000183105469,,1186.0,,20150331,5667.0,178.1
20150102,33626K,두산퓨얼셀1우,KOSDAQ,Listed,,기준 분기는,,,,,,,1.0,,22857.0,13364200.0,,,,,,,,,,,,,,,,,,,,,,,,,1093.5999755859375,2.122999906539917,,52.689998626708984,91.08000183105469,,1186.0,,,,
20150102,33626L,두산퓨얼셀2우B,KOSDAQ,Listed,,기준 분기는,,,,,,,1.0,,22857.0,2986300.0,,,,,,,,,,,,,,,,,,,,,,,,,1093.5999755859375,2.122999906539917,,52.689998626708984,91.08000183105469,,1186.0,,,,
20150102,336370,솔루스첨단소재,KOSDAQ,Listed,,FICS  전자&nbsp;장비&nbsp;및&nbsp;기기,,,,,,,1.0,,5666.0,70217344.0,,,,,,,,,,,,,20150331,1452.0,-199.0,-174.0,535898769408.0,1137873857084.0063,,,,10.0,-82.0,-6.02,1093.5999755859375,2.122999906539917,,52.689998626708984,91.08000183105469,,1186.0,,20150331,7632.0,112.33
20150102,33637K,솔루스첨단소재1우,KOSDAQ,Listed,,기준 분기는,,,,,,,1.0,,5666.0,16908766.0,,,,,,,,,,,,,,,,,,,,,,,,,1093.5999755859375,2.122999906539917,,52.689998626708984,91.08000183105469,,1186.0,,,,
20150102,33637L,솔루스첨단소재2우B,KOSDAQ,Listed,,기준 분기는,,,,,,,1.0,,5666.0,3778296.0,,,,,,,,,,,,,,,,,,,,,,,,,1093.5999755859375,2.122999906539917,,52.689998626708984,91.08000183105469,,1186.0,,,,
20150102,336570,원텍,KOSDAQ,Listed,,FICS  의료&nbsp;장비&nbsp;및&nbsp;서비스,,,,,,,1.0,,6702.0,89968897.0,,,,,,,,,,,,,20150331,472.0,198.0,164.0,170940904300.0,233761686630.25,,,,50.0,152.0,31.79,1093.5999755859375,2.122999906539917,,52.689998626708984,91.08000183105469,,1186.0,,20150331,1900.0,36.75
20150102,336680,탑런토탈솔루션,KOSDAQ,Listed,,FICS  자동차부품,,,,,,,1.0,,1683.0,39145558.0,,,,,,,,,,,,,20150331,1483.0,58.0,58.0,179873839010.0,484274336766.623,,,,50.0,160.0,14.54,1093.5999755859375,2.122999906539917,,52.689998626708984,91.08000183105469,,1186.0,,20150331,4595.0,169.23
20150102,337930,젝시믹스,KOSDAQ,Listed,,FICS  섬유&nbsp;및&nbsp;의복,,,,,,,1.0,,1374.0,29676475.0,,,,,,,,,,,,,,,,,,,,,,,,,1093.5999755859375,2.122999906539917,,52.689998626708984,91.08000183105469,,1186.0,,,,
20150102,338100,NH프라임리츠,KOSDAQ,Listed,,FICS  부동산,,,,,,,1.0,,840.0,18660000.0,,,,,,,,,,,,,,,,,,,,,,,,,1093.5999755859375,2.122999906539917,,52.689998626708984,91.08000183105469,,1186.0,,,,
20150102,338220,뷰노,KOSDAQ,Listed,,FICS  의료&nbsp;장비&nbsp;및&nbsp;서비스,,,,,,,1.0,,3640.0,14001823.0,,,,,,,,,,,,,20150331,105.0,-2.0,1.0,28451704336.0,44162735470.3392,,,,,86.0,-36.23,1093.5999755859375,2.122999906539917,,52.689998626708984,91.08000183105469,,1186.0,,20150331,2032.0,55.22
20150102,338840,와이바이오로직스,KOSDAQ,Listed,,FICS  바이오,,,,,,,1.0,,3909.0,14949181.0,,,,,,,,,,,,,20150331,9.0,-25.0,-27.0,13768195701.0,51532979689.2729,,,,,-180.0,-51.67,1093.5999755859375,2.122999906539917,,52.689998626708984,91.08000183105469,,1186.0,,20150331,921.0,274.29
20150102,339770,교촌에프앤비,KOSDAQ,Listed,,FICS  식료품,,,,,,,1.0,,2253.0,49965080.0,,,,,,,,,,,,,20150331,1314.0,114.0,43.0,195463392960.0,367803466532.832,,,,200.0,86.0,8.77,1093.5999755859375,2.122999906539917,,52.689998626708984,91.08000183105469,,1186.0,,20150331,3912.0,88.17
20150102,339950,아이비김영,KOSDAQ,Listed,,FICS  교육,,,,,,,1.0,,884.0,44946655.0,,,,,,,,,,,,,20150331,320.0,49.0,82.0,70386461730.0,127976664717.48601,,,,30.0,183.0,32.2,1093.5999755859375,2.122999906539917,,52.689998626708984,91.08000183105469,,1186.0,,20150331,1566.0,81.82
20150102,340360,다보링크,KOSDAQ,Listed,,FICS  통신장비,,,,,,,1.0,,616.0,43951909.0,,,,,,,,,,,,,,,,,,,,,,,,,1093.5999755859375,2.122999906539917,,52.689998626708984,91.08000183105469,,1186.0,,,,
20150102,340440,세림B&G,KOSDAQ,Listed,,FICS  용기&nbsp;및&nbsp;포장,,,,,,,1.0,,437.0,28378364.0,,,,,,,,,,,,,20150331,136.0,8.0,7.0,35075657904.0,51301657250.390396,,,,50.0,26.0,5.01,1093.5999755859375,2.122999906539917,,52.689998626708984,91.08000183105469,,1186.0,,20150331,1236.0,46.26
20150102,340450,지씨지놈,KOSDAQ,Listed,,FICS  의료&nbsp;장비&nbsp;및&nbsp;서비스,,,,,,,1.0,,1821.0,23650793.0,,,,,,,,,,,,,20150331,88.0,8.0,14.0,75185870947.0,85486335266.739,,,,,61.0,-4.32,1093.5999755859375,2.122999906539917,,52.689998626708984,91.08000183105469,,1186.0,,20150331,3179.0,13.7
20150102,340570,티앤엘,KOSDAQ,Listed,,FICS  의료&nbsp;장비&nbsp;및&nbsp;서비스,,,,,,,1.0,,3990.0,8128000.0,,,,,,,,,,,,,20150331,472.0,121.0,103.0,207475328000.0,228409588595.2,,,,750.0,1394.0,24.18,1093.5999755859375,2.122999906539917,,52.689998626708984,91.08000183105469,,1186.0,,20150331,25526.0,10.09
20150102,340810,시선AI,KOSDAQ,Listed,,FICS  일반&nbsp;소프트웨어,,,,,,,1.0,,366.0,12956082.0,,,,,,,,,,,,,,,,,,,,,,,,,1093.5999755859375,2.122999906539917,,52.689998626708984,91.08000183105469,,1186.0,,,,
20150102,340930,유일에너테크,KOSDAQ,Listed,,FICS  전자&nbsp;장비&nbsp;및&nbsp;기기,,,,,,,1.0,,740.0,34204450.0,,,,,,,,,,,,,,,,,,,,,,,,,1093.5999755859375,2.122999906539917,,52.689998626708984,91.08000183105469,,1186.0,,,,
20150102,342870,오아,KOSDAQ,Listed,,FICS  내구소비재,,,,,,,1.0,,494.0,5857619.0,,,,,,,,,,,,,20150331,273.0,19.0,-48.0,51781351960.0,102475295528.84001,,,,,-883.0,33.08,1093.5999755859375,2.122999906539917,,52.689998626708984,91.08000183105469,,1186.0,,20150331,8840.0,97.9
20150102,344820,KCC글라스,KOSDAQ,Listed,,FICS  건축자재,,,,,,,1.0,,4415.0,15970512.0,,,,,,,,,,,,,20150331,4812.0,-142.0,-156.0,1397739210240.0,2338417698731.52,,,,600.0,-977.0,-4.81,1093.5999755859375,2.122999906539917,,52.689998626708984,91.08000183105469,,1186.0,,20150331,87520.0,67.3
20150102,344860,이노진,KOSDAQ,Listed,,FICS  개인생활용품,,,,,,,1.0,,201.0,12030000.0,,,,,,,,,,,,,,,,,,,,,,,,,1093.5999755859375,2.122999906539917,,52.689998626708984,91.08000183105469,,1186.0,,,,
20150102,347000,센코,KOSDAQ,Listed,,FICS  전자&nbsp;장비&nbsp;및&nbsp;기기,,,,,,,1.0,,801.0,37810846.0,,,,,,,,,,,,,20150331,83.0,8.0,35.0,55544132774.0,71257567935.7646,,,,,98.0,13.88,1093.5999755859375,2.122999906539917,,52.689998626708984,91.08000183105469,,1186.0,,20150331,1469.0,28.29
20150102,347700,스피어,KOSDAQ,Listed,,FICS  의료&nbsp;장비&nbsp;및&nbsp;서비스,,,,,,,1.0,,2895.0,39228419.0,,,,,,,,,,,,,20150331,211.0,-10.0,-33.0,74730138195.0,133266255443.14351,,,,,-84.0,-9.61,1093.5999755859375,2.122999906539917,,52.689998626708984,91.08000183105469,,1186.0,,20150331,1905.0,78.33
20150102,347740,피엔케이피부임상연구센타,KOSDAQ,Listed,,FICS  바이오,,,,,,,1.0,,724.0,30010576.0,,,,,,,,,,,,,20150331,51.0,5.0,16.0,85200025264.0,89894546656.04639,,,,40.0,53.0,8.45,1093.5999755859375,2.122999906539917,,52.689998626708984,91.08000183105469,,1186.0,,20150331,2839.0,5.51
20150102,347770,핌스,KOSDAQ,Listed,,FICS  디스플레이&nbsp;및&nbsp;관련부품,,,,,,,1.0,,261.0,22857042.0,,,,,,,,,,,,,,,,,,,,,,,,,1093.5999755859375,2.122999906539917,,52.689998626708984,91.08000183105469,,1186.0,,,,
20150102,347850,디앤디파마텍,KOSDAQ,Listed,,FICS  바이오,,,,,,,1.0,,41644.0,43425276.0,,,,,,,,,,,,,20150331,10.0,-62.0,-58.0,75342853860.0,93764181628.76999,,,,,-130.0,-49.22,1093.5999755859375,2.122999906539917,,52.689998626708984,91.08000183105469,,1186.0,,20150331,1735.0,24.45
20150102,347860,알체라,KOSDAQ,Listed,,FICS  일반&nbsp;소프트웨어,,,,,,,1.0,,942.0,38710961.0,,,,,,,,,,,,,20150331,24.0,-22.0,42.0,21291028550.0,32935092063.995,,,,,109.0,-6.88,1093.5999755859375,2.122999906539917,,52.689998626708984,91.08000183105469,,1186.0,,20150331,550.0,54.69
20150102,347890,엠투아이,KOSDAQ,Listed,,FICS  전자&nbsp;장비&nbsp;및&nbsp;기기,,,,,,,1.0,,1107.0,16913204.0,,,,,,,,,,,,,20150331,74.0,1.0,-1.0,116734934008.0,176094647951.06802,,,,220.0,-6.0,8.63,1093.5999755859375,2.122999906539917,,52.689998626708984,91.08000183105469,,1186.0,,20150331,6902.0,50.85
20150102,348030,모비릭스,KOSDAQ,Listed,,FICS  게임&nbsp;소프트웨어,,,,,,,1.0,,329.0,9603800.0,,,,,,,,,,,,,20150331,103.0,-9.0,-4.0,53473958400.0,57869517780.48,,,,,-42.0,-20.7,1093.5999755859375,2.122999906539917,,52.689998626708984,91.08000183105469,,1186.0,,20150331,5568.0,8.22
20150102,348080,큐라티스,KOSDAQ,Listed,,FICS  바이오,,,,,,,1.0,,911.0,81786794.0,,,,,,,,,,,,,,,,,,,,,,,,,1093.5999755859375,2.122999906539917,,52.689998626708984,91.08000183105469,,1186.0,,,,
20150102,348150,고바이오랩,KOSDAQ,Listed,,FICS  바이오,,,,,,,1.0,,1073.0,19418889.0,,,,,,,,,,,,,20150331,193.0,-4.0,9.0,32371287963.0,60747958991.36579,,,,,7.0,-17.78,1093.5999755859375,2.122999906539917,,52.689998626708984,91.08000183105469,,1186.0,,20150331,1667.0,87.66
20150102,348210,넥스틴,KOSDAQ,Listed,,FICS  반도체&nbsp;및&nbsp;관련장비,,,,,,,1.0,,7679.0,10477005.0,,,,,,,,,,,,,20150331,192.0,26.0,-10.0,154127220555.0,208349176746.249,,,,500.0,492.0,8.53,1093.5999755859375,2.122999906539917,,52.689998626708984,91.08000183105469,,1186.0,,20150331,14711.0,35.18
20150102,348340,뉴로메카,KOSDAQ,Listed,,FICS  기계,,,,,,,1.0,,3547.0,11368922.0,,,,,,,,,,,,,20150331,45.0,-32.0,-43.0,14177045734.0,92519400460.084,,,,,-377.0,-155.09,1093.5999755859375,2.122999906539917,,52.689998626708984,91.08000183105469,,1186.0,,20150331,1247.0,552.6
20150102,348350,위드텍,KOSDAQ,Listed,,FICS  반도체&nbsp;및&nbsp;관련장비,,,,,,,1.0,,882.0,10183600.0,,,,,,,,,,,,,20150331,158.0,20.0,38.0,126765452800.0,150876241922.56,,,,100.0,369.0,4.88,1093.5999755859375,2.122999906539917,,52.689998626708984,91.08000183105469,,1186.0,,20150331,12448.0,19.02
20150102,348370,엔켐,KOSDAQ,Listed,,FICS  전자&nbsp;장비&nbsp;및&nbsp;기기,,,,,,,1.0,,15237.0,21767445.0,,,,,,,,,,,,,20150331,903.0,-272.0,-365.0,511883236620.0,1041784763169.0238,,,,,-1653.0,-36.77,1093.5999755859375,2.122999906539917,,52.689998626708984,91.08000183105469,,1186.0,,20150331,23516.0,103.52
20150102,348950,제이알글로벌리츠,KOSDAQ,Listed,,FICS  부동산,,,,,,,1.0,,6050.0,197376000.0,,,,,,,,,,,,,,,,,,,,,,,,,1093.5999755859375,2.122999906539917,,52.689998626708984,91.08000183105469,,1186.0,,,,
20150102,350520,이지스레지던스리츠,KOSDAQ,Listed,,FICS  부동산,,,,,,,1.0,,1482.0,36866202.0,,,,,,,,,,,,,,,,,,,,,,,,,1093.5999755859375,2.122999906539917,,52.689998626708984,91.08000183105469,,1186.0,,,,
20150102,351320,넥사다이내믹스,KOSDAQ,Listed,,FICS  디스플레이&nbsp;및&nbsp;관련부품,,,,,,,1.0,,396.0,28823752.0,,,,,,,,,,,,,,,,,,,,,,,,,1093.5999755859375,2.122999906539917,,52.689998626708984,91.08000183105469,,1186.0,,,,
20150102,351330,이삭엔지니어링,KOSDAQ,Listed,,FICS  IT&nbsp;서비스,,,,,,,1.0,,730.0,8288520.0,,,,,,,,,,,,,,,,,,,,,,,,,1093.5999755859375,2.122999906539917,,52.689998626708984,91.08000183105469,,1186.0,,,,
20150102,351870,차이커뮤니케이션,KOSDAQ,Listed,,FICS  미디어,,,,,,,1.0,,535.0,11160642.0,,,,,,,,,,,,,,,,,,,,,,,,,1093.5999755859375,2.122999906539917,,52.689998626708984,91.08000183105469,,1186.0,,,,
20150102,352090,스톰테크,KOSDAQ,Listed,,FICS  내구소비재,,,,,,,1.0,,1009.0,26872998.0,,,,,,,,,,,,,20150331,190.0,38.0,29.0,91368193200.0,131049399506.76,,,,100.0,109.0,12.21,1093.5999755859375,2.122999906539917,,52.689998626708984,91.08000183105469,,1186.0,,20150331,3400.0,43.43
20150102,352480,씨앤씨인터내셔널,KOSDAQ,Listed,,FICS  개인생활용품,,,,,,,1.0,,4300.0,13629901.0,,,,,,,,,,,,,20150331,670.0,72.0,44.0,232280772842.0,347259755398.79004,,,,1000.0,377.0,7.74,1093.5999755859375,2.122999906539917,,52.689998626708984,91.08000183105469,,1186.0,,20150331,17042.0,49.5
20150102,352700,씨앤투스,KOSDAQ,Listed,,FICS  섬유&nbsp;및&nbsp;의복,,,,,,,1.0,,647.0,26276899.0,,,,,,,,,,,,,20150331,132.0,-20.0,-8.0,168303538095.0,175389117048.7995,,,,50.0,-29.0,1.43,1093.5999755859375,2.122999906539917,,52.689998626708984,91.08000183105469,,1186.0,,20150331,6405.0,4.21
20150102,352770,셀레스트라,KOSDAQ,Listed,,FICS  바이오,,,,,,,1.0,,136.0,2592407.0,,,,,,,,,,,,,20150331,11.0,-19.0,-25.0,-8326811284.0,27147070148.0968,,,,,-960.0,-303.73,1093.5999755859375,2.122999906539917,,52.689998626708984,91.08000183105469,,1186.0,,20150331,-3212.0,-426.02
20150102,352820,하이브,KOSDAQ,Listed,,FICS  미디어,,,,,,,1.0,,123429.0,42561949.0,,,,,,,,,,,,,20150331,7052.0,369.0,-112.0,3243135389902.0,5238636595308.7,,,,200.0,95.0,-0.03,1093.5999755859375,2.122999906539917,,52.689998626708984,91.08000183105469,,1186.0,,20150331,76198.0,61.53
20150102,352910,오비고,KOSDAQ,Listed,,FICS  일반&nbsp;소프트웨어,,,,,,,1.0,,535.0,12637802.0,,,,,,,,,,,,,20150331,130.0,-6.0,-5.0,34349545836.0,49154200091.316,,,,,1.0,-3.24,1093.5999755859375,2.122999906539917,,52.689998626708984,91.08000183105469,,1186.0,,20150331,2718.0,43.1
20150102,352940,인바이오,KOSDAQ,Listed,,FICS  화학,,,,,,,1.0,,249.0,10867730.0,,,,,,,,,,,,,20150331,39.0,-13.0,-11.0,42862327120.0,66410889639.728,,,,,-102.0,-0.82,1093.5999755859375,2.122999906539917,,52.689998626708984,91.08000183105469,,1186.0,,20150331,3944.0,54.94
20150102,353190,휴럼,KOSDAQ,Listed,,FICS  식료품,,,,,,,1.0,,271.0,39378420.0,,,,,,,,,,,,,20150331,263.0,0.0,-8.0,42528693600.0,91878989653.44,,,,,-14.0,4.04,1093.5999755859375,2.122999906539917,,52.689998626708984,91.08000183105469,,1186.0,,20150331,1080.0,116.04
20150102,353200,대덕전자,KOSDAQ,Listed,,FICS  전자&nbsp;장비&nbsp;및&nbsp;기기,,,,,,,1.0,,23818.0,49416925.0,,,,,,,,,,,,,,,,,,,,,,,,,1093.5999755859375,2.122999906539917,,52.689998626708984,91.08000183105469,,1186.0,,,,
20150102,35320K,대덕전자1우,KOSDAQ,Listed,,기준 분기는,,,,,,,1.0,,23818.0,2095519.0,,,,,,,,,,,,,,,,,,,,,,,,,1093.5999755859375,2.122999906539917,,52.689998626708984,91.08000183105469,,1186.0,,,,
20150102,353590,오토앤,KOSDAQ,Listed,,FICS  자동차부품,,,,,,,1.0,,441.0,12875570.0,,,,,,,,,,,,,,,,,,,,,,,,,1093.5999755859375,2.122999906539917,,52.689998626708984,91.08000183105469,,1186.0,,,,
20150102,353810,이지바이오,KOSDAQ,Listed,,FICS  식료품,,,,,,,1.0,,2094.0,33081920.0,,,,,,,,,,,,,20150331,1243.0,135.0,111.0,95110520000.0,309223322624.0,,,,200.0,251.0,27.13,1093.5999755859375,2.122999906539917,,52.689998626708984,91.08000183105469,,1186.0,,20150331,2875.0,225.12
20150102,354200,엔젠바이오,KOSDAQ,Listed,,FICS  의료&nbsp;장비&nbsp;및&nbsp;서비스,,,,,,,1.0,,426.0,25038128.0,,,,,,,,,,,,,20150331,54.0,-16.0,-19.0,16074478176.0,44666152507.6512,,,,,-76.0,-104.59,1093.5999755859375,2.122999906539917,,52.689998626708984,91.08000183105469,,1186.0,,20150331,642.0,177.87
20150102,354320,알멕,KOSDAQ,Listed,,FICS  자동차부품,,,,,,,1.0,,1291.0,6391381.0,,,,,,,,,,,,,20150331,445.0,22.0,-2.0,157445279554.0,324478976632.8386,,,,,190.0,1.6,1093.5999755859375,2.122999906539917,,52.689998626708984,91.08000183105469,,1186.0,,20150331,24634.0,106.09
20150102,355150,코스텍시스,KOSDAQ,Listed,,FICS  반도체&nbsp;및&nbsp;관련장비,,,,,,,1.0,,982.0,7797350.0,,,,,,,,,,,,,,,,,,,,,,,,,1093.5999755859375,2.122999906539917,,52.689998626708984,91.08000183105469,,1186.0,,,,
20150102,355390,크라우드웍스,KOSDAQ,Listed,,FICS  IT&nbsp;서비스,,,,,,,1.0,,644.0,13603176.0,,,,,,,,,,,,,,,,,,,,,,,,,1093.5999755859375,2.122999906539917,,52.689998626708984,91.08000183105469,,1186.0,,,,
20150102,355690,에이텀,KOSDAQ,Listed,,FICS  전자&nbsp;장비&nbsp;및&nbsp;기기,,,,,,,1.0,,305.0,5404980.0,,,,,,,,,,,,,,,,,,,,,,,,,1093.5999755859375,2.122999906539917,,52.689998626708984,91.08000183105469,,1186.0,,,,
20150102,356680,엑스게이트,KOSDAQ,Listed,,FICS  일반&nbsp;소프트웨어,,,,,,,1.0,,2320.0,28543492.0,,,,,,,,,,,,,20150331,89.0,-19.0,-23.0,41245345940.0,58885980398.538,,,,,-79.0,4.66,1093.5999755859375,2.122999906539917,,52.689998626708984,91.08000183105469,,1186.0,,20150331,1445.0,42.77
20150102,356860,티엘비,KOSDAQ,Listed,,FICS  반도체&nbsp;및&nbsp;관련장비,,,,,,,1.0,,6528.0,9832630.0,,,,,,,,,,,,,20150331,713.0,85.0,81.0,130066029640.0,242156933983.752,,,,200.0,796.0,11.62,1093.5999755859375,2.122999906539917,,52.689998626708984,91.08000183105469,,1186.0,,20150331,13228.0,86.18
20150102,356890,싸이버원,KOSDAQ,Listed,,FICS  IT&nbsp;서비스,,,,,,,1.0,,502.0,11953825.0,,,,,,,,,,,,,20150331,88.0,2.0,4.0,41981833400.0,47040644324.700005,,,,30.0,43.0,20.84,1093.5999755859375,2.122999906539917,,52.689998626708984,91.08000183105469,,1186.0,,20150331,3512.0,12.05
20150102,357120,코람코라이프인프라리츠,KOSDAQ,Listed,,FICS  부동산,,,,,,,1.0,,4380.0,97335354.0,,,,,,,,,,,,,,,,,,,,,,,,,1093.5999755859375,2.122999906539917,,52.689998626708984,91.08000183105469,,1186.0,,,,
20150102,357230,에이치피오,KOSDAQ,Listed,,FICS  식료품,,,,,,,1.0,,993.0,41293476.0,,,,,,,,,,,,,20150331,643.0,21.0,17.0,149193328788.0,203589216464.1048,,,,35.0,37.0,4.1,1093.5999755859375,2.122999906539917,,52.689998626708984,91.08000183105469,,1186.0,,20150331,3613.0,36.46
20150102,357250,미래에셋맵스리츠,KOSDAQ,Listed,,FICS  부동산,,,,,,,1.0,,672.0,24995105.0,,,,,,,,,,,,,,,,,,,,,,,,,1093.5999755859375,2.122999906539917,,52.689998626708984,91.08000183105469,,1186.0,,,,
20150102,357430,마스턴프리미어리츠,KOSDAQ,Listed,,FICS  부동산,,,,,,,1.0,,486.0,30505307.0,,,,,,,,,,,,,,,,,,,,,,,,,1093.5999755859375,2.122999906539917,,52.689998626708984,91.08000183105469,,1186.0,,,,
20150102,357550,석경에이티,KOSDAQ,Listed,,FICS  화학,,,,,,,1.0,,3545.0,5455000.0,,,,,,,,,,,,,20150331,34.0,4.0,8.0,44376425000.0,55235336197.5,,,,,150.0,10.9,1093.5999755859375,2.122999906539917,,52.689998626708984,91.08000183105469,,1186.0,,20150331,8135.0,24.47
20150102,357580,아모센스,KOSDAQ,Listed,,FICS  휴대폰&nbsp;및&nbsp;관련부품,,,,,,,1.0,,775.0,11282282.0,,,,,,,,,,,,,,,,,,,,,,,,,1093.5999755859375,2.122999906539917,,52.689998626708984,91.08000183105469,,1186.0,,,,
20150102,357780,솔브레인,KOSDAQ,Listed,,FICS  반도체&nbsp;및&nbsp;관련장비,,,,,,,1.0,,21118.0,7778566.0,,,,,,,,,,,,,,,,,,,,,,,,,1093.5999755859375,2.122999906539917,,52.689998626708984,91.08000183105469,,1186.0,,,,
20150102,357880,SKAI,KOSDAQ,Listed,,FICS  IT&nbsp;서비스,,,,,,,1.0,,529.0,36076168.0,,,,,,,,,,,,,20150331,25.0,-27.0,-38.0,9704489192.0,32189790649.864,,,,,-109.0,-248.22,1093.5999755859375,2.122999906539917,,52.689998626708984,91.08000183105469,,1186.0,,20150331,269.0,231.7
20150102,358570,지아이이노베이션,KOSDAQ,Listed,,FICS  바이오,,,,,,,1.0,,12027.0,63673803.0,,,,,,,,,,,,,20150331,1.0,-107.0,-95.0,117096123717.0,129157024459.851,,,,,-150.0,-63.15,1093.5999755859375,2.122999906539917,,52.689998626708984,91.08000183105469,,1186.0,,20150331,1839.0,10.3
20150102,359090,씨엔알리서치,KOSDAQ,Listed,,FICS  제약,,,,,,,1.0,,572.0,57470717.0,,,,,,,,,,,,,20150331,158.0,2.0,5.0,49309875186.0,83432308814.712,,,,10.0,16.0,5.83,1093.5999755859375,2.122999906539917,,52.689998626708984,91.08000183105469,,1186.0,,20150331,858.0,69.2
20150102,360070,탑머티리얼,KOSDAQ,Listed,,FICS  전자&nbsp;장비&nbsp;및&nbsp;기기,,,,,,,1.0,,1893.0,8145043.0,,,,,,,,,,,,,,,,,,,,,,,,,1093.5999755859375,2.122999906539917,,52.689998626708984,91.08000183105469,,1186.0,,,,
20150102,360350,코셈,KOSDAQ,Listed,,FICS  전자&nbsp;장비&nbsp;및&nbsp;기기,,,,,,,1.0,,433.0,5704970.0,,,,,,,,,,,,,20150331,25.0,-7.0,-5.0,19123059440.0,24661097453.824,,,,,-80.0,0.11,1093.5999755859375,2.122999906539917,,52.689998626708984,91.08000183105469,,1186.0,,20150331,3352.0,28.96
20150102,361390,제노코,KOSDAQ,Listed,,FICS  통신장비,,,,,,,1.0,,1262.0,8800789.0,,,,,,,,,,,,,,,,,,,,,,,,,1093.5999755859375,2.122999906539917,,52.689998626708984,91.08000183105469,,1186.0,,,,
20150102,361570,알비더블유,KOSDAQ,Listed,,FICS  미디어,,,,,,,1.0,,666.0,28743291.0,,,,,,,,,,,,,,,,,,,,,,,,,1093.5999755859375,2.122999906539917,,52.689998626708984,91.08000183105469,,1186.0,,,,
20150102,361610,SK아이이테크놀로지,KOSDAQ,Listed,,FICS  전자&nbsp;장비&nbsp;및&nbsp;기기,,,,,,,1.0,,23840.0,81787100.0,,,,,,,,,,,,,20150331,770.0,-464.0,-447.0,2307868387800.0,3858294370724.0405,,,,,-637.0,-7.23,1093.5999755859375,2.122999906539917,,52.689998626708984,91.08000183105469,,1186.0,,20150331,28218.0,67.18
20150102,361670,삼영에스앤씨,KOSDAQ,Listed,,FICS  전자&nbsp;장비&nbsp;및&nbsp;기기,,,,,,,1.0,,203.0,5667658.0,,,,,,,,,,,,,,,,,,,,,,,,,1093.5999755859375,2.122999906539917,,52.689998626708984,91.08000183105469,,1186.0,,,,
20150102,362320,청담글로벌,KOSDAQ,Listed,,FICS  온라인쇼핑,,,,,,,1.0,,1370.0,21051290.0,,,,,,,,,,,,,20150331,515.0,31.0,39.0,92478316970.0,167006592616.12302,,,,,132.0,2.16,1093.5999755859375,2.122999906539917,,52.689998626708984,91.08000183105469,,1186.0,,20150331,4393.0,80.59
20150102,362990,드림인사이트,KOSDAQ,Listed,,FICS  미디어,,,,,,,1.0,,286.0,16800574.0,,,,,,,,,,,,,,,,,,,,,,,,,1093.5999755859375,2.122999906539917,,52.689998626708984,91.08000183105469,,1186.0,,,,
20150102,363250,진시스템,KOSDAQ,Listed,,FICS  의료&nbsp;장비&nbsp;및&nbsp;서비스,,,,,,,1.0,,304.0,7042798.0,,,,,,,,,,,,,20150331,1.0,-23.0,-22.0,13825012474.0,20994663943.0164,,,,,-289.0,-53.46,1093.5999755859375,2.122999906539917,,52.689998626708984,91.08000183105469,,1186.0,,20150331,1963.0,51.86
20150102,363260,모비데이즈,KOSDAQ,Listed,,FICS  미디어,,,,,,,1.0,,512.0,32163769.0,,,,,,,,,,,,,20150331,130.0,16.0,16.0,41298279396.0,116543744455.51201,,,,,46.0,7.54,1093.5999755859375,2.122999906539917,,52.689998626708984,91.08000183105469,,1186.0,,20150331,1284.0,182.2
20150102,363280,티와이홀딩스,KOSDAQ,Listed,,FICS  호텔&nbsp;및&nbsp;레저,,,,,,,1.0,,1434.0,50429268.0,,,,,,,,,,,,,,,,,,,,,,,,,1093.5999755859375,2.122999906539917,,52.689998626708984,91.08000183105469,,1186.0,,,,
20150102,36328K,티와이홀딩스우,KOSDAQ,Listed,,기준 분기는,,,,,,,1.0,,1434.0,1243014.0,,,,,,,,,,,,,,,,,,,,,,,,,1093.5999755859375,2.122999906539917,,52.689998626708984,91.08000183105469,,1186.0,,,,
20150102,364950,에이아이코리아,KOSDAQ,Listed,,FICS  전자&nbsp;장비&nbsp;및&nbsp;기기,,,,,,,1.0,,726.0,8296445.0,,,,,,,,,,,,,,,,,,,,,,,,,1093.5999755859375,2.122999906539917,,52.689998626708984,91.08000183105469,,1186.0,,,,
20150102,365270,큐라클,KOSDAQ,Listed,,FICS  제약,,,,,,,1.0,,1346.0,21009155.0,,,,,,,,,,,,,20150331,11.0,-29.0,-30.0,38929964215.0,55599774891.863,,,,,-172.0,-49.53,1093.5999755859375,2.122999906539917,,52.689998626708984,91.08000183105469,,1186.0,,20150331,1853.0,42.82
20150102,365330,에스와이스틸텍,KOSDAQ,Listed,,FICS  건축자재,,,,,,,1.0,,1643.0,50171000.0,,,,,,,,,,,,,20150331,189.0,-2.0,-6.0,97983963000.0,118638982400.4,,,,41.0,-14.0,1.39,1093.5999755859375,2.122999906539917,,52.689998626708984,91.08000183105469,,1186.0,,20150331,1953.0,21.08
20150102,365340,성일하이텍,KOSDAQ,Listed,,FICS  전자&nbsp;장비&nbsp;및&nbsp;기기,,,,,,,1.0,,5187.0,12235446.0,,,,,,,,,,,,,,,,,,,,,,,,,1093.5999755859375,2.122999906539917,,52.689998626708984,91.08000183105469,,1186.0,,,,400.0
20150102,365550,ESR켄달스퀘어리츠,KOSDAQ,Listed,,FICS  부동산,,,,,,,1.0,,1.0,246089000.0,,,,,,,,,,,,,,,,,,,,,,,,,1093.5999755859375,2.122999906539917,,52.689998626708984,91.08000183105469,,1186.0,,,,
20150102,365590,하이딥,KOSDAQ,Listed,,FICS  반도체&nbsp;및&nbsp;관련장비,,,,,,,1.0,,772.0,154783114.0,,,,,,,,,,,,,,,,,,,,,,,,,1093.5999755859375,2.122999906539917,,52.689998626708984,91.08000183105469,,1186.0,,,,
20150102,365900,브이씨,KOSDAQ,Listed,,FICS  레저용품,,,,,,,1.0,,205.0,7310300.0,,,,,,,,,,,,,,,,,,,,,,,,,1093.5999755859375,2.122999906539917,,52.689998626708984,91.08000183105469,,1186.0,,,,
20150102,366030,공구우먼,KOSDAQ,Listed,,FICS  섬유&nbsp;및&nbsp;의복,,,,,,,1.0,,1259.0,22653850.0,,,,,,,,,,,,,20150331,99.0,13.0,16.0,80353205950.0,86267201907.92,,,,90.0,70.0,8.88,1093.5999755859375,2.122999906539917,,52.689998626708984,91.08000183105469,,1186.0,,20150331,3547.0,7.36
20150102,367000,플래티어,KOSDAQ,Listed,,FICS  IT&nbsp;서비스,,,,,,,1.0,,367.0,8388207.0,,,,,,,,,,,,,,,,,,,,,,,,,1093.5999755859375,2.122999906539917,,52.689998626708984,91.08000183105469,,1186.0,,,,
20150102,368600,아이씨에이치,KOSDAQ,Listed,,FICS  전자&nbsp;장비&nbsp;및&nbsp;기기,,,,,,,1.0,,269.0,17538346.0,,,,,,,,,,,,,,,,,,,,,,,,,1093.5999755859375,2.122999906539917,,52.689998626708984,91.08000183105469,,1186.0,,,,
20150102,368770,파이버프로,KOSDAQ,Listed,,FICS  전자&nbsp;장비&nbsp;및&nbsp;기기,,,,,,,1.0,,2368.0,32854225.0,,,,,,,,,,,,,20150331,138.0,38.0,35.0,43039034750.0,58726762916.375,,,,66.0,108.0,23.04,1093.5999755859375,2.122999906539917,,52.689998626708984,91.08000183105469,,1186.0,,20150331,1310.0,36.45
20150102,368970,오에스피,KOSDAQ,Listed,,FICS  식료품,,,,,,,1.0,,192.0,9346160.0,,,,,,,,,,,,,,,,,,,,,,,,,1093.5999755859375,2.122999906539917,,52.689998626708984,91.08000183105469,,1186.0,,,,
20150102,369370,블리츠웨이엔터테인먼트,KOSDAQ,Listed,,FICS  미디어,,,,,,,1.0,,718.0,49871911.0,,,,,,,,,,,,,,,,,,,,,,,,,1093.5999755859375,2.122999906539917,,52.689998626708984,91.08000183105469,,1186.0,,,,
20150102,370090,퓨런티어,KOSDAQ,Listed,,FICS  전자&nbsp;장비&nbsp;및&nbsp;기기,,,,,,,1.0,,1099.0,8556830.0,,,,,,,,,,,,,20150331,19.0,-20.0,-13.0,42399092650.0,45718941604.495,,,,,-156.0,-10.09,1093.5999755859375,2.122999906539917,,52.689998626708984,91.08000183105469,,1186.0,,20150331,4955.0,7.83
20150102,371950,풍원정밀,KOSDAQ,Listed,,FICS  디스플레이&nbsp;및&nbsp;관련부품,,,,,,,1.0,,2472.0,22662548.0,,,,,,,,,,,,,,,,,,,,,,,,,1093.5999755859375,2.122999906539917,,52.689998626708984,91.08000183105469,,1186.0,,,,
20150102,372170,윤성에프앤씨,KOSDAQ,Listed,,FICS  전자&nbsp;장비&nbsp;및&nbsp;기기,,,,,,,1.0,,2672.0,7979048.0,,,,,,,,,,,,,,,,,,,,,,,,,1093.5999755859375,2.122999906539917,,52.689998626708984,91.08000183105469,,1186.0,,,,
20150102,372320,큐로셀,KOSDAQ,Listed,,FICS  바이오,,,,,,,1.0,,6480.0,14432614.0,,,,,,,,,,,,,,,-92.0,-102.0,19960305162.0,113502279273.1968,,,,,-712.0,-135.97,1093.5999755859375,2.122999906539917,,52.689998626708984,91.08000183105469,,1186.0,,,1383.0,468.64
20150102,372800,아이티아이즈,KOSDAQ,Listed,,FICS  IT&nbsp;서비스,,,,,,,1.0,,307.0,6046990.0,,,,,,,,,,,,,,,,,,,,,,,,,1093.5999755859375,2.122999906539917,,52.689998626708984,91.08000183105469,,1186.0,,,,
20150102,372910,한컴라이프케어,KOSDAQ,Listed,,FICS  의료&nbsp;장비&nbsp;및&nbsp;서비스,,,,,,,1.0,,860.0,27674406.0,,,,,,,,,,,,,20150331,555.0,41.0,29.0,134469938754.0,198047325796.89117,,,,,101.0,1.7,1093.5999755859375,2.122999906539917,,52.689998626708984,91.08000183105469,,1186.0,,20150331,4859.0,47.28
20150102,373110,엑셀세라퓨틱스,KOSDAQ,Listed,,FICS  바이오,,,,,,,1.0,,278.0,17294394.0,,,,,,,,,,,,,20150331,3.0,-24.0,-23.0,2127210462.0,13843885686.695997,,,,,-175.0,-154.65,1093.5999755859375,2.122999906539917,,52.689998626708984,91.08000183105469,,1186.0,,20150331,123.0,550.8
20150102,373160,데이원컴퍼니,KOSDAQ,Listed,,FICS  교육,,,,,,,1.0,,735.0,13805219.0,,,,,,,,,,,,,,,,,,,,,,,,,1093.5999755859375,2.122999906539917,,52.689998626708984,91.08000183105469,,1186.0,,,,
20150102,373170,엠아이큐브솔루션,KOSDAQ,Listed,,FICS  IT&nbsp;서비스,,,,,,,1.0,,338.0,5037930.0,,,,,,,,,,,,,20150331,61.0,2.0,4.0,21995602380.0,28820837798.514,,,,200.0,74.0,-1.76,1093.5999755859375,2.122999906539917,,52.689998626708984,91.08000183105469,,1186.0,,20150331,4366.0,31.03
20150102,373200,엑스플러스,KOSDAQ,Listed,,FICS  휴대폰&nbsp;및&nbsp;관련부품,,,,,,,1.0,,552.0,110005336.0,,,,,,,,,,,,,,,,,,,,,,,,,1093.5999755859375,2.122999906539917,,52.689998626708984,91.08000183105469,,1186.0,,,,
20150102,373220,LG에너지솔루션,KOSDAQ,Listed,,FICS  전자&nbsp;장비&nbsp;및&nbsp;기기,,,,,,,1.0,,996840.0,234000000.0,,,,,,,,,,,,,20150331,57647.0,-214.0,-1020.0,20930130000000.0,47163954942000.0,,,,,-331.0,-4.3,1093.5999755859375,2.122999906539917,,52.689998626708984,91.08000183105469,,1186.0,,20150331,89445.0,125.34
20150102,375500,DL이앤씨,KOSDAQ,Listed,,FICS  건설,,,,,,,1.0,,15999.0,38693623.0,,,,,,,,,,,,,20150331,18714.0,698.0,548.0,4701120420008.0,9326082689211.871,,,,540.0,1390.0,5.7,1093.5999755859375,2.122999906539917,,52.689998626708984,91.08000183105469,,1186.0,,20150331,121496.0,98.38
20150102,37550K,DL이앤씨우,KOSDAQ,Listed,,기준 분기는,,,,,,,1.0,,15999.0,2113885.0,,,,,,,,,,,,,,,,,,,,,,,,,1093.5999755859375,2.122999906539917,,52.689998626708984,91.08000183105469,,1186.0,,,,
20150102,37550L,DL이앤씨2우(전환),KOSDAQ,Listed,,기준 분기는,,,,,,,1.0,,15999.0,2111951.0,,,,,,,,,,,,,,,,,,,,,,,,,1093.5999755859375,2.122999906539917,,52.689998626708984,91.08000183105469,,1186.0,,,,
20150102,376180,피코그램,KOSDAQ,Listed,,FICS  내구소비재,,,,,,,1.0,,465.0,18561038.0,,,,,,,,,,,,,20150331,63.0,-4.0,2.0,39609255092.0,62119194760.7836,,,,100.0,12.0,6.09,1093.5999755859375,2.122999906539917,,52.689998626708984,91.08000183105469,,1186.0,,20150331,2134.0,56.83
20150102,376270,에이치이엠파마,KOSDAQ,Listed,,FICS  의료&nbsp;장비&nbsp;및&nbsp;서비스,,,,,,,1.0,,3686.0,7088637.0,,,,,,,,,,,,,,,,,,,,,,,,,1093.5999755859375,2.122999906539917,,52.689998626708984,91.08000183105469,,1186.0,,,,
20150102,376290,씨유테크,KOSDAQ,Listed,,FICS  휴대폰&nbsp;및&nbsp;관련부품,,,,,,,1.0,,538.0,17657500.0,,,,,,,,,,,,,20150331,484.0,21.0,29.0,111930892500.0,141212013978.0,,,,231.0,162.0,5.82,1093.5999755859375,2.122999906539917,,52.689998626708984,91.08000183105469,,1186.0,,20150331,6339.0,26.16
20150102,376300,디어유,KOSDAQ,Listed,,FICS  인터넷&nbsp;서비스,,,,,,,1.0,,7833.0,23738406.0,,,,,,,,,,,,,20150331,222.0,92.0,82.0,208708065552.0,238782897798.04318,,,,215.0,364.0,7.08,1093.5999755859375,2.122999906539917,,52.689998626708984,91.08000183105469,,1186.0,,20150331,8792.0,14.41
20150102,376900,로킷헬스케어,KOSDAQ,Listed,,FICS  의료&nbsp;장비&nbsp;및&nbsp;서비스,,,,,,,1.0,,11558.0,15661489.0,,,,,,,,,,,,,20150331,70.0,1.0,-12.0,12028023552.0,62916185595.80159,,,,,-75.0,23.24,1093.5999755859375,2.122999906539917,,52.689998626708984,91.08000183105469,,1186.0,,20150331,768.0,423.08
20150102,376930,노을,KOSDAQ,Listed,,FICS  의료&nbsp;장비&nbsp;및&nbsp;서비스,,,,,,,1.0,,842.0,36947060.0,,,,,,,,,,,,,20150331,11.0,-39.0,-40.0,6207106080.0,23496379355.232002,,,,,-100.0,-118.69,1093.5999755859375,2.122999906539917,,52.689998626708984,91.08000183105469,,1186.0,,20150331,168.0,278.54
20150102,376980,원티드랩,KOSDAQ,Listed,,FICS  IT&nbsp;서비스,,,,,,,1.0,,375.0,9766394.0,,,,,,,,,,,,,,,,,,,,,,,,,1093.5999755859375,2.122999906539917,,52.689998626708984,91.08000183105469,,1186.0,,,,
20150102,377030,비트맥스,KOSDAQ,Listed,,FICS  IT&nbsp;서비스,,,,,,,1.0,,755.0,37231222.0,,,,,,,,,,,,,,,,,,,,,,,,,1093.5999755859375,2.122999906539917,,52.689998626708984,91.08000183105469,,1186.0,,,,
20150102,377190,디앤디플랫폼리츠,KOSDAQ,Listed,,FICS  부동산,,,,,,,1.0,,3315.0,88400000.0,,,,,,,,,,,,,,,,,,,,,,,,,1093.5999755859375,2.122999906539917,,52.689998626708984,91.08000183105469,,1186.0,,,,
20150102,377220,프롬바이오,KOSDAQ,Listed,,FICS  식료품,,,,,,,1.0,,362.0,28310000.0,,,,,,,,,,,,,20150331,183.0,-44.0,-49.0,38360050000.0,79198159230.0,,,,,-167.0,-47.38,1093.5999755859375,2.122999906539917,,52.689998626708984,91.08000183105469,,1186.0,,20150331,1355.0,106.46
20150102,377300,카카오페이,KOSDAQ,Listed,,FICS  소비자&nbsp;금융,,,,,,,1.0,,65542.0,135139722.0,,,,,,,,,,,,,20150331,2524.0,83.0,142.0,1916416397682.0,5050715416090.912,,,,,91.0,2.4,1093.5999755859375,2.122999906539917,,52.689998626708984,91.08000183105469,,1186.0,,20150331,14181.0,163.55
20150102,377330,이지트로닉스,KOSDAQ,Listed,,FICS  전자&nbsp;장비&nbsp;및&nbsp;기기,,,,,,,1.0,,320.0,8139954.0,,,,,,,,,,,,,,,,,,,,,,,,,1093.5999755859375,2.122999906539917,,52.689998626708984,91.08000183105469,,1186.0,,,,
20150102,377450,리파인,KOSDAQ,Listed,,FICS  상업서비스,,,,,,,1.0,,2363.0,17330000.0,,,,,,,,,,,,,,,,,,,,,,,,,1093.5999755859375,2.122999906539917,,52.689998626708984,91.08000183105469,,1186.0,,,,
20150102,377460,위니아에이드,KOSDAQ,Listed,,FICS  상업서비스,,,,,,,1.0,,2531.0,62055687.0,,,,,,,,,,,,,20150331,260.0,-10.0,-3.0,53305835133.0,160418580249.25018,,,,,-6.0,-42.18,1093.5999755859375,2.122999906539917,,52.689998626708984,91.08000183105469,,1186.0,,20150331,859.0,200.94
20150102,377480,마음AI,KOSDAQ,Listed,,FICS  IT&nbsp;서비스,,,,,,,1.0,,1446.0,7110275.0,,,,,,,,,,,,,20150331,21.0,-16.0,-18.0,25504556425.0,55431602934.095,,,,,-244.0,-58.7,1093.5999755859375,2.122999906539917,,52.689998626708984,91.08000183105469,,1186.0,,20150331,3587.0,117.34
20150102,377740,바이오노트,KOSDAQ,Listed,,FICS  의료&nbsp;장비&nbsp;및&nbsp;서비스,,,,,,,1.0,,5755.0,102056048.0,,,,,,,,,,,,,20150331,295.0,48.0,179.0,1721685529760.0,1772991758546.8481,,,,200.0,176.0,7.15,1093.5999755859375,2.122999906539917,,52.689998626708984,91.08000183105469,,1186.0,,20150331,16870.0,2.98
20150102,378340,필에너지,KOSDAQ,Listed,,FICS  전자&nbsp;장비&nbsp;및&nbsp;기기,,,,,,,1.0,,2871.0,21462882.0,,,,,,,,,,,,,,,,,,,,,,,,,1093.5999755859375,2.122999906539917,,52.689998626708984,91.08000183105469,,1186.0,,,,
20150102,378800,샤페론,KOSDAQ,Listed,,FICS  바이오,,,,,,,1.0,,898.0,46243031.0,,,,,,,,,,,,,20150331,2.0,-44.0,-42.0,6381538278.0,10149198477.3312,,,,,-124.0,-120.12,1093.5999755859375,2.122999906539917,,52.689998626708984,91.08000183105469,,1186.0,,20150331,138.0,59.04
20150102,378850,화승알앤에이,KOSDAQ,Listed,,FICS  자동차부품,,,,,,,1.0,,641.0,18993623.0,,,,,,,,,,,,,20150331,1747.0,103.0,99.0,161103910286.0,471083944067.2926,,,,75.0,520.0,18.39,1093.5999755859375,2.122999906539917,,52.689998626708984,91.08000183105469,,1186.0,,20150331,8482.0,192.41
20150102,380540,옵티코어,KOSDAQ,Listed,,FICS  통신장비,,,,,,,1.0,,1014.0,48433341.0,,,,,,,,,,,,,20150331,31.0,-14.0,-37.0,29544338010.0,64716872410.90501,,,,,-76.0,-81.35,1093.5999755859375,2.122999906539917,,52.689998626708984,91.08000183105469,,1186.0,,20150331,610.0,119.05
20150102,380550,뉴로핏,KOSDAQ,Listed,,FICS  의료&nbsp;장비&nbsp;및&nbsp;서비스,,,,,,,1.0,,3467.0,11636603.0,,,,,,,,,,,,,20150331,8.0,-42.0,-68.0,17908732017.0,31463851280.667297,,,,,-608.0,34.38,1093.5999755859375,2.122999906539917,,52.689998626708984,91.08000183105469,,1186.0,,20150331,1539.0,75.69
20150102,381620,제닉스로보틱스,KOSDAQ,Listed,,FICS  기계,,,,,,,1.0,,2060.0,13117920.0,,,,,,,,,,,,,20150331,82.0,-38.0,-28.0,49939921440.0,59967857665.15201,,,,100.0,-211.0,0.04,1093.5999755859375,2.122999906539917,,52.689998626708984,91.08000183105469,,1186.0,,20150331,3807.0,20.08
20150102,381970,케이카,KOSDAQ,Listed,,FICS  자동차,,,,,,,1.0,,8143.0,48820848.0,,,,,,,,,,,,,,,,,,,,,,,,,1093.5999755859375,2.122999906539917,,52.689998626708984,91.08000183105469,,1186.0,,,,
20150102,382150,온코크로스,KOSDAQ,Listed,,FICS  의료&nbsp;장비&nbsp;및&nbsp;서비스,,,,,,,1.0,,1537.0,12017937.0,,,,,,,,,,,,,20150331,1.0,-24.0,-20.0,15935784462.0,31584724803.684,,,,,-170.0,-58.44,1093.5999755859375,2.122999906539917,,52.689998626708984,91.08000183105469,,1186.0,,20150331,1326.0,98.2
20150102,382480,지아이텍,KOSDAQ,Listed,,FICS  전자&nbsp;장비&nbsp;및&nbsp;기기,,,,,,,1.0,,820.0,39357140.0,,,,,,,,,,,,,20150331,64.0,-14.0,1.0,82768065420.0,112001746126.344,,,,11.0,2.0,3.19,1093.5999755859375,2.122999906539917,,52.689998626708984,91.08000183105469,,1186.0,,20150331,2103.0,35.32
20150102,382800,지앤비에스 에코,KOSDAQ,Listed,,FICS  반도체&nbsp;및&nbsp;관련장비,,,,,,,1.0,,916.0,31831041.0,,,,,,,,,,,,,20150331,181.0,6.0,22.0,113573154288.0,141001071048.552,,,,,68.0,4.86,1093.5999755859375,2.122999906539917,,52.689998626708984,91.08000183105469,,1186.0,,20150331,3568.0,24.15
20150102,382840,원준,KOSDAQ,Listed,,FICS  전자&nbsp;장비&nbsp;및&nbsp;기기,,,,,,,1.0,,1246.0,15271581.0,,,,,,,,,,,,,20150331,130.0,-12.0,-12.0,118446382236.0,187808583673.40158,,,,200.0,-80.0,-8.24,1093.5999755859375,2.122999906539917,,52.689998626708984,91.08000183105469,,1186.0,,20150331,7756.0,58.56
20150102,382900,범한퓨얼셀,KOSDAQ,Listed,,FICS  전자&nbsp;장비&nbsp;및&nbsp;기기,,,,,,,1.0,,2768.0,8761000.0,,,,,,,,,,,,,,,,,,,,,,,,,1093.5999755859375,2.122999906539917,,52.689998626708984,91.08000183105469,,1186.0,,,,
20150102,383220,F&F,KOSDAQ,Listed,,FICS  섬유&nbsp;및&nbsp;의복,,,,,,,1.0,,27810.0,38307075.0,,,,,,,,,,,,,20150331,5707.0,1367.0,1111.0,1888960175325.0,2698379610451.7627,,,,1700.0,3110.0,21.99,1093.5999755859375,2.122999906539917,,52.689998626708984,91.08000183105469,,1186.0,,20150331,49311.0,42.85
20150102,383310,에코프로에이치엔,KOSDAQ,Listed,,FICS  상업서비스,,,,,,,1.0,,5694.0,20974932.0,,,,,,,,,,,,,20150331,284.0,23.0,25.0,300675650220.0,432912801186.756,,,,300.0,119.0,7.93,1093.5999755859375,2.122999906539917,,52.689998626708984,91.08000183105469,,1186.0,,20150331,14335.0,43.98
20150102,383800,LX홀딩스,KOSDAQ,Listed,,FICS  복합&nbsp;산업,,,,,,,1.0,,6270.0,76280690.0,,,,,,,,,,,,,20150331,520.0,430.0,376.0,1959803487480.0,2002135242809.568,,,,290.0,527.0,7.78,1093.5999755859375,2.122999906539917,,52.689998626708984,91.08000183105469,,1186.0,,20150331,25692.0,2.16
20150102,38380K,LX홀딩스1우,KOSDAQ,Listed,,기준 분기는,,,,,,,1.0,,6270.0,1465285.0,,,,,,,,,,,,,,,,,,,,,,,,,1093.5999755859375,2.122999906539917,,52.689998626708984,91.08000183105469,,1186.0,,,,
20150102,383930,디티앤씨알오,KOSDAQ,Listed,,FICS  제약,,,,,,,1.0,,473.0,12784128.0,,,,,,,,,,,,,20150331,126.0,-9.0,-20.0,23369385984.0,87298678281.8304,,,,,-153.0,19.23,1093.5999755859375,2.122999906539917,,52.689998626708984,91.08000183105469,,1186.0,,20150331,1828.0,273.56
20150102,384470,코어라인소프트,KOSDAQ,Listed,,FICS  의료&nbsp;장비&nbsp;및&nbsp;서비스,,,,,,,1.0,,677.0,17946692.0,,,,,,,,,,,,,,,,,,,,,,,,,1093.5999755859375,2.122999906539917,,52.689998626708984,91.08000183105469,,1186.0,,,,
20150102,387570,파인메딕스,KOSDAQ,Listed,,FICS  의료&nbsp;장비&nbsp;및&nbsp;서비스,,,,,,,1.0,,473.0,5625900.0,,,,,,,,,,,,,20150331,22.0,-11.0,-10.0,19015542000.0,24512935192.199997,,,,,-177.0,-9.54,1093.5999755859375,2.122999906539917,,52.689998626708984,91.08000183105469,,1186.0,,20150331,3380.0,28.91
20150102,388050,지투파워,KOSDAQ,Listed,,FICS  전기장비,,,,,,,1.0,,1560.0,18709437.0,,,,,,,,,,,,,,,,,,,,,,,,,1093.5999755859375,2.122999906539917,,52.689998626708984,91.08000183105469,,1186.0,,,,
20150102,388210,씨엠티엑스,KOSDAQ,Listed,,FICS  반도체&nbsp;및&nbsp;관련장비,,,,,,,1.0,,7742.0,9272688.0,,,,,,,,,,,,,20150331,773.0,263.0,-458.0,109556808720.0,220231096888.94403,,,,,-7867.0,78.33,1093.5999755859375,2.122999906539917,,52.689998626708984,91.08000183105469,,1186.0,,20150331,11815.0,101.02
20150102,388610,지에프씨생명과학,KOSDAQ,Listed,,FICS  바이오,,,,,,,1.0,,745.0,5253309.0,,,,,,,,,,,,,,,,,,,,,,,,,1093.5999755859375,2.122999906539917,,52.689998626708984,91.08000183105469,,1186.0,,,,
20150102,388720,유일로보틱스,KOSDAQ,Listed,,FICS  기계,,,,,,,1.0,,9778.0,11696795.0,,,,,,,,,,,,,20150331,93.0,-40.0,-9.0,94919491425.0,114510874455.12,,,,,-81.0,-19.59,1093.5999755859375,2.122999906539917,,52.689998626708984,91.08000183105469,,1186.0,,20150331,8115.0,20.64
20150102,388790,라이콤,KOSDAQ,Listed,,FICS  통신장비,,,,,,,1.0,,765.0,30609397.0,,,,,,,,,,,,,,,,,,,,,,,,,1093.5999755859375,2.122999906539917,,52.689998626708984,91.08000183105469,,1186.0,,,,
20150102,388870,파로스아이바이오,KOSDAQ,Listed,,FICS  바이오,,,,,,,1.0,,1242.0,12945932.0,,,,,,,,,,,,,20150331,3.0,-30.0,-18.0,11392420160.0,12377864503.84,,,,,-142.0,-61.86,1093.5999755859375,2.122999906539917,,52.689998626708984,91.08000183105469,,1186.0,,20150331,880.0,8.65
20150102,389020,자람테크놀로지,KOSDAQ,Listed,,FICS  반도체&nbsp;및&nbsp;관련장비,,,,,,,1.0,,2398.0,6197730.0,,,,,,,,,,,,,,,,,,,,,,,,,1093.5999755859375,2.122999906539917,,52.689998626708984,91.08000183105469,,1186.0,,,,
20150102,389030,지니너스,KOSDAQ,Listed,,FICS  바이오,,,,,,,1.0,,775.0,33351845.0,,,,,,,,,,,,,20150331,32.0,-16.0,-15.0,11506386525.0,32981906335.259995,,,,,-45.0,-65.62,1093.5999755859375,2.122999906539917,,52.689998626708984,91.08000183105469,,1186.0,,20150331,345.0,186.64
20150102,389140,포바이포,KOSDAQ,Listed,,FICS  미디어,,,,,,,1.0,,906.0,11169735.0,,,,,,,,,,,,,20150331,85.0,-21.0,-25.0,24316513095.0,58398537848.952,,,,,-191.0,-25.8,1093.5999755859375,2.122999906539917,,52.689998626708984,91.08000183105469,,1186.0,,20150331,2177.0,140.16
20150102,389260,대명에너지,KOSDAQ,Listed,,FICS  에너지&nbsp;시설&nbsp;및&nbsp;서비스,,,,,,,1.0,,3430.0,17916325.0,,,,,,,,,,,,,20150331,370.0,2.0,-19.0,153990813375.0,389981734872.18744,,,,,-107.0,2.82,1093.5999755859375,2.122999906539917,,52.689998626708984,91.08000183105469,,1186.0,,20150331,8595.0,153.25
20150102,389470,인벤티지랩,KOSDAQ,Listed,,FICS  제약,,,,,,,1.0,,10748.0,12369069.0,,,,,,,,,,,,,20150331,8.0,-74.0,-65.0,59742603270.0,91860226787.952,,,,,-440.0,-91.93,1093.5999755859375,2.122999906539917,,52.689998626708984,91.08000183105469,,1186.0,,20150331,4830.0,53.76
20150102,389500,에스비비테크,KOSDAQ,Listed,,FICS  기계,,,,,,,1.0,,2147.0,6333904.0,,,,,,,,,,,,,20150331,20.0,-21.0,-22.0,7752698496.0,26464611585.945602,,,,,-341.0,-77.26,1093.5999755859375,2.122999906539917,,52.689998626708984,91.08000183105469,,1186.0,,20150331,1224.0,241.36
20150102,389650,넥스트바이오메디컬,KOSDAQ,Listed,,FICS  의료&nbsp;장비&nbsp;및&nbsp;서비스,,,,,,,1.0,,7260.0,8203886.0,,,,,,,,,,,,,20150331,51.0,-2.0,6.0,45736664450.0,57449824215.645,,,,,73.0,-0.26,1093.5999755859375,2.122999906539917,,52.689998626708984,91.08000183105469,,1186.0,,20150331,5575.0,25.61
20150102,389680,유디엠텍,KOSDAQ,Listed,,FICS  IT&nbsp;서비스,,,,,,,1.0,,194.0,41592465.0,,,,,,,,,,,,,20150331,5.0,-10.0,-10.0,10730855970.0,14588598691.215002,,,,,-25.0,-60.86,1093.5999755859375,2.122999906539917,,52.689998626708984,91.08000183105469,,1186.0,,20150331,258.0,35.95
20150102,391710,코닉오토메이션,KOSDAQ,Listed,,FICS  IT&nbsp;서비스,,,,,,,1.0,,1048.0,42620470.0,,,,,,,,,,,,,20150331,74.0,-3.0,-3.0,25700143410.0,47360224275.948,,,,,-7.0,-3.72,1093.5999755859375,2.122999906539917,,52.689998626708984,91.08000183105469,,1186.0,,20150331,603.0,84.28
20150102,393210,토마토시스템,KOSDAQ,Listed,,FICS  IT&nbsp;서비스,,,,,,,1.0,,852.0,15614544.0,,,,,,,,,,,,,20150331,70.0,-8.0,-8.0,26513495712.0,59252360217.1776,,,,90.0,-45.0,-9.63,1093.5999755859375,2.122999906539917,,52.689998626708984,91.08000183105469,,1186.0,,20150331,1698.0,123.48
20150102,393890,더블유씨피,KOSDAQ,Listed,,FICS  전자&nbsp;장비&nbsp;및&nbsp;기기,,,,,,,1.0,,2470.0,33843144.0,,,,,,,,,,,,,,,,,,,,,,,,,1093.5999755859375,2.122999906539917,,52.689998626708984,91.08000183105469,,1186.0,,,,
20150102,393970,대진첨단소재,KOSDAQ,Listed,,FICS  전자&nbsp;장비&nbsp;및&nbsp;기기,,,,,,,1.0,,636.0,14834820.0,,,,,,,,,,,,,20150331,325.0,13.0,1.0,81457996620.0,191711395045.16998,,,,,9.0,-15.79,1093.5999755859375,2.122999906539917,,52.689998626708984,91.08000183105469,,1186.0,,20150331,5491.0,135.35
20150102,394280,오픈엣지테크놀로지,KOSDAQ,Listed,,FICS  반도체&nbsp;및&nbsp;관련장비,,,,,,,1.0,,2683.0,22052079.0,,,,,,,,,,,,,,,,,,,,,,,,,1093.5999755859375,2.122999906539917,,52.689998626708984,91.08000183105469,,1186.0,,,,
20150102,394800,쓰리빌리언,KOSDAQ,Listed,,FICS  의료&nbsp;장비&nbsp;및&nbsp;서비스,,,,,,,1.0,,4828.0,31721539.0,,,,,,,,,,,,,20150331,32.0,-13.0,-11.0,22236798839.0,29045706643.5018,,,,,-34.0,-23.36,1093.5999755859375,2.122999906539917,,52.689998626708984,91.08000183105469,,1186.0,,20150331,701.0,30.62
20150102,395400,SK리츠,KOSDAQ,Listed,,FICS  부동산,,,,,,,1.0,,1.0,296818619.0,,,,,,,,,,,,,,,,,,,,,,,,,1093.5999755859375,2.122999906539917,,52.689998626708984,91.08000183105469,,1186.0,,,,
20150102,396270,넥스트칩,KOSDAQ,Listed,,FICS  반도체&nbsp;및&nbsp;관련장비,,,,,,,1.0,,550.0,20168531.0,,,,,,,,,,,,,20150331,100.0,-54.0,-67.0,-867246833.0,38485552533.9911,,,,,-277.0,-334.66,1093.5999755859375,2.122999906539917,,52.689998626708984,91.08000183105469,,1186.0,,20150331,-43.0,-4537.67
20150102,396300,세아메카닉스,KOSDAQ,Listed,,FICS  전자&nbsp;장비&nbsp;및&nbsp;기기,,,,,,,1.0,,695.0,26489500.0,,,,,,,,,,,,,,,,,,,,,,,,,1093.5999755859375,2.122999906539917,,52.689998626708984,91.08000183105469,,1186.0,,,,
20150102,396470,워트,KOSDAQ,Listed,,FICS  반도체&nbsp;및&nbsp;관련장비,,,,,,,1.0,,1130.0,16120000.0,,,,,,,,,,,,,20150331,24.0,2.0,5.0,64447760000.0,67412356960.0,,,,50.0,32.0,4.64,1093.5999755859375,2.122999906539917,,52.689998626708984,91.08000183105469,,1186.0,,20150331,3998.0,4.6
20150102,396690,미래에셋글로벌리츠,KOSDAQ,Listed,,FICS  부동산,,,,,,,1.0,,1067.0,39605940.0,,,,,,,,,,,,,,,,,,,,,,,,,1093.5999755859375,2.122999906539917,,52.689998626708984,91.08000183105469,,1186.0,,,,
20150102,397030,에이프릴바이오,KOSDAQ,Listed,,FICS  제약,,,,,,,1.0,,10060.0,23208326.0,,,,,,,,,,,,,20150331,22.0,-25.0,-50.0,102998550788.0,110538044705.6816,,,,,-219.0,-1.07,1093.5999755859375,2.122999906539917,,52.689998626708984,91.08000183105469,,1186.0,,20150331,4438.0,7.32
20150102,397810,애드포러스,KOSDAQ,Listed,,FICS  미디어,,,,,,,1.0,,410.0,5160770.0,,,,,,,,,,,,,,,,,,,,,,,,,1093.5999755859375,2.122999906539917,,52.689998626708984,91.08000183105469,,1186.0,,,,
20150102,398120,에스지헬스케어,KOSDAQ,Listed,,FICS  의료&nbsp;장비&nbsp;및&nbsp;서비스,,,,,,,1.0,,357.0,11309700.0,,,,,,,,,,,,,,,,,,,,,,,,,1093.5999755859375,2.122999906539917,,52.689998626708984,91.08000183105469,,1186.0,,,,
20150102,399720,가온칩스,KOSDAQ,Listed,,FICS  반도체&nbsp;및&nbsp;관련장비,,,,,,,1.0,,5974.0,11600420.0,,,,,,,,,,,,,20150331,252.0,23.0,23.0,54023155940.0,141643312559.086,,,,,216.0,-18.32,1093.5999755859375,2.122999906539917,,52.689998626708984,91.08000183105469,,1186.0,,20150331,4657.0,162.19
20150102,400760,NH올원리츠,KOSDAQ,Listed,,FICS  부동산,,,,,,,1.0,,1983.0,54929275.0,,,,,,,,,,,,,,,,,,,,,,,,,1093.5999755859375,2.122999906539917,,52.689998626708984,91.08000183105469,,1186.0,,,,
20150102,402030,코난테크놀로지,KOSDAQ,Listed,,FICS  일반&nbsp;소프트웨어,,,,,,,1.0,,2766.0,12517488.0,,,,,,,,,,,,,20150331,34.0,-45.0,-44.0,12805390224.0,35397940196.2032,,,,,-377.0,-68.83,1093.5999755859375,2.122999906539917,,52.689998626708984,91.08000183105469,,1186.0,,20150331,1023.0,176.43
20150102,402340,SK스퀘어,KOSDAQ,Listed,,FICS  복합&nbsp;산업,,,,,,,1.0,,400273.0,132540858.0,,,,,,,,,,,,,20150331,16085.0,22343.0,21270.0,25129746676800.0,27542202357772.8,,,,,16592.0,33.67,1093.5999755859375,2.122999906539917,,52.689998626708984,91.08000183105469,,1186.0,,20150331,189600.0,9.6
20150102,402490,그린리소스,KOSDAQ,Listed,,FICS  반도체&nbsp;및&nbsp;관련장비,,,,,,,1.0,,1311.0,16558888.0,,,,,,,,,,,,,20150331,281.0,19.0,77.0,71352248392.0,136996316912.64,,,,,462.0,18.98,1093.5999755859375,2.122999906539917,,52.689998626708984,91.08000183105469,,1186.0,,20150331,4309.0,92.0
20150102,403490,우듬지팜,KOSDAQ,Listed,,FICS  식료품,,,,,,,1.0,,710.0,45551464.0,,,,,,,,,,,,,20150331,135.0,-11.0,-13.0,40495251496.0,82484777772.20241,,,,,-27.0,2.49,1093.5999755859375,2.122999906539917,,52.689998626708984,91.08000183105469,,1186.0,,20150331,889.0,103.69
20150102,403550,쏘카,KOSDAQ,Listed,,FICS  호텔&nbsp;및&nbsp;레저,,,,,,,1.0,,3875.0,32841902.0,,,,,,,,,,,,,,,,,,,,,,,,,1093.5999755859375,2.122999906539917,,52.689998626708984,91.08000183105469,,1186.0,,,,
20150102,403850,더핑크퐁컴퍼니,KOSDAQ,Listed,,FICS  미디어,,,,,,,1.0,,4671.0,14351010.0,,,,,,,,,,,,,20150331,230.0,37.0,68.0,120634590060.0,142771037336.01,,,,,551.0,6.04,1093.5999755859375,2.122999906539917,,52.689998626708984,91.08000183105469,,1186.0,,20150331,8406.0,18.35
20150102,403870,HPSP,KOSDAQ,Listed,,FICS  반도체&nbsp;및&nbsp;관련장비,,,,,,,1.0,,25300.0,83498568.0,,,,,,,,,,,,,20150331,540.0,271.0,230.0,320884996824.0,384003075699.2808,,,,600.0,275.0,31.53,1093.5999755859375,2.122999906539917,,52.689998626708984,91.08000183105469,,1186.0,,20150331,3843.0,19.67
20150102,404990,신한서부티엔디리츠,KOSDAQ,Listed,,FICS  부동산,,,,,,,1.0,,2131.0,57605058.0,,,,,,,,,,,,,,,,,,,,,,,,,1093.5999755859375,2.122999906539917,,52.689998626708984,91.08000183105469,,1186.0,,,,
20150102,405000,플라즈맵,KOSDAQ,Listed,,FICS  의료&nbsp;장비&nbsp;및&nbsp;서비스,,,,,,,1.0,,260.0,3838444.0,,,,,,,,,,,,,,,,,,,,,,,,,1093.5999755859375,2.122999906539917,,52.689998626708984,91.08000183105469,,1186.0,,,,
20150102,405100,큐알티,KOSDAQ,Listed,,FICS  반도체&nbsp;및&nbsp;관련장비,,,,,,,1.0,,1824.0,12289301.0,,,,,,,,,,,,,,,,,,,,,,,,,1093.5999755859375,2.122999906539917,,52.689998626708984,91.08000183105469,,1186.0,,,,
20150102,405920,나라셀라,KOSDAQ,Listed,,FICS  음료,,,,,,,1.0,,300.0,12878076.0,,,,,,,,,,,,,,,,,,,,,,,,,1093.5999755859375,2.122999906539917,,52.689998626708984,91.08000183105469,,1186.0,,,,
20150102,406820,뷰티스킨,KOSDAQ,Listed,,FICS  개인생활용품,,,,,,,1.0,,412.0,3534040.0,,,,,,,,,,,,,,,,,,,,,,,,,1093.5999755859375,2.122999906539917,,52.689998626708984,91.08000183105469,,1186.0,,,,
20150102,407400,꿈비,KOSDAQ,Listed,,FICS  내구소비재,,,,,,,1.0,,663.0,14634534.0,,,,,,,,,,,,,20150331,265.0,-30.0,-47.0,52333093584.0,96826689749.1168,,,,,-264.0,-11.27,1093.5999755859375,2.122999906539917,,52.689998626708984,91.08000183105469,,1186.0,,20150331,3576.0,85.02
20150102,408900,스튜디오미르,KOSDAQ,Listed,,FICS  미디어,,,,,,,1.0,,1024.0,32729532.0,,,,,,,,,,,,,20150331,39.0,-7.0,-2.0,37508043672.0,41656433302.1232,,,,,-7.0,-3.74,1093.5999755859375,2.122999906539917,,52.689998626708984,91.08000183105469,,1186.0,,20150331,1146.0,11.06
20150102,408920,메쎄이상,KOSDAQ,Listed,,FICS  미디어,,,,,,,1.0,,1338.0,43232455.0,,,,,,,,,,,,,20150331,219.0,63.0,49.0,79547717200.0,99617606249.56,,,,100.0,113.0,27.77,1093.5999755859375,2.122999906539917,,52.689998626708984,91.08000183105469,,1186.0,,20150331,1840.0,25.23
20150102,411080,샌즈랩,KOSDAQ,Listed,,FICS  일반&nbsp;소프트웨어,,,,,,,1.0,,1175.0,15267638.0,,,,,,,,,,,,,20150331,8.0,-15.0,-9.0,52520674720.0,55771704485.16801,,,,,-60.0,-5.21,1093.5999755859375,2.122999906539917,,52.689998626708984,91.08000183105469,,1186.0,,20150331,3440.0,6.19
20150102,412350,레이저쎌,KOSDAQ,Listed,,FICS  반도체&nbsp;및&nbsp;관련장비,,,,,,,1.0,,192.0,8726972.0,,,,,,,,,,,,,,,,,,,,,,,,,1093.5999755859375,2.122999906539917,,52.689998626708984,91.08000183105469,,1186.0,,,,
20150102,412540,제일엠앤에스,KOSDAQ,Listed,,FICS  전자&nbsp;장비&nbsp;및&nbsp;기기,,,,,,,1.0,,810.0,20600665.0,,,,,,,,,,,,,20150331,1188.0,-199.0,-213.0,-41015924015.0,466035233435.63446,,,,,-1034.0,-292.38,1093.5999755859375,2.122999906539917,,52.689998626708984,91.08000183105469,,1186.0,,20150331,-1991.0,-1236.23
20150102,413390,엠오티,KOSDAQ,Listed,,FICS  전자&nbsp;장비&nbsp;및&nbsp;기기,,,,,,,1.0,,817.0,11580180.0,,,,,,,,,,,,,20150331,229.0,39.0,30.0,58919955840.0,119701782284.544,,,,100.0,261.0,13.4,1093.5999755859375,2.122999906539917,,52.689998626708984,91.08000183105469,,1186.0,,20150331,5088.0,103.16
20150102,413630,씨피시스템,KOSDAQ,Listed,,FICS  기계,,,,,,,1.0,,1636.0,36436626.0,,,,,,,,,,,,,20150331,46.0,6.0,7.0,43177401810.0,46014157108.91701,,,,60.0,19.0,5.78,1093.5999755859375,2.122999906539917,,52.689998626708984,91.08000183105469,,1186.0,,20150331,1185.0,6.57
20150102,413640,비아이매트릭스,KOSDAQ,Listed,,FICS  IT&nbsp;서비스,,,,,,,1.0,,742.0,7206940.0,,,,,,,,,,,,,,,,,,,,,,,,,1093.5999755859375,2.122999906539917,,52.689998626708984,91.08000183105469,,1186.0,,,,
20150102,415380,스튜디오삼익,KOSDAQ,Listed,,FICS  내구소비재,,,,,,,1.0,,272.0,11442975.0,,,,,,,,,,,,,20150331,219.0,6.0,6.0,35621981175.0,44548849657.454994,,,,83.0,53.0,8.8,1093.5999755859375,2.122999906539917,,52.689998626708984,91.08000183105469,,1186.0,,20150331,3113.0,25.06
20150102,415640,KB발해인프라,KOSDAQ,Listed,,FICS  운송인프라,,,,,,,1.0,,1.0,122545548.0,,,,,,,,,,,,,,,,,,,,,,,,,1093.5999755859375,2.122999906539917,,52.689998626708984,91.08000183105469,,1186.0,,,,
20150102,416180,신성에스티,KOSDAQ,Listed,,FICS  전자&nbsp;장비&nbsp;및&nbsp;기기,,,,,,,1.0,,3412.0,9039778.0,,,,,,,,,,,,,20150331,296.0,14.0,1.0,113557691236.0,254880237979.202,,,,200.0,11.0,2.45,1093.5999755859375,2.122999906539917,,52.689998626708984,91.08000183105469,,1186.0,,20150331,12562.0,124.45
20150102,417010,나노팀,KOSDAQ,Listed,,FICS  전자&nbsp;장비&nbsp;및&nbsp;기기,,,,,,,1.0,,953.0,20172728.0,,,,,,,,,,,,,20150331,103.0,-5.0,-4.0,45792092560.0,108682952481.904,,,,,-20.0,-5.6,1093.5999755859375,2.122999906539917,,52.689998626708984,91.08000183105469,,1186.0,,20150331,2270.0,137.34
20150102,417180,핑거스토리,KOSDAQ,Listed,,FICS  미디어,,,,,,,1.0,,320.0,17548623.0,,,,,,,,,,,,,20150331,44.0,2.0,1.0,32184174582.0,42695526000.4812,,,,,7.0,17.94,1093.5999755859375,2.122999906539917,,52.689998626708984,91.08000183105469,,1186.0,,20150331,1834.0,32.66
20150102,417200,LS머트리얼즈,KOSDAQ,Listed,,FICS  전자&nbsp;장비&nbsp;및&nbsp;기기,,,,,,,1.0,,8314.0,67652659.0,,,,,,,,,,,,,20150331,385.0,-2.0,-6.0,183879927162.0,249212465282.6586,,,,22.0,0.0,0.34,1093.5999755859375,2.122999906539917,,52.689998626708984,91.08000183105469,,1186.0,,20150331,2718.0,35.53
20150102,417310,코람코더원리츠,KOSDAQ,Listed,,FICS  부동산,,,,,,,1.0,,3236.0,40400000.0,,,,,,,,,,,,,,,,,,,,,,,,,1093.5999755859375,2.122999906539917,,52.689998626708984,91.08000183105469,,1186.0,,,,
20150102,417500,제이아이테크,KOSDAQ,Listed,,FICS  반도체&nbsp;및&nbsp;관련장비,,,,,,,1.0,,1072.0,32784744.0,,,,,,,,,,,,,,,,,,,,,,,,,1093.5999755859375,2.122999906539917,,52.689998626708984,91.08000183105469,,1186.0,,,,
20150102,417790,트루엔,KOSDAQ,Listed,,FICS  보안장비,,,,,,,1.0,,888.0,10999650.0,,,,,,,,,,,,,20150331,113.0,36.0,28.0,111096465000.0,117162331989.0,,,,230.0,259.0,12.68,1093.5999755859375,2.122999906539917,,52.689998626708984,91.08000183105469,,1186.0,,20150331,10100.0,5.46
20150102,417840,저스템,KOSDAQ,Listed,,FICS  반도체&nbsp;및&nbsp;관련장비,,,,,,,1.0,,726.0,7262750.0,,,,,,,,,,,,,,,,,,,,,,,,,1093.5999755859375,2.122999906539917,,52.689998626708984,91.08000183105469,,1186.0,,,,
20150102,417860,오브젠,KOSDAQ,Listed,,FICS  일반&nbsp;소프트웨어,,,,,,,1.0,,554.0,4516140.0,,,,,,,,,,,,,,,,,,,,,,,,,1093.5999755859375,2.122999906539917,,52.689998626708984,91.08000183105469,,1186.0,,,,
20150102,417970,모델솔루션,KOSDAQ,Listed,,FICS  기계,,,,,,,1.0,,1624.0,6396700.0,,,,,,,,,,,,,20150331,205.0,33.0,31.0,70216575900.0,96316077162.03001,,,,210.0,480.0,9.85,1093.5999755859375,2.122999906539917,,52.689998626708984,91.08000183105469,,1186.0,,20150331,10977.0,37.17
20150102,418250,시큐레터,KOSDAQ,Listed,,FICS  일반&nbsp;소프트웨어,,,,,,,1.0,,454.0,6937257.0,,,,,,,,,,,,,20150331,2.0,-7.0,-7.0,3427004958.0,4542495071.8289995,,,,,-100.0,-107.65,1093.5999755859375,2.122999906539917,,52.689998626708984,91.08000183105469,,1186.0,,20150331,494.0,32.55
20150102,418420,라온텍,KOSDAQ,Listed,,FICS  반도체&nbsp;및&nbsp;관련장비,,,,,,,1.0,,1395.0,30337558.0,,,,,,,,,,,,,,,,,,,,,,,,,1093.5999755859375,2.122999906539917,,52.689998626708984,91.08000183105469,,1186.0,,,,
20150102,418470,KT밀리의서재,KOSDAQ,Listed,,FICS  미디어,,,,,,,1.0,,1188.0,8565789.0,,,,,,,,,,,,,20150331,246.0,25.0,35.0,84801311100.0,106637648708.25,,,,,409.0,15.78,1093.5999755859375,2.122999906539917,,52.689998626708984,91.08000183105469,,1186.0,,20150331,9900.0,25.75
20150102,418550,제이오,KOSDAQ,Listed,,FICS  건설,,,,,,,1.0,,2446.0,32017673.0,,,,,,,,,,,,,20150331,159.0,-7.0,-2.0,187303387050.0,230420626748.91,,,,,-5.0,-7.95,1093.5999755859375,2.122999906539917,,52.689998626708984,91.08000183105469,,1186.0,,20150331,5850.0,23.02
20150102,418620,E8,KOSDAQ,Listed,,FICS  일반&nbsp;소프트웨어,,,,,,,1.0,,253.0,12850477.0,,,,,,,,,,,,,20150331,4.0,-24.0,-26.0,7363323321.0,16876737051.731998,,,,,-181.0,-110.67,1093.5999755859375,2.122999906539917,,52.689998626708984,91.08000183105469,,1186.0,,20150331,573.0,129.2
20150102,419050,삼기에너지솔루션즈,KOSDAQ,Listed,,FICS  자동차부품,,,,,,,1.0,,1101.0,57196240.0,,,,,,,,,,,,,20150331,392.0,29.0,7.0,72524832320.0,238860535245.91998,,,,,8.0,4.0,1093.5999755859375,2.122999906539917,,52.689998626708984,91.08000183105469,,1186.0,,20150331,1268.0,229.35
20150102,419080,엔젯,KOSDAQ,Listed,,FICS  디스플레이&nbsp;및&nbsp;관련부품,,,,,,,1.0,,543.0,10652637.0,,,,,,,,,,,,,20150331,9.0,-19.0,-16.0,36368102718.0,43048923187.2966,,,,,-154.0,-7.77,1093.5999755859375,2.122999906539917,,52.689998626708984,91.08000183105469,,1186.0,,20150331,3414.0,18.37
20150102,419120,산돌,KOSDAQ,Listed,,FICS  일반&nbsp;소프트웨어,,,,,,,1.0,,659.0,15133507.0,,,,,,,,,,,,,20150331,48.0,3.0,11.0,60761030605.0,77859184617.24701,,,,92.0,80.0,13.21,1093.5999755859375,2.122999906539917,,52.689998626708984,91.08000183105469,,1186.0,,20150331,4015.0,28.14
20150102,419530,SAMG엔터,KOSDAQ,Listed,,FICS  미디어,,,,,,,1.0,,3674.0,9734515.0,,,,,,,,,,,,,20150331,487.0,101.0,80.0,70341605390.0,107059923403.58,,,,,899.0,65.28,1093.5999755859375,2.122999906539917,,52.689998626708984,91.08000183105469,,1186.0,,20150331,7226.0,52.2
20150102,419540,비스토스,KOSDAQ,Listed,,FICS  의료&nbsp;장비&nbsp;및&nbsp;서비스,,,,,,,1.0,,299.0,22992511.0,,,,,,,,,,,,,20150331,43.0,-5.0,-5.0,18072113646.0,21008832113.475002,,,,,-21.0,-1.45,1093.5999755859375,2.122999906539917,,52.689998626708984,91.08000183105469,,1186.0,,20150331,786.0,16.25
20150102,420570,제이투케이바이오,KOSDAQ,Listed,,FICS  개인생활용품,,,,,,,1.0,,491.0,5847483.0,,,,,,,,,,,,,,,,,,,,,,,,,1093.5999755859375,2.122999906539917,,52.689998626708984,91.08000183105469,,1186.0,,,,
20150102,420770,기가비스,KOSDAQ,Listed,,FICS  반도체&nbsp;및&nbsp;관련장비,,,,,,,1.0,,4360.0,12675758.0,,,,,,,,,,,,,20150331,298.0,120.0,124.0,209999282786.0,244334165521.511,,,,800.0,163.0,1.68,1093.5999755859375,2.122999906539917,,52.689998626708984,91.08000183105469,,1186.0,,20150331,16567.0,16.35
20150102,424760,벨로크,KOSDAQ,Listed,,FICS  IT&nbsp;서비스,,,,,,,1.0,,231.0,19665002.0,,,,,,,,,,,,,,,,,,,,,,,,,1093.5999755859375,2.122999906539917,,52.689998626708984,91.08000183105469,,1186.0,,,,
20150102,424870,이뮨온시아,KOSDAQ,Listed,,FICS  제약,,,,,,,1.0,,8172.0,74165069.0,,,,,,,,,,,,,20150331,1.0,-106.0,-104.0,37898350259.0,42753128927.177895,,,,,-140.0,77.02,1093.5999755859375,2.122999906539917,,52.689998626708984,91.08000183105469,,1186.0,,20150331,511.0,12.81
20150102,424960,스마트레이더시스템,KOSDAQ,Listed,,FICS  자동차부품,,,,,,,1.0,,1315.0,15677340.0,,,,,,,,,,,,,20150331,18.0,-10.0,-12.0,9798337500.0,20733282149.999996,,,,,-78.0,-35.71,1093.5999755859375,2.122999906539917,,52.689998626708984,91.08000183105469,,1186.0,,20150331,625.0,111.6
20150102,424980,마이크로투나노,KOSDAQ,Listed,,FICS  반도체&nbsp;및&nbsp;관련장비,,,,,,,1.0,,500.0,5918890.0,,,,,,,,,,,,,,,,,,,,,,,,,1093.5999755859375,2.122999906539917,,52.689998626708984,91.08000183105469,,1186.0,,,,
20150102,425040,티이엠씨,KOSDAQ,Listed,,FICS  반도체&nbsp;및&nbsp;관련장비,,,,,,,1.0,,1644.0,21329082.0,,,,,,,,,,,,,,,,,,,,,,,,,1093.5999755859375,2.122999906539917,,52.689998626708984,91.08000183105469,,1186.0,,,,
20150102,425420,티에프이,KOSDAQ,Listed,,FICS  반도체&nbsp;및&nbsp;관련장비,,,,,,,1.0,,5244.0,11960710.0,,,,,,,,,,,,,,,,,,,,,,,,,1093.5999755859375,2.122999906539917,,52.689998626708984,91.08000183105469,,1186.0,,,,
20150102,429270,시지트로닉스,KOSDAQ,Listed,,FICS  반도체&nbsp;및&nbsp;관련장비,,,,,,,1.0,,213.0,4658150.0,,,,,,,,,,,,,20150331,39.0,-16.0,-16.0,17230496850.0,28559548528.875,,,,,-308.0,-32.19,1093.5999755859375,2.122999906539917,,52.689998626708984,91.08000183105469,,1186.0,,20150331,3699.0,65.75
20150102,430690,한싹,KOSDAQ,Listed,,FICS  일반&nbsp;소프트웨어,,,,,,,1.0,,563.0,10895327.0,,,,,,,,,,,,,20150331,55.0,-10.0,-9.0,32882096886.0,47807280662.5554,,,,,-86.0,-1.33,1093.5999755859375,2.122999906539917,,52.689998626708984,91.08000183105469,,1186.0,,20150331,3018.0,45.39
20150102,431190,케이쓰리아이,KOSDAQ,Listed,,FICS  IT&nbsp;서비스,,,,,,,1.0,,420.0,7486442.0,,,,,,,,,,,,,20150331,25.0,-13.0,-12.0,28066671058.0,30979991513.820404,,,,,-188.0,-14.05,1093.5999755859375,2.122999906539917,,52.689998626708984,91.08000183105469,,1186.0,,20150331,3749.0,10.38
20150102,432320,KB스타리츠,KOSDAQ,Listed,,FICS  부동산,,,,,,,1.0,,3783.0,101414285.0,,,,,,,,,,,,,,,,,,,,,,,,,1093.5999755859375,2.122999906539917,,52.689998626708984,91.08000183105469,,1186.0,,,,
20150102,432430,와이랩,KOSDAQ,Listed,,FICS  미디어,,,,,,,1.0,,698.0,16508320.0,,,,,,,,,,,,,,,,,,,,,,,,,1093.5999755859375,2.122999906539917,,52.689998626708984,91.08000183105469,,1186.0,,,,
20150102,432470,케이엔에스,KOSDAQ,Listed,,FICS  전자&nbsp;장비&nbsp;및&nbsp;기기,,,,,,,1.0,,906.0,8771556.0,,,,,,,,,,,,,20150331,85.0,-2.0,2.0,59804468808.0,90382493709.5304,,,,,22.0,4.38,1093.5999755859375,2.122999906539917,,52.689998626708984,91.08000183105469,,1186.0,,20150331,6818.0,51.13
20150102,432720,퀄리타스반도체,KOSDAQ,Listed,,FICS  반도체&nbsp;및&nbsp;관련장비,,,,,,,1.0,,1974.0,14143012.0,,,,,,,,,,,,,20150331,8.0,-66.0,-50.0,32005636156.0,59629700722.2436,,,,,-352.0,-37.78,1093.5999755859375,2.122999906539917,,52.689998626708984,91.08000183105469,,1186.0,,20150331,2263.0,86.31
20150102,432980,엠에프씨,KOSDAQ,Listed,,FICS  제약,,,,,,,1.0,,311.0,8591742.0,,,,,,,,,,,,,,,,,,,,,,,,,1093.5999755859375,2.122999906539917,,52.689998626708984,91.08000183105469,,1186.0,,,,
20150102,434480,모니터랩,KOSDAQ,Listed,,FICS  일반&nbsp;소프트웨어,,,,,,,1.0,,507.0,12310300.0,,,,,,,,,,,,,,,,,,,,,,,,,1093.5999755859375,2.122999906539917,,52.689998626708984,91.08000183105469,,1186.0,,,,
20150102,435570,에르코스,KOSDAQ,Listed,,FICS  식료품,,,,,,,1.0,,720.0,7616983.0,,,,,,,,,,,,,,,,,,,,,,,,,1093.5999755859375,2.122999906539917,,52.689998626708984,91.08000183105469,,1186.0,,,,
20150102,437730,삼현,KOSDAQ,Listed,,FICS  자동차부품,,,,,,,1.0,,14173.0,31707567.0,,,,,,,,,,,,,20150331,225.0,-13.0,-4.0,116049695220.0,145038909085.956,,,,50.0,-8.0,6.03,1093.5999755859375,2.122999906539917,,52.689998626708984,91.08000183105469,,1186.0,,20150331,3660.0,24.98
20150102,438700,버넥트,KOSDAQ,Listed,,FICS  일반&nbsp;소프트웨어,,,,,,,1.0,,363.0,11144890.0,,,,,,,,,,,,,20150331,7.0,-24.0,-22.0,25856144800.0,32790762835.36,,,,,-201.0,-31.62,1093.5999755859375,2.122999906539917,,52.689998626708984,91.08000183105469,,1186.0,,20150331,2320.0,26.82
20150102,439090,마녀공장,KOSDAQ,Listed,,FICS  개인생활용품,,,,,,,1.0,,2348.0,16378260.0,,,,,,,,,,,,,20150331,287.0,40.0,27.0,120560371860.0,135521914007.82602,,,,,164.0,9.51,1093.5999755859375,2.122999906539917,,52.689998626708984,91.08000183105469,,1186.0,,20150331,7361.0,12.41
20150102,439260,대한조선,KOSDAQ,Listed,,FICS  조선,,,,,,,1.0,,28085.0,38526312.0,,,,,,,,,,,,,,,,,,,,,,,,,1093.5999755859375,2.122999906539917,,52.689998626708984,91.08000183105469,,1186.0,,,,
20150102,439580,블루엠텍,KOSDAQ,Listed,,FICS  의료&nbsp;장비&nbsp;및&nbsp;서비스,,,,,,,1.0,,1678.0,33846547.0,,,,,,,,,,,,,20150331,521.0,3.0,-5.0,44643595493.0,118033202123.9427,,,,,-15.0,-13.93,1093.5999755859375,2.122999906539917,,52.689998626708984,91.08000183105469,,1186.0,,20150331,1319.0,164.39
20150102,440110,파두,KOSDAQ,Listed,,FICS  반도체&nbsp;및&nbsp;관련장비,,,,,,,1.0,,12610.0,49451633.0,,,,,,,,,,,,,20150331,256.0,-114.0,-109.0,58254023674.0,105416481240.47041,,,,,-217.0,-68.75,1093.5999755859375,2.122999906539917,,52.689998626708984,91.08000183105469,,1186.0,,20150331,1178.0,80.96
20150102,440290,HB인베스트먼트,KOSDAQ,Listed,,FICS  창업투자&nbsp;및&nbsp;종금,,,,,,,1.0,,609.0,27506430.0,,,,,,,,,,,,,20150331,37.0,16.0,14.0,88323146730.0,93878672659.317,,,,200.0,53.0,7.69,1093.5999755859375,2.122999906539917,,52.689998626708984,91.08000183105469,,1186.0,,20150331,3211.0,6.29
20150102,440320,오픈놀,KOSDAQ,Listed,,FICS  상업서비스,,,,,,,1.0,,399.0,9830000.0,,,,,,,,,,,,,,,,,,,,,,,,,1093.5999755859375,2.122999906539917,,52.689998626708984,91.08000183105469,,1186.0,,,,
20150102,441270,파인엠텍,KOSDAQ,Listed,,FICS  휴대폰&nbsp;및&nbsp;관련부품,,,,,,,1.0,,3432.0,37640073.0,,,,,,,,,,,,,20150331,483.0,7.0,13.0,115856144694.0,244572321449.03397,,,,,110.0,-9.63,1093.5999755859375,2.122999906539917,,52.689998626708984,91.08000183105469,,1186.0,,20150331,3078.0,111.1
20150102,443060,HD현대마린솔루션,KOSDAQ,Listed,,FICS  조선,,,,,,,1.0,,87372.0,44829210.0,,,,,,,,,,,,,20150331,5426.0,978.0,713.0,853279183140.0,1282393284341.106,,,,700.0,1627.0,36.51,1093.5999755859375,2.122999906539917,,52.689998626708984,91.08000183105469,,1186.0,,20150331,19034.0,50.29
20150102,443250,레뷰코퍼레이션,KOSDAQ,Listed,,FICS  미디어,,,,,,,1.0,,1268.0,11126060.0,,,,,,,,,,,,,20150331,155.0,31.0,26.0,50745959660.0,86044849199.496,,,,266.0,209.0,12.61,1093.5999755859375,2.122999906539917,,52.689998626708984,91.08000183105469,,1186.0,,20150331,4561.0,69.56
20150102,443670,에스피소프트,KOSDAQ,Listed,,FICS  IT&nbsp;서비스,,,,,,,1.0,,1511.0,24741392.0,,,,,,,,,,,,,20150331,132.0,12.0,11.0,67544000160.0,81714731393.568,,,,,46.0,7.23,1093.5999755859375,2.122999906539917,,52.689998626708984,91.08000183105469,,1186.0,,20150331,2730.0,20.98
20150102,444530,심플랫폼,KOSDAQ,Listed,,FICS  IT&nbsp;서비스,,,,,,,1.0,,514.0,6390883.0,,,,,,,,,,,,,20150331,19.0,-31.0,-30.0,12270495360.0,17242500079.872,,,,,-471.0,-160.28,1093.5999755859375,2.122999906539917,,52.689998626708984,91.08000183105469,,1186.0,,20150331,1920.0,40.52
20150102,444920,유안타제11호스팩,KOSDAQ,Listed,,FICS  창업투자&nbsp;및&nbsp;종금,,,,,,,1.0,,109.0,5240000.0,,,,,,,,,,,,,,,-0.0,1.0,10831080000.0,12466573080.0,,,,,11.0,2.1,1093.5999755859375,2.122999906539917,,52.689998626708984,91.08000183105469,,1186.0,,,2067.0,15.1
20150102,445090,에이직랜드,KOSDAQ,Listed,,FICS  반도체&nbsp;및&nbsp;관련장비,,,,,,,1.0,,3141.0,10871660.0,,,,,,,,,,,,,20150331,162.0,-45.0,-61.0,65664826400.0,190920482757.99997,,,,,-564.0,-35.89,1093.5999755859375,2.122999906539917,,52.689998626708984,91.08000183105469,,1186.0,,20150331,6040.0,190.75
20150102,445180,퓨릿,KOSDAQ,Listed,,FICS  반도체&nbsp;및&nbsp;관련장비,,,,,,,1.0,,1526.0,17189188.0,,,,,,,,,,,,,,,,,,,,,,,,,1093.5999755859375,2.122999906539917,,52.689998626708984,91.08000183105469,,1186.0,,,,
20150102,445680,큐리옥스바이오시스템즈,KOSDAQ,Listed,,FICS  의료&nbsp;장비&nbsp;및&nbsp;서비스,,,,,,,1.0,,15667.0,17086041.0,,,,,,,,,,,,,20150331,14.0,-27.0,-30.0,53752684986.0,64605352084.6734,,,,,-182.0,-46.77,1093.5999755859375,2.122999906539917,,52.689998626708984,91.08000183105469,,1186.0,,20150331,3146.0,20.19
20150102,446070,유니드비티플러스,KOSDAQ,Listed,,FICS  건축자재,,,,,,,1.0,,362.0,10611215.0,,,,,,,,,,,,,20150331,379.0,-14.0,-3.0,208913600920.0,237701895126.77597,,,,80.0,-32.0,0.35,1093.5999755859375,2.122999906539917,,52.689998626708984,91.08000183105469,,1186.0,,20150331,19688.0,13.78
20150102,446150,유안타제12호스팩,KOSDAQ,Listed,,FICS  창업투자&nbsp;및&nbsp;종금,,,,,,,1.0,,109.0,4770000.0,,,,,,,,,,,,,,,-0.0,0.0,9792810000.0,10898418249.0,,,,,10.0,1.93,1093.5999755859375,2.122999906539917,,52.689998626708984,91.08000183105469,,1186.0,,,2053.0,11.29
20150102,446540,메가터치,KOSDAQ,Listed,,FICS  전자&nbsp;장비&nbsp;및&nbsp;기기,,,,,,,1.0,,778.0,20771000.0,,,,,,,,,,,,,,,,,,,,,,,,,1093.5999755859375,2.122999906539917,,52.689998626708984,91.08000183105469,,1186.0,,,,
20150102,446840,지슨,KOSDAQ,Listed,,FICS  일반&nbsp;소프트웨어,,,,,,,1.0,,983.0,55262293.0,,,,,,,,,,,,,20150331,37.0,-8.0,-46.0,11107720893.0,21854440856.9775,,,,,-71.0,1.89,1093.5999755859375,2.122999906539917,,52.689998626708984,91.08000183105469,,1186.0,,20150331,201.0,96.75
20150102,448280,에코아이,KOSDAQ,Listed,,FICS  상업서비스,,,,,,,1.0,,3837.0,29631129.0,,,,,,,,,,,,,,,,,,,,,,,,,1093.5999755859375,2.122999906539917,,52.689998626708984,91.08000183105469,,1186.0,,,,
20150102,448710,코츠테크놀로지,KOSDAQ,Listed,,FICS  상업서비스,,,,,,,1.0,,867.0,5260589.0,,,,,,,,,,,,,20150331,213.0,44.0,37.0,61922393119.0,110265205427.0033,,,,150.0,699.0,20.68,1093.5999755859375,2.122999906539917,,52.689998626708984,91.08000183105469,,1186.0,,20150331,11771.0,78.07
20150102,448730,삼성FN리츠,KOSDAQ,Listed,,FICS  부동산,,,,,,,1.0,,4316.0,91050000.0,,,,,,,,,,,,,,,,,,,,,,,,,1093.5999755859375,2.122999906539917,,52.689998626708984,91.08000183105469,,1186.0,,,,
20150102,448760,IBKS제22호스팩,KOSDAQ,Listed,,FICS  창업투자&nbsp;및&nbsp;종금,,,,,,,1.0,,226.0,4430000.0,,,,,,,,,,,,,,,-0.0,0.0,8842280000.0,10284455868.0,,,,,2.0,0.77,1093.5999755859375,2.122999906539917,,52.689998626708984,91.08000183105469,,1186.0,,,1996.0,16.31
20150102,448830,미래에셋비전스팩3호,KOSDAQ,Listed,,FICS  창업투자&nbsp;및&nbsp;종금,,,,,,,1.0,,151.0,4920000.0,,,,,,,,,,,,,,,-1.0,-0.0,10076160000.0,12474286080.0,,,,,-4.0,1.63,1093.5999755859375,2.122999906539917,,52.689998626708984,91.08000183105469,,1186.0,,,2048.0,23.8
20150102,448900,한국피아이엠,KOSDAQ,Listed,,FICS  자동차부품,,,,,,,1.0,,3908.0,6004457.0,,,,,,,,,,,,,20150331,89.0,1.0,-18.0,55601271820.0,82161999368.414,,,,,-304.0,1.17,1093.5999755859375,2.122999906539917,,52.689998626708984,91.08000183105469,,1186.0,,20150331,9260.0,47.77
20150102,450050,하이제8호스팩,KOSDAQ,Listed,,FICS  창업투자&nbsp;및&nbsp;종금,,,,,,,1.0,,105.0,5014000.0,,,,,,,,,,,,,,,-0.0,1.0,9762258000.0,10847821089.6,,,,,11.0,2.39,1093.5999755859375,2.122999906539917,,52.689998626708984,91.08000183105469,,1186.0,,,1947.0,11.12
20150102,450080,에코프로머티,KOSDAQ,Listed,,FICS  전자&nbsp;장비&nbsp;및&nbsp;기기,,,,,,,1.0,,41959.0,69932424.0,,,,,,,,,,,,,20150331,632.0,-251.0,1616.0,1167032291712.0,1685311332461.299,,,,,2153.0,11.62,1093.5999755859375,2.122999906539917,,52.689998626708984,91.08000183105469,,1186.0,,20150331,16688.0,44.41
20150102,450140,코오롱모빌리티그룹,KOSDAQ,Listed,,FICS  자동차,,,,,,,1.0,,9146.0,62777250.0,,,,,,,,,,,,,20150331,6177.0,113.0,50.0,256131180000.0,927015579774.0,,,,40.0,76.0,0.6,1093.5999755859375,2.122999906539917,,52.689998626708984,91.08000183105469,,1186.0,,20150331,4080.0,261.93
20150102,45014K,코오롱모빌리티그룹우,KOSDAQ,Listed,,기준 분기는,,,,,,,1.0,,9146.0,2456120.0,,,,,,,,,,,,,20150331,6177.0,113.0,50.0,10020969600.0,36268895273.28,,,,45.0,76.0,0.6,1093.5999755859375,2.122999906539917,,52.689998626708984,91.08000183105469,,1186.0,,20150331,4080.0,261.93
20150102,450330,하스,KOSDAQ,Listed,,FICS  의료&nbsp;장비&nbsp;및&nbsp;서비스,,,,,,,1.0,,575.0,8186843.0,,,,,,,,,,,,,20150331,48.0,3.0,3.0,45977310288.0,56060134434.1584,,,,70.0,38.0,3.44,1093.5999755859375,2.122999906539917,,52.689998626708984,91.08000183105469,,1186.0,,20150331,5616.0,21.93
20150102,450520,인스웨이브,KOSDAQ,Listed,,FICS  일반&nbsp;소프트웨어,,,,,,,1.0,,517.0,14704578.0,,,,,,,,,,,,,20150331,115.0,-9.0,-10.0,39540610242.0,53023958334.521996,,,,,-69.0,-10.51,1093.5999755859375,2.122999906539917,,52.689998626708984,91.08000183105469,,1186.0,,20150331,2689.0,34.1
20150102,450940,유안타제14호스팩,KOSDAQ,Listed,,FICS  창업투자&nbsp;및&nbsp;종금,,,,,,,1.0,,95.0,4540000.0,,,,,,,,,,,,,,,-0.0,0.0,9247980000.0,11492464746.0,,,,,8.0,1.77,1093.5999755859375,2.122999906539917,,52.689998626708984,91.08000183105469,,1186.0,,,2037.0,24.27
20150102,450950,아스테라시스,KOSDAQ,Listed,,FICS  의료&nbsp;장비&nbsp;및&nbsp;서비스,,,,,,,1.0,,5250.0,37507092.0,,,,,,,,,,,,,,,,,,,,,,,,,1093.5999755859375,2.122999906539917,,52.689998626708984,91.08000183105469,,1186.0,,,,
20150102,451220,아이엠티,KOSDAQ,Listed,,FICS  반도체&nbsp;및&nbsp;관련장비,,,,,,,1.0,,713.0,7874611.0,,,,,,,,,,,,,,,,,,,,,,,,,1093.5999755859375,2.122999906539917,,52.689998626708984,91.08000183105469,,1186.0,,,,
20150102,451250,삐아,KOSDAQ,Listed,,FICS  개인생활용품,,,,,,,1.0,,980.0,10225877.0,,,,,,,,,,,,,20150331,187.0,18.0,14.0,44809793014.0,56482744094.146996,,,,150.0,142.0,9.14,1093.5999755859375,2.122999906539917,,52.689998626708984,91.08000183105469,,1186.0,,20150331,4382.0,26.05
20150102,451700,엔에이치스팩29호,KOSDAQ,Listed,,FICS  창업투자&nbsp;및&nbsp;종금,,,,,,,1.0,,302.0,14350000.0,,,,,,,,,,,,,,,-0.0,2.0,28743050000.0,31536874460.0,,,,,11.0,2.13,1093.5999755859375,2.122999906539917,,52.689998626708984,91.08000183105469,,1186.0,,,2003.0,9.72
20150102,451760,컨텍,KOSDAQ,Listed,,FICS  상업서비스,,,,,,,1.0,,1185.0,15252196.0,,,,,,,,,,,,,20150331,276.0,-10.0,-8.0,78670826968.0,120594510659.24721,,,,,-204.0,-28.32,1093.5999755859375,2.122999906539917,,52.689998626708984,91.08000183105469,,1186.0,,20150331,5158.0,53.29
20150102,451800,한화리츠,KOSDAQ,Listed,,FICS  부동산,,,,,,,1.0,,7489.0,179600000.0,,,,,,,,,,,,,,,,,,,,,,,,,1093.5999755859375,2.122999906539917,,52.689998626708984,91.08000183105469,,1186.0,,,,
20150102,452160,제이엔비,KOSDAQ,Listed,,FICS  반도체&nbsp;및&nbsp;관련장비,,,,,,,1.0,,587.0,9617527.0,,,,,,,,,,,,,20150331,38.0,-7.0,-9.0,40201262860.0,71156235262.2,,,,,-86.0,2.53,1093.5999755859375,2.122999906539917,,52.689998626708984,91.08000183105469,,1186.0,,20150331,4180.0,77.0
20150102,452190,한빛레이저,KOSDAQ,Listed,,FICS  전자&nbsp;장비&nbsp;및&nbsp;기기,,,,,,,1.0,,1146.0,23366557.0,,,,,,,,,,,,,20150331,52.0,-3.0,-2.0,27712736602.0,38609384633.9064,,,,,-7.0,-6.57,1093.5999755859375,2.122999906539917,,52.689998626708984,91.08000183105469,,1186.0,,20150331,1186.0,39.32
20150102,452200,민테크,KOSDAQ,Listed,,FICS  전자&nbsp;장비&nbsp;및&nbsp;기기,,,,,,,1.0,,609.0,23619800.0,,,,,,,,,,,,,,,,,,,,,,,,,1093.5999755859375,2.122999906539917,,52.689998626708984,91.08000183105469,,1186.0,,,,
20150102,452260,한화갤러리아,KOSDAQ,Listed,,FICS  백화점,,,,,,,1.0,,2093.0,193859610.0,,,,,,,,,,,,,20150331,1256.0,34.0,-30.0,779897211030.0,1904976927661.8777,,,,,-15.0,-4.39,1093.5999755859375,2.122999906539917,,52.689998626708984,91.08000183105469,,1186.0,,20150331,4023.0,144.26
20150102,45226K,한화갤러리아우,KOSDAQ,Listed,,기준 분기는,,,,,,,1.0,,2093.0,2904470.0,,,,,,,,,,,,,,,,,,,,,,,,,1093.5999755859375,2.122999906539917,,52.689998626708984,91.08000183105469,,1186.0,,,,
20150102,452280,한선엔지니어링,KOSDAQ,Listed,,FICS  기계,,,,,,,1.0,,1606.0,17274150.0,,,,,,,,,,,,,20150331,162.0,26.0,27.0,67939231950.0,110503160766.675,,,,,156.0,16.15,1093.5999755859375,2.122999906539917,,52.689998626708984,91.08000183105469,,1186.0,,20150331,3933.0,62.65
20150102,452300,캡스톤파트너스,KOSDAQ,Listed,,FICS  창업투자&nbsp;및&nbsp;종금,,,,,,,1.0,,382.0,14119505.0,,,,,,,,,,,,,20150331,29.0,17.0,14.0,34056246060.0,39311124827.05801,,,,26.0,99.0,8.76,1093.5999755859375,2.122999906539917,,52.689998626708984,91.08000183105469,,1186.0,,20150331,2412.0,15.43
20150102,452400,이닉스,KOSDAQ,Listed,,FICS  전자&nbsp;장비&nbsp;및&nbsp;기기,,,,,,,1.0,,901.0,9071428.0,,,,,,,,,,,,,20150331,341.0,0.0,5.0,122473349428.0,144934961713.0952,,,,200.0,53.0,0.69,1093.5999755859375,2.122999906539917,,52.689998626708984,91.08000183105469,,1186.0,,20150331,13501.0,18.34
20150102,452430,사피엔반도체,KOSDAQ,Listed,,FICS  반도체&nbsp;및&nbsp;관련장비,,,,,,,1.0,,2601.0,8218046.0,,,,,,,,,,,,,,,,,,,,,,,,,1093.5999755859375,2.122999906539917,,52.689998626708984,91.08000183105469,,1186.0,,,,
20150102,452450,피아이이,KOSDAQ,Listed,,FICS  IT&nbsp;서비스,,,,,,,1.0,,2644.0,35878500.0,,,,,,,,,,,,,20150331,147.0,-69.0,-66.0,66554617500.0,148955889426.75,,,,,-166.0,-13.1,1093.5999755859375,2.122999906539917,,52.689998626708984,91.08000183105469,,1186.0,,20150331,1855.0,123.81
20150102,452670,상상인제4호스팩,KOSDAQ,Listed,,FICS  창업투자&nbsp;및&nbsp;종금,,,,,,,1.0,,108.0,5220000.0,,,,,,,,,,,,,,,-0.0,1.0,10299060000.0,11580263064.0,,,,,21.0,2.24,1093.5999755859375,2.122999906539917,,52.689998626708984,91.08000183105469,,1186.0,,,1973.0,12.44
20150102,452980,신한제11호스팩,KOSDAQ,Listed,,FICS  창업투자&nbsp;및&nbsp;종금,,,,,,,1.0,,394.0,18905000.0,,,,,,,,,,,,,,,-0.0,2.0,38679630000.0,43491375972.0,,,,,11.0,2.12,1093.5999755859375,2.122999906539917,,52.689998626708984,91.08000183105469,,1186.0,,,2046.0,12.44
20150102,453340,현대그린푸드,KOSDAQ,Listed,,FICS  식료품,,,,,,,1.0,,5116.0,32819346.0,,,,,,,,,,,,,,,,,,,,,,,,,1093.5999755859375,2.122999906539917,,52.689998626708984,91.08000183105469,,1186.0,,,,
20150102,453450,그리드위즈,KOSDAQ,Listed,,FICS  전력,,,,,,,1.0,,1190.0,7942750.0,,,,,,,,,,,,,20150331,427.0,33.0,78.0,137433403250.0,187280498608.775,,,,,985.0,2.69,1093.5999755859375,2.122999906539917,,52.689998626708984,91.08000183105469,,1186.0,,20150331,17303.0,36.27
20150102,453860,에이에스텍,KOSDAQ,Listed,,FICS  개인생활용품,,,,,,,1.0,,890.0,5657215.0,,,,,,,,,,,,,,,,,,,,,,,,,1093.5999755859375,2.122999906539917,,52.689998626708984,91.08000183105469,,1186.0,,,,
20150102,454640,하나29호스팩,KOSDAQ,Listed,,FICS  창업투자&nbsp;및&nbsp;종금,,,,,,,1.0,,113.0,5401000.0,,,,,,,,,,,,,,,-0.0,0.0,10278103000.0,11535114996.900002,,,,,7.0,1.96,1093.5999755859375,2.122999906539917,,52.689998626708984,91.08000183105469,,1186.0,,,1903.0,12.23
20150102,454910,두산로보틱스,KOSDAQ,Listed,,FICS  기계,,,,,,,1.0,,52374.0,64819980.0,,,,,,,,,,,,,20150331,102.0,-153.0,-129.0,364482747540.0,399946918875.64197,,,,,-198.0,-15.68,1093.5999755859375,2.122999906539917,,52.689998626708984,91.08000183105469,,1186.0,,20150331,5623.0,9.73
20150102,455180,케이지에이,KOSDAQ,Listed,,FICS  전자&nbsp;장비&nbsp;및&nbsp;기기,,,,,,,1.0,,564.0,12766659.0,,,,,,,,,,,,,,,,,,,,,,,,,1093.5999755859375,2.122999906539917,,52.689998626708984,91.08000183105469,,1186.0,,,,
20150102,455250,KB제25호스팩,KOSDAQ,Listed,,FICS  창업투자&nbsp;및&nbsp;종금,,,,,,,1.0,,90.0,4305000.0,,,,,,,,,,,,,,,-0.0,0.0,8730540000.0,10128299454.0,,,,,8.0,2.16,1093.5999755859375,2.122999906539917,,52.689998626708984,91.08000183105469,,1186.0,,,2028.0,16.01
20150102,455310,한화플러스제4호스팩,KOSDAQ,Listed,,FICS  창업투자&nbsp;및&nbsp;종금,,,,,,,1.0,,105.0,5060000.0,,,,,,,,,,,,,,,-0.0,1.0,10332520000.0,12378358960.0,,,,,10.0,1.88,1093.5999755859375,2.122999906539917,,52.689998626708984,91.08000183105469,,1186.0,,,2042.0,19.8
20150102,455900,엔젤로보틱스,KOSDAQ,Listed,,FICS  의료&nbsp;장비&nbsp;및&nbsp;서비스,,,,,,,1.0,,4744.0,15183131.0,,,,,,,,,,,,,20150331,8.0,-28.0,-27.0,34693454335.0,39519313832.9985,,,,,-177.0,-26.75,1093.5999755859375,2.122999906539917,,52.689998626708984,91.08000183105469,,1186.0,,20150331,2285.0,13.91
20150102,455910,에스케이증권제9호스팩,KOSDAQ,Listed,,FICS  창업투자&nbsp;및&nbsp;종금,,,,,,,1.0,,105.0,5020000.0,,,,,,,,,,,,,,,-0.0,0.0,9342220000.0,10278310444.0,,,,,6.0,1.69,1093.5999755859375,2.122999906539917,,52.689998626708984,91.08000183105469,,1186.0,,,1861.0,10.02
20150102,456010,아이씨티케이,KOSDAQ,Listed,,FICS  보안장비,,,,,,,1.0,,2056.0,13420676.0,,,,,,,,,,,,,20150331,4.0,-29.0,-25.0,39658097580.0,73894933220.814,,,,,-187.0,-20.51,1093.5999755859375,2.122999906539917,,52.689998626708984,91.08000183105469,,1186.0,,20150331,2955.0,86.33
20150102,456040,OCI,KOSDAQ,Listed,,FICS  화학,,,,,,,1.0,,5443.0,8952495.0,,,,,,,,,,,,,20150331,4764.0,-103.0,-522.0,1118023385580.0,2285127997786.962,,,,2200.0,-5715.0,-4.33,1093.5999755859375,2.122999906539917,,52.689998626708984,91.08000183105469,,1186.0,,20150331,124884.0,104.39
20150102,456070,이엔셀,KOSDAQ,Listed,,FICS  제약,,,,,,,1.0,,1785.0,10904605.0,,,,,,,,,,,,,20150331,15.0,-37.0,-36.0,36454094515.0,44102163544.247,,,,,-330.0,-39.99,1093.5999755859375,2.122999906539917,,52.689998626708984,91.08000183105469,,1186.0,,20150331,3343.0,20.98
20150102,456160,지투지바이오,KOSDAQ,Listed,,FICS  제약,,,,,,,1.0,,13136.0,16258566.0,,,,,,,,,,,,,20150331,1.0,-36.0,-35.0,57994304922.0,67192201682.6292,,,,,-236.0,42.71,1093.5999755859375,2.122999906539917,,52.689998626708984,91.08000183105469,,1186.0,,20150331,3567.0,15.86
20150102,456490,교보14호스팩,KOSDAQ,Listed,,FICS  창업투자&nbsp;및&nbsp;종금,,,,,,,1.0,,88.0,4200000.0,,,,,,,,,,,,,,,,,,,,,,,,,1093.5999755859375,2.122999906539917,,52.689998626708984,91.08000183105469,,1186.0,,,,
20150102,457190,이수스페셜티케미컬,KOSDAQ,Listed,,FICS  화학,,,,,,,1.0,,15557.0,30208280.0,,,,,,,,,,,,,20150331,1040.0,-15.0,-18.0,132191433280.0,372568335556.352,,,,,-60.0,4.48,1093.5999755859375,2.122999906539917,,52.689998626708984,91.08000183105469,,1186.0,,20150331,4376.0,181.84
20150102,457370,한켐,KOSDAQ,Listed,,FICS  디스플레이&nbsp;및&nbsp;관련부품,,,,,,,1.0,,617.0,8027134.0,,,,,,,,,,,,,20150331,82.0,13.0,14.0,59304465992.0,65418756435.7752,,,,,171.0,12.23,1093.5999755859375,2.122999906539917,,52.689998626708984,91.08000183105469,,1186.0,,20150331,7388.0,10.31
20150102,457550,우진엔텍,KOSDAQ,Listed,,FICS  에너지&nbsp;시설&nbsp;및&nbsp;서비스,,,,,,,1.0,,2087.0,9318958.0,,,,,,,,,,,,,,,,,,,,,,,,,1093.5999755859375,2.122999906539917,,52.689998626708984,91.08000183105469,,1186.0,,,,
20150102,457600,벡트,KOSDAQ,Listed,,FICS  교육,,,,,,,1.0,,328.0,13707500.0,,,,,,,,,,,,,,,,,,,,,,,,,1093.5999755859375,2.122999906539917,,52.689998626708984,91.08000183105469,,1186.0,,,,
20150102,457630,대신밸런스제16호스팩,KOSDAQ,Listed,,FICS  창업투자&nbsp;및&nbsp;종금,,,,,,,1.0,,152.0,7310000.0,,,,,,,,,,,,,,,-1.0,0.0,14378770000.0,15649853268.0,,,,,2.0,0.67,1093.5999755859375,2.122999906539917,,52.689998626708984,91.08000183105469,,1186.0,,,1967.0,8.84
20150102,457940,에스케이증권제10호스팩,KOSDAQ,Listed,,FICS  창업투자&nbsp;및&nbsp;종금,,,,,,,1.0,,69.0,3310000.0,,,,,,,,,,,,,,,-0.0,0.0,6590210000.0,8179768652.000001,,,,,3.0,1.1,1093.5999755859375,2.122999906539917,,52.689998626708984,91.08000183105469,,1186.0,,,1991.0,24.12
20150102,458610,한국제12호스팩,KOSDAQ,Listed,,FICS  창업투자&nbsp;및&nbsp;종금,,,,,,,1.0,,89.0,4230000.0,,,,,,,,,,,,,,,-0.0,1.0,8603820000.0,10716918192.0,,,,,15.0,1.27,1093.5999755859375,2.122999906539917,,52.689998626708984,91.08000183105469,,1186.0,,,2034.0,24.56
20150102,458650,성우,KOSDAQ,Listed,,FICS  전자&nbsp;장비&nbsp;및&nbsp;기기,,,,,,,1.0,,1609.0,15045670.0,,,,,,,,,,,,,20150331,213.0,3.0,15.0,216778013360.0,240471850220.248,,,,100.0,97.0,10.71,1093.5999755859375,2.122999906539917,,52.689998626708984,91.08000183105469,,1186.0,,20150331,14408.0,10.93
20150102,458870,씨어스테크놀로지,KOSDAQ,Listed,,FICS  의료&nbsp;장비&nbsp;및&nbsp;서비스,,,,,,,1.0,,14996.0,12665880.0,,,,,,,,,,,,,20150331,207.0,84.0,79.0,34299203040.0,45919773029.951996,,,,,490.0,-51.35,1093.5999755859375,2.122999906539917,,52.689998626708984,91.08000183105469,,1186.0,,20150331,2708.0,33.88
20150102,459100,위츠,KOSDAQ,Listed,,FICS  휴대폰&nbsp;및&nbsp;관련부품,,,,,,,1.0,,971.0,13307000.0,,,,,,,,,,,,,20150331,557.0,16.0,13.0,40985560000.0,167389125596.0,,,,300.0,113.0,4.66,1093.5999755859375,2.122999906539917,,52.689998626708984,91.08000183105469,,1186.0,,20150331,3080.0,308.41
20150102,459510,나우로보틱스,KOSDAQ,Listed,,FICS  기계,,,,,,,1.0,,2979.0,12955382.0,,,,,,,,,,,,,20150331,41.0,-28.0,-29.0,18448463968.0,36867410393.65121,,,,,-223.0,-285.18,1093.5999755859375,2.122999906539917,,52.689998626708984,91.08000183105469,,1186.0,,20150331,1424.0,99.84
20150102,459550,알트,KOSDAQ,Listed,,FICS  휴대폰&nbsp;및&nbsp;관련부품,,,,,,,1.0,,1211.0,23798764.0,,,,,,,,,,,,,,,,,,,,,,,,,1093.5999755859375,2.122999906539917,,52.689998626708984,91.08000183105469,,1186.0,,,,
20150102,460470,아이빔테크놀로지,KOSDAQ,Listed,,FICS  의료&nbsp;장비&nbsp;및&nbsp;서비스,,,,,,,1.0,,452.0,15096870.0,,,,,,,,,,,,,20150331,17.0,-7.0,-6.0,28231146900.0,31607592069.239998,,,,,-39.0,-11.11,1093.5999755859375,2.122999906539917,,52.689998626708984,91.08000183105469,,1186.0,,20150331,1870.0,11.96
20150102,460850,동국씨엠,KOSDAQ,Listed,,FICS  금속&nbsp;및&nbsp;광물,,,,,,,1.0,,1659.0,29898656.0,,,,,,,,,,,,,20150331,6679.0,17.0,8.0,969075238272.0,2527348221413.376,,,,500.0,-13.0,6.45,1093.5999755859375,2.122999906539917,,52.689998626708984,91.08000183105469,,1186.0,,20150331,32412.0,160.8
20150102,460860,동국제강,KOSDAQ,Listed,,FICS  금속&nbsp;및&nbsp;광물,,,,,,,1.0,,4231.0,49608017.0,,,,,,,,,,,,,20150331,8312.0,252.0,79.0,1699372230352.0,3801495679297.4243,,,,200.0,159.0,-0.31,1093.5999755859375,2.122999906539917,,52.689998626708984,91.08000183105469,,1186.0,,20150331,34256.0,123.7
20150102,460870,에스엠씨지,KOSDAQ,Listed,,FICS  용기&nbsp;및&nbsp;포장,,,,,,,1.0,,807.0,19948304.0,,,,,,,,,,,,,20150331,127.0,11.0,7.0,41372782496.0,72894705479.70241,,,,,34.0,6.33,1093.5999755859375,2.122999906539917,,52.689998626708984,91.08000183105469,,1186.0,,20150331,2074.0,76.19
20150102,460930,현대힘스,KOSDAQ,Listed,,FICS  조선,,,,,,,1.0,,6590.0,35510671.0,,,,,,,,,,,,,20150331,606.0,68.0,51.0,247473866199.0,333297802996.8132,,,,100.0,142.0,8.43,1093.5999755859375,2.122999906539917,,52.689998626708984,91.08000183105469,,1186.0,,20150331,6969.0,34.68
20150102,460940,피앤에스로보틱스,KOSDAQ,Listed,,FICS  의료&nbsp;장비&nbsp;및&nbsp;서비스,,,,,,,1.0,,1611.0,13131480.0,,,,,,,,,,,,,20150331,8.0,-8.0,-2.0,41994473040.0,43947216036.36,,,,50.0,-12.0,7.76,1093.5999755859375,2.122999906539917,,52.689998626708984,91.08000183105469,,1186.0,,20150331,3198.0,4.65
20150102,461030,아이엠비디엑스,KOSDAQ,Listed,,FICS  의료&nbsp;장비&nbsp;및&nbsp;서비스,,,,,,,1.0,,1693.0,14017750.0,,,,,,,,,,,,,20150331,11.0,-26.0,-23.0,26998186500.0,29622410227.8,,,,,-165.0,-26.16,1093.5999755859375,2.122999906539917,,52.689998626708984,91.08000183105469,,1186.0,,20150331,1926.0,9.72
20150102,461300,아이스크림미디어,KOSDAQ,Listed,,FICS  교육,,,,,,,1.0,,2303.0,13298933.0,,,,,,,,,,,,,20150331,159.0,-81.0,-41.0,185852588675.0,219510492484.0425,,,,1186.0,-306.0,18.52,1093.5999755859375,2.122999906539917,,52.689998626708984,91.08000183105469,,1186.0,,20150331,13975.0,18.11
20150102,462020,에이치엠씨제6호스팩,KOSDAQ,Listed,,FICS  창업투자&nbsp;및&nbsp;종금,,,,,,,1.0,,90.0,4345000.0,,,,,,,,,,,,,,,-0.0,0.0,8690000000.0,9708468000.0,,,,,9.0,2.05,1093.5999755859375,2.122999906539917,,52.689998626708984,91.08000183105469,,1186.0,,,2000.0,11.72
20150102,462310,뉴키즈온,KOSDAQ,Listed,,FICS  섬유&nbsp;및&nbsp;의복,,,,,,,1.0,,485.0,7902000.0,,,,,,,,,,,,,20150331,70.0,-14.0,-12.0,45404892000.0,62377240629.600006,,,,,-146.0,8.3,1093.5999755859375,2.122999906539917,,52.689998626708984,91.08000183105469,,1186.0,,20150331,5746.0,37.38
20150102,462350,이노스페이스,KOSDAQ,Listed,,FICS  상업서비스,,,,,,,1.0,,1370.0,13716694.0,,,,,,,,,,,,,20150331,20.0,-139.0,-141.0,6789763530.0,15090928421.778,,,,,-1031.0,-148.5,1093.5999755859375,2.122999906539917,,52.689998626708984,91.08000183105469,,1186.0,,20150331,495.0,122.26
20150102,462510,라메디텍,KOSDAQ,Listed,,FICS  의료&nbsp;장비&nbsp;및&nbsp;서비스,,,,,,,1.0,,603.0,8802965.0,,,,,,,,,,,,,20150331,18.0,-30.0,-30.0,11267795200.0,19549624672.0,,,,,-344.0,-66.3,1093.5999755859375,2.122999906539917,,52.689998626708984,91.08000183105469,,1186.0,,20150331,1280.0,73.5
20150102,462520,조선내화,KOSDAQ,Listed,,FICS  금속&nbsp;및&nbsp;광물,,,,,,,1.0,,1707.0,11855168.0,,,,,,,,,,,,,20150331,1355.0,102.0,-11.0,223149827264.0,512686728139.0401,,,,800.0,-108.0,-3.62,1093.5999755859375,2.122999906539917,,52.689998626708984,91.08000183105469,,1186.0,,20150331,18823.0,129.75
20150102,462860,더즌,KOSDAQ,Listed,,FICS  IT&nbsp;서비스,,,,,,,1.0,,2768.0,71713409.0,,,,,,,,,,,,,20150331,151.0,40.0,35.0,71928549227.0,159731729268.3989,,,,10.0,50.0,20.66,1093.5999755859375,2.122999906539917,,52.689998626708984,91.08000183105469,,1186.0,,20150331,1003.0,122.07
20150102,462870,시프트업,KOSDAQ,Listed,,FICS  게임&nbsp;소프트웨어,,,,,,,1.0,,22700.0,58961440.0,,,,,,,,,,,,,20150331,691.0,472.0,427.0,837901023840.0,948420168884.496,,,,,724.0,24.74,1093.5999755859375,2.122999906539917,,52.689998626708984,91.08000183105469,,1186.0,,20150331,14211.0,13.19
20150102,462980,아이지넷,KOSDAQ,Listed,,FICS  보험,,,,,,,1.0,,351.0,18234437.0,,,,,,,,,,,,,20150331,89.0,6.0,7.0,20404335003.0,34093603356.512703,,,,,37.0,6.03,1093.5999755859375,2.122999906539917,,52.689998626708984,91.08000183105469,,1186.0,,20150331,1119.0,67.09
20150102,463020,뉴엔AI,KOSDAQ,Listed,,FICS  IT&nbsp;서비스,,,,,,,1.0,,1613.0,8879200.0,,,,,,,,,,,,,,,,,,,,,,,,,1093.5999755859375,2.122999906539917,,52.689998626708984,91.08000183105469,,1186.0,,,,
20150102,463480,모티브링크,KOSDAQ,Listed,,FICS  자동차부품,,,,,,,1.0,,1130.0,12390358.0,,,,,,,,,,,,,,,,,,,,,,,,,1093.5999755859375,2.122999906539917,,52.689998626708984,91.08000183105469,,1186.0,,,,
20150102,464080,에스오에스랩,KOSDAQ,Listed,,FICS  전자&nbsp;장비&nbsp;및&nbsp;기기,,,,,,,1.0,,1932.0,17681830.0,,,,,,,,,,,,,20150331,15.0,-40.0,-45.0,25391107880.0,67479408301.888,,,,,-255.0,-50.41,1093.5999755859375,2.122999906539917,,52.689998626708984,91.08000183105469,,1186.0,,20150331,1436.0,165.76
20150102,464280,티디에스팜,KOSDAQ,Listed,,FICS  제약,,,,,,,1.0,,536.0,5530000.0,,,,,,,,,,,,,20150331,81.0,16.0,15.0,43073170000.0,53871613719.0,,,,,264.0,8.3,1093.5999755859375,2.122999906539917,,52.689998626708984,91.08000183105469,,1186.0,,20150331,7789.0,25.07
20150102,464440,한국제13호스팩,KOSDAQ,Listed,,FICS  창업투자&nbsp;및&nbsp;종금,,,,,,,1.0,,92.0,4320000.0,,,,,,,,,,,,,,,,,,,,,,,,,1093.5999755859375,2.122999906539917,,52.689998626708984,91.08000183105469,,1186.0,,,,
20150102,464500,아이언디바이스,KOSDAQ,Listed,,FICS  반도체&nbsp;및&nbsp;관련장비,,,,,,,1.0,,417.0,13963263.0,,,,,,,,,,,,,20150331,31.0,-14.0,-10.0,27814819896.0,34440309995.227196,,,,,-68.0,-16.59,1093.5999755859375,2.122999906539917,,52.689998626708984,91.08000183105469,,1186.0,,20150331,1992.0,23.82
20150102,464580,닷밀,KOSDAQ,Listed,,FICS  미디어,,,,,,,1.0,,426.0,18359486.0,,,,,,,,,,,,,,,,,,,,,,,,,1093.5999755859375,2.122999906539917,,52.689998626708984,91.08000183105469,,1186.0,,,,
20150102,464680,KB제27호스팩,KOSDAQ,Listed,,FICS  창업투자&nbsp;및&nbsp;종금,,,,,,,1.0,,267.0,12905000.0,,,,,,,,,,,,,,,-0.0,2.0,26919830000.0,31237770732.000004,,,,,12.0,2.3,1093.5999755859375,2.122999906539917,,52.689998626708984,91.08000183105469,,1186.0,,,2086.0,16.04
20150102,465320,교보15호스팩,KOSDAQ,Listed,,FICS  창업투자&nbsp;및&nbsp;종금,,,,,,,1.0,,88.0,3810000.0,,,,,,,,,,,,,,,,,,,,,,,,,1093.5999755859375,2.122999906539917,,52.689998626708984,91.08000183105469,,1186.0,,,,
20150102,465480,인스피언,KOSDAQ,Listed,,FICS  IT&nbsp;서비스,,,,,,,1.0,,568.0,10137772.0,,,,,,,,,,,,,20150331,46.0,-2.0,13.0,53476747300.0,58663991788.1,,,,,125.0,11.76,1093.5999755859375,2.122999906539917,,52.689998626708984,91.08000183105469,,1186.0,,20150331,5275.0,9.7
20150102,465770,STX그린로지스,KOSDAQ,Listed,,FICS  해상운수,,,,,,,1.0,,471.0,7171032.0,,,,,,,,,,,,,20150331,498.0,-70.0,-73.0,49085714040.0,201811004704.056,,,,,-1012.0,-32.8,1093.5999755859375,2.122999906539917,,52.689998626708984,91.08000183105469,,1186.0,,20150331,6845.0,311.14
20150102,466100,클로봇,KOSDAQ,Listed,,FICS  기계,,,,,,,1.0,,10596.0,24992139.0,,,,,,,,,,,,,20150331,107.0,8.0,12.0,58956455901.0,73447952761.4658,,,,,47.0,-15.71,1093.5999755859375,2.122999906539917,,52.689998626708984,91.08000183105469,,1186.0,,20150331,2359.0,24.58
20150102,466410,사이냅소프트,KOSDAQ,Listed,,FICS  일반&nbsp;소프트웨어,,,,,,,1.0,,601.0,5037023.0,,,,,,,,,,,,,20150331,31.0,9.0,13.0,70689580782.0,72760785498.91261,,,,,259.0,12.3,1093.5999755859375,2.122999906539917,,52.689998626708984,91.08000183105469,,1186.0,,20150331,14034.0,2.93
20150102,466910,엔에이치스팩30호,KOSDAQ,Listed,,FICS  창업투자&nbsp;및&nbsp;종금,,,,,,,1.0,,194.0,9100000.0,,,,,,,,,,,,,,,-0.0,1.0,18099900000.0,20805835050.0,,,,,9.0,2.2,1093.5999755859375,2.122999906539917,,52.689998626708984,91.08000183105469,,1186.0,,,1989.0,14.95
20150102,467930,IBKS제23호스팩,KOSDAQ,Listed,,FICS  창업투자&nbsp;및&nbsp;종금,,,,,,,1.0,,93.0,4230000.0,,,,,,,,,,,,,,,-0.0,0.0,8582670000.0,10204794630.0,,,,,7.0,1.15,1093.5999755859375,2.122999906539917,,52.689998626708984,91.08000183105469,,1186.0,,,2029.0,18.9
20150102,468530,프로티나,KOSDAQ,Listed,,FICS  바이오,,,,,,,1.0,,10797.0,10939480.0,,,,,,,,,,,,,20150331,6.0,-29.0,-26.0,8346823240.0,9025419969.411999,,,,,-245.0,-58.07,1093.5999755859375,2.122999906539917,,52.689998626708984,91.08000183105469,,1186.0,,20150331,763.0,8.13
20150102,468760,유진스팩10호,KOSDAQ,Listed,,FICS  창업투자&nbsp;및&nbsp;종금,,,,,,,1.0,,90.0,4240000.0,,,,,,,,,,,,,,,-0.0,0.0,8632640000.0,10165796864.0,,,,,4.0,1.8,1093.5999755859375,2.122999906539917,,52.689998626708984,91.08000183105469,,1186.0,,,2036.0,17.76
20150102,469480,IBKS제24호스팩,KOSDAQ,Listed,,FICS  창업투자&nbsp;및&nbsp;종금,,,,,,,1.0,,93.0,4230000.0,,,,,,,,,,,,,,,-0.0,0.0,8574210000.0,10108136169.0,,,,,7.0,1.61,1093.5999755859375,2.122999906539917,,52.689998626708984,91.08000183105469,,1186.0,,,2027.0,17.89
20150102,469610,이노테크,KOSDAQ,Listed,,FICS  디스플레이&nbsp;및&nbsp;관련부품,,,,,,,1.0,,3355.0,8876900.0,,,,,,,,,,,,,20150331,187.0,15.0,17.0,46124372400.0,83766472715.64,,,,,215.0,19.66,1093.5999755859375,2.122999906539917,,52.689998626708984,91.08000183105469,,1186.0,,20150331,5196.0,81.61
20150102,469750,아이비젼웍스,KOSDAQ,Listed,,FICS  전자&nbsp;장비&nbsp;및&nbsp;기기,,,,,,,1.0,,523.0,34456481.0,,,,,,,,,,,,,20150331,101.0,13.0,15.0,36696152265.0,47903157166.731,,,,,43.0,0.26,1093.5999755859375,2.122999906539917,,52.689998626708984,91.08000183105469,,1186.0,,20150331,1065.0,30.54
20150102,469880,하나30호스팩,KOSDAQ,Listed,,FICS  창업투자&nbsp;및&nbsp;종금,,,,,,,1.0,,150.0,7305000.0,,,,,,,,,,,,,,,-0.0,1.0,14953335000.0,17776524648.0,,,,,7.0,1.97,1093.5999755859375,2.122999906539917,,52.689998626708984,91.08000183105469,,1186.0,,,2047.0,18.88
20150102,469900,하나31호스팩,KOSDAQ,Listed,,FICS  창업투자&nbsp;및&nbsp;종금,,,,,,,1.0,,117.0,5605000.0,,,,,,,,,,,,,,,-0.0,0.0,10935355000.0,12618306134.5,,,,,7.0,1.88,1093.5999755859375,2.122999906539917,,52.689998626708984,91.08000183105469,,1186.0,,,1951.0,15.39
20150102,471050,대신밸런스제17호스팩,KOSDAQ,Listed,,FICS  창업투자&nbsp;및&nbsp;종금,,,,,,,1.0,,134.0,6060000.0,,,,,,,,,,,,,,,-0.0,1.0,12059400000.0,13243633080.0,,,,,18.0,2.17,1093.5999755859375,2.122999906539917,,52.689998626708984,91.08000183105469,,1186.0,,,1990.0,9.82
20150102,471820,셀로맥스사이언스,KOSDAQ,Listed,,FICS  식료품,,,,,,,1.0,,536.0,11581203.0,,,,,,,,,,,,,,,,,,,,,,,,,1093.5999755859375,2.122999906539917,,52.689998626708984,91.08000183105469,,1186.0,,,,
20150102,472220,신영스팩10호,KOSDAQ,Listed,,FICS  창업투자&nbsp;및&nbsp;종금,,,,,,,1.0,,103.0,4690000.0,,,,,,,,,,,,,,,-0.0,-0.0,9619190000.0,11160184238.000002,,,,,-1.0,1.18,1093.5999755859375,2.122999906539917,,52.689998626708984,91.08000183105469,,1186.0,,,2051.0,16.02
20150102,472230,에스케이증권제11호스팩,KOSDAQ,Listed,,FICS  창업투자&nbsp;및&nbsp;종금,,,,,,,1.0,,85.0,4155000.0,,,,,,,,,,,,,,,-0.0,1.0,8459580000.0,10147266210.0,,,,,15.0,1.7,1093.5999755859375,2.122999906539917,,52.689998626708984,91.08000183105469,,1186.0,,,2036.0,19.95
20150102,472850,폰드그룹,KOSDAQ,Listed,,FICS  섬유&nbsp;및&nbsp;의복,,,,,,,1.0,,2807.0,32343933.0,,,,,,,,,,,,,,,,,,,,,,,,,1093.5999755859375,2.122999906539917,,52.689998626708984,91.08000183105469,,1186.0,,,,
20150102,473000,에스케이증권제12호스팩,KOSDAQ,Listed,,FICS  창업투자&nbsp;및&nbsp;종금,,,,,,,1.0,,68.0,3310000.0,,,,,,,,,,,,,,,-0.0,0.0,6557110000.0,8059999612.0,,,,,4.0,0.81,1093.5999755859375,2.122999906539917,,52.689998626708984,91.08000183105469,,1186.0,,,1981.0,22.92
20150102,473050,유안타제15호스팩,KOSDAQ,Listed,,FICS  창업투자&nbsp;및&nbsp;종금,,,,,,,1.0,,143.0,7010000.0,,,,,,,,,,,,,,,-0.0,1.0,13956910000.0,15574515868.999998,,,,,12.0,2.16,1093.5999755859375,2.122999906539917,,52.689998626708984,91.08000183105469,,1186.0,,,1991.0,11.59
20150102,473370,비엔케이제2호스팩,KOSDAQ,Listed,,FICS  창업투자&nbsp;및&nbsp;종금,,,,,,,1.0,,85.0,4210000.0,,,,,,,,,,,,,,,-0.0,0.0,8512620000.0,10009989858.0,,,,,11.0,1.36,1093.5999755859375,2.122999906539917,,52.689998626708984,91.08000183105469,,1186.0,,,2022.0,17.59
20150102,473950,에스케이증권제13호스팩,KOSDAQ,Listed,,FICS  창업투자&nbsp;및&nbsp;종금,,,,,,,1.0,,89.0,4420000.0,,,,,,,,,,,,,,,,,,,,,,,,,1093.5999755859375,2.122999906539917,,52.689998626708984,91.08000183105469,,1186.0,,,,
20150102,473980,노머스,KOSDAQ,Listed,,FICS  미디어,,,,,,,1.0,,2288.0,11001322.0,,,,,,,,,,,,,20150331,215.0,51.0,62.0,104930609236.0,119568429224.422,,,,,441.0,19.02,1093.5999755859375,2.122999906539917,,52.689998626708984,91.08000183105469,,1186.0,,20150331,9538.0,13.95
20150102,474170,루미르,KOSDAQ,Listed,,FICS  상업서비스,,,,,,,1.0,,1332.0,17817696.0,,,,,,,,,,,,,20150331,28.0,-3.0,2.0,61292874240.0,68954483520.0,,,,,8.0,0.41,1093.5999755859375,2.122999906539917,,52.689998626708984,91.08000183105469,,1186.0,,20150331,3440.0,12.5
20150102,474490,유안타제16호스팩,KOSDAQ,Listed,,FICS  창업투자&nbsp;및&nbsp;종금,,,,,,,1.0,,112.0,5510000.0,,,,,,,,,,,,,,,-0.0,1.0,11047550000.0,12705787255.000002,,,,,10.0,2.25,1093.5999755859375,2.122999906539917,,52.689998626708984,91.08000183105469,,1186.0,,,2005.0,15.01
20150102,474610,RF시스템즈,KOSDAQ,Listed,,FICS  상업서비스,,,,,,,1.0,,531.0,13427822.0,,,,,,,,,,,,,20150331,76.0,6.0,9.0,48219308802.0,78255116254.7658,,,,,67.0,-11.94,1093.5999755859375,2.122999906539917,,52.689998626708984,91.08000183105469,,1186.0,,20150331,3591.0,62.29
20150102,474650,링크솔루션,KOSDAQ,Listed,,FICS  기계,,,,,,,1.0,,2382.0,5579032.0,,,,,,,,,,,,,20150331,19.0,-14.0,-12.0,38556690152.0,62030003116.5376,,,,,-213.0,-40.24,1093.5999755859375,2.122999906539917,,52.689998626708984,91.08000183105469,,1186.0,,20150331,6911.0,60.88
20150102,474660,신한제12호스팩,KOSDAQ,Listed,,FICS  창업투자&nbsp;및&nbsp;종금,,,,,,,1.0,,115.0,5520000.0,,,,,,,,,,,,,,,,,,,,,,,,,1093.5999755859375,2.122999906539917,,52.689998626708984,91.08000183105469,,1186.0,,,,
20150102,474930,신한제13호스팩,KOSDAQ,Listed,,FICS  창업투자&nbsp;및&nbsp;종금,,,,,,,1.0,,78.0,3620000.0,,,,,,,,,,,,,,,,,,,,,,,,,1093.5999755859375,2.122999906539917,,52.689998626708984,91.08000183105469,,1186.0,,,,
20150102,475150,SK이터닉스,KOSDAQ,Listed,,FICS  에너지&nbsp;시설&nbsp;및&nbsp;서비스,,,,,,,1.0,,6713.0,33754042.0,,,,,,,,,,,,,20150331,2582.0,446.0,309.0,276175571644.0,1580083298046.8174,,,,,813.0,12.66,1093.5999755859375,2.122999906539917,,52.689998626708984,91.08000183105469,,1186.0,,20150331,8182.0,472.13
20150102,475230,엔알비,KOSDAQ,Listed,,FICS  건설,,,,,,,1.0,,1411.0,10427139.0,,,,,,,,,,,,,,,,,,,,,,,,,1093.5999755859375,2.122999906539917,,52.689998626708984,91.08000183105469,,1186.0,,,,
20150102,475240,하나32호스팩,KOSDAQ,Listed,,FICS  창업투자&nbsp;및&nbsp;종금,,,,,,,1.0,,67.0,3200000.0,,,,,,,,,,,,,,,-0.0,0.0,6332800000.0,7284619840.000001,,,,,8.0,1.8,1093.5999755859375,2.122999906539917,,52.689998626708984,91.08000183105469,,1186.0,,,1979.0,15.03
20150102,475250,하나33호스팩,KOSDAQ,Listed,,FICS  창업투자&nbsp;및&nbsp;종금,,,,,,,1.0,,77.0,3700000.0,,,,,,,,,,,,,,,-0.0,0.0,7374100000.0,8508973989.999999,,,,,8.0,1.9,1093.5999755859375,2.122999906539917,,52.689998626708984,91.08000183105469,,1186.0,,,1993.0,15.39
20150102,475400,씨메스,KOSDAQ,Listed,,FICS  기계,,,,,,,1.0,,3896.0,11684814.0,,,,,,,,,,,,,,,,,,,,,,,,,1093.5999755859375,2.122999906539917,,52.689998626708984,91.08000183105469,,1186.0,,,,
20150102,475430,키스트론,KOSDAQ,Listed,,FICS  전기장비,,,,,,,1.0,,812.0,17848110.0,,,,,,,,,,,,,20150331,166.0,20.0,21.0,174643756350.0,206201883122.445,,,,,117.0,5.66,1093.5999755859375,2.122999906539917,,52.689998626708984,91.08000183105469,,1186.0,,20150331,9785.0,18.07
20150102,475460,미트박스,KOSDAQ,Listed,,FICS  온라인쇼핑,,,,,,,1.0,,493.0,5613025.0,,,,,,,,,,,,,20150331,415.0,9.0,7.0,36389241075.0,90183456156.1725,,,,,123.0,2.01,1093.5999755859375,2.122999906539917,,52.689998626708984,91.08000183105469,,1186.0,,20150331,6483.0,147.83
20150102,475560,더본코리아,KOSDAQ,Listed,,FICS  호텔&nbsp;및&nbsp;레저,,,,,,,1.0,,3827.0,14776640.0,,,,,,,,,,,,,20150331,874.0,-44.0,-27.0,243223494400.0,312931347895.04,,,,300.0,-180.0,15.52,1093.5999755859375,2.122999906539917,,52.689998626708984,91.08000183105469,,1186.0,,20150331,16460.0,28.66
20150102,475580,에이럭스,KOSDAQ,Listed,,FICS  교육,,,,,,,1.0,,1313.0,13624900.0,,,,,,,,,,,,,20150331,127.0,-39.0,-36.0,50453004700.0,58318628132.729996,,,,,-264.0,6.6,1093.5999755859375,2.122999906539917,,52.689998626708984,91.08000183105469,,1186.0,,20150331,3703.0,15.59
20150102,475660,에스켐,KOSDAQ,Listed,,FICS  디스플레이&nbsp;및&nbsp;관련부품,,,,,,,1.0,,504.0,7929835.0,,,,,,,,,,,,,,,,,,,,,,,,,1093.5999755859375,2.122999906539917,,52.689998626708984,91.08000183105469,,1186.0,,,,
20150102,475830,오름테라퓨틱,KOSDAQ,Listed,,FICS  제약,,,,,,,1.0,,17392.0,21158537.0,,,,,,,,,,,,,20150331,209.0,-139.0,-136.0,145189880894.0,182343971414.7746,,,,,-646.0,-26.72,1093.5999755859375,2.122999906539917,,52.689998626708984,91.08000183105469,,1186.0,,20150331,6862.0,25.59
20150102,475960,토모큐브,KOSDAQ,Listed,,FICS  의료&nbsp;장비&nbsp;및&nbsp;서비스,,,,,,,1.0,,8219.0,13321774.0,,,,,,,,,,,,,,,,,,,,,,,,,1093.5999755859375,2.122999906539917,,52.689998626708984,91.08000183105469,,1186.0,,,,
20150102,476040,오가노이드사이언스,KOSDAQ,Listed,,FICS  바이오,,,,,,,1.0,,2921.0,6572704.0,,,,,,,,,,,,,20150331,3.0,-39.0,-39.0,28919897600.0,41485593107.200005,,,,,-577.0,36.26,1093.5999755859375,2.122999906539917,,52.689998626708984,91.08000183105469,,1186.0,,20150331,4400.0,43.45
20150102,476060,온코닉테라퓨틱스,KOSDAQ,Listed,,FICS  제약,,,,,,,1.0,,7687.0,44489866.0,,,,,,,,,,,,,20150331,139.0,25.0,29.0,75855221530.0,81362310613.078,,,,,65.0,33.75,1093.5999755859375,2.122999906539917,,52.689998626708984,91.08000183105469,,1186.0,,20150331,1705.0,7.26
20150102,476080,M83,KOSDAQ,Listed,,FICS  미디어,,,,,,,1.0,,802.0,8037000.0,,,,,,,,,,,,,,,,,,,,,,,,,1093.5999755859375,2.122999906539917,,52.689998626708984,91.08000183105469,,1186.0,,,,
20150102,477340,에이치엠씨제7호스팩,KOSDAQ,Listed,,FICS  창업투자&nbsp;및&nbsp;종금,,,,,,,1.0,,151.0,7510000.0,,,,,,,,,,,,,,,-0.0,2.0,14824740000.0,16059640841.999998,,,,,21.0,2.74,1093.5999755859375,2.122999906539917,,52.689998626708984,91.08000183105469,,1186.0,,,1974.0,8.33
20150102,477380,미래에셋비전스팩4호,KOSDAQ,Listed,,FICS  창업투자&nbsp;및&nbsp;종금,,,,,,,1.0,,168.0,8100000.0,,,,,,,,,,,,,,,-0.0,1.0,15236100000.0,17238123540.0,,,,,12.0,2.38,1093.5999755859375,2.122999906539917,,52.689998626708984,91.08000183105469,,1186.0,,,1881.0,13.14
20150102,477470,미래에셋비전스팩5호,KOSDAQ,Listed,,FICS  창업투자&nbsp;및&nbsp;종금,,,,,,,1.0,,116.0,5480000.0,,,,,,,,,,,,,,,-0.0,1.0,10587360000.0,12253810464.0,,,,,9.0,1.91,1093.5999755859375,2.122999906539917,,52.689998626708984,91.08000183105469,,1186.0,,,1932.0,15.74
20150102,477760,DB금융스팩12호,KOSDAQ,Listed,,FICS  창업투자&nbsp;및&nbsp;종금,,,,,,,1.0,,122.0,5840000.0,,,,,,,,,,,,,,,,,,,,,,,,,1093.5999755859375,2.122999906539917,,52.689998626708984,91.08000183105469,,1186.0,,,,
20150102,478110,이베스트스팩6호,KOSDAQ,Listed,,FICS  창업투자&nbsp;및&nbsp;종금,,,,,,,1.0,,101.0,5020000.0,,,,,,,,,,,,,,,-0.0,0.0,9111300000.0,10042474860.0,,,,,7.0,,1093.5999755859375,2.122999906539917,,52.689998626708984,91.08000183105469,,1186.0,,,1815.0,10.22
20150102,478390,KB제29호스팩,KOSDAQ,Listed,,FICS  창업투자&nbsp;및&nbsp;종금,,,,,,,1.0,,129.0,6220000.0,,,,,,,,,,,,,,,-0.0,1.0,12639040000.0,14807899264.0,,,,,8.0,2.02,1093.5999755859375,2.122999906539917,,52.689998626708984,91.08000183105469,,1186.0,,,2032.0,17.16
20150102,478440,미래에셋비전스팩6호,KOSDAQ,Listed,,FICS  창업투자&nbsp;및&nbsp;종금,,,,,,,1.0,,141.0,6930000.0,,,,,,,,,,,,,,,-0.0,1.0,13853070000.0,16231642119.0,,,,,8.0,1.96,1093.5999755859375,2.122999906539917,,52.689998626708984,91.08000183105469,,1186.0,,,1999.0,17.17
20150102,478560,블랙야크아이앤씨,KOSDAQ,Listed,,FICS  섬유&nbsp;및&nbsp;의복,,,,,,,1.0,,951.0,25830298.0,,,,,,,,,,,,,,,,,,,,,,,,,1093.5999755859375,2.122999906539917,,52.689998626708984,91.08000183105469,,1186.0,,,,
20150102,478780,대신밸런스제18호스팩,KOSDAQ,Listed,,FICS  창업투자&nbsp;및&nbsp;종금,,,,,,,1.0,,264.0,7910000.0,,,,,,,,,,,,,,,,,,,,,,,,,1093.5999755859375,2.122999906539917,,52.689998626708984,91.08000183105469,,1186.0,,,,
20150102,479880,한국제15호스팩,KOSDAQ,Listed,,FICS  창업투자&nbsp;및&nbsp;종금,,,,,,,1.0,,142.0,6870000.0,,,,,,,,,,,,,,,-0.0,0.0,13458330000.0,15120433755.0,,,,,4.0,2.11,1093.5999755859375,2.122999906539917,,52.689998626708984,91.08000183105469,,1186.0,,,1959.0,12.35
20150102,479960,위너스,KOSDAQ,Listed,,FICS  전기장비,,,,,,,1.0,,778.0,6851000.0,,,,,,,,,,,,,,,,,,,,,,,,,1093.5999755859375,2.122999906539917,,52.689998626708984,91.08000183105469,,1186.0,,,,
20150102,480370,씨케이솔루션,KOSDAQ,Listed,,FICS  기계,,,,,,,1.0,,1107.0,10934861.0,,,,,,,,,,,,,,,,,,,,,,,,,1093.5999755859375,2.122999906539917,,52.689998626708984,91.08000183105469,,1186.0,,,,
20150102,481070,에이유브랜즈,KOSDAQ,Listed,,FICS  섬유&nbsp;및&nbsp;의복,,,,,,,1.0,,2749.0,14160000.0,,,,,,,,,,,,,,,,,,,,,,,,,1093.5999755859375,2.122999906539917,,52.689998626708984,91.08000183105469,,1186.0,,,,
20150102,481850,신한글로벌액티브리츠,KOSDAQ,Listed,,FICS  부동산,,,,,,,1.0,,580.0,43477664.0,,,,,,,,,,,,,,,,,,,,,,,,,1093.5999755859375,2.122999906539917,,52.689998626708984,91.08000183105469,,1186.0,,,,
20150102,481890,엔에이치스팩31호,KOSDAQ,Listed,,FICS  창업투자&nbsp;및&nbsp;종금,,,,,,,1.0,,135.0,6345000.0,,,,,,,,,,,,,,,-0.0,1.0,12829590000.0,15224874453.000002,,,,,10.0,2.09,1093.5999755859375,2.122999906539917,,52.689998626708984,91.08000183105469,,1186.0,,,2022.0,18.67
20150102,482520,교보16호스팩,KOSDAQ,Listed,,FICS  창업투자&nbsp;및&nbsp;종금,,,,,,,1.0,,127.0,6100000.0,,,,,,,,,,,,,,,-0.0,0.0,12322000000.0,15080895800.0,,,,,7.0,1.4,1093.5999755859375,2.122999906539917,,52.689998626708984,91.08000183105469,,1186.0,,,2020.0,22.39
20150102,482630,삼양엔씨켐,KOSDAQ,Listed,,FICS  반도체&nbsp;및&nbsp;관련장비,,,,,,,1.0,,2276.0,10944140.0,,,,,,,,,,,,,,,,,,,,,,,,,1093.5999755859375,2.122999906539917,,52.689998626708984,91.08000183105469,,1186.0,,,,
20150102,482680,미래에셋비전스팩7호,KOSDAQ,Listed,,FICS  창업투자&nbsp;및&nbsp;종금,,,,,,,1.0,,166.0,8215000.0,,,,,,,,,,,,,,,-0.0,1.0,16701095000.0,20139850460.5,,,,,10.0,1.71,1093.5999755859375,2.122999906539917,,52.689998626708984,91.08000183105469,,1186.0,,,2033.0,20.59
20150102,482690,대신밸런스제19호스팩,KOSDAQ,Listed,,FICS  창업투자&nbsp;및&nbsp;종금,,,,,,,1.0,,122.0,5615000.0,,,,,,,,,,,,,,,-0.0,0.0,11550055000.0,13486999223.5,,,,,6.0,,1093.5999755859375,2.122999906539917,,52.689998626708984,91.08000183105469,,1186.0,,,2057.0,16.77
20150102,483650,달바글로벌,KOSDAQ,Listed,,FICS  개인생활용품,,,,,,,1.0,,15985.0,12343915.0,,,,,,,,,,,,,20150331,1472.0,249.0,187.0,188466894220.0,238504854635.41,,,,2226.0,1528.0,48.88,1093.5999755859375,2.122999906539917,,52.689998626708984,91.08000183105469,,1186.0,,20150331,15268.0,26.55
20150102,484120,도우인시스,KOSDAQ,Listed,,FICS  디스플레이&nbsp;및&nbsp;관련부품,,,,,,,1.0,,2560.0,10757022.0,,,,,,,,,,,,,,,,,,,,,,,,,1093.5999755859375,2.122999906539917,,52.689998626708984,91.08000183105469,,1186.0,,,,
20150102,484130,하나34호스팩,KOSDAQ,Listed,,FICS  창업투자&nbsp;및&nbsp;종금,,,,,,,1.0,,94.0,4520000.0,,,,,,,,,,,,,,,-0.0,0.0,8601560000.0,10025118180.0,,,,,8.0,,1093.5999755859375,2.122999906539917,,52.689998626708984,91.08000183105469,,1186.0,,,1903.0,16.55
20150102,484590,삼양컴텍,KOSDAQ,Listed,,FICS  상업서비스,,,,,,,1.0,,4821.0,41210450.0,,,,,,,,,,,,,20150331,355.0,78.0,59.0,84234159800.0,238593257633.5,,,,,187.0,38.14,1093.5999755859375,2.122999906539917,,52.689998626708984,91.08000183105469,,1186.0,,20150331,2044.0,183.25
20150102,484810,티엑스알로보틱스,KOSDAQ,Listed,,FICS  기계,,,,,,,1.0,,2241.0,15450915.0,,,,,,,,,,,,,20150331,79.0,-10.0,-9.0,68200338810.0,125474983342.63799,,,,,-57.0,-0.82,1093.5999755859375,2.122999906539917,,52.689998626708984,91.08000183105469,,1186.0,,20150331,4414.0,83.98
20150102,484870,엠앤씨솔루션,KOSDAQ,Listed,,FICS  상업서비스,,,,,,,1.0,,12485.0,9153900.0,,,,,,,,,,,,,,,,,,,,,,,,,1093.5999755859375,2.122999906539917,,52.689998626708984,91.08000183105469,,1186.0,,,,
20150102,486630,KB제30호스팩,KOSDAQ,Listed,,FICS  창업투자&nbsp;및&nbsp;종금,,,,,,,1.0,,109.0,5310000.0,,,,,,,,,,,,,,,,,,,,,,,,,1093.5999755859375,2.122999906539917,,52.689998626708984,91.08000183105469,,1186.0,,,,
20150102,486990,노타,KOSDAQ,Listed,,FICS  IT&nbsp;서비스,,,,,,,1.0,,9417.0,21161880.0,,,,,,,,,,,,,20150331,30.0,-43.0,-44.0,4634451720.0,21157198992.144,,,,,-240.0,41.9,1093.5999755859375,2.122999906539917,,52.689998626708984,91.08000183105469,,1186.0,,20150331,219.0,356.52
20150102,487360,신한제14호스팩,KOSDAQ,Listed,,FICS  창업투자&nbsp;및&nbsp;종금,,,,,,,1.0,,117.0,5640000.0,,,,,,,,,,,,,,,-0.0,0.0,10738560000.0,11996045376.0,,,,,8.0,,1093.5999755859375,2.122999906539917,,52.689998626708984,91.08000183105469,,1186.0,,,1904.0,11.71
20150102,487570,HS효성,KOSDAQ,Listed,,FICS  복합&nbsp;산업,,,,,,,1.0,,2421.0,3725927.0,,,,,,,,,,,,,20150331,4087.0,126.0,56.0,548970632326.0,1051608143283.6855,,,,,1448.0,2.43,1093.5999755859375,2.122999906539917,,52.689998626708984,91.08000183105469,,1186.0,,20150331,147338.0,91.56
20150102,487720,키움제10호스팩,KOSDAQ,Listed,,FICS  창업투자&nbsp;및&nbsp;종금,,,,,,,1.0,,88.0,4230000.0,,,,,,,,,,,,,,,-0.0,0.0,8282340000.0,9999269082.0,,,,,8.0,,1093.5999755859375,2.122999906539917,,52.689998626708984,91.08000183105469,,1186.0,,,1958.0,20.73
20150102,487830,신한제15호스팩,KOSDAQ,Listed,,FICS  창업투자&nbsp;및&nbsp;종금,,,,,,,1.0,,89.0,4350000.0,,,,,,,,,,,,,,,,,,,,,,,,,1093.5999755859375,2.122999906539917,,52.689998626708984,91.08000183105469,,1186.0,,,,
20150102,488060,유진스팩11호,KOSDAQ,Listed,,FICS  창업투자&nbsp;및&nbsp;종금,,,,,,,1.0,,97.0,4720000.0,,,,,,,,,,,,,,,-0.0,0.0,9454160000.0,11070821360.0,,,,,5.0,,1093.5999755859375,2.122999906539917,,52.689998626708984,91.08000183105469,,1186.0,,,2003.0,17.1
20150102,488280,에스투더블유,KOSDAQ,Listed,,FICS  IT&nbsp;서비스,,,,,,,1.0,,3143.0,10654263.0,,,,,,,,,,,,,20150331,23.0,-22.0,-21.0,22555074771.0,30656857628.7432,,,,,-229.0,-27.34,1093.5999755859375,2.122999906539917,,52.689998626708984,91.08000183105469,,1186.0,,20150331,2117.0,35.92
20150102,488900,비츠로넥스텍,KOSDAQ,Listed,,FICS  상업서비스,,,,,,,1.0,,3187.0,28976443.0,,,,,,,,,,,,,20150331,304.0,-141.0,-154.0,42479465438.0,112018350360.00598,,,,,-741.0,-59.01,1093.5999755859375,2.122999906539917,,52.689998626708984,91.08000183105469,,1186.0,,20150331,1466.0,163.7
20150102,489210,교보17호스팩,KOSDAQ,Listed,,FICS  창업투자&nbsp;및&nbsp;종금,,,,,,,1.0,,108.0,5180000.0,,,,,,,,,,,,,,,-0.0,1.0,10411800000.0,12043329060.0,,,,,10.0,,1093.5999755859375,2.122999906539917,,52.689998626708984,91.08000183105469,,1186.0,,,2010.0,15.67
20150102,489460,바이오비쥬,KOSDAQ,Listed,,FICS  개인생활용품,,,,,,,1.0,,1907.0,15044430.0,,,,,,,,,,,,,20150331,66.0,24.0,24.0,63607850040.0,66610140561.88799,,,,,162.0,34.17,1093.5999755859375,2.122999906539917,,52.689998626708984,91.08000183105469,,1186.0,,20150331,4228.0,4.72
20150102,489480,키움제11호스팩,KOSDAQ,Listed,,FICS  창업투자&nbsp;및&nbsp;종금,,,,,,,1.0,,137.0,6600000.0,,,,,,,,,,,,,,,-0.0,1.0,11668800000.0,12473947200.0,,,,,8.0,,1093.5999755859375,2.122999906539917,,52.689998626708984,91.08000183105469,,1186.0,,,1768.0,6.9
20150102,489500,엘케이켐,KOSDAQ,Listed,,FICS  반도체&nbsp;및&nbsp;관련장비,,,,,,,1.0,,1500.0,6278056.0,,,,,,,,,,,,,20150331,56.0,16.0,16.0,39401079456.0,43869161866.310394,,,,,250.0,11.04,1093.5999755859375,2.122999906539917,,52.689998626708984,91.08000183105469,,1186.0,,20150331,6276.0,11.34
20150102,489730,디비금융제13호스팩,KOSDAQ,Listed,,FICS  창업투자&nbsp;및&nbsp;종금,,,,,,,1.0,,129.0,6332000.0,,,,,,,,,,,,,,,-0.0,1.0,12581684000.0,14395962832.800001,,,,,10.0,,1093.5999755859375,2.122999906539917,,52.689998626708984,91.08000183105469,,1186.0,,,1987.0,14.42
20150102,489790,한화비전,KOSDAQ,Listed,,FICS  보안장비,,,,,,,1.0,,20977.0,50488390.0,,,,,,,,,,,,,20150331,4330.0,338.0,-68.0,823920036410.0,1831986200957.635,,,,,-118.0,0.54,1093.5999755859375,2.122999906539917,,52.689998626708984,91.08000183105469,,1186.0,,20150331,16319.0,122.35
20150102,492220,KB제31호스팩,KOSDAQ,Listed,,FICS  창업투자&nbsp;및&nbsp;종금,,,,,,,1.0,,125.0,6210000.0,,,,,,,,,,,,,,,-1.0,0.0,12345480000.0,14523222672.000002,,,,,2.0,,1093.5999755859375,2.122999906539917,,52.689998626708984,91.08000183105469,,1186.0,,,1988.0,17.64
20150102,493790,유안타제17호스팩,KOSDAQ,Listed,,FICS  창업투자&nbsp;및&nbsp;종금,,,,,,,1.0,,106.0,5310000.0,,,,,,,,,,,,,,,-0.0,0.0,10476630000.0,12286991664.0,,,,,7.0,,1093.5999755859375,2.122999906539917,,52.689998626708984,91.08000183105469,,1186.0,,,1973.0,17.28
20150102,494120,큐리오시스,KOSDAQ,Listed,,FICS  바이오,,,,,,,1.0,,5438.0,7606082.0,,,,,,,,,,,,,20150331,12.0,-21.0,-21.0,5423136466.0,13170629221.327602,,,,,-325.0,100.49,1093.5999755859375,2.122999906539917,,52.689998626708984,91.08000183105469,,1186.0,,20150331,713.0,142.86
20150102,496070,신한제16호스팩,KOSDAQ,Listed,,FICS  창업투자&nbsp;및&nbsp;종금,,,,,,,1.0,,116.0,5620000.0,,,,,,,,,,,,,,,-0.0,0.0,10593700000.0,11821509829.999998,,,,,4.0,,1093.5999755859375,2.122999906539917,,52.689998626708984,91.08000183105469,,1186.0,,,1885.0,11.59
20150102,498390,한화플러스제5호스팩,KOSDAQ,Listed,,FICS  창업투자&nbsp;및&nbsp;종금,,,,,,,1.0,,99.0,4960000.0,,,,,,,,,,,,,,,-2.0,-2.0,9741440000.0,11773504384.000002,,,,,-41.0,,1093.5999755859375,2.122999906539917,,52.689998626708984,91.08000183105469,,1186.0,,,1964.0,20.86
20150102,499790,GS피앤엘,KOSDAQ,Listed,,FICS  호텔&nbsp;및&nbsp;레저,,,,,,,1.0,,9518.0,19830841.0,,,,,,,,,,,,,20150331,1509.0,279.0,206.0,870375611490.0,1682523094571.319,,,,405.0,425.0,,1093.5999755859375,2.122999906539917,,52.689998626708984,91.08000183105469,,1186.0,,20150331,43890.0,93.31
20150102,900070,글로벌에스엠,KOSDAQ,Listed,,FICS  자동차부품,813.0,832.0,790.0,833.0,1038510.0,865078830.0,1.0,833.0,228.0,53743968.0,,,0.0,0.0,0.0,,,0.0,,,,,,,,,,,,,,,,,1093.5999755859375,2.122999906539917,,52.689998626708984,91.08000183105469,,1186.0,,,,
20150102,900100,애머릿지,KOSDAQ,Listed,,FICS  섬유&nbsp;및&nbsp;의복,2787.0,2957.0,2787.0,2947.0,13570.0,39990790.0,1.0,2947.0,257.0,46037292.0,1919378.0,,0.0,0.0,0.0,3504.0,,0.0,,,,,,,,,,,,,,,,,1093.5999755859375,2.122999906539917,,52.689998626708984,91.08000183105469,,1186.0,,,,
20150102,900110,이스트아시아홀딩스,KOSDAQ,Listed,,FICS  섬유&nbsp;및&nbsp;의복,58125.0,61000.0,51800.0,51800.0,284440.0,14733992000.0,1.0,51800.0,308.0,26286743.0,15078055.0,-961535300.0,0.0,0.0,-961535300.0,6721.0,-435209.0,0.0,,,,,20150331,180.0,33.0,30.0,335813141825.0,351898591318.41754,,,,,116.0,2.1,1093.5999755859375,2.122999906539917,,52.689998626708984,91.08000183105469,,1186.0,,20150331,12775.0,4.79
20150102,900120,씨엑스아이,KOSDAQ,Listed,,FICS  식료품,35979.0,37123.0,35939.0,36934.0,52828.0,1951149352.0,1.0,36934.0,171.0,30057784.0,-24368535.0,,0.0,0.0,0.0,-6333.0,,0.0,,,,,,,,,,,,,,,,,1093.5999755859375,2.122999906539917,,52.689998626708984,91.08000183105469,,1186.0,,,,
20150102,900140,엘브이엠씨홀딩스,KOSPI,Listed,,FICS  자동차,10487.0,10514.0,10139.0,10140.0,354449.0,3594112860.0,1.0,10140.0,3215.0,193240432.0,-1038787600.0,295251500.0,-45929000.0,0.0,301989700.0,-53904.0,15217.0,-2446.0,,,,,20150331,852.0,54.0,49.0,495854948512.0,688246668534.656,,,,,11.0,3.55,1093.5999755859375,2.122999906539917,,52.689998626708984,91.08000183105469,,1186.0,,20150331,2566.0,38.8
20150102,900250,크리스탈신소재,KOSDAQ,Listed,,FICS  금속&nbsp;및&nbsp;광물,,,,,,,1.0,,941.0,130640004.0,,,,,,,,,,,,,20150331,277.0,44.0,39.0,481930974756.0,526027658946.17395,,,,,28.0,3.74,1093.5999755859375,2.122999906539917,,52.689998626708984,91.08000183105469,,1186.0,,20150331,3689.0,9.15
20150102,900260,로스웰,KOSDAQ,Listed,,FICS  통신장비,,,,,,,1.0,,417.0,46029706.0,,,,,,,,,,,,,,,,,,,,,,,,,1093.5999755859375,2.122999906539917,,52.689998626708984,91.08000183105469,,1186.0,,,,
20150102,900270,헝셩그룹,KOSDAQ,Listed,,FICS  레저용품,,,,,,,1.0,,381.0,188047040.0,,,,,,,,,,,,,20150331,295.0,14.0,8.0,364059069440.0,416665604974.08,,,,,4.0,-0.62,1093.5999755859375,2.122999906539917,,52.689998626708984,91.08000183105469,,1186.0,,20150331,1936.0,14.45
20150102,900290,GRT,KOSDAQ,Listed,,FICS  화학,,,,,,,1.0,,2664.0,80850000.0,,,,,,,,,,,,,,,,,,,,,,,,,1093.5999755859375,2.122999906539917,,52.689998626708984,91.08000183105469,,1186.0,,,,
20150102,900300,오가닉티코스메틱,KOSDAQ,Listed,,FICS  개인생활용품,,,,,,,1.0,,678.0,196002224.0,,,,,,,,,,,,,20150331,458.0,-278.0,-248.0,427284848320.0,577731843413.472,,,,,-258.0,-26.83,1093.5999755859375,2.122999906539917,,52.689998626708984,91.08000183105469,,1186.0,,20150331,2180.0,35.21
20150102,900310,컬러레이,KOSDAQ,Listed,,FICS  개인생활용품,,,,,,,1.0,,368.0,64041675.0,,,,,,,,,,,,,20150331,136.0,5.0,2.0,271344576975.0,311557843282.695,,,,11.0,4.0,0.33,1093.5999755859375,2.122999906539917,,52.689998626708984,91.08000183105469,,1186.0,,20150331,4237.0,14.82
20150102,900340,윙입푸드,KOSDAQ,Listed,,FICS  식료품,,,,,,,1.0,,427.0,50330928.0,,,,,,,,,,,,,20150331,449.0,0.0,-2.0,231220283232.0,291522533098.9056,,,,,-3.0,3.04,1093.5999755859375,2.122999906539917,,52.689998626708984,91.08000183105469,,1186.0,,20150331,4594.0,26.08
20150102,950130,엑세스바이오,KOSDAQ,Listed,,FICS  의료&nbsp;장비&nbsp;및&nbsp;서비스,9667.0,9752.0,9496.0,9624.0,135325.0,1302367800.0,1.0,9624.0,1275.0,37727832.0,-10003200.0,-64690450.0,0.0,-50195250.0,-765350.0,-891.0,-5782.0,0.0,,,,,20150331,14.0,-194.0,-108.0,598212504192.0,665092662160.6655,,,,871.0,-279.0,-3.57,1093.5999755859375,2.122999906539917,,52.689998626708984,91.08000183105469,,1186.0,,20150331,15856.0,11.18
20150102,950140,잉글우드랩,KOSDAQ,Listed,,FICS  개인생활용품,,,,,,,1.0,,2449.0,19867866.0,,,,,,,,,,,,,20150331,631.0,135.0,113.0,154889883336.0,230088921695.62802,,,,103.0,567.0,17.94,1093.5999755859375,2.122999906539917,,52.689998626708984,91.08000183105469,,1186.0,,20150331,7796.0,48.55
20150102,950160,코오롱티슈진,KOSDAQ,Listed,,FICS  바이오,,,,,,,1.0,,66577.0,83221265.0,,,,,,,,,,,,,20150331,17.0,-36.0,-62.0,115011788230.0,253877021338.90198,,,,,-75.0,-52.95,1093.5999755859375,2.122999906539917,,52.689998626708984,91.08000183105469,,1186.0,,20150331,1382.0,120.74
20150102,950170,JTC,KOSDAQ,Listed,,FICS  도소매,,,,,,,1.0,,2012.0,51746348.0,,,,,,,,,,,,,20150331,757.0,19.0,9.0,187632257848.0,355281680235.188,,,,,17.0,46.11,1093.5999755859375,2.122999906539917,,52.689998626708984,91.08000183105469,,1186.0,,20150331,3626.0,89.35
20150102,950190,고스트스튜디오,KOSDAQ,Listed,,FICS  게임&nbsp;소프트웨어,,,,,,,1.0,,1144.0,13017059.0,,,,,,,,,,,,,20150331,208.0,39.0,28.0,149266615553.0,189956694952.7478,,,,477.0,234.0,3.87,1093.5999755859375,2.122999906539917,,52.689998626708984,91.08000183105469,,1186.0,,20150331,11467.0,27.26
20150102,950200,소마젠,KOSDAQ,Listed,,FICS  바이오,,,,,,,1.0,,690.0,19236053.0,,,,,,,,,,,,,20150331,154.0,-2.0,-6.0,26603461299.0,56226415455.4365,,,,,-16.0,-15.38,1093.5999755859375,2.122999906539917,,52.689998626708984,91.08000183105469,,1186.0,,20150331,1383.0,111.35
20150102,950210,프레스티지바이오파마,KOSDAQ,Listed,,FICS  제약,,,,,,,1.0,,8215.0,60096155.0,,,,,,,,,,,,,20150331,23.0,-243.0,-202.0,408834142465.0,585246074938.6475,,,,,-205.0,4.11,1093.5999755859375,2.122999906539917,,52.689998626708984,91.08000183105469,,1186.0,,20150331,6803.0,43.15
20150102,950220,네오이뮨텍,KOSDAQ,Listed,,FICS  제약,,,,,,,1.0,,1052.0,164391655.0,,,,,,,,,,,,,20150331,1.0,-45.0,-58.0,65592270345.0,88411821198.02551,,,,,-47.0,-53.91,1093.5999755859375,2.122999906539917,,52.689998626708984,91.08000183105469,,1186.0,,20150331,399.0,34.79
