날짜,open,high,low,close,volume,amount,market_cap,shares_out,bps,per,pbr,eps,div_rate,div_amount,usdkrw,us10y_yield,theme_code,theme_name,listing_status,kr10y_yield
2015-01-02,26799,26799,26540,26600,175499,0.22607385079125847,195908118210000,147299337,848999,6.72,1.57,197841,1.08,14300,1093.5999755859375,2.122999906539917,278,반도체,Listed,0.0
2015-01-05,26720,26720,26260,26660,202790,0.2255639097744361,196350016221000,147299337,848999,6.74,1.57,197841,1.07,14300,1111.0,2.0390000343322754,278,반도체,Listed,0.0
2015-01-06,26300,26340,25760,25900,304710,-2.8507126781695424,190752641415000,147299337,848999,6.55,1.53,197841,1.1,14300,1108.5,1.9630000591278076,278,반도체,Listed,0.0
2015-01-07,25880,26220,25640,26140,286455,0.9266409266409266,192520233459000,147299337,848999,6.61,1.54,197841,1.09,14300,1097.300048828125,1.9539999961853027,278,반도체,Listed,0.0
2015-01-08,26780,26780,26199,26280,289552,0.5355776587605203,193551328818000,147299337,848999,6.64,1.55,197841,1.09,14300,1097.800048828125,2.0160000324249268,278,반도체,Listed,0.0
2015-01-09,26280,26440,26280,26280,186248,0.0,193551328818000,147299337,848999,6.64,1.55,197841,1.09,14300,1094.300048828125,1.9709999561309814,278,반도체,Listed,0.0
2015-01-12,26260,26379,26020,26320,166508,0.15220700152207,193845927492000,147299337,848999,6.65,1.55,197841,1.09,14300,1081.800048828125,1.9119999408721924,278,반도체,Listed,0.0
2015-01-13,26280,26800,26000,26780,245868,1.7477203647416413,197233812243000,147299337,848999,6.77,1.58,197841,1.07,14300,1081.4000244140625,1.8899999856948853,278,반도체,Listed,0.0
2015-01-14,26780,27100,26700,26900,286645,0.4480955937266617,198117608265000,147299337,848999,6.8,1.58,197841,1.06,14300,1077.0999755859375,1.8370000123977661,278,반도체,Listed,0.0
2015-01-15,26900,26979,26580,26680,282078,-0.8178438661710037,196497315558000,147299337,848999,6.74,1.57,197841,1.07,14300,1082.0,1.774999976158142,278,반도체,Listed,0.0
2015-01-16,26680,26680,26260,26320,271370,-1.3493253373313343,193845927492000,147299337,848999,6.65,1.55,197841,1.09,14300,1075.5,1.815000057220459,278,반도체,Listed,0.0
2015-01-19,26580,26980,26400,26860,133459,2.0516717325227964,197823009591000,147299337,848999,6.79,1.58,197841,1.06,14300,1078.0,1.815000057220459,278,반도체,Listed,0.0
2015-01-20,27000,27440,26900,27440,265561,2.1593447505584513,202094690364000,147299337,848999,6.93,1.62,197841,1.04,14300,1079.0999755859375,1.8070000410079956,278,반도체,Listed,0.0
2015-01-21,27340,27900,27200,27900,332253,1.6763848396501457,205482575115000,147299337,848999,7.05,1.64,197841,1.03,14300,1086.699951171875,1.8530000448226929,278,반도체,Listed,0.0
2015-01-22,27960,27979,27560,27560,359154,-1.2186379928315414,202978486386000,147299337,848999,6.97,1.62,197841,1.04,14300,1081.9000244140625,1.8960000276565552,278,반도체,Listed,0.0
2015-01-23,27999,27999,27540,27720,257175,0.5805515239477503,204156881082000,147299337,848999,7.01,1.63,197841,1.03,14300,1084.699951171875,1.8170000314712524,278,반도체,Listed,0.0
2015-01-26,27500,27900,27280,27780,203070,0.21645021645021645,204598779093000,147299337,848999,7.02,1.64,197841,1.03,14300,1084.5,1.8279999494552612,278,반도체,Listed,0.0
2015-01-27,27500,27999,27480,28000,199144,0.7919366450683946,206219071800000,147299337,848999,7.08,1.65,197841,1.02,14300,1079.300048828125,1.8250000476837158,278,반도체,Listed,0.0
2015-01-28,27720,27800,27479,27560,216630,-1.5714285714285716,202978486386000,147299337,848999,6.97,1.62,197841,1.04,14300,1076.699951171875,1.7239999771118164,278,반도체,Listed,0.0
2015-01-29,27360,27900,27140,27200,274045,-1.3062409288824384,200327098320000,147299337,848999,6.87,1.6,197841,1.05,14300,1084.4000244140625,1.7510000467300415,278,반도체,Listed,0.0
2015-01-30,27200,27540,27200,27300,322200,0.3676470588235294,201063595005000,147299337,848999,6.9,1.61,197841,1.05,14300,1098.800048828125,1.6749999523162842,278,반도체,Listed,0.0
2015-02-02,27299,27540,27120,27360,210420,0.21978021978021978,201505493016000,147299337,848999,6.91,1.61,197841,1.05,14300,1099.0,1.6729999780654907,278,반도체,Listed,0.0
2015-02-03,27600,27600,27180,27320,113088,-0.14619883040935672,201210894342000,147299337,848999,6.9,1.61,197841,1.05,14300,1098.0999755859375,1.7799999713897705,278,반도체,Listed,0.0
2015-02-04,27500,27620,27180,27180,186578,-0.5124450951683748,200179798983000,147299337,848999,6.87,1.6,197841,1.05,14300,1091.300048828125,1.7970000505447388,278,반도체,Listed,0.0
2015-02-05,27180,27379,26920,27160,135408,-0.07358351729212656,200032499646000,147299337,848999,6.86,1.6,197841,1.05,14300,1087.5999755859375,1.815000057220459,278,반도체,Listed,0.0
2015-02-06,26919,27480,26720,27440,160101,1.0309278350515463,202094690364000,147299337,848999,6.93,1.62,197841,1.04,14300,1084.800048828125,1.937999963760376,278,반도체,Listed,0.0
2015-02-09,27200,27980,27140,27900,173870,1.6763848396501457,205482575115000,147299337,848999,7.05,1.64,197841,1.03,14300,1096.699951171875,1.9479999542236328,278,반도체,Listed,0.0
2015-02-10,28000,28000,27540,27560,130387,-1.2186379928315414,202978486386000,147299337,848999,6.97,1.62,197841,1.04,14300,1094.0999755859375,1.9910000562667847,278,반도체,Listed,0.0
2015-02-11,27480,27480,27080,27100,199476,-1.6690856313497822,199590601635000,147299337,848999,6.85,1.6,197841,1.06,14300,1097.5999755859375,1.9880000352859497,278,반도체,Listed,0.0
2015-02-12,26800,27160,26620,26880,214964,-0.8118081180811807,197970308928000,147299337,848999,6.79,1.58,197841,1.06,14300,1105.699951171875,1.9859999418258667,278,반도체,Listed,0.0
2015-02-13,27200,27220,26900,27220,130458,1.2648809523809523,200474397657000,147299337,848999,6.88,1.6,197841,1.05,14300,1101.199951171875,2.0209999084472656,278,반도체,Listed,0.0
2015-02-16,27360,27480,27220,27480,124530,0.9551800146950772,202389289038000,147299337,848999,6.94,1.62,197841,1.04,14300,1095.4000244140625,2.0209999084472656,278,반도체,Listed,0.0
2015-02-17,27479,27539,27280,27540,114900,0.21834061135371177,202831187049000,147299337,848999,6.96,1.62,197841,1.04,14300,1100.199951171875,2.1449999809265137,278,반도체,Listed,0.0
2015-02-23,27560,27800,27320,27340,306036,-0.7262164124909223,201358193679000,147299337,848999,6.91,1.61,197841,1.05,14300,1109.0999755859375,2.059000015258789,278,반도체,Listed,0.0
2015-02-24,27699,27780,27280,27340,217265,0.0,201358193679000,147299337,848999,6.91,1.61,197841,1.05,14300,1107.699951171875,1.9880000352859497,278,반도체,Listed,0.0
2015-02-25,27600,27700,27460,27580,167485,0.8778346744696415,203125785723000,147299337,848999,6.97,1.62,197841,1.04,14300,1111.300048828125,1.968999981880188,278,반도체,Listed,0.0
2015-02-26,27580,27600,27360,27500,163583,-0.290065264684554,202536588375000,147299337,848999,6.95,1.62,197841,1.04,14300,1098.6800537109375,2.0160000324249268,278,반도체,Listed,0.0
2015-02-27,27500,27520,27140,27140,260188,-1.309090909090909,199885200309000,147299337,848999,6.86,1.6,197841,1.05,14300,1100.6700439453125,2.002000093460083,278,반도체,Listed,0.0
2015-03-02,27500,28460,27340,28460,436112,4.8636698599852615,209606956551000,147299337,848999,7.19,1.68,197841,1.0,14300,1099.010009765625,2.0840001106262207,278,반도체,Listed,0.0
2015-03-03,28699,28740,28119,28360,274976,-0.35137034434293746,208870459866000,147299337,848999,7.17,1.67,197841,1.01,14300,1100.5899658203125,2.121999979019165,278,반도체,Listed,0.0
2015-03-04,28220,28800,28200,28740,232062,1.3399153737658673,211669147269000,147299337,848999,7.26,1.69,197841,1.0,14300,1094.9599609375,2.122999906539917,278,반도체,Listed,0.0
2015-03-05,28780,28860,28340,28440,192312,-1.0438413361169103,209459657214000,147299337,848999,7.19,1.67,197841,1.01,14300,1099.25,2.111999988555908,278,반도체,Listed,0.0
2015-03-06,28280,28980,28120,28840,234670,1.4064697609001406,212405643954000,147299337,848999,7.29,1.7,197841,0.99,14300,1099.8900146484375,2.240000009536743,278,반도체,Listed,0.0
2015-03-09,28800,28800,28400,28400,156292,-1.5256588072122053,209165058540000,147299337,848999,7.18,1.67,197841,1.01,14300,1108.81005859375,2.194999933242798,278,반도체,Listed,0.0
2015-03-10,28679,28860,28400,28420,208397,0.07042253521126761,209312357877000,147299337,848999,7.18,1.67,197841,1.01,14300,1113.5,2.125999927520752,278,반도체,Listed,0.0
2015-03-11,28380,29580,28360,29480,422173,3.729767769176636,217119222738000,147299337,848999,7.45,1.74,197841,0.97,14300,1124.8599853515625,2.1089999675750732,278,반도체,Listed,0.0
2015-03-12,29200,29460,28940,28940,383064,-1.8317503392130257,213142140639000,147299337,848999,7.31,1.7,197841,0.99,14300,1128.97998046875,2.0959999561309814,278,반도체,Listed,0.0
2015-03-13,29220,29580,29100,29140,188262,0.691085003455425,214615134009000,147299337,848999,7.36,1.72,197841,0.98,14300,1123.02001953125,2.111999988555908,278,반도체,Listed,0.0
2015-03-16,29160,29740,29100,29400,179491,0.8922443376801648,216530025390000,147299337,848999,7.43,1.73,197841,0.97,14300,1136.219970703125,2.0980000495910645,278,반도체,Listed,0.0
2015-03-17,29399,29999,29200,29940,273223,1.8367346938775513,220507107489000,147299337,848999,7.57,1.76,197841,0.96,14300,1129.0,2.058000087738037,278,반도체,Listed,0.0
2015-03-18,29920,30120,29720,30060,249287,0.4008016032064128,221390903511000,147299337,848999,7.6,1.77,197841,0.95,14300,1127.1600341796875,1.9509999752044678,278,반도체,Listed,0.0
2015-03-19,30200,30200,29400,29400,264516,-2.19560878243513,216530025390000,147299337,848999,7.43,1.73,197841,0.97,14300,1109.8900146484375,1.9769999980926514,278,반도체,Listed,0.0
2015-03-20,29500,29600,29200,29280,254099,-0.40816326530612246,215646229368000,147299337,848999,7.4,1.72,197841,0.98,14300,1119.300048828125,1.9299999475479126,278,반도체,Listed,0.0
2015-03-23,29240,29480,29160,29340,162458,0.20491803278688525,216088127379000,147299337,848999,7.42,1.73,197841,0.97,14300,1111.780029296875,1.9149999618530273,278,반도체,Listed,0.0
2015-03-24,29099,29560,29099,29520,182263,0.6134969325153374,217413821412000,147299337,848999,7.46,1.74,197841,0.97,14300,1103.4300537109375,1.878000020980835,278,반도체,Listed,0.0
2015-03-25,29740,29760,29440,29700,187381,0.6097560975609756,218739515445000,147299337,848999,7.51,1.75,197841,0.96,14300,1101.6700439453125,1.9199999570846558,278,반도체,Listed,0.0
2015-03-26,29000,29120,28420,28420,420119,-4.30976430976431,209312357877000,147299337,848999,7.18,1.67,197841,1.01,14300,1098.97998046875,2.006999969482422,278,반도체,Listed,0.0
2015-03-27,28300,28960,28300,28420,321316,0.0,209312357877000,147299337,848999,7.18,1.67,197841,1.01,14300,1102.949951171875,1.9479999542236328,278,반도체,Listed,0.0
2015-03-30,28500,28680,28240,28560,179110,0.49261083743842365,210343453236000,147299337,848999,7.22,1.68,197841,1.0,14300,1105.5,1.9630000591278076,278,반도체,Listed,0.0
2015-03-31,28979,29040,28600,28820,196853,0.9103641456582634,212258344617000,147299337,848999,7.28,1.7,197841,0.99,14300,1107.0999755859375,1.934000015258789,278,반도체,Listed,0.0
2015-04-01,28740,28740,28400,28460,145321,-1.2491325468424705,209606956551000,147299337,848999,7.19,1.68,197841,1.0,14300,1097.8699951171875,1.8680000305175781,278,반도체,Listed,0.0
2015-04-02,28680,28799,28460,28680,138068,0.7730147575544624,211227249258000,147299337,848999,7.25,1.69,197841,1.0,14300,1089.1199951171875,1.9040000438690186,278,반도체,Listed,0.0
2015-04-03,28680,28799,28399,28680,125403,0.0,211227249258000,147299337,848999,7.25,1.69,197841,1.0,14300,1089.1199951171875,1.9040000438690186,278,반도체,Listed,0.0
2015-04-06,28860,29800,28700,29400,211652,2.510460251046025,216530025390000,147299337,848999,7.43,1.73,197841,0.97,14300,1089.1199951171875,1.9040000438690186,278,반도체,Listed,0.0
2015-04-07,29560,29700,29240,29240,190521,-0.5442176870748299,215351630694000,147299337,848999,7.39,1.72,197841,0.98,14300,1092.3199462890625,1.8930000066757202,278,반도체,Listed,0.0
2015-04-08,29400,29700,29200,29580,155468,1.1627906976744187,217855719423000,147299337,848999,7.48,1.74,197841,0.97,14300,1090.1500244140625,1.8949999809265137,278,반도체,Listed,0.0
2015-04-09,29400,29780,29400,29660,182151,0.2704530087897228,218444916771000,147299337,848999,7.5,1.75,197841,0.96,14300,1093.7900390625,1.9579999446868896,278,반도체,Listed,0.0
2015-04-10,29600,29880,29560,29800,199202,0.4720161834120027,219476012130000,147299337,848999,7.53,1.76,197841,0.96,14300,1093.7900390625,1.9509999752044678,278,반도체,Listed,0.0
2015-04-13,29580,29819,29360,29580,205866,-0.738255033557047,217855719423000,147299337,848999,7.48,1.74,197841,0.97,14300,1099.8900146484375,1.9390000104904175,278,반도체,Listed,0.0
2015-04-14,29699,29699,29300,29480,188595,-0.3380662609871535,217119222738000,147299337,848999,7.45,1.74,197841,0.97,14300,1090.300048828125,1.9040000438690186,278,반도체,Listed,0.0
2015-04-15,29199,29400,28539,28920,271021,-1.8995929443690638,212994841302000,147299337,848999,7.31,1.7,197841,0.99,14300,1093.6199951171875,1.899999976158142,278,반도체,Listed,0.0
2015-04-16,29239,29540,28940,29540,215247,2.143845089903181,217561120749000,147299337,848999,7.47,1.74,197841,0.97,14300,1082.5899658203125,1.878000020980835,278,반도체,Listed,0.0
2015-04-17,29539,29559,28940,29000,203446,-1.8280297901150981,213584038650000,147299337,848999,7.33,1.71,197841,0.99,14300,1082.5899658203125,1.850000023841858,278,반도체,Listed,0.0
2015-04-20,28920,28960,28460,28600,247898,-1.3793103448275863,210638051910000,147299337,848999,7.23,1.68,197841,1.0,14300,1081.1800537109375,1.8949999809265137,278,반도체,Listed,0.0
2015-04-21,28420,28900,28399,28880,237053,0.9790209790209791,212700242628000,147299337,848999,7.3,1.7,197841,0.99,14300,1081.3199462890625,1.9160000085830688,278,반도체,Listed,0.0
2015-04-22,28879,29460,28720,29220,253111,1.1772853185595569,215204331357000,147299337,848999,7.38,1.72,197841,0.98,14300,1083.0,1.972000002861023,278,반도체,Listed,0.0
2015-04-23,29400,29400,28800,29020,184903,-0.6844626967830253,213731337987000,147299337,848999,7.33,1.71,197841,0.99,14300,1080.02001953125,1.9470000267028809,278,반도체,Listed,0.0
2015-04-24,28979,29100,28000,28200,381798,-2.8256374913852516,207692065170000,147299337,848999,7.13,1.66,197841,1.01,14300,1080.02001953125,1.9170000553131104,278,반도체,Listed,0.0
2015-04-27,28200,28220,27500,27900,330343,-1.0638297872340425,205482575115000,147299337,848999,7.05,1.64,197841,1.03,14300,1067.81005859375,1.9240000247955322,278,반도체,Listed,0.0
2015-04-28,27799,28000,27180,27320,313946,-2.078853046594982,201210894342000,147299337,848999,6.9,1.61,197841,1.05,14300,1062.8499755859375,1.9730000495910645,278,반도체,Listed,0.0
2015-04-29,27339,27880,27279,27700,217913,1.390922401171303,204009581745000,147299337,848999,7.0,1.63,197841,1.03,14300,1068.969970703125,2.0350000858306885,278,반도체,Listed,0.0
2015-04-30,27699,28360,27580,28200,367057,1.8050541516245486,207692065170000,147299337,848999,7.13,1.66,197841,1.01,14300,1075.06005859375,2.0460000038146973,278,반도체,Listed,0.0
2015-05-04,28140,28460,27940,28000,165674,-0.7092198581560284,206219071800000,147299337,953266,9.14,1.47,153105,1.43,20000,1078.75,2.134999990463257,278,반도체,Listed,0.0
2015-05-06,27800,27819,27120,27240,265410,-2.7142857142857144,200621696994000,147299337,953266,8.9,1.43,153105,1.47,20000,1078.6700439453125,2.240000009536743,278,반도체,Listed,0.0
2015-05-07,27240,27500,27080,27400,205148,0.5873715124816447,201800091690000,147299337,953266,8.95,1.44,153105,1.46,20000,1091.8900146484375,2.184000015258789,278,반도체,Listed,0.0
2015-05-08,27319,27400,26760,26760,189762,-2.335766423357664,197086512906000,147299337,953266,8.74,1.4,153105,1.49,20000,1091.8900146484375,2.1500000953674316,278,반도체,Listed,0.0
2015-05-11,27200,27200,26719,26720,192809,-0.14947683109118087,196791914232000,147299337,953266,8.73,1.4,153105,1.5,20000,1095.949951171875,2.2739999294281006,278,반도체,Listed,0.0
2015-05-12,26900,27060,26480,26620,212664,-0.37425149700598803,196055417547000,147299337,953266,8.69,1.4,153105,1.5,20000,1092.3800048828125,2.259999990463257,278,반도체,Listed,0.0
2015-05-13,26979,26979,26520,26660,197545,0.15026296018031557,196350016221000,147299337,953266,8.71,1.4,153105,1.5,20000,1091.4000244140625,2.2820000648498535,278,반도체,Listed,0.0
2015-05-14,26820,26860,26559,26800,169770,0.5251312828207052,197381111580000,147299337,953266,8.75,1.41,153105,1.49,20000,1088.239990234375,2.239000082015991,278,반도체,Listed,0.0
2015-05-15,27100,27120,26420,26520,178447,-1.0447761194029852,195318920862000,147299337,953266,8.66,1.39,153105,1.51,20000,1088.239990234375,2.1410000324249268,278,반도체,Listed,0.0
2015-05-18,26700,26700,26180,26400,192537,-0.4524886877828055,194435124840000,147299337,953266,8.62,1.38,153105,1.52,20000,1088.239990234375,2.2279999256134033,278,반도체,Listed,0.0
2015-05-19,26419,27100,26139,26760,173618,1.3636363636363635,197086512906000,147299337,953266,8.74,1.4,153105,1.49,20000,1093.5,2.26200008392334,278,반도체,Listed,0.0
2015-05-20,26980,27400,26820,27320,205829,2.092675635276532,201210894342000,147299337,953266,8.92,1.43,153105,1.46,20000,1095.4100341796875,2.250999927520752,278,반도체,Listed,0.0
2015-05-21,27420,27440,26880,27040,144212,-1.0248901903367496,199148703624000,147299337,953266,8.83,1.42,153105,1.48,20000,1091.47998046875,2.184999942779541,278,반도체,Listed,0.0
2015-05-22,27060,27060,26700,27000,163916,-0.14792899408284024,198854104950000,147299337,953266,8.82,1.42,153105,1.48,20000,1091.47998046875,2.2149999141693115,278,반도체,Listed,0.0
2015-05-26,27320,27380,26720,27240,200683,0.8888888888888888,200621696994000,147299337,953266,8.9,1.43,153105,1.47,20000,1105.8699951171875,2.13700008392334,278,반도체,Listed,0.0
2015-05-27,27200,27319,26260,26280,345309,-3.524229074889868,193551328818000,147299337,953266,8.58,1.38,153105,1.52,20000,1107.4200439453125,2.134999990463257,278,반도체,Listed,0.0
2015-05-28,26340,26420,26020,26180,300963,-0.380517503805175,192814832133000,147299337,953266,8.55,1.37,153105,1.53,20000,1107.0,2.130000114440918,278,반도체,Listed,0.0
2015-05-29,26399,26420,25940,26140,347615,-0.15278838808250572,192520233459000,147299337,953266,8.54,1.37,153105,1.53,20000,1107.0,2.0950000286102295,278,반도체,Listed,0.0
2015-06-01,26000,26020,25760,25820,218439,-1.224177505738332,190163444067000,147299337,953266,8.43,1.35,153105,1.55,20000,1113.800048828125,2.191999912261963,278,반도체,Listed,0.0
2015-06-02,26000,26060,25760,26060,175151,0.9295120061967467,191931036111000,147299337,953266,8.51,1.37,153105,1.53,20000,1106.530029296875,2.2660000324249268,278,반도체,Listed,0.0
2015-06-03,26060,26320,25300,25460,235388,-2.3023791250959325,187512056001000,147299337,953266,8.31,1.34,153105,1.57,20000,1105.68994140625,2.365999937057495,278,반도체,Listed,0.0
2015-06-04,26300,26820,26100,26740,388239,5.027494108405342,196939213569000,147299337,953266,8.73,1.4,153105,1.5,20000,1111.699951171875,2.306999921798706,278,반도체,Listed,0.0
2015-06-05,26499,27100,26400,26820,196563,0.2991772625280479,197528410917000,147299337,953266,8.76,1.41,153105,1.49,20000,1111.699951171875,2.4019999504089355,278,반도체,Listed,0.0
2015-06-08,26900,26940,26260,26280,202379,-2.013422818791946,193551328818000,147299337,953266,8.58,1.38,153105,1.52,20000,1117.1099853515625,2.38100004196167,278,반도체,Listed,0.0
2015-06-09,26000,26200,25360,25640,274705,-2.43531202435312,188837750034000,147299337,953266,8.37,1.34,153105,1.56,20000,1119.0799560546875,2.4170000553131104,278,반도체,Listed,0.0
2015-06-10,25640,25880,25240,25240,250034,-1.5600624024960998,185891763294000,147299337,953266,8.24,1.32,153105,1.58,20000,1108.719970703125,2.4779999256134033,278,반도체,Listed,0.0
2015-06-11,25260,25480,25060,25140,306281,-0.39619651347068147,185155266609000,147299337,953266,8.21,1.32,153105,1.59,20000,1110.4000244140625,2.382999897003174,278,반도체,Listed,0.0
2015-06-12,25560,25740,25280,25540,234830,1.591089896579157,188101253349000,147299337,953266,8.34,1.34,153105,1.57,20000,1110.4000244140625,2.384999990463257,278,반도체,Listed,0.0
2015-06-15,25100,25480,25100,25400,161356,-0.548159749412686,187070157990000,147299337,953266,8.29,1.33,153105,1.57,20000,1114.530029296875,2.3580000400543213,278,반도체,Listed,0.0
2015-06-16,25400,25480,24900,25100,255352,-1.1811023622047243,184860667935000,147299337,953266,8.2,1.32,153105,1.59,20000,1116.77001953125,2.318000078201294,278,반도체,Listed,0.0
2015-06-17,25000,25320,24800,25080,189046,-0.0796812749003984,184713368598000,147299337,953266,8.19,1.32,153105,1.59,20000,1111.5899658203125,2.305999994277954,278,반도체,Listed,0.0
2015-06-18,25180,25580,25020,25300,164952,0.8771929824561403,186333661305000,147299337,953266,8.26,1.33,153105,1.58,20000,1103.25,2.3510000705718994,278,반도체,Listed,0.0
2015-06-19,25320,25560,25200,25320,141895,0.07905138339920949,186480960642000,147299337,953266,8.27,1.33,153105,1.58,20000,1103.25,2.2669999599456787,278,반도체,Listed,0.0
2015-06-22,25820,25920,25520,25620,127418,1.1848341232227488,188690450697000,147299337,953266,8.37,1.34,153105,1.56,20000,1098.780029296875,2.359999895095825,278,반도체,Listed,0.0
2015-06-23,26180,26559,25820,26420,203180,3.12256049960968,194582424177000,147299337,953266,8.63,1.39,153105,1.51,20000,1103.969970703125,2.4089999198913574,278,반도체,Listed,0.0
2015-06-24,26000,26220,25820,26040,203960,-1.4383043149129449,191783736774000,147299337,953266,8.5,1.37,153105,1.54,20000,1107.9200439453125,2.371000051498413,278,반도체,Listed,0.0
2015-06-25,25800,26060,25380,25380,213916,-2.5345622119815667,186922858653000,147299337,953266,8.29,1.33,153105,1.58,20000,1109.93994140625,2.3929998874664307,278,반도체,Listed,0.0
2015-06-26,25040,25800,25040,25560,206950,0.7092198581560284,188248552686000,147299337,953266,8.35,1.34,153105,1.56,20000,1109.93994140625,2.4760000705718994,278,반도체,Listed,0.0
2015-06-29,25380,25700,25120,25620,230399,0.2347417840375587,188690450697000,147299337,953266,8.37,1.34,153105,1.56,20000,1118.219970703125,2.3310000896453857,278,반도체,Listed,0.0
2015-06-30,25520,25700,25320,25360,197407,-1.014832162373146,186775559316000,147299337,953266,8.28,1.33,153105,1.58,20000,1117.56005859375,2.3350000381469727,278,반도체,Listed,0.0
2015-07-01,25360,26040,25180,25900,166498,2.1293375394321767,190752641415000,147299337,953266,8.46,1.36,153105,1.54,20000,1122.9300537109375,2.4179999828338623,278,반도체,Listed,0.0
2015-07-02,25720,26080,25700,25980,164460,0.3088803088803089,191341838763000,147299337,953266,8.48,1.36,153105,1.54,20000,1120.949951171875,2.3929998874664307,278,반도체,Listed,0.0
2015-07-03,25740,25880,25340,25360,142604,-2.386451116243264,186775559316000,147299337,953266,8.28,1.33,153105,1.58,20000,1120.949951171875,2.3929998874664307,278,반도체,Listed,0.0
2015-07-06,25060,25200,24460,24600,201999,-2.996845425867508,181178184510000,147299337,953266,8.03,1.29,153105,1.63,20000,1124.22998046875,2.2780001163482666,278,반도체,Listed,0.0
2015-07-07,24400,25180,24400,24800,249565,0.8130081300813009,182651177880000,147299337,953266,8.1,1.3,153105,1.61,20000,1132.9300537109375,2.2309999465942383,278,반도체,Listed,0.0
2015-07-08,24800,25020,24640,24780,235619,-0.08064516129032258,182503878543000,147299337,953266,8.09,1.3,153105,1.61,20000,1134.43994140625,2.2060000896453857,278,반도체,Listed,0.0
2015-07-09,24600,25300,24520,25300,280610,2.0984665052461664,186333661305000,147299337,953266,8.26,1.33,153105,1.58,20000,1131.030029296875,2.3010001182556152,278,반도체,Listed,0.0
2015-07-10,25140,25320,24960,25180,191468,-0.47430830039525695,185449865283000,147299337,953266,8.22,1.32,153105,1.59,20000,1131.030029296875,2.4170000553131104,278,반도체,Listed,0.0
2015-07-13,25000,25440,24900,25320,153441,0.5559968228752978,186480960642000,147299337,953266,8.27,1.33,153105,1.58,20000,1134.8199462890625,2.430000066757202,278,반도체,Listed,0.0
2015-07-14,25300,25400,24420,24500,399794,-3.238546603475513,180441687825000,147299337,953266,8.0,1.29,153105,1.63,20000,1141.3699951171875,2.3989999294281006,278,반도체,Listed,0.0
2015-07-15,24500,24760,24480,24700,167413,0.8163265306122449,181914681195000,147299337,953266,8.07,1.3,153105,1.62,20000,1144.9200439453125,2.3499999046325684,278,반도체,Listed,0.0
2015-07-16,24460,25740,24460,25640,223469,3.8056680161943324,188837750034000,147299337,953266,8.37,1.34,153105,1.56,20000,1145.1500244140625,2.3519999980926514,278,반도체,Listed,0.0
2015-07-17,26000,26220,25560,26100,297233,1.794071762870515,192225634785000,147299337,953266,8.52,1.37,153105,1.53,20000,1145.1500244140625,2.3489999771118164,278,반도체,Listed,0.0
2015-07-20,25820,26080,25460,25500,128928,-2.2988505747126435,187806654675000,147299337,953266,8.33,1.34,153105,1.57,20000,1154.550048828125,2.371999979019165,278,반도체,Listed,0.0
2015-07-21,25500,25540,24940,25260,194055,-0.9411764705882352,186039062631000,147299337,953266,8.25,1.32,153105,1.58,20000,1146.8599853515625,2.3399999141693115,278,반도체,Listed,0.0
2015-07-22,24880,25200,24700,25060,268323,-0.791765637371338,184566069261000,147299337,953266,8.18,1.31,153105,1.6,20000,1155.530029296875,2.322000026702881,278,반도체,Listed,0.0
2015-07-23,24880,25060,24680,24680,208965,-1.5163607342378291,181767381858000,147299337,953266,8.06,1.29,153105,1.62,20000,1160.260009765625,2.2769999504089355,278,반도체,Listed,0.0
2015-07-24,24540,24760,24480,24580,196584,-0.4051863857374392,181030885173000,147299337,953266,8.03,1.29,153105,1.63,20000,1160.260009765625,2.2709999084472656,278,반도체,Listed,0.0
2015-07-27,24580,24940,24560,24600,243040,0.08136696501220504,181178184510000,147299337,953266,8.03,1.29,153105,1.63,20000,1165.030029296875,2.2279999256134033,278,반도체,Listed,0.0
2015-07-28,24480,25020,24380,24600,267627,0.0,181178184510000,147299337,953266,8.03,1.29,153105,1.63,20000,1159.52001953125,2.25,278,반도체,Listed,0.0
2015-07-29,25000,25500,24620,25260,274689,2.682926829268293,186039062631000,147299337,953266,8.25,1.32,153105,1.58,20000,1160.0699462890625,2.2790000438690186,278,반도체,Listed,0.0
2015-07-30,25160,25200,24300,24300,308392,-3.800475059382423,178968694455000,147299337,953266,7.94,1.27,153105,1.65,20000,1170.77001953125,2.2679998874664307,278,반도체,Listed,0.0
2015-07-31,24400,24440,23500,23700,391589,-2.4691358024691357,174549714345000,147299337,953266,7.74,1.24,153105,1.69,20000,1170.77001953125,2.2049999237060547,278,반도체,Listed,0.0
2015-08-03,23680,23680,23320,23500,196891,-0.8438818565400843,173076720975000,147299337,953266,7.67,1.23,153105,1.7,20000,1168.699951171875,2.1500000953674316,278,반도체,Listed,0.0
2015-08-04,23500,23740,23400,23640,256887,0.5957446808510638,174107816334000,147299337,953266,7.72,1.24,153105,1.69,20000,1167.1300048828125,2.2109999656677246,278,반도체,Listed,0.0
2015-08-05,23640,23640,23160,23180,256050,-1.94585448392555,170719931583000,147299337,953266,7.57,1.22,153105,1.73,20000,1171.93994140625,2.2679998874664307,278,반도체,Listed,0.0
2015-08-06,23100,23120,22300,22300,403981,-3.7963761863675582,164238760755000,147299337,953266,7.28,1.17,153105,1.79,20000,1161.530029296875,2.2339999675750732,278,반도체,Listed,0.0
2015-08-07,22400,22740,22300,22720,275742,1.883408071748879,167332046832000,147299337,953266,7.42,1.19,153105,1.76,20000,1161.530029296875,2.174999952316284,278,반도체,Listed,0.0
2015-08-10,22800,22840,22600,22820,114450,0.44014084507042256,168068543517000,147299337,953266,7.45,1.2,153105,1.75,20000,1157.050048828125,2.23799991607666,278,반도체,Listed,0.0
2015-08-11,23020,23580,22960,23140,233286,1.4022787028922,170425332909000,147299337,953266,7.56,1.21,153105,1.73,20000,1177.280029296875,2.13700008392334,278,반도체,Listed,0.0
2015-08-12,23000,23280,22800,23080,223080,-0.25929127052722556,169983434898000,147299337,953266,7.54,1.21,153105,1.73,20000,1173.0,2.130000114440918,278,반도체,Listed,0.0
2015-08-13,23060,23060,22760,22800,150411,-1.2131715771230502,167921244180000,147299337,953266,7.45,1.2,153105,1.75,20000,1176.449951171875,2.188999891281128,278,반도체,Listed,0.0
2015-08-17,22800,22820,22080,22080,227217,-3.1578947368421053,162618468048000,147299337,953266,7.21,1.16,153105,1.81,20000,1181.5799560546875,2.1500000953674316,278,반도체,Listed,0.0
2015-08-18,22360,22820,22340,22620,231672,2.4456521739130435,166595550147000,147299337,953266,7.39,1.19,153105,1.77,20000,1184.449951171875,2.196000099182129,278,반도체,Listed,0.0
2015-08-19,23380,23520,22820,23080,401415,2.033598585322723,169983434898000,147299337,953266,7.54,1.21,153105,1.73,20000,1181.2099609375,2.128999948501587,278,반도체,Listed,0.0
2015-08-20,23260,23420,22600,22780,216119,-1.2998266897746966,167773944843000,147299337,953266,7.44,1.19,153105,1.76,20000,1182.530029296875,2.0840001106262207,278,반도체,Listed,0.0
2015-08-21,21980,22560,21920,22020,408851,-3.336259877085163,162176570037000,147299337,953266,7.19,1.15,153105,1.82,20000,1182.530029296875,2.053999900817871,278,반도체,Listed,0.0
2015-08-24,21760,22300,20660,21580,448592,-1.9981834695731153,158935984623000,147299337,953266,7.05,1.13,153105,1.85,20000,1189.5799560546875,1.996999979019165,278,반도체,Listed,0.0
2015-08-25,21580,22140,21340,21580,392519,0.0,158935984623000,147299337,953266,7.05,1.13,153105,1.85,20000,1189.1600341796875,2.132999897003174,278,반도체,Listed,0.0
2015-08-26,21360,21480,21000,21340,558952,-1.1121408711770158,157168392579000,147299337,953266,6.97,1.12,153105,1.87,20000,1181.1600341796875,2.171999931335449,278,반도체,Listed,0.0
2015-08-27,21640,21720,21260,21340,495388,0.0,157168392579000,147299337,953266,6.97,1.12,153105,1.87,20000,1171.989990234375,2.1679999828338623,278,반도체,Listed,0.0
2015-08-28,21720,21720,21460,21620,462223,1.3120899718837862,159230583297000,147299337,953266,7.06,1.13,153105,1.85,20000,1171.989990234375,2.186000108718872,278,반도체,Listed,0.0
2015-08-31,21420,21780,21040,21780,408309,0.7400555041628123,160408977993000,147299337,953266,7.11,1.14,153105,1.84,20000,1180.949951171875,2.200000047683716,278,반도체,Listed,0.0
2015-09-01,21780,21960,21620,21700,240372,-0.3673094582185491,159819780645000,147299337,953266,7.09,1.14,153105,1.84,20000,1177.280029296875,2.171999931335449,278,반도체,Listed,0.0
2015-09-02,21380,21900,21300,21800,312683,0.4608294930875576,160556277330000,147299337,953266,7.12,1.14,153105,1.83,20000,1182.1600341796875,2.193000078201294,278,반도체,Listed,0.0
2015-09-03,22040,22460,21860,22440,305142,2.9357798165137616,165269856114000,147299337,953266,7.33,1.18,153105,1.78,20000,1189.1199951171875,2.1679999828338623,278,반도체,Listed,0.0
2015-09-04,22880,22880,22360,22580,251734,0.6238859180035651,166300951473000,147299337,953266,7.37,1.18,153105,1.77,20000,1189.1199951171875,2.128000020980835,278,반도체,Listed,0.0
2015-09-07,22580,22580,22100,22240,191805,-1.5057573073516386,163796862744000,147299337,953266,7.26,1.17,153105,1.8,20000,1201.18994140625,2.128000020980835,278,반도체,Listed,0.0
2015-09-08,22260,22720,22120,22620,182330,1.70863309352518,166595550147000,147299337,953266,7.39,1.19,153105,1.77,20000,1193.0,2.194000005722046,278,반도체,Listed,0.0
2015-09-09,22920,22940,22720,22940,259376,1.414677276746242,168952339539000,147299337,953266,7.49,1.2,153105,1.74,20000,1190.3399658203125,2.180999994277954,278,반도체,Listed,0.0
2015-09-10,22600,22780,22360,22680,362568,-1.1333914559721012,167037448158000,147299337,953266,7.41,1.19,153105,1.76,20000,1180.5999755859375,2.2219998836517334,278,반도체,Listed,0.0
2015-09-11,22520,22660,22300,22300,204167,-1.6754850088183422,164238760755000,147299337,953266,7.28,1.17,153105,1.79,20000,1180.5999755859375,2.183000087738037,278,반도체,Listed,0.0
2015-09-14,22400,22480,22200,22480,167073,0.8071748878923767,165564454788000,147299337,953266,7.34,1.18,153105,1.78,20000,1182.0,2.180000066757202,278,반도체,Listed,0.0
2015-09-15,22280,22560,22260,22460,232956,-0.0889679715302491,165417155451000,147299337,953266,7.33,1.18,153105,1.78,20000,1176.81005859375,2.2809998989105225,278,반도체,Listed,0.0
2015-09-16,22420,23140,22420,23040,343763,2.5823686553873553,169688836224000,147299337,953266,7.52,1.21,153105,1.74,20000,1169.199951171875,2.302999973297119,278,반도체,Listed,0.0
2015-09-17,23060,23140,22880,23140,273960,0.4340277777777778,170425332909000,147299337,953266,7.56,1.21,153105,1.73,20000,1164.8900146484375,2.2170000076293945,278,반도체,Listed,0.0
2015-09-18,22900,23840,22700,23800,436270,2.8522039757994815,175286211030000,147299337,953266,7.77,1.25,153105,1.68,20000,1164.8900146484375,2.130000114440918,278,반도체,Listed,0.0
2015-09-21,23260,23460,23000,23000,205359,-3.361344537815126,169394237550000,147299337,953266,7.51,1.21,153105,1.74,20000,1176.47998046875,2.2139999866485596,278,반도체,Listed,0.0
2015-09-22,22860,23000,22600,22900,250675,-0.43478260869565216,168657740865000,147299337,953266,7.48,1.2,153105,1.75,20000,1182.5400390625,2.125,278,반도체,Listed,0.0
2015-09-23,22880,22880,22500,22620,197649,-1.222707423580786,166595550147000,147299337,953266,7.39,1.19,153105,1.77,20000,1192.4100341796875,2.1440000534057617,278,반도체,Listed,0.0
2015-09-24,22520,22700,22500,22520,132721,-0.4420866489832007,165859053462000,147299337,953266,7.35,1.18,153105,1.78,20000,1188.93994140625,2.119999885559082,278,반도체,Listed,0.0
2015-09-25,22400,22500,22180,22240,209160,-1.2433392539964476,163796862744000,147299337,953266,7.26,1.17,153105,1.8,20000,1188.93994140625,2.1679999828338623,278,반도체,Listed,0.0
2015-09-30,22000,22680,21800,22680,458936,1.9784172661870503,167037448158000,147299337,953266,7.41,1.19,153105,1.76,20000,1183.8399658203125,2.059999942779541,278,반도체,Listed,0.0
2015-10-01,22800,22900,22420,22680,241041,0.0,167037448158000,147299337,953266,7.41,1.19,153105,1.76,20000,1177.0999755859375,2.0420000553131104,278,반도체,Listed,0.0
2015-10-02,22240,22660,22240,22380,274302,-1.3227513227513228,164827958103000,147299337,953266,7.31,1.17,153105,1.79,20000,1177.0999755859375,1.9889999628067017,278,반도체,Listed,0.0
2015-10-05,22380,22620,22300,22300,241935,-0.3574620196604111,164238760755000,147299337,953266,7.28,1.17,153105,1.79,20000,1159.5699462890625,2.055999994277954,278,반도체,Listed,0.0
2015-10-06,22600,23100,22540,23020,382987,3.2286995515695067,169541536887000,147299337,953266,7.52,1.21,153105,1.74,20000,1159.3199462890625,2.0350000858306885,278,반도체,Listed,0.0
2015-10-07,23960,25040,23720,25020,799502,8.688097306689835,184271470587000,147299337,953266,8.17,1.31,153105,1.6,20000,1156.75,2.062000036239624,278,반도체,Listed,0.0
2015-10-08,25000,25580,25000,25400,570677,1.518784972022382,187070157990000,147299337,953266,8.29,1.33,153105,1.57,20000,1150.9000244140625,2.1080000400543213,278,반도체,Listed,0.0
2015-10-12,25200,25260,24940,25200,378974,-0.7874015748031495,185597164620000,147299337,953266,8.23,1.32,153105,1.59,20000,1142.2099609375,2.0899999141693115,278,반도체,Listed,0.0
2015-10-13,25200,25440,24960,25040,198000,-0.6349206349206349,184418769924000,147299337,953266,8.18,1.31,153105,1.6,20000,1148.0699462890625,2.055000066757202,278,반도체,Listed,0.0
2015-10-14,24960,25200,24740,25080,175051,0.1597444089456869,184713368598000,147299337,953266,8.19,1.32,153105,1.59,20000,1135.75,1.9809999465942383,278,반도체,Listed,0.0
2015-10-15,24880,25640,24860,25380,248503,1.1961722488038278,186922858653000,147299337,953266,8.29,1.33,153105,1.58,20000,1121.0400390625,2.0230000019073486,278,반도체,Listed,0.0
2015-10-16,25300,25380,25180,25300,143968,-0.31520882584712373,186333661305000,147299337,953266,8.26,1.33,153105,1.58,20000,1121.0400390625,2.0230000019073486,278,반도체,Listed,0.0
2015-10-19,25140,25300,24980,25120,117070,-0.7114624505928854,185007967272000,147299337,953266,8.2,1.32,153105,1.59,20000,1130.3699951171875,2.0280001163482666,278,반도체,Listed,0.0
2015-10-20,25200,25460,25120,25320,150347,0.7961783439490446,186480960642000,147299337,953266,8.27,1.33,153105,1.58,20000,1129.469970703125,2.071000099182129,278,반도체,Listed,0.0
2015-10-21,25300,25640,25180,25400,139567,0.315955766192733,187070157990000,147299337,953266,8.29,1.33,153105,1.57,20000,1138.0400390625,2.0299999713897705,278,반도체,Listed,0.0
2015-10-22,25600,25900,25380,25600,230673,0.7874015748031495,188543151360000,147299337,953266,8.36,1.34,153105,1.56,20000,1128.6700439453125,2.0250000953674316,278,반도체,Listed,0.0
2015-10-23,26000,26000,25560,25780,263071,0.703125,189868845393000,147299337,953266,8.42,1.35,153105,1.55,20000,1128.6700439453125,2.0829999446868896,278,반도체,Listed,0.0
2015-10-26,25960,25960,25440,25840,152165,0.23273855702094648,190310743404000,147299337,953266,8.44,1.36,153105,1.55,20000,1134.010009765625,2.058000087738037,278,반도체,Listed,0.0
2015-10-27,25640,25980,25620,25960,132241,0.46439628482972134,191194539426000,147299337,953266,8.48,1.36,153105,1.54,20000,1128.739990234375,2.0280001163482666,278,반도체,Listed,0.0
2015-10-28,25880,26160,25820,26160,271303,0.7704160246533128,192667532796000,147299337,953266,8.54,1.37,153105,1.53,20000,1134.02001953125,2.0920000076293945,278,반도체,Listed,0.0
2015-10-29,26599,27839,26480,26500,630471,1.2996941896024465,195171621525000,147299337,953266,8.65,1.39,153105,1.51,20000,1143.5999755859375,2.1730000972747803,278,반도체,Listed,0.0
2015-10-30,26900,27800,26819,27440,509385,3.547169811320755,202094690364000,147299337,953266,8.96,1.44,153105,1.46,20000,1139.8599853515625,2.1510000228881836,278,반도체,Listed,0.0
2015-11-02,27700,27860,27479,27660,386546,0.8017492711370262,203714983071000,147299337,953266,9.03,1.45,153105,1.45,20000,1139.1600341796875,2.187000036239624,278,반도체,Listed,0.0
2015-11-03,27620,27620,26999,27040,301840,-2.2415039768618943,199148703624000,147299337,953266,8.83,1.42,153105,1.48,20000,1136.6199951171875,2.2200000286102295,278,반도체,Listed,0.0
2015-11-04,27040,27219,26519,26600,281070,-1.6272189349112427,195908118210000,147299337,953266,8.69,1.4,153105,1.5,20000,1127.800048828125,2.2300000190734863,278,반도체,Listed,0.0
2015-11-05,26600,27079,26600,26840,173042,0.9022556390977444,197675710254000,147299337,953266,8.77,1.41,153105,1.49,20000,1133.1600341796875,2.244999885559082,278,반도체,Listed,0.0
2015-11-06,26860,26960,26600,26760,164322,-0.29806259314456035,197086512906000,147299337,953266,8.74,1.4,153105,1.49,20000,1136.3599853515625,2.3329999446868896,278,반도체,Listed,0.0
2015-11-09,26760,26880,26419,26880,185661,0.4484304932735426,197970308928000,147299337,953266,8.78,1.41,153105,1.49,20000,1150.780029296875,2.3420000076293945,278,반도체,Listed,0.0
2015-11-10,26720,26820,26280,26420,197551,-1.711309523809524,194582424177000,147299337,953266,8.63,1.39,153105,1.51,20000,1157.1099853515625,2.322000026702881,278,반도체,Listed,0.0
2015-11-11,26419,26900,26419,26660,140449,0.9084027252081757,196350016221000,147299337,953266,8.71,1.4,153105,1.5,20000,1157.06005859375,2.3380000591278076,278,반도체,Listed,0.0
2015-11-12,26660,26680,26340,26340,157417,-1.2003000750187547,193993226829000,147299337,953266,8.6,1.38,153105,1.52,20000,1153.6600341796875,2.319000005722046,278,반도체,Listed,0.0
2015-11-13,26340,26340,26000,26000,177677,-1.29081245254366,191489138100000,147299337,953266,8.49,1.36,153105,1.54,20000,1157.260009765625,2.2799999713897705,278,반도체,Listed,0.0
2015-11-16,25820,25820,25260,25260,275705,-2.8461538461538463,186039062631000,147299337,953266,8.25,1.32,153105,1.58,20000,1168.3399658203125,2.2730000019073486,278,반도체,Listed,0.0
2015-11-17,25500,25800,25400,25400,186184,0.5542359461599367,187070157990000,147299337,953266,8.29,1.33,153105,1.57,20000,1167.0899658203125,2.260999917984009,278,반도체,Listed,0.0
2015-11-18,25440,25800,25440,25620,167735,0.8661417322834646,188690450697000,147299337,953266,8.37,1.34,153105,1.56,20000,1168.5,2.2690000534057617,278,반도체,Listed,0.0
2015-11-19,25800,25800,25420,25780,192850,0.624512099921936,189868845393000,147299337,953266,8.42,1.35,153105,1.55,20000,1164.4599609375,2.247999906539917,278,반도체,Listed,0.0
2015-11-20,25780,25920,25560,25700,168720,-0.3103180760279286,189279648045000,147299337,953266,8.39,1.35,153105,1.56,20000,1153.68994140625,2.26200008392334,278,반도체,Listed,0.0
2015-11-23,25700,26040,25620,25640,198820,-0.23346303501945526,188837750034000,147299337,953266,8.37,1.34,153105,1.56,20000,1152.6199951171875,2.25,278,반도체,Listed,0.0
2015-11-24,25640,26100,25640,25980,159560,1.326053042121685,191341838763000,147299337,953266,8.48,1.36,153105,1.54,20000,1157.0899658203125,2.243000030517578,278,반도체,Listed,0.0
2015-11-25,26000,26200,25980,25980,142627,0.0,191341838763000,147299337,953266,8.48,1.36,153105,1.54,20000,1145.0,2.2320001125335693,278,반도체,Listed,0.0
2015-11-26,25980,26800,25980,26700,185800,2.771362586605081,196644614895000,147299337,953266,8.72,1.4,153105,1.5,20000,1143.050048828125,2.2320001125335693,278,반도체,Listed,0.0
2015-11-27,26900,26980,26540,26540,169854,-0.599250936329588,195466220199000,147299337,953266,8.67,1.39,153105,1.51,20000,1146.8599853515625,2.2249999046325684,278,반도체,Listed,0.0
2015-11-30,26500,26500,25680,25680,534006,-3.2403918613413714,189132348708000,147299337,953266,8.39,1.35,153105,1.56,20000,1154.8299560546875,2.2179999351501465,278,반도체,Listed,0.0
2015-12-01,25880,26440,25760,26420,252113,2.881619937694704,194582424177000,147299337,953266,8.63,1.39,153105,1.51,20000,1158.239990234375,2.1549999713897705,278,반도체,Listed,0.0
2015-12-02,26420,26440,25880,26000,229628,-1.5897047691143074,191489138100000,147299337,953266,8.49,1.36,153105,1.54,20000,1153.9000244140625,2.177999973297119,278,반도체,Listed,0.0
2015-12-03,25900,25940,25720,25800,166695,-0.7692307692307693,190016144730000,147299337,953266,8.43,1.35,153105,1.55,20000,1160.760009765625,2.3299999237060547,278,반도체,Listed,0.0
2015-12-04,25500,25600,25340,25380,192711,-1.627906976744186,186922858653000,147299337,953266,8.29,1.33,153105,1.58,20000,1152.27001953125,2.2750000953674316,278,반도체,Listed,0.0
2015-12-07,25380,25500,25240,25240,196107,-0.5516154452324665,185891763294000,147299337,953266,8.24,1.32,153105,1.58,20000,1161.6400146484375,2.2249999046325684,278,반도체,Listed,0.0
2015-12-08,25240,25440,25240,25240,138322,0.0,185891763294000,147299337,953266,8.24,1.32,153105,1.58,20000,1174.4100341796875,2.23799991607666,278,반도체,Listed,0.0
2015-12-09,25240,25500,25240,25260,181812,0.07923930269413629,186039062631000,147299337,953266,8.25,1.32,153105,1.58,20000,1178.5899658203125,2.2079999446868896,278,반도체,Listed,0.0
2015-12-10,25260,25860,25260,25660,303867,1.583531274742676,188985049371000,147299337,953266,8.38,1.35,153105,1.56,20000,1179.719970703125,2.239000082015991,278,반도체,Listed,0.0
2015-12-11,25660,25900,25440,25680,206729,0.0779423226812159,189132348708000,147299337,953266,8.39,1.35,153105,1.56,20000,1177.2900390625,2.1389999389648438,278,반도체,Listed,0.0
2015-12-14,25460,25460,25100,25220,222801,-1.791277258566978,185744463957000,147299337,953266,8.24,1.32,153105,1.59,20000,1185.5799560546875,2.2249999046325684,278,반도체,Listed,0.0
2015-12-15,25220,25600,25200,25540,175494,1.26883425852498,188101253349000,147299337,953266,8.34,1.34,153105,1.57,20000,1183.6500244140625,2.2679998874664307,278,반도체,Listed,0.0
2015-12-16,25560,26200,25560,25980,207962,1.7227877838684416,191341838763000,147299337,953266,8.48,1.36,153105,1.54,20000,1172.739990234375,2.2869999408721924,278,반도체,Listed,0.0
2015-12-17,26020,26160,25500,25800,174677,-0.6928406466512702,190016144730000,147299337,953266,8.43,1.35,153105,1.55,20000,1170.050048828125,2.23799991607666,278,반도체,Listed,0.0
2015-12-18,25300,25760,25280,25560,168369,-0.9302325581395349,188248552686000,147299337,953266,8.35,1.34,153105,1.56,20000,1183.06005859375,2.1989998817443848,278,반도체,Listed,0.0
2015-12-21,25560,25700,25220,25600,160466,0.1564945226917058,188543151360000,147299337,953266,8.36,1.34,153105,1.56,20000,1180.4300537109375,2.197000026702881,278,반도체,Listed,0.0
2015-12-22,25600,25840,25340,25840,206192,0.9375,190310743404000,147299337,953266,8.44,1.36,153105,1.55,20000,1173.6099853515625,2.239000082015991,278,반도체,Listed,0.0
2015-12-23,25840,25980,25640,25900,207148,0.23219814241486067,190752641415000,147299337,953266,8.46,1.36,153105,1.54,20000,1169.1099853515625,2.2639999389648438,278,반도체,Listed,0.0
2015-12-24,25900,26000,25700,25700,156151,-0.7722007722007722,189279648045000,147299337,953266,8.39,1.35,153105,1.56,20000,1172.1600341796875,2.243000030517578,278,반도체,Listed,0.0
2015-12-28,25700,25780,25320,25320,227230,-1.4785992217898831,186480960642000,147299337,953266,8.27,1.33,153105,1.58,20000,1167.8800048828125,2.2249999046325684,278,반도체,Listed,0.0
2015-12-29,25300,25320,24820,25080,232944,-0.9478672985781991,184713368598000,147299337,953266,8.19,1.32,153105,1.59,20000,1165.8499755859375,2.306999921798706,278,반도체,Listed,0.0
2015-12-30,25200,25440,25080,25200,203958,0.4784688995215311,185597164620000,147299337,953266,8.23,1.32,153105,1.59,20000,1169.449951171875,2.302999973297119,278,반도체,Listed,0.0
2016-01-04,25200,25200,24100,24100,306939,-4.365079365079365,177495701085000,147299337,953266,7.87,1.26,153105,1.66,20000,1174.1099853515625,2.244999885559082,278,반도체,Listed,0.0
2016-01-05,24040,24360,23720,24160,216002,0.24896265560165973,177937599096000,147299337,953266,7.89,1.27,153105,1.66,20000,1187.3599853515625,2.247999906539917,278,반도체,Listed,0.0
2016-01-06,24160,24160,23360,23500,366752,-2.7317880794701987,173076720975000,147299337,953266,7.67,1.23,153105,1.7,20000,1188.719970703125,2.177000045776367,278,반도체,Listed,0.0
2016-01-07,23320,23660,23020,23260,282388,-1.0212765957446808,171309128931000,147299337,953266,7.6,1.22,153105,1.72,20000,1198.739990234375,2.1530001163482666,278,반도체,Listed,0.0
2016-01-08,23260,23720,23260,23420,257763,0.6878761822871883,172487523627000,147299337,953266,7.65,1.23,153105,1.71,20000,1195.3900146484375,2.130000114440918,278,반도체,Listed,0.0
2016-01-11,23120,23320,22920,23040,241277,-1.6225448334756618,169688836224000,147299337,953266,7.52,1.21,153105,1.74,20000,1205.93994140625,2.1579999923706055,278,반도체,Listed,0.0
2016-01-12,22960,23320,22880,22920,206283,-0.5208333333333333,168805040202000,147299337,953266,7.49,1.2,153105,1.75,20000,1202.719970703125,2.1019999980926514,278,반도체,Listed,0.0
2016-01-13,23060,23180,22960,22960,143316,0.17452006980802792,169099638876000,147299337,953266,7.5,1.2,153105,1.74,20000,1208.5,2.065999984741211,278,반도체,Listed,0.0
2016-01-14,22620,22840,22620,22760,209022,-0.8710801393728222,167626645506000,147299337,953266,7.43,1.19,153105,1.76,20000,1210.3299560546875,2.0980000495910645,278,반도체,Listed,0.0
2016-01-15,22800,23040,22480,22640,209464,-0.5272407732864675,166742849484000,147299337,953266,7.39,1.19,153105,1.77,20000,1206.43994140625,2.0329999923706055,278,반도체,Listed,0.0
2016-01-18,21760,22660,21760,22520,320214,-0.5300353356890459,165859053462000,147299337,953266,7.35,1.18,153105,1.78,20000,1212.81005859375,2.0329999923706055,278,반도체,Listed,0.0
2016-01-19,22560,23420,22560,23420,207242,3.996447602131439,172487523627000,147299337,953266,7.65,1.23,153105,1.71,20000,1208.8399658203125,2.0350000858306885,278,반도체,Listed,0.0
2016-01-20,23200,23200,22640,22760,167052,-2.818104184457728,167626645506000,147299337,953266,7.43,1.19,153105,1.76,20000,1205.75,1.9839999675750732,278,반도체,Listed,0.0
2016-01-21,22660,23100,22500,22620,190352,-0.6151142355008787,166595550147000,147299337,953266,7.39,1.19,153105,1.77,20000,1207.25,2.0190000534057617,278,반도체,Listed,0.0
2016-01-22,22900,23360,22900,23360,147528,3.2714412024756854,172045625616000,147299337,953266,7.63,1.23,153105,1.71,20000,1202.0699462890625,2.0480000972747803,278,반도체,Listed,0.0
2016-01-25,23440,23520,23120,23240,159913,-0.5136986301369862,171161829594000,147299337,953266,7.59,1.22,153105,1.72,20000,1195.5699462890625,2.0220000743865967,278,반도체,Listed,0.0
2016-01-26,23100,23140,22720,22740,152399,-2.1514629948364887,167479346169000,147299337,953266,7.43,1.19,153105,1.76,20000,1197.3599853515625,1.99399995803833,278,반도체,Listed,0.0
2016-01-27,22520,23500,22520,23500,276237,3.342128408091469,173076720975000,147299337,953266,7.67,1.23,153105,1.7,20000,1196.780029296875,2.000999927520752,278,반도체,Listed,0.0
2016-01-28,23280,23360,22780,22900,315912,-2.553191489361702,168657740865000,147299337,953266,7.48,1.2,153105,1.75,20000,1206.6800537109375,1.9850000143051147,278,반도체,Listed,0.0
2016-01-29,22800,23000,22320,23000,436983,0.43668122270742354,166829737550000,145069337,953266,7.51,1.21,153105,1.74,20000,1205.6300048828125,1.930999994277954,278,반도체,Listed,0.0
2016-02-01,23040,23260,23020,23260,259979,1.1304347826086958,168715638931000,145069337,953266,7.6,1.22,153105,1.72,20000,1206.1099853515625,1.965999960899353,278,반도체,Listed,0.0
2016-02-02,23220,23320,22940,23120,166348,-0.6018916595012898,167700153572000,145069337,953266,7.55,1.21,153105,1.73,20000,1200.9599609375,1.8639999628067017,278,반도체,Listed,0.0
2016-02-03,23000,23040,22740,22920,174507,-0.8650519031141869,166249460202000,145069337,953266,7.49,1.2,153105,1.75,20000,1211.5,1.88100004196167,278,반도체,Listed,0.0
2016-02-04,23000,23220,22960,23120,247959,0.8726003490401396,167700153572000,145069337,953266,7.55,1.21,153105,1.73,20000,1199.699951171875,1.8639999628067017,278,반도체,Listed,0.0
2016-02-05,23120,23380,23120,23280,188094,0.6920415224913495,168860708268000,145069337,953266,7.6,1.22,153105,1.72,20000,1190.8499755859375,1.8480000495910645,278,반도체,Listed,0.0
2016-02-11,22360,22740,22360,22600,305262,-2.9209621993127146,163928350810000,145069337,953266,7.38,1.19,153105,1.77,20000,1187.949951171875,1.6440000534057617,278,반도체,Listed,0.0
2016-02-12,22600,23020,22440,22600,256232,0.0,163928350810000,145069337,953266,7.38,1.19,153105,1.77,20000,1197.449951171875,1.7480000257492065,278,반도체,Listed,0.0
2016-02-15,23080,23200,22880,23080,183146,2.1238938053097343,167410014898000,145069337,953266,7.54,1.21,153105,1.73,20000,1205.0,1.7480000257492065,278,반도체,Listed,0.0
2016-02-16,23160,23580,23140,23360,180401,1.2131715771230502,169440985616000,145069337,953266,7.63,1.23,153105,1.71,20000,1211.25,1.777999997138977,278,반도체,Listed,0.0
2016-02-17,23580,24020,23380,23700,246062,1.4554794520547945,171907164345000,145069337,953266,7.74,1.24,153105,1.69,20000,1215.8499755859375,1.819000005722046,278,반도체,Listed,0.0
2016-02-18,24060,24060,23560,23740,222481,0.16877637130801687,172197303019000,145069337,953266,7.75,1.25,153105,1.68,20000,1224.050048828125,1.7589999437332153,278,반도체,Listed,0.0
2016-02-19,23740,23900,23480,23800,176852,0.2527379949452401,172632511030000,145069337,953266,7.77,1.25,153105,1.68,20000,1227.4000244140625,1.7480000257492065,278,반도체,Listed,0.0
2016-02-22,23800,23840,23320,23500,174899,-1.2605042016806722,170456470975000,145069337,953266,7.67,1.23,153105,1.7,20000,1231.8699951171875,1.7660000324249268,278,반도체,Listed,0.0
2016-02-23,23580,23780,23460,23620,147674,0.5106382978723404,171326886997000,145069337,953266,7.71,1.24,153105,1.69,20000,1220.949951171875,1.7450000047683716,278,반도체,Listed,0.0
2016-02-24,23560,23580,23220,23440,140484,-0.7620660457239627,170021262964000,145069337,953266,7.65,1.23,153105,1.71,20000,1229.949951171875,1.7419999837875366,278,반도체,Listed,0.0
2016-02-25,23440,23740,23440,23580,133635,0.5972696245733788,171036748323000,145069337,953266,7.7,1.24,153105,1.7,20000,1231.4000244140625,1.6970000267028809,278,반도체,Listed,0.0
2016-02-26,23600,23740,23440,23440,177344,-0.5937234944868532,170021262964000,145069337,953266,7.65,1.23,153105,1.71,20000,1232.3499755859375,1.7619999647140503,278,반도체,Listed,0.0
2016-02-29,23580,23880,23520,23560,288680,0.5119453924914675,170891678986000,145069337,953266,7.69,1.24,153105,1.7,20000,1241.1300048828125,1.7400000095367432,278,반도체,Listed,0.0
2016-03-02,24000,24140,23920,23940,236372,1.6129032258064515,173647996389000,145069337,953266,7.82,1.26,153105,1.67,20000,1225.1500244140625,1.8480000495910645,278,반도체,Listed,0.0
2016-03-03,24260,24400,24040,24400,218991,1.921470342522974,176984591140000,145069337,953266,7.97,1.28,153105,1.64,20000,1224.5,1.8300000429153442,278,반도체,Listed,0.0
2016-03-04,24400,24560,24040,24300,201490,-0.4098360655737705,176259244455000,145069337,953266,7.94,1.27,153105,1.65,20000,1210.030029296875,1.8830000162124634,278,반도체,Listed,0.0
2016-03-07,24400,24620,24300,24460,131376,0.6584362139917695,177419799151000,145069337,953266,7.99,1.28,153105,1.64,20000,1196.5,1.9019999504089355,278,반도체,Listed,0.0
2016-03-08,24460,24480,23720,23840,216202,-2.5347506132461164,172922649704000,145069337,953266,7.79,1.25,153105,1.68,20000,1198.75,1.8320000171661377,278,반도체,Listed,0.0
2016-03-09,23760,23980,23540,23880,183380,0.16778523489932887,173212788378000,145069337,953266,7.8,1.25,153105,1.68,20000,1208.1800537109375,1.8919999599456787,278,반도체,Listed,0.0
2016-03-10,24160,24720,24020,24500,283540,2.5963149078726966,177709937825000,145069337,953266,8.0,1.29,153105,1.63,20000,1208.1500244140625,1.9290000200271606,278,반도체,Listed,0.0
2016-03-11,24500,25060,24320,24980,267225,1.9591836734693877,181191601913000,145069337,953266,8.16,1.31,153105,1.6,20000,1203.949951171875,1.9769999980926514,278,반도체,Listed,0.0
2016-03-14,25340,25460,24980,25100,217154,0.4803843074459567,182062017935000,145069337,953266,8.2,1.32,153105,1.59,20000,1185.9000244140625,1.9630000591278076,278,반도체,Listed,0.0
2016-03-15,25100,25280,24920,25060,172808,-0.1593625498007968,181771879261000,145069337,953266,8.18,1.31,153105,1.6,20000,1185.75,1.9589999914169312,278,반도체,Listed,0.0
2016-03-16,25120,25260,25060,25120,146856,0.23942537909018355,182207087272000,145069337,953266,8.2,1.32,153105,1.59,20000,1191.969970703125,1.937999963760376,278,반도체,Listed,0.0
2016-03-17,25300,25920,25140,25260,246869,0.5573248407643312,183222572631000,145069337,953266,8.25,1.32,153105,1.58,20000,1175.8499755859375,1.902999997138977,278,반도체,Listed,0.0
2016-03-18,25560,25560,25260,25460,225314,0.791765637371338,184673266001000,145069337,953266,8.31,1.34,153105,1.57,20000,1152.75,1.871000051498413,278,반도체,Listed,0.0
2016-03-21,25480,25580,25160,25340,181170,-0.4713275726630008,183802849979000,145069337,953266,8.28,1.33,153105,1.58,20000,1162.300048828125,1.9229999780654907,278,반도체,Listed,0.0
2016-03-22,25340,25580,25240,25380,202872,0.15785319652722968,184092988653000,145069337,953266,8.29,1.33,153105,1.58,20000,1159.0999755859375,1.934999942779541,278,반도체,Listed,0.0
2016-03-23,25380,25580,25240,25580,197418,0.7880220646178092,185543682023000,145069337,953266,8.35,1.34,153105,1.56,20000,1154.800048828125,1.875,278,반도체,Listed,0.0
2016-03-24,25580,25800,25320,25640,218795,0.23455824863174357,185978890034000,145069337,953266,8.37,1.34,153105,1.56,20000,1166.1500244140625,1.899999976158142,278,반도체,Listed,0.0
2016-03-25,25660,25800,25560,25760,143446,0.46801872074883,186849306056000,145069337,953266,8.41,1.35,153105,1.55,20000,1166.1500244140625,1.899999976158142,278,반도체,Listed,0.0
2016-03-28,25760,26000,25760,25880,121218,0.4658385093167702,187719722078000,145069337,953266,8.45,1.36,153105,1.55,20000,1166.1500244140625,1.8700000047683716,278,반도체,Listed,0.0
2016-03-29,25880,26000,25700,25800,172454,-0.3091190108191654,187139444730000,145069337,953266,8.43,1.35,153105,1.55,20000,1156.0799560546875,1.8140000104904175,278,반도체,Listed,0.0
2016-03-30,26200,26419,26040,26160,267605,1.3953488372093024,189750692796000,145069337,953266,8.54,1.37,153105,1.53,20000,1140.22998046875,1.8300000429153442,278,반도체,Listed,0.0
2016-03-31,26120,26279,25960,26240,382615,0.3058103975535168,190330970144000,145069337,953266,8.57,1.38,153105,1.52,20000,1140.800048828125,1.7860000133514404,278,반도체,Listed,0.0
2016-04-01,25980,26180,25420,25580,271156,-2.5152439024390247,185543682023000,145069337,953266,8.35,1.34,153105,1.56,20000,1140.800048828125,1.7920000553131104,278,반도체,Listed,0.0
2016-04-04,25580,26100,25580,26100,188046,2.032838154808444,189315484785000,145069337,953266,8.52,1.37,153105,1.53,20000,1148.6300048828125,1.7790000438690186,278,반도체,Listed,0.0
2016-04-05,25980,25980,25200,25200,236319,-3.4482758620689653,182787364620000,145069337,953266,8.23,1.32,153105,1.59,20000,1158.5,1.7269999980926514,278,반도체,Listed,0.0
2016-04-06,25380,25820,25360,25700,184234,1.984126984126984,186414098045000,145069337,953266,8.39,1.35,153105,1.56,20000,1153.1500244140625,1.7549999952316284,278,반도체,Listed,0.0
2016-04-07,26000,26000,25160,25380,258795,-1.245136186770428,184092988653000,145069337,953266,8.29,1.33,153105,1.58,20000,1156.1500244140625,1.690999984741211,278,반도체,Listed,0.0
2016-04-08,25380,25380,24800,24920,251868,-1.8124507486209613,180756393902000,145069337,953266,8.14,1.31,153105,1.61,20000,1156.1500244140625,1.7200000286102295,278,반도체,Listed,0.0
2016-04-11,24920,25420,24920,25320,120693,1.6051364365971106,183657780642000,145069337,953266,8.27,1.33,153105,1.58,20000,1140.5,1.7239999771118164,278,반도체,Listed,0.0
2016-04-12,25400,25620,25320,25500,134054,0.7109004739336493,184963404675000,145069337,953266,8.33,1.34,153105,1.57,20000,1140.050048828125,1.781000018119812,278,반도체,Listed,0.0
2016-04-14,26000,26040,25780,26000,335327,1.9607843137254901,188590138100000,145069337,953266,8.49,1.36,153105,1.54,20000,1151.5999755859375,1.781000018119812,278,반도체,Listed,0.0
2016-04-15,26180,26200,25800,26000,136599,0.0,188590138100000,145069337,953266,8.49,1.36,153105,1.54,20000,1151.5999755859375,1.7519999742507935,278,반도체,Listed,0.0
2016-04-18,25900,26100,25840,25980,128474,-0.07692307692307693,188445068763000,145069337,953266,8.48,1.36,153105,1.54,20000,1141.5999755859375,1.7730000019073486,278,반도체,Listed,0.0
2016-04-19,25880,25920,25660,25760,144766,-0.8468052347959968,186849306056000,145069337,953266,8.41,1.35,153105,1.55,20000,1125.8499755859375,1.7829999923706055,278,반도체,Listed,0.0
2016-04-20,25640,26000,25640,25980,171972,0.8540372670807453,188445068763000,145069337,953266,8.48,1.36,153105,1.54,20000,1130.0999755859375,1.8539999723434448,278,반도체,Listed,0.0
2016-04-21,26000,26020,25760,25880,145089,-0.3849114703618168,187719722078000,145069337,953266,8.45,1.36,153105,1.55,20000,1138.25,1.8700000047683716,278,반도체,Listed,0.0
2016-04-22,25880,25880,25540,25600,114830,-1.0819165378670788,185688751360000,145069337,953266,8.36,1.34,153105,1.56,20000,1138.25,1.8880000114440918,278,반도체,Listed,0.0
2016-04-25,25700,25700,25420,25620,91957,0.078125,185833820697000,145069337,953266,8.37,1.34,153105,1.56,20000,1148.52001953125,1.9019999504089355,278,반도체,Listed,0.0
2016-04-26,25700,26100,25660,25920,166901,1.1709601873536302,188009860752000,145069337,953266,8.46,1.36,153105,1.54,20000,1144.8800048828125,1.930999994277954,278,반도체,Listed,0.0
2016-04-27,25880,26000,25720,26000,165946,0.30864197530864196,188590138100000,145069337,953266,8.49,1.36,153105,1.54,20000,1146.0999755859375,1.8600000143051147,278,반도체,Listed,0.0
2016-04-28,26000,26000,25220,25300,293069,-2.6923076923076925,183512711305000,145069337,953266,8.26,1.33,153105,1.58,20000,1134.0,1.8380000591278076,278,반도체,Listed,0.0
2016-04-29,25200,25340,24840,24900,325078,-1.5810276679841897,180611324565000,145069337,953266,8.13,1.31,153105,1.61,20000,1134.0,1.819000005722046,278,반도체,Listed,0.0
2016-05-02,24940,25240,24900,25000,140552,0.4016064257028112,178711671250000,142969337,1016129,9.9,1.23,126305,1.68,21000,1135.5,1.8650000095367432,278,반도체,Listed,0.0
2016-05-03,25340,25400,25120,25220,158066,0.88,180284333957000,142969337,1016129,9.98,1.24,126305,1.67,21000,1149.97998046875,1.7999999523162842,278,반도체,Listed,0.0
2016-05-04,25440,25800,25240,25800,294055,2.299762093576527,184430444730000,142969337,1016129,10.21,1.27,126305,1.63,21000,1164.75,1.784000039100647,278,반도체,Listed,0.0
2016-05-09,25800,26000,25700,25980,312894,0.6976744186046512,185717168763000,142969337,1016129,10.28,1.28,126305,1.62,21000,1173.050048828125,1.7599999904632568,278,반도체,Listed,0.0
2016-05-10,25980,26000,25760,25920,171191,-0.23094688221709006,185288260752000,142969337,1016129,10.26,1.28,126305,1.62,21000,1169.3299560546875,1.7599999904632568,278,반도체,Listed,0.0
2016-05-11,25920,25980,25740,25840,176688,-0.30864197530864196,184716383404000,142969337,1016129,10.23,1.27,126305,1.63,21000,1162.9000244140625,1.7369999885559082,278,반도체,Listed,0.0
2016-05-12,25840,25840,25500,25620,152302,-0.8513931888544891,183143720697000,142969337,1016129,10.14,1.26,126305,1.64,21000,1167.4000244140625,1.7569999694824219,278,반도체,Listed,0.0
2016-05-13,25620,25620,25020,25060,245698,-2.185792349726776,179140579261000,142969337,1016129,9.92,1.23,126305,1.68,21000,1167.4000244140625,1.7050000429153442,278,반도체,Listed,0.0
2016-05-16,25060,25260,24940,24960,234403,-0.39904229848363926,178425732576000,142969337,1016129,9.88,1.23,126305,1.68,21000,1176.449951171875,1.753000020980835,278,반도체,Listed,0.0
2016-05-17,24980,25300,24980,25280,183671,1.282051282051282,180713241968000,142969337,1016129,10.01,1.24,126305,1.66,21000,1173.3299560546875,1.7589999437332153,278,반도체,Listed,0.0
2016-05-18,25280,25420,25100,25360,183392,0.31645569620253167,181285119316000,142969337,1016129,10.04,1.25,126305,1.66,21000,1186.8499755859375,1.8799999952316284,278,반도체,Listed,0.0
2016-05-19,25360,25540,25320,25400,200249,0.15772870662460567,181571057990000,142969337,1016129,10.06,1.25,126305,1.65,21000,1185.449951171875,1.8450000286102295,278,반도체,Listed,0.0
2016-05-20,25400,25600,25380,25380,159211,-0.07874015748031496,181428088653000,142969337,1016129,10.05,1.25,126305,1.65,21000,1185.449951171875,1.8489999771118164,278,반도체,Listed,0.0
2016-05-23,25380,25720,25380,25720,162251,1.3396375098502757,183858567382000,142969337,1016129,10.18,1.27,126305,1.63,21000,1181.550048828125,1.8380000591278076,278,반도체,Listed,0.0
2016-05-24,25720,25780,25360,25420,208692,-1.166407465007776,181714027327000,142969337,1016129,10.06,1.25,126305,1.65,21000,1185.550048828125,1.8589999675750732,278,반도체,Listed,0.0
2016-05-25,25660,25960,25480,25900,237255,1.8882769472856018,185145291415000,142969337,1016129,10.25,1.27,126305,1.62,21000,1178.8499755859375,1.8700000047683716,278,반도체,Listed,0.0
2016-05-26,25980,26060,25900,25920,253073,0.07722007722007722,185288260752000,142969337,1016129,10.26,1.28,126305,1.62,21000,1177.949951171875,1.8229999542236328,278,반도체,Listed,0.0
2016-05-27,26000,26020,25460,25640,274891,-1.0802469135802468,183286690034000,142969337,1016129,10.15,1.26,126305,1.64,21000,1177.949951171875,1.8509999513626099,278,반도체,Listed,0.0
2016-05-30,25940,25940,25480,25600,206307,-0.15600624024961,183000751360000,142969337,1016129,10.13,1.26,126305,1.64,21000,1198.449951171875,1.8509999513626099,278,반도체,Listed,0.0
2016-05-31,25600,26000,25360,25840,1250554,0.9375,184716383404000,142969337,1016129,10.23,1.27,126305,1.63,21000,1187.739990234375,1.8339999914169312,278,반도체,Listed,0.0
2016-06-01,25960,26820,25900,26660,470080,3.1733746130030958,190578126221000,142969337,1016129,10.55,1.31,126305,1.58,21000,1190.1500244140625,1.8459999561309814,278,반도체,Listed,0.0
2016-06-02,27000,27440,26920,27300,476139,2.4006001500375094,195153145005000,142969337,1016129,10.81,1.34,126305,1.54,21000,1184.300048828125,1.8109999895095825,278,반도체,Listed,0.0
2016-06-03,27400,27580,27280,27540,341324,0.8791208791208791,196868777049000,142969337,1016129,10.9,1.36,126305,1.53,21000,1184.300048828125,1.7039999961853027,278,반도체,Listed,0.0
2016-06-07,27720,28040,27600,27960,462843,1.5250544662309369,199871133126000,142969337,1016129,11.07,1.38,126305,1.5,21000,1154.5,1.7130000591278076,278,반도체,Listed,0.0
2016-06-08,28380,28380,27780,28120,376162,0.5722460658082975,201014887822000,142969337,1016129,11.13,1.38,126305,1.49,21000,1150.25,1.7059999704360962,278,반도체,Listed,0.0
2016-06-09,28160,28600,28120,28600,515375,1.7069701280227598,204446151910000,142969337,1016129,11.32,1.41,126305,1.47,21000,1156.199951171875,1.6799999475479126,278,반도체,Listed,0.0
2016-06-10,28480,28500,28080,28120,289681,-1.6783216783216783,201014887822000,142969337,1016129,11.13,1.38,126305,1.49,21000,1156.199951171875,1.6390000581741333,278,반도체,Listed,0.0
2016-06-13,27920,27920,27240,27420,304966,-2.4893314366998576,196010961027000,142969337,1016129,10.85,1.35,126305,1.53,21000,1170.1500244140625,1.6160000562667847,278,반도체,Listed,0.0
2016-06-14,27420,27720,27380,27600,245461,0.6564551422319475,197297685060000,142969337,1016129,10.93,1.36,126305,1.52,21000,1173.3900146484375,1.6109999418258667,278,반도체,Listed,0.0
2016-06-15,27699,28320,27660,28260,306689,2.391304347826087,202015673181000,142969337,1016129,11.19,1.39,126305,1.49,21000,1166.699951171875,1.5959999561309814,278,반도체,Listed,0.0
2016-06-16,28259,28340,27900,28180,292431,-0.28308563340410475,201443795833000,142969337,1016129,11.16,1.39,126305,1.49,21000,1169.5799560546875,1.5640000104904175,278,반도체,Listed,0.0
2016-06-17,28200,28700,28200,28520,328394,1.20652945351313,203874274562000,142969337,1016129,11.29,1.4,126305,1.47,21000,1169.5799560546875,1.6180000305175781,278,반도체,Listed,0.0
2016-06-20,28540,28960,28519,28620,270316,0.3506311360448808,204589121247000,142969337,1016129,11.33,1.41,126305,1.47,21000,1159.3499755859375,1.6699999570846558,278,반도체,Listed,0.0
2016-06-21,28640,28980,28520,28960,200411,1.187980433263452,207019599976000,142969337,1016129,11.46,1.43,126305,1.45,21000,1151.5999755859375,1.6970000267028809,278,반도체,Listed,0.0
2016-06-22,28920,29000,28620,28900,178965,-0.20718232044198895,206590691965000,142969337,1016129,11.44,1.42,126305,1.45,21000,1149.9000244140625,1.684999942779541,278,반도체,Listed,0.0
2016-06-23,28880,28900,28540,28600,225126,-1.0380622837370241,204446151910000,142969337,1016129,11.32,1.41,126305,1.47,21000,1141.260009765625,1.7389999628067017,278,반도체,Listed,0.0
2016-06-24,28900,28900,27200,28000,411052,-2.097902097902098,200157071800000,142969337,1016129,11.08,1.38,126305,1.5,21000,1141.260009765625,1.5789999961853027,278,반도체,Listed,0.0
2016-06-27,28000,28099,27700,27960,236780,-0.14285714285714285,199871133126000,142969337,1016129,11.07,1.38,126305,1.5,21000,1177.6500244140625,1.4600000381469727,278,반도체,Listed,0.0
2016-06-28,27800,28080,27579,27980,214379,0.07153075822603719,200014102463000,142969337,1016129,11.08,1.38,126305,1.5,21000,1165.3800048828125,1.4609999656677246,278,반도체,Listed,0.0
2016-06-29,28160,28240,27820,27920,210541,-0.21443888491779842,199585194452000,142969337,1016129,11.05,1.37,126305,1.5,21000,1152.1500244140625,1.4769999980926514,278,반도체,Listed,0.0
2016-06-30,28160,28900,27940,28500,272943,2.0773638968481376,203731305225000,142969337,1016129,11.28,1.4,126305,1.47,21000,1151.25,1.4880000352859497,278,반도체,Listed,0.0
2016-07-01,28540,29579,28540,29320,287872,2.8771929824561404,209593048042000,142969337,1016129,11.61,1.44,126305,1.43,21000,1151.25,1.4559999704360962,278,반도체,Listed,0.0
2016-07-04,29279,29479,29020,29320,159900,0.0,209593048042000,142969337,1016129,11.61,1.44,126305,1.43,21000,1151.4000244140625,1.4559999704360962,278,반도체,Listed,0.0
2016-07-05,29319,29500,29240,29380,157407,0.20463847203274216,210021956053000,142969337,1016129,11.63,1.45,126305,1.43,21000,1154.949951171875,1.3669999837875366,278,반도체,Listed,0.0
2016-07-06,28940,29040,28240,28420,334983,-3.2675289312457454,203159427877000,142969337,1016129,11.25,1.4,126305,1.48,21000,1155.25,1.3849999904632568,278,반도체,Listed,0.0
2016-07-07,28420,29000,28320,29000,229904,2.0408163265306123,207305538650000,142969337,1016129,11.48,1.43,126305,1.45,21000,1155.6500244140625,1.3869999647140503,278,반도체,Listed,0.0
2016-07-08,29000,29500,28980,29200,269963,0.6896551724137931,208735232020000,142969337,1016129,11.56,1.44,126305,1.44,21000,1155.6500244140625,1.3660000562667847,278,반도체,Listed,0.0
2016-07-11,29199,30000,29199,29780,281136,1.9863013698630139,212881342793000,142969337,1016129,11.79,1.47,126305,1.41,21000,1148.0699462890625,1.434000015258789,278,반도체,Listed,0.0
2016-07-12,29980,30099,29200,29280,220494,-1.6789791806581598,209307109368000,142969337,1016129,11.59,1.44,126305,1.43,21000,1141.0,1.5130000114440918,278,반도체,Listed,0.0
2016-07-13,29920,29920,29259,29620,200198,1.1612021857923498,211737588097000,142969337,1016129,11.73,1.46,126305,1.42,21000,1142.6500244140625,1.468000054359436,278,반도체,Listed,0.0
2016-07-14,29620,30000,29520,30000,248605,1.2829169480081026,214454005500000,142969337,1016129,11.88,1.48,126305,1.4,21000,1129.25,1.531000018119812,278,반도체,Listed,0.0
2016-07-15,30000,30439,29720,30360,232463,1.2,217027453566000,142969337,1016129,12.02,1.49,126305,1.38,21000,1129.25,1.593999981880188,278,반도체,Listed,0.0
2016-07-18,30360,30660,30000,30660,231344,0.9881422924901186,219171993621000,142969337,1016129,12.14,1.51,126305,1.37,21000,1133.050048828125,1.5870000123977661,278,반도체,Listed,0.0
2016-07-19,30560,30799,30440,30660,202445,0.0,219171993621000,142969337,1016129,12.14,1.51,126305,1.37,21000,1139.199951171875,1.5579999685287476,278,반도체,Listed,0.0
2016-07-20,30659,30840,30480,30800,155463,0.45662100456621,220172778980000,142969337,1016129,12.19,1.52,126305,1.36,21000,1140.949951171875,1.5800000429153442,278,반도체,Listed,0.0
2016-07-21,30800,30940,30740,30860,170894,0.19480519480519481,220601686991000,142969337,1016129,12.22,1.52,126305,1.36,21000,1136.050048828125,1.565000057220459,278,반도체,Listed,0.0
2016-07-22,30120,30560,30120,30320,171703,-1.7498379779650033,216741514892000,142969337,1016129,12.0,1.49,126305,1.39,21000,1136.050048828125,1.5700000524520874,278,반도체,Listed,0.0
2016-07-25,30000,30460,29900,30040,154650,-0.9234828496042217,214739944174000,142969337,1016129,11.89,1.48,126305,1.4,21000,1141.530029296875,1.5709999799728394,278,반도체,Listed,0.0
2016-07-26,30000,30619,29960,30600,144570,1.8641810918774968,218743085610000,142969337,1016129,12.11,1.51,126305,1.37,21000,1134.550048828125,1.562999963760376,278,반도체,Listed,0.0
2016-07-27,30240,30580,30240,30540,126701,-0.19607843137254902,218314177599000,142969337,1016129,12.09,1.5,126305,1.38,21000,1129.050048828125,1.5149999856948853,278,반도체,Listed,0.0
2016-07-28,30660,30720,29960,30140,190074,-1.309757694826457,215454790859000,142969337,1016129,11.93,1.48,126305,1.39,21000,1123.3499755859375,1.5110000371932983,278,반도체,Listed,0.0
2016-07-29,30400,31140,30220,30780,299712,2.12342402123424,218029109643000,141669337,1016129,12.18,1.51,126305,1.36,21000,1123.3499755859375,1.4579999446868896,278,반도체,Listed,0.0
2016-08-01,31380,31600,31200,31360,230308,1.8843404808317088,222137520416000,141669337,1016129,12.41,1.54,126305,1.34,21000,1105.449951171875,1.496000051498413,278,반도체,Listed,0.0
2016-08-02,31360,31360,30920,30960,166316,-1.2755102040816326,219304133676000,141669337,1016129,12.26,1.52,126305,1.36,21000,1111.8399658203125,1.5369999408721924,278,반도체,Listed,0.0
2016-08-03,30960,30960,30340,30340,150098,-2.0025839793281652,214912384229000,141669337,1016129,12.01,1.49,126305,1.38,21000,1113.449951171875,1.5420000553131104,278,반도체,Listed,0.0
2016-08-04,30380,30660,30340,30340,140199,0.0,214912384229000,141669337,1016129,12.01,1.49,126305,1.38,21000,1109.949951171875,1.503000020980835,278,반도체,Listed,0.0
2016-08-05,30580,31280,30500,31220,139177,2.900461437046803,221145835057000,141669337,1016129,12.36,1.54,126305,1.35,21000,1109.949951171875,1.5820000171661377,278,반도체,Listed,0.0
2016-08-08,31320,31500,31120,31380,222503,0.5124919923126201,222279189753000,141669337,1016129,12.42,1.54,126305,1.34,21000,1104.6500244140625,1.5829999446868896,278,반도체,Listed,0.0
2016-08-09,31480,31580,31140,31340,180464,-0.12746972594008923,221995851079000,141669337,1016129,12.41,1.54,126305,1.34,21000,1099.9000244140625,1.5449999570846558,278,반도체,Listed,0.0
2016-08-10,31340,31400,30680,30820,246807,-1.6592214422463305,218312448317000,141669337,1016129,12.2,1.52,126305,1.36,21000,1094.25,1.5089999437332153,278,반도체,Listed,0.0
2016-08-11,30820,31180,30520,31180,210672,1.1680726800778716,220862496383000,141669337,1016129,12.34,1.53,126305,1.35,21000,1095.949951171875,1.5729999542236328,278,반도체,Listed,0.0
2016-08-12,31180,31400,30880,30900,209497,-0.8980115458627326,218879125665000,141669337,1016129,12.23,1.52,126305,1.36,21000,1095.949951171875,1.5149999856948853,278,반도체,Listed,0.0
2016-08-16,30900,31520,30900,31360,216862,1.4886731391585761,222137520416000,141669337,1016129,12.41,1.54,126305,1.34,21000,1094.030029296875,1.5759999752044678,278,반도체,Listed,0.0
2016-08-17,31380,31399,31020,31320,148929,-0.12755102040816327,221854181742000,141669337,1016129,12.4,1.54,126305,1.34,21000,1104.5,1.5609999895095825,278,반도체,Listed,0.0
2016-08-18,31340,32880,31320,32800,366541,4.725415070242656,232337712680000,141669337,1016129,12.98,1.61,126305,1.28,21000,1106.9599609375,1.5360000133514404,278,반도체,Listed,0.0
2016-08-19,32760,33500,32720,33500,336103,2.1341463414634148,237296139475000,141669337,1016129,13.26,1.65,126305,1.25,21000,1106.9599609375,1.5779999494552612,278,반도체,Listed,0.0
2016-08-22,33480,33840,33180,33300,252244,-0.5970149253731344,235879446105000,141669337,1016129,13.18,1.64,126305,1.26,21000,1122.5699462890625,1.5390000343322754,278,반도체,Listed,0.0
2016-08-23,33300,33880,33140,33740,230914,1.3213213213213213,238996171519000,141669337,1016129,13.36,1.66,126305,1.24,21000,1119.3900146484375,1.5529999732971191,278,반도체,Listed,0.0
2016-08-24,33600,33640,32720,33060,318771,-2.015411973918198,234179414061000,141669337,1016129,13.09,1.63,126305,1.27,21000,1119.7900390625,1.559000015258789,278,반도체,Listed,0.0
2016-08-25,32600,33180,32440,32780,283476,-0.8469449485783425,232196043343000,141669337,1016129,12.98,1.61,126305,1.28,21000,1114.1300048828125,1.5770000219345093,278,반도체,Listed,0.0
2016-08-26,32120,32460,32060,32240,241160,-1.647345942647956,228370971244000,141669337,1016129,12.76,1.59,126305,1.3,21000,1114.1300048828125,1.6349999904632568,278,반도체,Listed,0.0
2016-08-29,32040,32800,31940,32800,178515,1.7369727047146404,232337712680000,141669337,1016129,12.98,1.61,126305,1.28,21000,1118.3299560546875,1.565999984741211,278,반도체,Listed,0.0
2016-08-30,32940,33420,32660,32900,156992,0.3048780487804878,233046059365000,141669337,1016129,13.02,1.62,126305,1.28,21000,1118.3800048828125,1.5700000524520874,278,반도체,Listed,0.0
2016-08-31,32820,32820,32220,32400,410644,-1.5197568389057752,229504325940000,141669337,1016129,12.83,1.59,126305,1.3,21000,1114.43994140625,1.5679999589920044,278,반도체,Listed,0.0
2016-09-01,31660,31760,31260,31740,375803,-2.037037037037037,224829237819000,141669337,1016129,12.56,1.56,126305,1.32,21000,1116.5999755859375,1.5700000524520874,278,반도체,Listed,0.0
2016-09-02,31900,32260,31760,31940,163060,0.630119722747322,226245931189000,141669337,1016129,12.64,1.57,126305,1.31,21000,1116.5999755859375,1.5959999561309814,278,반도체,Listed,0.0
2016-09-05,31800,32300,31700,32120,167676,0.5635566687539135,227520955222000,141669337,1016129,12.72,1.58,126305,1.31,21000,1103.4300537109375,1.5959999561309814,278,반도체,Listed,0.0
2016-09-06,32140,32900,31940,32860,153203,2.303860523038605,232762720691000,141669337,1016129,13.01,1.62,126305,1.28,21000,1094.5899658203125,1.5429999828338623,278,반도체,Listed,0.0
2016-09-07,32960,33040,32420,32420,191837,-1.3390139987827145,229645995277000,141669337,1016129,12.83,1.6,126305,1.3,21000,1088.800048828125,1.5410000085830688,278,반도체,Listed,0.0
2016-09-08,32460,32780,32280,32780,241417,1.1104256631708822,232196043343000,141669337,1016129,12.98,1.61,126305,1.28,21000,1097.3900146484375,1.6160000562667847,278,반도체,Listed,0.0
2016-09-09,32220,32360,31280,31500,265168,-3.9048200122025625,223129205775000,141669337,1016129,12.47,1.55,126305,1.33,21000,1097.3900146484375,1.6720000505447388,278,반도체,Listed,0.0
2016-09-12,29800,30119,29119,29300,529987,-6.984126984126984,207545578705000,141669337,1016129,11.6,1.44,126305,1.43,21000,1107.4599609375,1.6720000505447388,278,반도체,Listed,0.0
2016-09-13,30159,30980,29900,30540,494345,4.2320819112627985,216329077599000,141669337,1016129,12.09,1.5,126305,1.38,21000,1126.530029296875,1.7339999675750732,278,반도체,Listed,0.0
2016-09-19,30760,31380,30720,31160,448163,2.030124426981008,220720827046000,141669337,1016129,12.34,1.53,126305,1.35,21000,1118.43994140625,1.6959999799728394,278,반도체,Listed,0.0
2016-09-20,31180,31759,31180,31700,258423,1.7329910141206675,224545899145000,141669337,1016129,12.55,1.56,126305,1.32,21000,1116.1500244140625,1.687999963760376,278,반도체,Listed,0.0
2016-09-21,31900,32019,31520,31840,210181,0.4416403785488959,225537584504000,141669337,1016129,12.6,1.57,126305,1.32,21000,1104.3699951171875,1.6679999828338623,278,반도체,Listed,0.0
2016-09-22,32000,32820,31980,32360,228599,1.6331658291457287,229220987266000,141669337,1016129,12.81,1.59,126305,1.3,21000,1101.989990234375,1.6319999694824219,278,반도체,Listed,0.0
2016-09-23,31640,31960,31320,31420,365993,-2.904820766378245,222562528427000,141669337,1016129,12.44,1.55,126305,1.34,21000,1101.989990234375,1.6150000095367432,278,반도체,Listed,0.0
2016-09-26,31420,31920,31280,31360,290496,-0.19096117122851686,222137520416000,141669337,1016129,12.41,1.54,126305,1.34,21000,1107.4599609375,1.5889999866485596,278,반도체,Listed,0.0
2016-09-27,31000,31500,30660,31380,196688,0.06377551020408163,222279189753000,141669337,1016129,12.42,1.54,126305,1.34,21000,1095.9000244140625,1.555999994277954,278,반도체,Listed,0.0
2016-09-28,31080,31460,31080,31340,174128,-0.12746972594008923,221995851079000,141669337,1016129,12.41,1.54,126305,1.34,21000,1091.0799560546875,1.5670000314712524,278,반도체,Listed,0.0
2016-09-29,31459,32380,31440,32000,227951,2.105934907466496,226670939200000,141669337,1016129,12.67,1.57,126305,1.31,21000,1101.6199951171875,1.5570000410079956,278,반도체,Listed,0.0
2016-09-30,31800,32300,31700,31960,235254,-0.125,226387600526000,141669337,1016129,12.65,1.57,126305,1.31,21000,1101.6199951171875,1.6080000400543213,278,반도체,Listed,0.0
2016-10-04,32200,32480,32120,32280,261062,1.0012515644555695,228654309918000,141669337,1016129,12.78,1.59,126305,1.3,21000,1115.3599853515625,1.6829999685287476,278,반도체,Listed,0.0
2016-10-05,32020,32520,31940,32380,249409,0.30978934324659235,229362656603000,141669337,1016129,12.82,1.59,126305,1.3,21000,1113.1800537109375,1.715999960899353,278,반도체,Listed,0.0
2016-10-06,33920,34000,33340,33820,591163,4.4471896232242125,239562848867000,141669337,1016129,13.39,1.66,126305,1.24,21000,1114.8900146484375,1.7419999837875366,278,반도체,Listed,0.0
2016-10-07,34000,34320,33800,34120,521011,0.8870490833826138,241687888922000,141669337,1016129,13.51,1.68,126305,1.23,21000,1114.8900146484375,1.7359999418258667,278,반도체,Listed,0.0
2016-10-10,33000,33780,32560,33600,505866,-1.5240328253223916,236341286160000,140679337,1016129,13.3,1.65,126305,1.25,21000,1106.6199951171875,1.7230000495910645,278,반도체,Listed,0.0
2016-10-11,31999,32500,30900,30900,768543,-8.035714285714286,217349575665000,140679337,1016129,12.23,1.52,126305,1.36,21000,1123.6800537109375,1.7589999437332153,278,반도체,Listed,0.0
2016-10-12,29900,30900,29880,30700,781771,-0.6472491909385114,215942782295000,140679337,1016129,12.15,1.51,126305,1.37,21000,1123.81005859375,1.777999997138977,278,반도체,Listed,0.0
2016-10-13,31000,31620,30900,31140,437291,1.4332247557003257,219037727709000,140679337,1016129,12.33,1.53,126305,1.35,21000,1128.1199951171875,1.7380000352859497,278,반도체,Listed,0.0
2016-10-14,30960,31760,30940,31540,283179,1.2845215157353884,221851314449000,140679337,1016129,12.49,1.55,126305,1.33,21000,1128.1199951171875,1.7940000295639038,278,반도체,Listed,0.0
2016-10-17,31299,32040,30760,31800,255704,0.8243500317057704,223680145830000,140679337,1016129,12.59,1.56,126305,1.32,21000,1135.6300048828125,1.7660000324249268,278,반도체,Listed,0.0
2016-10-18,31439,31900,31439,31780,207690,-0.06289308176100629,223539466493000,140679337,1016129,12.58,1.56,126305,1.32,21000,1124.6199951171875,1.7489999532699585,278,반도체,Listed,0.0
2016-10-19,31580,32860,31500,32500,308891,2.2655758338577723,228603922625000,140679337,1016129,12.87,1.6,126305,1.29,21000,1119.6099853515625,1.7519999742507935,278,반도체,Listed,0.0
2016-10-20,32520,33020,32179,32400,206609,-0.3076923076923077,227900525940000,140679337,1016129,12.83,1.59,126305,1.3,21000,1130.22998046875,1.746999979019165,278,반도체,Listed,0.0
2016-10-21,32120,32260,31760,31780,209550,-1.9135802469135803,223539466493000,140679337,1016129,12.58,1.56,126305,1.32,21000,1130.22998046875,1.7400000095367432,278,반도체,Listed,0.0
2016-10-24,31860,32159,31800,32160,185799,1.195720578980491,226212373896000,140679337,1016129,12.73,1.58,126305,1.31,21000,1134.3800048828125,1.7630000114440918,278,반도체,Listed,0.0
2016-10-25,31999,32080,31840,31940,197322,-0.6840796019900498,224664901189000,140679337,1016129,12.64,1.57,126305,1.31,21000,1129.0999755859375,1.7580000162124634,278,반도체,Listed,0.0
2016-10-26,31939,31980,31240,31340,210680,-1.878522229179712,220444521079000,140679337,1016129,12.41,1.54,126305,1.34,21000,1137.3299560546875,1.7899999618530273,278,반도체,Listed,0.0
2016-10-27,31420,32340,31120,31460,282340,0.3828972559029994,221288597101000,140679337,1016129,12.45,1.55,126305,1.34,21000,1146.52001953125,1.843000054359436,278,반도체,Listed,0.0
2016-10-28,31600,32280,31600,32280,204284,2.6064844246662426,227056449918000,140679337,1016129,12.78,1.59,126305,1.3,21000,1146.52001953125,1.8450000286102295,278,반도체,Listed,0.0
2016-10-31,32320,32780,32220,32780,241344,1.5489467162329618,230573433343000,140679337,1016129,12.98,1.61,126305,1.28,21000,1146.699951171875,1.8339999914169312,278,반도체,Listed,0.0
2016-11-01,32600,33040,32240,33040,206948,0.7931665649786455,232402264724000,140679337,1016129,13.08,1.63,126305,1.27,21000,1143.3299560546875,1.8200000524520874,278,반도체,Listed,0.0
2016-11-02,32800,33040,32620,32860,201985,-0.5447941888619854,231136150691000,140679337,1016129,13.01,1.62,126305,1.28,21000,1145.469970703125,1.7990000247955322,278,반도체,Listed,0.0
2016-11-03,32600,32800,32120,32320,206837,-1.6433353621424223,227337808592000,140679337,1016129,12.79,1.59,126305,1.3,21000,1145.1700439453125,1.812000036239624,278,반도체,Listed,0.0
2016-11-04,32100,32680,32100,32540,142077,0.6806930693069307,228885281299000,140679337,1016129,12.88,1.6,126305,1.29,21000,1143.4200439453125,1.7829999923706055,278,반도체,Listed,0.0
2016-11-07,32940,33000,32680,32800,153238,0.7990165949600493,230714112680000,140679337,1016129,12.98,1.61,126305,1.28,21000,1141.449951171875,1.8279999494552612,278,반도체,Listed,0.0
2016-11-08,32980,32980,32700,32880,108349,0.24390243902439024,231276830028000,140679337,1016129,13.02,1.62,126305,1.28,21000,1140.550048828125,1.8619999885559082,278,반도체,Listed,0.0
2016-11-09,32920,33140,31820,31920,313672,-2.9197080291970803,224524221852000,140679337,1016129,12.64,1.57,126305,1.32,21000,1127.8599853515625,2.072000026702881,278,반도체,Listed,0.0
2016-11-10,32600,33000,32360,32980,235907,3.3208020050125313,231980226713000,140679337,1016129,13.06,1.62,126305,1.27,21000,1156.280029296875,2.117000102996826,278,반도체,Listed,0.0
2016-11-11,31700,32360,31700,31960,256736,-3.0927835051546393,224805580526000,140679337,1016129,12.65,1.57,126305,1.31,21000,1164.949951171875,2.117000102996826,278,반도체,Listed,0.0
2016-11-14,31899,31919,31040,31060,302666,-2.816020025031289,218475010361000,140679337,1016129,12.3,1.53,126305,1.35,21000,1164.4000244140625,2.2219998836517334,278,반도체,Listed,0.0
2016-11-15,31060,31620,30780,30780,273314,-0.901481004507405,216505499643000,140679337,1016129,12.18,1.51,126305,1.36,21000,1167.760009765625,2.23799991607666,278,반도체,Listed,0.0
2016-11-16,30800,31280,30800,31160,266164,1.2345679012345678,219178407046000,140679337,1016129,12.34,1.53,126305,1.35,21000,1166.68994140625,2.2230000495910645,278,반도체,Listed,0.0
2016-11-17,31100,31520,30900,31360,157411,0.6418485237483954,220585200416000,140679337,1016129,12.41,1.54,126305,1.34,21000,1169.0699462890625,2.2760000228881836,278,반도체,Listed,0.0
2016-11-18,31639,31760,31400,31720,189215,1.1479591836734695,223117428482000,140679337,1016129,12.56,1.56,126305,1.32,21000,1179.1500244140625,2.3350000381469727,278,반도체,Listed,0.0
2016-11-21,31300,32119,31300,31860,163604,0.4413619167717529,224102183841000,140679337,1016129,12.61,1.57,126305,1.32,21000,1180.75,2.3389999866485596,278,반도체,Listed,0.0
2016-11-22,32140,32900,32000,32800,195022,2.9504080351537976,230714112680000,140679337,1016129,12.98,1.61,126305,1.28,21000,1179.1800537109375,2.321000099182129,278,반도체,Listed,0.0
2016-11-23,33220,33220,32520,32980,253372,0.548780487804878,231980226713000,140679337,1016129,13.06,1.62,126305,1.27,21000,1167.9300537109375,2.3570001125335693,278,반도체,Listed,0.0
2016-11-24,32980,33040,32660,33000,155143,0.06064281382656155,232120906050000,140679337,1016129,13.06,1.62,126305,1.27,21000,1180.8599853515625,2.3570001125335693,278,반도체,Listed,0.0
2016-11-25,32820,33040,32660,33000,125538,0.0,232120906050000,140679337,1016129,13.06,1.62,126305,1.27,21000,1181.050048828125,2.371999979019165,278,반도체,Listed,0.0
2016-11-28,33000,33620,32800,33540,265881,1.6363636363636365,235919248149000,140679337,1016129,13.28,1.65,126305,1.25,21000,1172.699951171875,2.319999933242798,278,반도체,Listed,0.0
2016-11-29,33800,33960,33380,33540,361626,0.0,235919248149000,140679337,1016129,13.28,1.65,126305,1.25,21000,1169.7099609375,2.302000045776367,278,반도체,Listed,0.0
2016-11-30,33540,34940,33540,34920,570704,4.114490161001789,245626122402000,140679337,1016129,13.82,1.72,126305,1.2,21000,1167.8599853515625,2.368000030517578,278,반도체,Listed,0.0
2016-12-01,34800,35060,34660,34980,310707,0.1718213058419244,246048160413000,140679337,1016129,13.85,1.72,126305,1.2,21000,1178.1300048828125,2.440999984741211,278,반도체,Listed,0.0
2016-12-02,34480,34760,34140,34540,307059,-1.257861635220126,242953214999000,140679337,1016129,13.67,1.7,126305,1.22,21000,1167.699951171875,2.390000104904175,278,반도체,Listed,0.0
2016-12-05,34340,34680,34220,34360,169692,-0.5211349160393747,241687100966000,140679337,1016129,13.6,1.69,126305,1.22,21000,1169.5999755859375,2.38700008392334,278,반도체,Listed,0.0
2016-12-06,34440,35200,34400,34960,280036,1.7462165308498252,245907481076000,140679337,1016129,13.84,1.72,126305,1.2,21000,1166.989990234375,2.3959999084472656,278,반도체,Listed,0.0
2016-12-07,35040,35480,35040,35440,192073,1.3729977116704806,249283785164000,140679337,1016129,14.03,1.74,126305,1.19,21000,1170.550048828125,2.3469998836517334,278,반도체,Listed,0.0
2016-12-08,35980,36020,35520,35800,329251,1.0158013544018059,251816013230000,140679337,1016129,14.17,1.76,126305,1.17,21000,1157.5,2.38700008392334,278,반도체,Listed,0.0
2016-12-09,35900,35900,35400,35600,213049,-0.5586592178770949,250409219860000,140679337,1016129,14.09,1.75,126305,1.18,21000,1162.25,2.4639999866485596,278,반도체,Listed,0.0
2016-12-12,34660,35360,34660,35040,228289,-1.5730337078651686,246470198424000,140679337,1016129,13.87,1.72,126305,1.2,21000,1169.949951171875,2.4790000915527344,278,반도체,Listed,0.0
2016-12-13,34620,35440,34620,35320,233689,0.7990867579908676,248439709142000,140679337,1016129,13.98,1.74,126305,1.19,21000,1164.6500244140625,2.4809999465942383,278,반도체,Listed,0.0
2016-12-14,35560,35680,35280,35540,149102,0.622876557191393,249987181849000,140679337,1016129,14.07,1.75,126305,1.18,21000,1163.5899658203125,2.5250000953674316,278,반도체,Listed,0.0
2016-12-15,34820,35500,34820,35180,115471,-1.0129431626336522,247454953783000,140679337,1016129,13.93,1.73,126305,1.19,21000,1179.1600341796875,2.5799999237060547,278,반도체,Listed,0.0
2016-12-16,35300,36020,35200,35860,234954,1.9329164297896533,252238051241000,140679337,1016129,14.2,1.76,126305,1.17,21000,1184.4300537109375,2.5969998836517334,278,반도체,Listed,0.0
2016-12-19,35620,36380,35620,35900,108716,0.11154489682097045,252519409915000,140679337,1016129,14.21,1.77,126305,1.17,21000,1186.0,2.5420000553131104,278,반도체,Listed,0.0
2016-12-20,35920,36400,35840,36240,152304,0.947075208913649,254910958644000,140679337,1016129,14.35,1.78,126305,1.16,21000,1186.949951171875,2.568000078201294,278,반도체,Listed,0.0
2016-12-21,36360,36600,36020,36100,131042,-0.3863134657836645,253926203285000,140679337,1016129,14.29,1.78,126305,1.16,21000,1191.469970703125,2.5460000038146973,278,반도체,Listed,0.0
2016-12-22,36260,36300,35980,36180,127092,0.221606648199446,254488920633000,140679337,1016129,14.32,1.78,126305,1.16,21000,1193.3499755859375,2.552999973297119,278,반도체,Listed,0.0
2016-12-23,36020,36080,35600,35640,166697,-1.4925373134328357,250690578534000,140679337,1016129,14.11,1.75,126305,1.18,21000,1205.0999755859375,2.5429999828338623,278,반도체,Listed,0.0
2016-12-26,35600,36000,35560,35960,96472,0.8978675645342313,252941447926000,140679337,1016129,14.24,1.77,126305,1.17,21000,1199.550048828125,2.5429999828338623,278,반도체,Listed,0.0
2016-12-27,35980,36200,35860,35980,93069,0.05561735261401557,253082127263000,140679337,1016129,14.24,1.77,126305,1.17,21000,1199.550048828125,2.562999963760376,278,반도체,Listed,0.0
2016-12-28,35840,35980,35600,35760,133258,-0.6114508060033352,251534654556000,140679337,1016129,14.16,1.76,126305,1.17,21000,1206.47998046875,2.50600004196167,278,반도체,Listed,0.0
2016-12-29,35420,36040,35400,36040,150329,0.7829977628635347,253504165274000,140679337,1016129,14.27,1.77,126305,1.17,21000,1210.3399658203125,2.4769999980926514,278,반도체,Listed,0.0
2017-01-02,35980,36240,35880,36100,93012,0.1664816870144284,253926203285000,140679337,1016129,14.29,1.78,126305,1.16,21000,1205.449951171875,2.446000099182129,278,반도체,Listed,0.0
2017-01-03,36280,36620,36020,36480,147153,1.0526315789473684,256599110688000,140679337,1016129,14.44,1.8,126305,1.15,21000,1202.9300537109375,2.450000047683716,278,반도체,Listed,0.0
2017-01-04,36500,36520,36100,36160,159435,-0.8771929824561403,254348241296000,140679337,1016129,14.31,1.78,126305,1.16,21000,1206.010009765625,2.4519999027252197,278,반도체,Listed,0.0
2017-01-05,36060,36060,35540,35560,219349,-1.6592920353982303,250127861186000,140679337,1016129,14.08,1.75,126305,1.18,21000,1194.47998046875,2.368000030517578,278,반도체,Listed,0.0
2017-01-06,36180,36440,36040,36200,177619,1.799775028121485,254629599970000,140679337,1016129,14.33,1.78,126305,1.16,21000,1180.6300048828125,2.4179999828338623,278,반도체,Listed,0.0
2017-01-09,36600,37500,36560,37220,263898,2.81767955801105,261804246157000,140679337,1016129,14.73,1.83,126305,1.13,21000,1201.0999755859375,2.375999927520752,278,반도체,Listed,0.0
2017-01-10,37280,37400,37080,37240,181996,0.05373455131649651,261944925494000,140679337,1016129,14.74,1.83,126305,1.13,21000,1202.52001953125,2.378999948501587,278,반도체,Listed,0.0
2017-01-11,37520,38560,37420,38280,240363,2.7926960257787328,269260251018000,140679337,1016129,15.15,1.88,126305,1.1,21000,1200.5999755859375,2.369999885559082,278,반도체,Listed,0.0
2017-01-12,38000,38800,37980,38800,233383,1.3584117032392893,272917913780000,140679337,1016129,15.36,1.91,126305,1.08,21000,1187.1600341796875,2.3610000610351562,278,반도체,Listed,0.0
2017-01-13,38100,38319,37460,37460,319089,-3.4536082474226806,263492398201000,140679337,1016129,14.83,1.84,126305,1.12,21000,1174.719970703125,2.380000114440918,278,반도체,Listed,0.0
2017-01-16,36860,37820,36320,36660,332230,-2.1356113187399894,257865224721000,140679337,1016129,14.51,1.8,126305,1.15,21000,1174.050048828125,2.380000114440918,278,반도체,Listed,0.0
2017-01-17,36580,37460,36580,36960,163014,0.8183306055646482,259975414776000,140679337,1016129,14.63,1.82,126305,1.14,21000,1182.1700439453125,2.3269999027252197,278,반도체,Listed,0.0
2017-01-18,37040,37500,36620,36940,177508,-0.05411255411255411,259834735439000,140679337,1016129,14.62,1.82,126305,1.14,21000,1160.030029296875,2.3889999389648438,278,반도체,Listed,0.0
2017-01-19,37720,37920,37020,37480,188378,1.4618299945858149,263633077538000,140679337,1016129,14.84,1.84,126305,1.12,21000,1176.7900390625,2.4590001106262207,278,반도체,Listed,0.0
2017-01-20,37120,37420,36880,37200,183700,-0.7470651013874066,261663566820000,140679337,1016129,14.73,1.83,126305,1.13,21000,1173.75,2.4670000076293945,278,반도체,Listed,0.0
2017-01-23,37200,38060,37000,38060,176208,2.311827956989247,267712778311000,140679337,1016129,15.07,1.87,126305,1.1,21000,1173.300048828125,2.4030001163482666,278,반도체,Listed,0.0
2017-01-24,38120,38580,37880,38160,220975,0.2627430373095113,268416174996000,140679337,1016129,15.11,1.88,126305,1.1,21000,1162.6500244140625,2.4709999561309814,278,반도체,Listed,0.0
2017-01-25,38340,39400,38320,39400,268677,3.2494758909853245,277138293890000,140679337,1016129,15.6,1.94,126305,1.07,21000,1168.030029296875,2.5230000019073486,278,반도체,Listed,0.0
2017-01-26,39420,40000,39420,39900,304290,1.2690355329949239,280655277315000,140679337,1016129,15.8,1.96,126305,1.05,21000,1161.260009765625,2.507999897003174,278,반도체,Listed,0.0
2017-01-31,39900,39900,39460,39460,359844,-1.1027568922305764,277560331901000,140679337,1016129,15.62,1.94,126305,1.06,21000,1169.2099609375,2.4509999752044678,278,반도체,Listed,0.0
2017-02-01,39540,39660,39039,39120,283008,-0.8616320324379118,275168783172000,140679337,1016129,15.49,1.92,126305,1.07,21000,1149.25,2.4739999771118164,278,반도체,Listed,0.0
2017-02-02,39600,39660,39200,39360,300586,0.6134969325153374,276856935216000,140679337,1016129,15.58,1.94,126305,1.07,21000,1151.949951171875,2.4700000286102295,278,반도체,Listed,0.0
2017-02-03,39400,39500,39180,39460,207727,0.25406504065040647,277560331901000,140679337,1016129,15.62,1.94,126305,1.06,21000,1142.699951171875,2.490999937057495,278,반도체,Listed,0.0
2017-02-06,39580,39660,39140,39560,177214,0.25342118601115055,278263728586000,140679337,1016129,15.66,1.95,126305,1.06,21000,1137.760009765625,2.4130001068115234,278,반도체,Listed,0.0
2017-02-07,39560,39580,38760,38820,280836,-1.870576339737108,273058593117000,140679337,1016129,15.37,1.91,126305,1.08,21000,1132.7099609375,2.3889999389648438,278,반도체,Listed,0.0
2017-02-08,38740,38779,38200,38400,341859,-1.0819165378670788,270104327040000,140679337,1016129,15.2,1.89,126305,1.09,21000,1142.0999755859375,2.3510000705718994,278,반도체,Listed,0.0
2017-02-09,38779,38840,38219,38400,273883,0.0,270104327040000,140679337,1016129,15.2,1.89,126305,1.09,21000,1144.6199951171875,2.3949999809265137,278,반도체,Listed,0.0
2017-02-10,38400,38760,38300,38360,220415,-0.10416666666666667,269822968366000,140679337,1016129,15.19,1.89,126305,1.09,21000,1149.9100341796875,2.4089999198913574,278,반도체,Listed,0.0
2017-02-13,37740,38060,37720,37960,222041,-1.0427528675703857,267009381626000,140679337,1016129,15.03,1.87,126305,1.11,21000,1145.1800537109375,2.434000015258789,278,반도체,Listed,0.0
2017-02-14,37960,38260,37320,37580,262483,-1.0010537407797682,264336474223000,140679337,1016129,14.88,1.85,126305,1.12,21000,1148.699951171875,2.4700000286102295,278,반도체,Listed,0.0
2017-02-15,37080,37960,37080,37720,283831,0.37253858435337944,265321229582000,140679337,1016129,14.93,1.86,126305,1.11,21000,1137.9599609375,2.502000093460083,278,반도체,Listed,0.0
2017-02-16,37800,38360,37780,38020,204527,0.7953340402969247,267431419637000,140679337,1016129,15.05,1.87,126305,1.1,21000,1133.0999755859375,2.450000047683716,278,반도체,Listed,0.0
2017-02-17,37560,38040,37280,37860,307549,-0.4208311415044713,266305984941000,140679337,1016129,14.99,1.86,126305,1.11,21000,1141.0799560546875,2.424999952316284,278,반도체,Listed,0.0
2017-02-20,38220,38780,38160,38660,149716,2.1130480718436346,271933158421000,140679337,1016129,15.3,1.9,126305,1.09,21000,1149.5999755859375,2.424999952316284,278,반도체,Listed,0.0
2017-02-21,38540,39560,38420,38940,211252,0.7242628039317124,273902669139000,140679337,1016129,15.42,1.92,126305,1.08,21000,1143.9599609375,2.427000045776367,278,반도체,Listed,0.0
2017-02-22,39000,39340,38980,39300,170789,0.9244992295839755,276434897205000,140679337,1016129,15.56,1.93,126305,1.07,21000,1141.1800537109375,2.4179999828338623,278,반도체,Listed,0.0
2017-02-23,39020,39440,39020,39180,204346,-0.3053435114503817,275590821183000,140679337,1016129,15.51,1.93,126305,1.07,21000,1137.949951171875,2.388000011444092,278,반도체,Listed,0.0
2017-02-24,38960,39100,38060,38220,185937,-2.4502297090352223,268838213007000,140679337,1016129,15.13,1.88,126305,1.1,21000,1131.81005859375,2.316999912261963,278,반도체,Listed,0.0
2017-02-27,38020,38140,37700,38060,180674,-0.4186289900575615,267712778311000,140679337,1016129,15.07,1.87,126305,1.1,21000,1130.449951171875,2.36899995803833,278,반도체,Listed,0.0
2017-02-28,38059,38760,37960,38440,301774,0.9984235417761429,270385685714000,140679337,1016129,15.22,1.89,126305,1.09,21000,1133.93994140625,2.3580000400543213,278,반도체,Listed,0.0
2017-03-02,38420,39860,38420,39720,424996,3.329864724245578,279389163282000,140679337,1016129,15.72,1.95,126305,1.06,21000,1139.5699462890625,2.489000082015991,278,반도체,Listed,0.0
2017-03-03,39340,39720,39160,39620,254174,-0.25176233635448136,278685766597000,140679337,1016129,15.68,1.95,126305,1.06,21000,1149.9000244140625,2.492000102996826,278,반도체,Listed,0.0
2017-03-06,39220,40220,39220,40080,244697,1.1610297829379101,281921391348000,140679337,1016129,15.87,1.97,126305,1.05,21000,1151.969970703125,2.49399995803833,278,반도체,Listed,0.0
2017-03-07,39800,40320,39800,40200,211065,0.29940119760479045,282765467370000,140679337,1016129,15.91,1.98,126305,1.04,21000,1154.25,2.510999917984009,278,반도체,Listed,0.0
2017-03-08,40200,40620,40140,40200,242819,0.0,282765467370000,140679337,1016129,15.91,1.98,126305,1.04,21000,1149.4100341796875,2.552000045776367,278,반도체,Listed,0.0
2017-03-09,40200,40300,40020,40200,287445,0.0,282765467370000,140679337,1016129,15.91,1.98,126305,1.04,21000,1153.6199951171875,2.5980000495910645,278,반도체,Listed,0.0
2017-03-10,39960,40420,39860,40180,204556,-0.04975124378109452,282624788033000,140679337,1016129,15.91,1.98,126305,1.05,21000,1159.280029296875,2.5820000171661377,278,반도체,Listed,0.0
2017-03-13,40039,40980,40039,40600,148482,1.0452961672473868,285579054110000,140679337,1016129,16.07,2.0,126305,1.03,21000,1145.9599609375,2.6080000400543213,278,반도체,Listed,0.0
2017-03-14,40620,41540,40500,41360,226501,1.87192118226601,290924868916000,140679337,1016129,16.37,2.04,126305,1.02,21000,1147.550048828125,2.5950000286102295,278,반도체,Listed,0.0
2017-03-15,40800,41440,40800,41400,191757,0.09671179883945842,291206227590000,140679337,1016129,16.39,2.04,126305,1.01,21000,1148.219970703125,2.507999897003174,278,반도체,Listed,0.0
2017-03-16,41800,42180,41540,41840,198663,1.0628019323671498,294301173004000,140679337,1016129,16.56,2.06,126305,1.0,21000,1127.4000244140625,2.5220000743865967,278,반도체,Listed,0.0
2017-03-17,41800,42500,41720,42400,252046,1.338432122370937,298240194440000,140679337,1016129,16.78,2.09,126305,0.99,21000,1127.010009765625,2.500999927520752,278,반도체,Listed,0.0
2017-03-20,42000,42120,41740,41900,205001,-1.179245283018868,294723211015000,140679337,1016129,16.59,2.06,126305,1.0,21000,1126.6500244140625,2.4730000495910645,278,반도체,Listed,0.0
2017-03-21,41780,42680,41760,42560,284403,1.5751789976133652,299365629136000,140679337,1016129,16.85,2.09,126305,0.99,21000,1113.75,2.436000108718872,278,반도체,Listed,0.0
2017-03-22,41600,42460,41580,42460,328545,-0.2349624060150376,298662232451000,140679337,1016129,16.81,2.09,126305,0.99,21000,1122.780029296875,2.3959999084472656,278,반도체,Listed,0.0
2017-03-23,42200,42360,41700,41800,307942,-1.5544041450777202,294019814330000,140679337,1016129,16.55,2.06,126305,1.0,21000,1116.4100341796875,2.4179999828338623,278,반도체,Listed,0.0
2017-03-24,41600,41980,41080,41500,256163,-0.7177033492822966,291909624275000,140679337,1016129,16.43,2.04,126305,1.01,21000,1121.22998046875,2.4000000953674316,278,반도체,Listed,0.0
2017-03-27,41200,41880,41180,41200,243553,-0.7228915662650602,289799434220000,140679337,1016129,16.31,2.03,126305,1.02,21000,1111.0999755859375,2.372999906539917,278,반도체,Listed,0.0
2017-03-28,41560,41840,41380,41480,164325,0.6796116504854369,291768944938000,140679337,1016129,16.42,2.04,126305,1.01,21000,1115.5,2.4089999198913574,278,반도체,Listed,0.0
2017-03-29,41740,41960,41580,41780,201865,0.7232401157184185,293879134993000,140679337,1016129,16.54,2.06,126305,1.01,21000,1109.949951171875,2.385999917984009,278,반도체,Listed,0.0
2017-03-30,41880,42440,41880,41980,164080,0.47869794159885115,295285928363000,140679337,1016129,16.62,2.07,126305,1.0,21000,1117.02001953125,2.4159998893737793,278,반도체,Listed,0.0
2017-03-31,41820,42020,41200,41200,210006,-1.8580276322058122,289799434220000,140679337,1016129,16.31,2.03,126305,1.02,21000,1117.02001953125,2.3959999084472656,278,반도체,Listed,0.0
2017-04-03,41400,41720,41300,41440,191588,0.5825242718446602,291487586264000,140679337,1016129,16.4,2.04,126305,1.01,21000,1116.22998046875,2.3499999046325684,278,반도체,Listed,0.0
2017-04-04,41600,42180,41520,42080,245110,1.5444015444015444,295989325048000,140679337,1016129,16.66,2.07,126305,1.0,21000,1124.0999755859375,2.3499999046325684,278,반도체,Listed,0.0
2017-04-05,41900,42240,41700,42140,213994,0.14258555133079848,296411363059000,140679337,1016129,16.68,2.07,126305,1.0,21000,1127.0999755859375,2.3570001125335693,278,반도체,Listed,0.0
2017-04-06,42000,42080,41600,41840,193668,-0.7119126720455624,294301173004000,140679337,1016129,16.56,2.06,126305,1.0,21000,1130.0,2.3429999351501465,278,반도체,Listed,0.0
2017-04-07,41800,41820,41160,41600,200420,-0.5736137667304015,292613020960000,140679337,1016129,16.47,2.05,126305,1.01,21000,1130.0,2.372999906539917,278,반도체,Listed,0.0
2017-04-10,41940,41940,41500,41940,142827,0.8173076923076924,295004569689000,140679337,1016129,16.6,2.06,126305,1.0,21000,1142.030029296875,2.3610000610351562,278,반도체,Listed,0.0
2017-04-11,41940,41940,41580,41600,143458,-0.8106819265617549,292613020960000,140679337,1016129,16.47,2.05,126305,1.01,21000,1144.5899658203125,2.2980000972747803,278,반도체,Listed,0.0
2017-04-12,41860,41940,41700,41900,165498,0.7211538461538461,294723211015000,140679337,1016129,16.59,2.06,126305,1.0,21000,1133.4300537109375,2.2960000038146973,278,반도체,Listed,0.0
2017-04-13,41660,42460,41660,42420,180816,1.2410501193317423,298380873777000,140679337,1016129,16.79,2.09,126305,0.99,21000,1135.0,2.2320001125335693,278,반도체,Listed,0.0
2017-04-14,42160,42260,41760,42020,109257,-0.942951438000943,295567287037000,140679337,1016129,16.63,2.07,126305,1.0,21000,1135.0,2.2320001125335693,278,반도체,Listed,0.0
2017-04-17,42000,42080,41520,41560,104495,-1.0947168015230844,292331662286000,140679337,1016129,16.45,2.05,126305,1.01,21000,1131.800048828125,2.252000093460083,278,반도체,Listed,0.0
2017-04-18,41680,41820,41280,41500,137213,-0.14436958614051973,291909624275000,140679337,1016129,16.43,2.04,126305,1.01,21000,1141.6800537109375,2.178999900817871,278,반도체,Listed,0.0
2017-04-19,41299,41420,40900,40900,235258,-1.4457831325301205,287689244165000,140679337,1016129,16.19,2.01,126305,1.03,21000,1141.8900146484375,2.2019999027252197,278,반도체,Listed,0.0
2017-04-20,40580,40800,40080,40280,422977,-1.5158924205378974,283328184718000,140679337,1016129,15.95,1.98,126305,1.04,21000,1137.1099853515625,2.240999937057495,278,반도체,Listed,0.0
2017-04-21,40480,41400,40480,40760,302610,1.1916583912611718,284625728806000,139659337,1016129,16.14,2.01,126305,1.03,21000,1137.1099853515625,2.236999988555908,278,반도체,Listed,0.0
2017-04-24,41260,41260,40920,41240,179803,1.1776251226692835,287977552894000,139659337,1016129,16.33,2.03,126305,1.02,21000,1133.8399658203125,2.2730000019073486,278,반도체,Listed,0.0
2017-04-25,41460,42740,41320,42700,385992,3.5402521823472357,298172684495000,139659337,1016129,16.9,2.1,126305,0.98,21000,1125.469970703125,2.3269999027252197,278,반도체,Listed,0.0
2017-04-26,42700,42800,42520,42800,295896,0.234192037470726,298870981180000,139659337,1016129,16.94,2.11,126305,0.98,21000,1131.800048828125,2.311000108718872,278,반도체,Listed,0.0
2017-04-27,42700,44520,41960,43840,460645,2.4299065420560746,306133266704000,139659337,1016129,17.35,2.16,126305,0.96,21000,1129.93994140625,2.2960000038146973,278,반도체,Listed,0.0
2017-04-28,45780,45800,44520,44620,453714,1.7791970802919708,311579980847000,139659337,1016129,17.66,2.2,126305,0.94,21000,1129.93994140625,2.2820000648498535,278,반도체,Listed,0.0
2017-05-02,45500,45500,44760,44900,281366,0.6275212909009412,313535211565000,139659337,1156530,14.21,1.94,157967,1.27,28500,1127.760009765625,2.2960000038146973,278,반도체,Listed,0.0
2017-05-04,45700,45700,44860,45520,273802,1.380846325167038,317864651012000,139659337,1156530,14.41,1.97,157967,1.25,28500,1134.93994140625,2.3559999465942383,278,반도체,Listed,0.0
2017-05-08,45520,47020,45340,47020,391651,3.2952548330404214,328339101287000,139659337,1156530,14.88,2.03,157967,1.21,28500,1132.6500244140625,2.375999927520752,278,반도체,Listed,0.0
2017-05-10,46160,47220,45600,45600,468219,-3.0199914929817098,318423288360000,139659337,1156530,14.43,1.97,157967,1.25,28500,1130.0400390625,2.4140000343322754,278,반도체,Listed,0.0
2017-05-11,45420,46180,45220,45500,425557,-0.21929824561403508,317724991675000,139659337,1156530,14.4,1.97,157967,1.25,28500,1123.1600341796875,2.4000000953674316,278,반도체,Listed,0.0
2017-05-12,45760,46160,45660,45820,188458,0.7032967032967032,319959541067000,139659337,1156530,14.5,1.98,157967,1.24,28500,1123.1600341796875,2.3350000381469727,278,반도체,Listed,0.0
2017-05-15,45620,46280,45620,46100,160028,0.6110868616324749,321914771785000,139659337,1156530,14.59,1.99,157967,1.24,28500,1117.4300537109375,2.3380000591278076,278,반도체,Listed,0.0
2017-05-16,46660,46800,46100,46380,176075,0.6073752711496746,323870002503000,139659337,1156530,14.68,2.01,157967,1.23,28500,1115.0,2.3289999961853027,278,반도체,Listed,0.0
2017-05-17,46120,46640,46100,46340,148489,-0.086244070720138,323590683829000,139659337,1156530,14.67,2.0,157967,1.23,28500,1120.949951171875,2.2160000801086426,278,반도체,Listed,0.0
2017-05-18,45740,46000,45540,45940,223207,-0.8631851532153647,320797497089000,139659337,1156530,14.54,1.99,157967,1.24,28500,1128.4100341796875,2.2330000400543213,278,반도체,Listed,0.0
2017-05-19,45640,45780,44720,44720,315247,-2.6556377884196776,312278277532000,139659337,1156530,14.15,1.93,157967,1.27,28500,1128.4100341796875,2.244999885559082,278,반도체,Listed,0.0
2017-05-22,45040,45380,44760,45100,352871,0.8497316636851521,314931804935000,139659337,1156530,14.28,1.95,157967,1.26,28500,1114.780029296875,2.253999948501587,278,반도체,Listed,0.0
2017-05-23,45400,45580,44900,44920,252141,-0.3991130820399113,293481437524000,130668494,1156530,14.22,1.94,157967,1.27,28500,1124.5699462890625,2.2850000858306885,278,반도체,Listed,0.0
2017-05-24,44860,45300,44800,44880,173508,-0.08904719501335707,293220100536000,130668494,1156530,14.21,1.94,157967,1.27,28500,1118.3800048828125,2.2660000324249268,278,반도체,Listed,0.0
2017-05-25,45160,45680,44800,45680,260896,1.7825311942959003,298446840296000,130668494,1156530,14.46,1.97,157967,1.25,28500,1119.56005859375,2.255000114440918,278,반도체,Listed,0.0
2017-05-26,45600,46460,45540,46080,272273,0.8756567425569177,301060210176000,130668494,1156530,14.59,1.99,157967,1.24,28500,1119.56005859375,2.25,278,반도체,Listed,0.0
2017-05-29,46220,46400,45380,45620,174791,-0.9982638888888888,298054834814000,130668494,1156530,14.44,1.97,157967,1.25,28500,1122.8399658203125,2.25,278,반도체,Listed,0.0
2017-05-30,45520,45660,44480,44640,248672,-2.1481806225339763,291652078608000,130668494,1156530,14.13,1.93,157967,1.28,28500,1123.9000244140625,2.2170000076293945,278,반도체,Listed,0.0
2017-05-31,44580,45020,44400,44700,373382,0.13440860215053765,292044084090000,130668494,1156530,14.15,1.93,157967,1.28,28500,1119.02001953125,2.196000099182129,278,반도체,Listed,0.0
2017-06-01,44860,44900,44400,44680,195070,-0.0447427293064877,291913415596000,130668494,1156530,14.14,1.93,157967,1.28,28500,1121.0400390625,2.2170000076293945,278,반도체,Listed,0.0
2017-06-02,45060,45960,45000,45960,249775,2.864816472694718,300276199212000,130668494,1156530,14.55,1.99,157967,1.24,28500,1121.0400390625,2.1589999198913574,278,반도체,Listed,0.0
2017-06-05,46040,46360,45720,45940,151988,-0.04351610095735422,300145530718000,130668494,1156530,14.54,1.99,157967,1.24,28500,1116.949951171875,2.181999921798706,278,반도체,Listed,0.0
2017-06-07,46500,46500,45240,45300,274588,-1.393121462777536,295964138910000,130668494,1156530,14.34,1.96,157967,1.26,28500,1123.1400146484375,2.177999973297119,278,반도체,Listed,0.0
2017-06-08,45000,45580,45000,45160,279575,-0.3090507726269316,295049459452000,130668494,1156530,14.29,1.95,157967,1.26,28500,1121.510009765625,2.194000005722046,278,반도체,Listed,0.0
2017-06-09,45680,46440,45600,46100,234657,2.0814880425155007,301190878670000,130668494,1156530,14.59,1.99,157967,1.24,28500,1121.510009765625,2.1989998817443848,278,반도체,Listed,0.0
2017-06-12,45420,45600,45140,45380,219086,-1.561822125813449,296486812886000,130668494,1156530,14.36,1.96,157967,1.26,28500,1130.489990234375,2.2130000591278076,278,반도체,Listed,0.0
2017-06-13,45140,45620,45140,45400,172498,0.044072278536800354,296617481380000,130668494,1156530,14.37,1.96,157967,1.26,28500,1126.550048828125,2.2070000171661377,278,반도체,Listed,0.0
2017-06-14,45800,46060,45240,45360,203334,-0.0881057268722467,296356144392000,130668494,1156530,14.36,1.96,157967,1.26,28500,1118.9000244140625,2.138000011444092,278,반도체,Listed,0.0
2017-06-15,45680,45920,45180,45680,193140,0.7054673721340388,298446840296000,130668494,1156530,14.46,1.97,157967,1.25,28500,1129.93994140625,2.1619999408721924,278,반도체,Listed,0.0
2017-06-16,45500,45940,45460,45580,348069,-0.21891418563922943,297793497826000,130668494,1156530,14.43,1.97,157967,1.25,28500,1129.93994140625,2.1570000648498535,278,반도체,Listed,0.0
2017-06-19,45580,46560,45560,46560,226078,2.150065818341378,304196254032000,130668494,1156530,14.74,2.01,157967,1.22,28500,1135.72998046875,2.190000057220459,278,반도체,Listed,0.0
2017-06-20,47240,48140,47220,48140,300900,3.393470790378007,314519065058000,130668494,1156530,15.24,2.08,157967,1.18,28500,1140.8499755859375,2.1530001163482666,278,반도체,Listed,0.0
2017-06-21,47740,48120,47480,47480,199473,-1.3710012463647694,310207004756000,130668494,1156530,15.03,2.05,157967,1.2,28500,1142.5,2.1549999713897705,278,반도체,Listed,0.0
2017-06-22,47960,48080,47720,47960,229116,1.0109519797809603,313343048612000,130668494,1156530,15.18,2.07,157967,1.19,28500,1139.050048828125,2.1530001163482666,278,반도체,Listed,0.0
2017-06-23,47600,47780,47420,47620,190302,-0.7089241034195163,311121684214000,130668494,1156530,15.07,2.06,157967,1.2,28500,1139.050048828125,2.1440000534057617,278,반도체,Listed,0.0
2017-06-26,47520,48360,47520,48280,171056,1.385972280554389,315433744516000,130668494,1156530,15.28,2.09,157967,1.18,28500,1133.0799560546875,2.13700008392334,278,반도체,Listed,0.0
2017-06-27,48220,48400,47900,48300,192335,0.041425020712510356,315564413010000,130668494,1156530,15.29,2.09,157967,1.18,28500,1139.9599609375,2.197999954223633,278,반도체,Listed,0.0
2017-06-28,47600,48000,47560,47700,191450,-1.2422360248447204,311644358190000,130668494,1156530,15.1,2.06,157967,1.19,28500,1137.699951171875,2.2209999561309814,278,반도체,Listed,0.0
2017-06-29,48040,48320,47940,47940,166131,0.5031446540880503,313212380118000,130668494,1156530,15.17,2.07,157967,1.19,28500,1146.1400146484375,2.2669999599456787,278,반도체,Listed,0.0
2017-06-30,47500,47620,47100,47540,237551,-0.8343763037129746,310599010238000,130668494,1156530,15.05,2.06,157967,1.2,28500,1146.1400146484375,2.302000045776367,278,반도체,Listed,0.0
2017-07-03,47500,47780,47120,47220,136111,-0.6731173748422381,308508314334000,130668494,1156530,14.95,2.04,157967,1.21,28500,1149.5799560546875,2.3459999561309814,278,반도체,Listed,0.0
2017-07-04,47160,47400,46900,47000,159220,-0.46590427784836935,307070960900000,130668494,1156530,14.88,2.03,157967,1.21,28500,1149.199951171875,2.3459999561309814,278,반도체,Listed,0.0
2017-07-05,46820,47680,46780,47580,212805,1.2340425531914894,310860347226000,130668494,1156530,15.06,2.06,157967,1.2,28500,1152.8499755859375,2.3340001106262207,278,반도체,Listed,0.0
2017-07-06,48000,48100,47720,48060,218461,1.008827238335435,313996391082000,130668494,1156530,15.21,2.08,157967,1.19,28500,1156.3699951171875,2.369999885559082,278,반도체,Listed,0.0
2017-07-07,47740,48120,47620,47860,162638,-0.41614648356221395,312689706142000,130668494,1156530,15.15,2.07,157967,1.19,28500,1156.3699951171875,2.3929998874664307,278,반도체,Listed,0.0
2017-07-10,48500,48900,48320,48660,215855,1.671541997492687,317916445902000,130668494,1156530,15.4,2.1,157967,1.17,28500,1153.81005859375,2.371000051498413,278,반도체,Listed,0.0
2017-07-11,48640,49000,48280,49000,194356,0.6987258528565558,320137810300000,130668494,1156530,15.51,2.12,157967,1.16,28500,1147.969970703125,2.361999988555908,278,반도체,Listed,0.0
2017-07-12,49000,50000,48840,49880,189723,1.7959183673469388,325887224036000,130668494,1156530,15.79,2.16,157967,1.14,28500,1137.1199951171875,2.3269999027252197,278,반도체,Listed,0.0
2017-07-13,50080,50940,50040,50560,320683,1.36327185244587,330329952832000,130668494,1156530,16.0,2.19,157967,1.13,28500,1136.6300048828125,2.3480000495910645,278,반도체,Listed,0.0
2017-07-14,51000,51080,50420,50480,164780,-0.15822784810126583,329807278856000,130668494,1156530,15.98,2.18,157967,1.13,28500,1136.6300048828125,2.319000005722046,278,반도체,Listed,0.0
2017-07-17,50900,51020,50520,50640,179522,0.31695721077654515,330852626808000,130668494,1156530,16.03,2.19,157967,1.13,28500,1127.6600341796875,2.309000015258789,278,반도체,Listed,0.0
2017-07-18,50420,50880,50360,50840,141689,0.3949447077409162,332159311748000,130668494,1156530,16.09,2.2,157967,1.12,28500,1124.27001953125,2.263000011444092,278,반도체,Listed,0.0
2017-07-19,50620,50820,50000,50740,223150,-0.1966955153422502,331505969278000,130668494,1156530,16.06,2.19,157967,1.12,28500,1123.5,2.2679998874664307,278,반도체,Listed,0.0
2017-07-20,50760,51320,50560,51200,167352,0.9065825778478518,334511344640000,130668494,1156530,16.21,2.21,157967,1.11,28500,1120.56005859375,2.2660000324249268,278,반도체,Listed,0.0
2017-07-21,50860,51160,50520,51080,168981,-0.234375,333727333676000,130668494,1156530,16.17,2.21,157967,1.12,28500,1120.56005859375,2.2320001125335693,278,반도체,Listed,0.0
2017-07-24,50700,51000,50620,50860,141995,-0.4306969459671104,332289980242000,130668494,1156530,16.1,2.2,157967,1.12,28500,1113.9000244140625,2.253999948501587,278,반도체,Listed,0.0
2017-07-25,50500,50760,49940,50000,216212,-1.6909162406606373,326671235000000,130668494,1156530,15.83,2.16,157967,1.14,28500,1119.239990234375,2.3259999752044678,278,반도체,Listed,0.0
2017-07-26,49600,50020,49300,49840,224496,-0.32,325625887048000,130668494,1156530,15.78,2.15,157967,1.14,28500,1111.8499755859375,2.2820000648498535,278,반도체,Listed,0.0
2017-07-27,50000,50640,49560,49800,228990,-0.08025682182985554,325364550060000,130668494,1156530,15.76,2.15,157967,1.14,28500,1115.510009765625,2.309999942779541,278,반도체,Listed,0.0
2017-07-28,49800,49800,47380,47760,523366,-4.096385542168675,312036363672000,130668494,1156530,15.12,2.06,157967,1.19,28500,1115.510009765625,2.2890000343322754,278,반도체,Listed,0.0
2017-07-31,47420,48240,46920,48200,254028,0.9212730318257957,314911070540000,130668494,1156530,15.26,2.08,157967,1.18,28500,1118.72998046875,2.2920000553131104,278,반도체,Listed,0.0
2017-08-01,48000,48840,47540,48600,227390,0.8298755186721992,317524440420000,130668494,1156530,15.38,2.1,157967,1.17,28500,1120.3699951171875,2.250999927520752,278,반도체,Listed,0.0
2017-08-02,49200,49340,48600,49000,155549,0.823045267489712,317932810300000,129768494,1156530,15.51,2.12,157967,1.16,28500,1122.0999755859375,2.26200008392334,278,반도체,Listed,0.0
2017-08-03,49000,49000,47120,47780,310816,-2.489795918367347,310016932166000,129768494,1156530,15.12,2.07,157967,1.19,28500,1127.25,2.2279999256134033,278,반도체,Listed,0.0
2017-08-04,48160,48180,47500,47700,167184,-0.1674340728338217,309497858190000,129768494,1156530,15.1,2.06,157967,1.19,28500,1127.25,2.2669999599456787,278,반도체,Listed,0.0
2017-08-07,47500,48080,47440,47580,144365,-0.25157232704402516,308719247226000,129768494,1156530,15.06,2.06,157967,1.2,28500,1125.3499755859375,2.256999969482422,278,반도체,Listed,0.0
2017-08-08,47980,48260,47480,47720,159592,0.2942412778478352,309627626684000,129768494,1156530,15.1,2.06,157967,1.19,28500,1126.0699462890625,2.2829999923706055,278,반도체,Listed,0.0
2017-08-09,47400,47400,46240,46280,291108,-3.0176026823134956,300284295116000,129768494,1156530,14.65,2.0,157967,1.23,28500,1138.22998046875,2.240999937057495,278,반도체,Listed,0.0
2017-08-10,46200,46320,45460,45900,459723,-0.8210890233362144,297818693730000,129768494,1156530,14.53,1.98,157967,1.24,28500,1143.52001953125,2.2119998931884766,278,반도체,Listed,0.0
2017-08-11,45120,45300,44220,44620,508146,-2.7886710239651413,289513510114000,129768494,1156530,14.12,1.93,157967,1.28,28500,1143.52001953125,2.188999891281128,278,반도체,Listed,0.0
2017-08-14,45120,45400,44720,45000,383712,0.8516360376512775,291979111500000,129768494,1156530,14.24,1.95,157967,1.27,28500,1138.9200439453125,2.2190001010894775,278,반도체,Listed,0.0
2017-08-16,46220,46380,46000,46200,438273,2.666666666666667,299765221140000,129768494,1156530,14.62,2.0,157967,1.23,28500,1134.800048828125,2.2260000705718994,278,반도체,Listed,0.0
2017-08-17,46960,47300,46740,47040,248317,1.8181818181818181,305215497888000,129768494,1156530,14.89,2.03,157967,1.21,28500,1140.47998046875,2.1989998817443848,278,반도체,Listed,0.0
2017-08-18,46760,47240,46240,46900,209559,-0.2976190476190476,304307118430000,129768494,1156530,14.84,2.03,157967,1.22,28500,1140.47998046875,2.194000005722046,278,반도체,Listed,0.0
2017-08-21,47240,47240,46580,46840,102069,-0.1279317697228145,303917812948000,129768494,1156530,14.83,2.03,157967,1.22,28500,1137.9300537109375,2.180000066757202,278,반도체,Listed,0.0
2017-08-22,46820,47160,46700,47000,147635,0.3415883859948762,304955960900000,129768494,1156530,14.88,2.03,157967,1.21,28500,1131.1600341796875,2.2149999141693115,278,반도체,Listed,0.0
2017-08-23,47780,47780,47180,47480,187694,1.0212765957446808,308070404756000,129768494,1156530,15.03,2.05,157967,1.2,28500,1125.449951171875,2.1710000038146973,278,반도체,Listed,0.0
2017-08-24,47520,47660,47340,47520,173149,0.08424599831508003,308329941744000,129768494,1156530,15.04,2.05,157967,1.2,28500,1127.280029296875,2.194000005722046,278,반도체,Listed,0.0
2017-08-25,47880,47880,46720,47020,224871,-1.0521885521885523,305085729394000,129768494,1156530,14.88,2.03,157967,1.21,28500,1127.280029296875,2.1689999103546143,278,반도체,Listed,0.0
2017-08-28,47020,47240,45960,46100,199242,-1.9566142067205443,299116378670000,129768494,1156530,14.59,1.99,157967,1.24,28500,1118.010009765625,2.1589999198913574,278,반도체,Listed,0.0
2017-08-29,45640,46080,45160,46080,252473,-0.04338394793926247,298986610176000,129768494,1156530,14.59,1.99,157967,1.24,28500,1124.1400146484375,2.135999917984009,278,반도체,Listed,0.0
2017-08-30,46380,46400,45960,46200,150260,0.26041666666666663,299765221140000,129768494,1156530,14.62,2.0,157967,1.23,28500,1123.3299560546875,2.1429998874664307,278,반도체,Listed,0.0
2017-08-31,46220,46640,46000,46320,220234,0.2597402597402597,300543832104000,129768494,1156530,14.66,2.0,157967,1.23,28500,1123.5400390625,2.121000051498413,278,반도체,Listed,0.0
2017-09-01,46460,46640,46300,46480,212834,0.3454231433506045,301581980056000,129768494,1156530,14.71,2.01,157967,1.23,28500,1123.5400390625,2.1570000648498535,278,반도체,Listed,0.0
2017-09-04,45780,46360,45500,46040,158870,-0.9466437177280551,298727073188000,129768494,1156530,14.57,1.99,157967,1.24,28500,1132.1300048828125,2.1570000648498535,278,반도체,Listed,0.0
2017-09-05,46240,46900,45960,46760,234322,1.5638575152041705,303398738972000,129768494,1156530,14.8,2.02,157967,1.22,28500,1131.6500244140625,2.069999933242798,278,반도체,Listed,0.0
2017-09-06,46760,47180,46700,47000,216221,0.5132591958939264,304955960900000,129768494,1156530,14.88,2.03,157967,1.21,28500,1131.52001953125,2.1080000400543213,278,반도체,Listed,0.0
2017-09-07,47000,48220,47000,48120,193530,2.382978723404255,312222996564000,129768494,1156530,15.23,2.08,157967,1.18,28500,1127.030029296875,2.061000108718872,278,반도체,Listed,0.0
2017-09-08,48700,49180,48580,49080,217860,1.99501246882793,318451884276000,129768494,1156530,15.53,2.12,157967,1.16,28500,1127.030029296875,2.061000108718872,278,반도체,Listed,0.0
2017-09-11,49700,50180,49500,49800,207495,1.466992665036675,323123550060000,129768494,1156530,15.76,2.15,157967,1.14,28500,1129.4300537109375,2.125,278,반도체,Listed,0.0
2017-09-12,50200,50220,49140,49600,240595,-0.4016064257028112,321825865120000,129768494,1156530,15.7,2.14,157967,1.15,28500,1127.5999755859375,2.1710000038146973,278,반도체,Listed,0.0
2017-09-13,49820,50400,49440,49620,187140,0.04032258064516129,321955633614000,129768494,1156530,15.71,2.15,157967,1.15,28500,1130.1300048828125,2.194999933242798,278,반도체,Listed,0.0
2017-09-14,50060,50320,49760,50300,284095,1.370415155179363,326367762410000,129768494,1156530,15.92,2.17,157967,1.13,28500,1133.1800537109375,2.197000026702881,278,반도체,Listed,0.0
2017-09-15,50300,50560,49860,50400,215146,0.19880715705765406,327016604880000,129768494,1156530,15.95,2.18,157967,1.13,28500,1133.1800537109375,2.2019999027252197,278,반도체,Listed,0.0
2017-09-18,50540,52480,50520,52480,230499,4.1269841269841265,340512528256000,129768494,1156530,16.61,2.27,157967,1.09,28500,1128.8199462890625,2.2290000915527344,278,반도체,Listed,0.0
2017-09-19,52500,52640,51780,52120,197008,-0.6859756097560976,338176695364000,129768494,1156530,16.5,2.25,157967,1.09,28500,1130.3599853515625,2.243000030517578,278,반도체,Listed,0.0
2017-09-20,52120,52500,51840,52220,185855,0.19186492709132769,338825537834000,129768494,1156530,16.53,2.26,157967,1.09,28500,1131.1800537109375,2.2769999504089355,278,반도체,Listed,0.0
2017-09-21,52219,52960,52219,52800,176796,1.1106855610877058,342588824160000,129768494,1156530,16.71,2.28,157967,1.08,28500,1130.3499755859375,2.2780001163482666,278,반도체,Listed,0.0
2017-09-22,52960,53600,52459,53000,278448,0.3787878787878788,343886509100000,129768494,1156530,16.78,2.29,157967,1.08,28500,1130.3499755859375,2.26200008392334,278,반도체,Listed,0.0
2017-09-25,52999,53679,52999,53620,186062,1.169811320754717,347909332414000,129768494,1156530,16.97,2.32,157967,1.06,28500,1133.8199462890625,2.2200000286102295,278,반도체,Listed,0.0
2017-09-26,53020,53120,51560,51660,341144,-3.6553524804177546,335192020002000,129768494,1156530,16.35,2.23,157967,1.1,28500,1136.719970703125,2.2290000915527344,278,반도체,Listed,0.0
2017-09-27,52000,52200,51500,51680,215940,0.03871467286101432,335321788496000,129768494,1156530,16.36,2.23,157967,1.1,28500,1145.280029296875,2.309000015258789,278,반도체,Listed,0.0
2017-09-28,52260,52460,51260,51260,240509,-0.8126934984520124,332596650122000,129768494,1156530,16.22,2.22,157967,1.11,28500,1145.93994140625,2.309000015258789,278,반도체,Listed,0.0
2017-09-29,51180,51620,50840,51280,258188,0.03901677721420211,332726418616000,129768494,1156530,16.23,2.22,157967,1.11,28500,1145.93994140625,2.3259999752044678,278,반도체,Listed,0.0
2017-10-10,53360,53640,52799,52800,410396,2.9641185647425896,342588824160000,129768494,1156530,16.71,2.28,157967,1.08,28500,1133.8599853515625,2.3450000286102295,278,반도체,Listed,0.0
2017-10-11,53600,54760,53340,54640,273043,3.4848484848484853,354527525608000,129768494,1156530,17.29,2.36,157967,1.04,28500,1131.489990234375,2.3450000286102295,278,반도체,Listed,0.0
2017-10-12,54840,55160,54099,54800,277814,0.29282576866764276,355565673560000,129768494,1156530,17.35,2.37,157967,1.04,28500,1132.06005859375,2.322999954223633,278,반도체,Listed,0.0
2017-10-13,54540,54840,53780,54000,252033,-1.4598540145985401,350374933800000,129768494,1156530,17.09,2.33,157967,1.06,28500,1132.06005859375,2.2799999713897705,278,반도체,Listed,0.0
2017-10-16,53980,54860,53760,53920,195399,-0.14814814814814814,349855859824000,129768494,1156530,17.07,2.33,157967,1.06,28500,1127.0799560546875,2.306999921798706,278,반도체,Listed,0.0
2017-10-17,54019,55380,54000,54800,212156,1.6320474777448073,355565673560000,129768494,1156530,17.35,2.37,157967,1.04,28500,1129.93994140625,2.2980000972747803,278,반도체,Listed,0.0
2017-10-18,54820,55240,54039,54760,202215,-0.072992700729927,355306136572000,129768494,1156530,17.33,2.37,157967,1.04,28500,1131.4000244140625,2.3389999866485596,278,반도체,Listed,0.0
2017-10-19,54699,54699,52980,52980,242174,-3.2505478451424397,343756740606000,129768494,1156530,16.77,2.29,157967,1.08,28500,1127.8900146484375,2.321000099182129,278,반도체,Listed,0.0
2017-10-20,52800,54100,52800,53840,160541,1.6232540581351453,349336785848000,129768494,1156530,17.04,2.33,157967,1.06,28500,1127.8900146484375,2.38100004196167,278,반도체,Listed,0.0
2017-10-23,54600,54640,54000,54300,166221,0.8543833580980683,352321461210000,129768494,1156530,17.19,2.35,157967,1.05,28500,1129.02001953125,2.375999927520752,278,반도체,Listed,0.0
2017-10-24,54699,54780,54040,54040,116121,-0.4788213627992633,350634470788000,129768494,1156530,17.1,2.34,157967,1.05,28500,1129.72998046875,2.4059998989105225,278,반도체,Listed,0.0
2017-10-25,54040,54420,53699,53900,117657,-0.2590673575129534,349726091330000,129768494,1156530,17.06,2.33,157967,1.06,28500,1126.469970703125,2.444000005722046,278,반도체,Listed,0.0
2017-10-26,53720,53900,52400,52400,195531,-2.782931354359926,339993454280000,129768494,1156530,16.59,2.27,157967,1.09,28500,1128.489990234375,2.4519999027252197,278,반도체,Listed,0.0
2017-10-27,52400,53320,52140,53080,147850,1.297709923664122,344405583076000,129768494,1156530,16.8,2.29,157967,1.07,28500,1128.489990234375,2.427999973297119,278,반도체,Listed,0.0
2017-10-30,53780,54320,53699,54040,163923,1.8085908063300677,350634470788000,129768494,1156530,17.1,2.34,157967,1.05,28500,1125.4599609375,2.369999885559082,278,반도체,Listed,0.0
2017-10-31,54060,55440,53500,55080,267631,1.924500370096225,357382432476000,129768494,1156530,17.43,2.38,157967,1.03,28500,1123.449951171875,2.375999927520752,278,반도체,Listed,0.0
2017-11-01,57500,57500,56179,57220,290205,3.8852578068264343,371267661334000,129768494,1156530,18.11,2.47,157967,1.0,28500,1117.72998046875,2.375999927520752,278,반도체,Listed,0.0
2017-11-02,57500,57519,56760,57060,214421,-0.27962250961202373,370229513382000,129768494,1156530,18.06,2.47,157967,1.0,28500,1109.949951171875,2.3469998836517334,278,반도체,Listed,0.0
2017-11-03,57059,57140,55860,56380,198716,-1.1917280056081316,363928654586000,129098494,1156530,17.85,2.44,157967,1.01,28500,1111.7099609375,2.3429999351501465,278,반도체,Listed,0.0
2017-11-06,56380,56500,55340,56380,180019,0.0,363928654586000,129098494,1156530,17.85,2.44,157967,1.01,28500,1114.800048828125,2.319999933242798,278,반도체,Listed,0.0
2017-11-07,56380,56920,55860,56100,149291,-0.4966300106420717,362121275670000,129098494,1156530,17.76,2.43,157967,1.02,28500,1113.75,2.306999921798706,278,반도체,Listed,0.0
2017-11-08,56100,57060,55860,56760,170404,1.1764705882352942,366381525972000,129098494,1156530,17.97,2.45,157967,1.0,28500,1112.52001953125,2.325000047683716,278,반도체,Listed,0.0
2017-11-09,56920,56920,55899,56340,239881,-0.7399577167019027,363670457598000,129098494,1156530,17.83,2.44,157967,1.01,28500,1113.1099853515625,2.3310000896453857,278,반도체,Listed,0.0
2017-11-10,55800,56540,55780,56400,134976,0.10649627263045794,364057753080000,129098494,1156530,17.85,2.44,157967,1.01,28500,1116.8499755859375,2.4000000953674316,278,반도체,Listed,0.0
2017-11-13,56400,56799,56100,56380,176133,-0.03546099290780142,363928654586000,129098494,1156530,17.85,2.44,157967,1.01,28500,1118.31005859375,2.4000000953674316,278,반도체,Listed,0.0
2017-11-14,56380,56740,55920,55920,134500,-0.8158921603405462,360959389224000,129098494,1156530,17.7,2.42,157967,1.02,28500,1119.4599609375,2.38100004196167,278,반도체,Listed,0.0
2017-11-15,55920,56319,55320,55340,176339,-1.0371959942775395,357215532898000,129098494,1156530,17.52,2.39,157967,1.03,28500,1115.77001953125,2.3350000381469727,278,반도체,Listed,0.0
2017-11-16,55440,56000,55400,55780,152814,0.7950849295265631,360055699766000,129098494,1156530,17.66,2.41,157967,1.02,28500,1115.77001953125,2.3610000610351562,278,반도체,Listed,0.0
2017-11-17,56399,56880,55820,55820,214663,0.07171029042667623,360313896754000,129098494,1156530,17.67,2.41,157967,1.02,28500,1096.3900146484375,2.3540000915527344,278,반도체,Listed,0.0
2017-11-20,55900,55980,55200,55200,189455,-1.1107130060910069,356311843440000,129098494,1156530,17.47,2.39,157967,1.03,28500,1092.56005859375,2.371999979019165,278,반도체,Listed,0.0
2017-11-21,55400,55839,55280,55280,206494,0.14492753623188406,356828237416000,129098494,1156530,17.5,2.39,157967,1.03,28500,1096.0,2.36299991607666,278,반도체,Listed,0.0
2017-11-22,55980,56200,55620,55960,159059,1.2301013024602026,361217586212000,129098494,1156530,17.71,2.42,157967,1.02,28500,1091.260009765625,2.322000026702881,278,반도체,Listed,0.0
2017-11-23,55960,55979,55020,55300,125458,-1.1794138670478913,356957335910000,129098494,1156530,17.5,2.39,157967,1.03,28500,1085.31005859375,2.322000026702881,278,반도체,Listed,0.0
2017-11-24,55300,55500,55180,55460,90724,0.28933092224231466,357990123862000,129098494,1156530,17.55,2.4,157967,1.03,28500,1082.5899658203125,2.3399999141693115,278,반도체,Listed,0.0
2017-11-27,55360,55360,52640,52640,362578,-5.084745762711865,339787236208000,129098494,1156530,16.66,2.28,157967,1.08,28500,1084.949951171875,2.328000068664551,278,반도체,Listed,0.0
2017-11-28,52699,53280,51720,53280,269988,1.21580547112462,343918388016000,129098494,1156530,16.86,2.3,157967,1.07,28500,1090.06005859375,2.3380000591278076,278,반도체,Listed,0.0
2017-11-29,53200,53240,52500,52600,191805,-1.2762762762762763,339529039220000,129098494,1156530,16.65,2.27,157967,1.08,28500,1083.449951171875,2.375999927520752,278,반도체,Listed,0.0
2017-11-30,50800,51860,50200,50800,592683,-3.4220532319391634,327910174760000,129098494,1156530,16.08,2.2,157967,1.12,28500,1080.6600341796875,2.4170000553131104,278,반도체,Listed,0.0
2017-12-01,50800,51780,50800,50840,257372,0.07874015748031496,328168371748000,129098494,1156530,16.09,2.2,157967,1.12,28500,1087.22998046875,2.361999988555908,278,반도체,Listed,0.0
2017-12-04,50840,51340,50020,51340,297301,0.9834775767112509,331395834098000,129098494,1156530,16.25,2.22,157967,1.11,28500,1082.510009765625,2.378999948501587,278,반도체,Listed,0.0
2017-12-05,50600,51300,50280,51260,186531,-0.15582391897156214,330879440122000,129098494,1156530,16.22,2.22,157967,1.11,28500,1085.22998046875,2.3559999465942383,278,반도체,Listed,0.0
2017-12-06,51260,51560,50020,50020,217784,-2.419040187280531,322875333494000,129098494,1156530,15.83,2.16,157967,1.14,28500,1085.22998046875,2.3299999237060547,278,반도체,Listed,0.0
2017-12-07,50040,50980,50020,50740,221312,1.4394242303078768,327522879278000,129098494,1156530,16.06,2.19,157967,1.12,28500,1092.5699462890625,2.375999927520752,278,반도체,Listed,0.0
2017-12-08,51360,52000,51040,52000,225809,2.4832479306267246,335656084400000,129098494,1156530,16.46,2.25,157967,1.1,28500,1092.43994140625,2.382999897003174,278,반도체,Listed,0.0
2017-12-11,52000,52040,51500,51780,162517,-0.4230769230769231,334236000966000,129098494,1156530,16.39,2.24,157967,1.1,28500,1091.8199462890625,2.384999990463257,278,반도체,Listed,0.0
2017-12-12,51820,52100,51660,52100,175301,0.6179992275009656,336301576870000,129098494,1156530,16.49,2.25,157967,1.09,28500,1087.8299560546875,2.4030001163482666,278,반도체,Listed,0.0
2017-12-13,52100,52100,51100,51320,226674,-1.4971209213051824,331266735604000,129098494,1156530,16.24,2.22,157967,1.11,28500,1091.260009765625,2.3489999771118164,278,반도체,Listed,0.0
2017-12-14,51320,52280,51060,51060,406208,-0.5066250974279034,329588455182000,129098494,1156530,16.16,2.21,157967,1.12,28500,1084.1800537109375,2.3459999561309814,278,반도체,Listed,0.0
2017-12-15,51240,51480,50520,50620,298571,-0.8617312965139052,326748288314000,129098494,1156530,16.02,2.19,157967,1.13,28500,1087.8199462890625,2.3550000190734863,278,반도체,Listed,0.0
2017-12-18,50620,51240,50620,51200,147005,1.1457921770051362,330492144640000,129098494,1156530,16.21,2.21,157967,1.11,28500,1089.030029296875,2.3919999599456787,278,반도체,Listed,0.0
2017-12-19,51540,52080,51520,51560,239572,0.703125,332815917532000,129098494,1156530,16.32,2.23,157967,1.11,28500,1085.3800048828125,2.4630000591278076,278,반도체,Listed,0.0
2017-12-20,51500,51760,50820,50880,201611,-1.3188518231186968,328426568736000,129098494,1156530,16.1,2.2,157967,1.12,28500,1084.199951171875,2.496999979019165,278,반도체,Listed,0.0
2017-12-21,51000,51060,49100,49140,312486,-3.4198113207547167,317194999758000,129098494,1156530,15.55,2.12,157967,1.16,28500,1079.9599609375,2.4809999465942383,278,반도체,Listed,0.0
2017-12-22,49400,49960,49240,49700,223993,1.1396011396011396,320809757590000,129098494,1156530,15.73,2.15,157967,1.15,28500,1080.2099609375,2.484999895095825,278,반도체,Listed,0.0
2017-12-26,49760,50100,48200,48200,320797,-3.0181086519114686,311127370540000,129098494,1156530,15.26,2.08,157967,1.18,28500,1076.3599853515625,2.4670000076293945,278,반도체,Listed,0.0
2017-12-27,48960,49560,48460,49360,214872,2.406639004149378,318615083192000,129098494,1156530,15.62,2.13,157967,1.15,28500,1075.0400390625,2.4140000343322754,278,반도체,Listed,0.0
2017-12-28,49560,50960,49500,50960,179709,3.2414910858995136,328942962712000,129098494,1156530,16.13,2.2,157967,1.12,28500,1073.550048828125,2.431999921798706,278,반도체,Listed,0.0
2018-01-02,51380,51400,50780,51020,169485,0.11773940345368916,329330258194000,129098494,1156530,16.15,2.21,157967,1.12,28500,1065.219970703125,2.4649999141693115,278,반도체,Listed,0.0
2018-01-03,52540,52560,51420,51620,200270,1.1760094080752646,333203213014000,129098494,1156530,16.34,2.23,157967,1.1,28500,1062.5400390625,2.447000026702881,278,반도체,Listed,0.0
2018-01-04,52120,52180,50640,51080,233909,-1.0461061604029445,329717553676000,129098494,1156530,16.17,2.21,157967,1.12,28500,1063.93994140625,2.453000068664551,278,반도체,Listed,0.0
2018-01-05,51300,52120,51200,52120,189623,2.0360219263899766,336430675364000,129098494,1156530,16.5,2.25,157967,1.09,28500,1061.0799560546875,2.4760000705718994,278,반도체,Listed,0.0
2018-01-08,52400,52520,51500,52020,167673,-0.19186492709132769,335785182894000,129098494,1156530,16.47,2.25,157967,1.1,28500,1060.5,2.4800000190734863,278,반도체,Listed,0.0
2018-01-09,51460,51720,49980,50400,360272,-3.1141868512110724,325328204880000,129098494,1156530,15.95,2.18,157967,1.13,28500,1067.68994140625,2.5460000038146973,278,반도체,Listed,0.0
2018-01-10,50500,50520,48640,48840,371336,-3.0952380952380953,315258522348000,129098494,1156530,15.46,2.11,157967,1.17,28500,1071.739990234375,2.549999952316284,278,반도체,Listed,0.0
2018-01-11,48200,49260,48020,48240,502476,-1.2285012285012284,311385567528000,129098494,1156530,15.27,2.09,157967,1.18,28500,1069.6700439453125,2.5309998989105225,278,반도체,Listed,0.0
2018-01-12,48240,48480,46760,48200,545409,-0.08291873963515754,311127370540000,129098494,1156530,15.26,2.08,157967,1.18,28500,1065.1400146484375,2.552000045776367,278,반도체,Listed,0.0
2018-01-15,48800,48980,47920,48540,201920,0.7053941908713693,313322044938000,129098494,1156530,15.36,2.1,157967,1.17,28500,1055.800048828125,2.552000045776367,278,반도체,Listed,0.0
2018-01-16,48760,50140,48620,50000,407793,3.0078285949732178,322746235000000,129098494,1156530,15.83,2.16,157967,1.14,28500,1061.8199462890625,2.5439999103546143,278,반도체,Listed,0.0
2018-01-17,50020,50020,49060,49620,221061,-0.76,320293363614000,129098494,1156530,15.71,2.15,157967,1.15,28500,1062.4599609375,2.578000068664551,278,반도체,Listed,0.0
2018-01-18,50020,50640,49820,49900,296977,0.5642885933091495,322100742530000,129098494,1156530,15.79,2.16,157967,1.14,28500,1066.56005859375,2.6110000610351562,278,반도체,Listed,0.0
2018-01-19,50380,50380,49040,49320,184399,-1.1623246492985972,318356886204000,129098494,1156530,15.61,2.13,157967,1.16,28500,1069.68994140625,2.63700008392334,278,반도체,Listed,0.0
2018-01-22,48640,48680,47960,48240,250418,-2.18978102189781,311385567528000,129098494,1156530,15.27,2.09,157967,1.18,28500,1066.3599853515625,2.6649999618530273,278,반도체,Listed,0.0
2018-01-23,48660,49160,48300,49160,270654,1.9071310116086235,317324098252000,129098494,1156530,15.56,2.13,157967,1.16,28500,1068.81005859375,2.624000072479248,278,반도체,Listed,0.0
2018-01-24,48860,49700,48560,49340,191010,0.3661513425549227,318485984698000,129098494,1156530,15.62,2.13,157967,1.16,28500,1072.760009765625,2.6540000438690186,278,반도체,Listed,0.0
2018-01-25,49220,50360,49160,50260,223207,1.8646128901499797,324424515422000,129098494,1156530,15.91,2.17,157967,1.13,28500,1064.4000244140625,2.621000051498413,278,반도체,Listed,0.0
2018-01-26,50500,50780,49840,50780,207002,1.0346199761241544,327781076266000,129098494,1156530,16.07,2.2,157967,1.12,28500,1064.8900146484375,2.6619999408721924,278,반도체,Listed,0.0
2018-01-29,51200,51480,50900,51220,236776,0.866482867270579,330621243134000,129098494,1156530,16.21,2.21,157967,1.11,28500,1063.1300048828125,2.6989998817443848,278,반도체,Listed,0.0
2018-01-30,50440,50640,49780,49800,245691,-2.7723545490042953,321455250060000,129098494,1156530,15.76,2.15,157967,1.14,28500,1069.7900390625,2.7260000705718994,278,반도체,Listed,0.0
2018-01-31,50020,54140,49600,49900,1293626,0.2008032128514056,322100742530000,129098494,1156530,15.79,2.16,157967,1.14,28500,1072.5400390625,2.7200000286102295,278,반도체,Listed,0.0
2018-02-01,50620,50960,49720,49820,552189,-0.16032064128256512,321584348554000,129098494,1156530,15.77,2.15,157967,1.14,28500,1069.02001953125,2.7730000019073486,278,반도체,Listed,0.0
2018-02-02,49380,49400,47700,47700,585207,-4.25531914893617,307899908190000,129098494,1156530,15.1,2.06,157967,1.19,28500,1071.1800537109375,2.8540000915527344,278,반도체,Listed,0.0
2018-02-05,46500,48320,46000,47920,567158,0.46121593291404617,309319991624000,129098494,1156530,15.17,2.07,157967,1.19,28500,1090.010009765625,2.7939999103546143,278,반도체,Listed,0.0
2018-02-06,46600,47920,46580,47420,388129,-1.0434056761268782,306092529274000,129098494,1156530,15.01,2.05,157967,1.2,28500,1093.300048828125,2.7679998874664307,278,반도체,Listed,0.0
2018-02-07,48240,48260,45800,45800,468961,-3.4162800506115567,295635551260000,129098494,1156530,14.5,1.98,157967,1.24,28500,1079.260009765625,2.8440001010894775,278,반도체,Listed,0.0
2018-02-08,46120,46620,45980,46000,465021,0.43668122270742354,295288936200000,128386494,1156530,14.56,1.99,157967,1.24,28500,1089.4200439453125,2.8510000705718994,278,반도체,Listed,0.0
2018-02-09,44440,45180,44420,44700,349300,-2.8260869565217392,286943814090000,128386494,1156530,14.15,1.93,157967,1.28,28500,1095.8599853515625,2.8289999961853027,278,반도체,Listed,0.0
2018-02-12,45100,46320,45040,45720,315099,2.2818791946308723,293491525284000,128386494,1156530,14.47,1.98,157967,1.25,28500,1083.1700439453125,2.8570001125335693,278,반도체,Listed,0.0
2018-02-13,46200,48060,46200,47540,378465,3.9807524059492563,305174696238000,128386494,1156530,15.05,2.06,157967,1.2,28500,1082.6099853515625,2.8399999141693115,278,반도체,Listed,0.0
2018-02-14,48080,49100,47940,49000,378118,3.0710980227177114,314546910300000,128386494,1156530,15.51,2.12,157967,1.16,28500,1083.77001953125,2.9130001068115234,278,반도체,Listed,0.0
2018-02-19,49800,49800,47860,48380,307069,-1.2653061224489797,310566928986000,128386494,1156530,15.31,2.09,157967,1.18,28500,1065.6300048828125,2.877000093460083,278,반도체,Listed,0.0
2018-02-20,48040,48160,47220,47400,202452,-2.0256304257957836,304275990780000,128386494,1156530,15.0,2.05,157967,1.2,28500,1066.7099609375,2.8929998874664307,278,반도체,Listed,0.0
2018-02-21,47280,47580,46840,47280,257604,-0.25316455696202533,303505671816000,128386494,1156530,14.97,2.04,157967,1.21,28500,1072.5400390625,2.943000078201294,278,반도체,Listed,0.0
2018-02-22,47260,47260,46760,46760,177399,-1.0998307952622675,300167622972000,128386494,1156530,14.8,2.02,157967,1.22,28500,1074.8599853515625,2.9170000553131104,278,반도체,Listed,0.0
2018-02-23,46760,47800,46760,47220,248466,0.9837467921300257,303120512334000,128386494,1156530,14.95,2.04,157967,1.21,28500,1080.0799560546875,2.871000051498413,278,반도체,Listed,0.0
2018-02-26,47280,47560,47080,47380,191213,0.33883947479881404,304147604286000,128386494,1156530,15.0,2.05,157967,1.2,28500,1075.0,2.8589999675750732,278,반도체,Listed,0.0
2018-02-27,48360,48380,47380,47380,196611,0.0,304147604286000,128386494,1156530,15.0,2.05,157967,1.2,28500,1069.699951171875,2.9079999923706055,278,반도체,Listed,0.0
2018-02-28,47380,48100,47000,47060,303247,-0.6753904601097509,302093420382000,128386494,1156530,14.9,2.03,157967,1.21,28500,1079.3900146484375,2.868000030517578,278,반도체,Listed,0.0
2018-03-02,46580,46800,46000,46020,265310,-2.209944751381215,295417322694000,128386494,1156530,14.57,1.99,157967,1.24,28500,1081.949951171875,2.8570001125335693,278,반도체,Listed,0.0
2018-03-05,45820,46160,45080,45200,282019,-1.7818339852238156,290153476440000,128386494,1156530,14.31,1.95,157967,1.26,28500,1079.2099609375,2.88100004196167,278,반도체,Listed,0.0
2018-03-06,45920,47100,45820,47020,308467,4.026548672566372,301836647394000,128386494,1156530,14.88,2.03,157967,1.21,28500,1076.6600341796875,2.877000093460083,278,반도체,Listed,0.0
2018-03-07,48200,48900,47220,48620,428541,3.4028073160357297,312107566914000,128386494,1156530,15.39,2.1,157967,1.17,28500,1063.1600341796875,2.882999897003174,278,반도체,Listed,0.0
2018-03-08,49200,49480,48080,49200,389273,1.192924722336487,315830775240000,128386494,1156530,15.57,2.13,157967,1.16,28500,1066.1500244140625,2.865999937057495,278,반도체,Listed,0.0
2018-03-09,49440,50540,49240,49740,286088,1.097560975609756,319297210578000,128386494,1156530,15.74,2.15,157967,1.15,28500,1073.4599609375,2.8940000534057617,278,반도체,Listed,0.0
2018-03-12,50560,50780,49580,49740,173779,0.0,319297210578000,128386494,1156530,15.74,2.15,157967,1.15,28500,1064.050048828125,2.869999885559082,278,반도체,Listed,0.0
2018-03-13,50760,51660,50360,51660,401974,3.8600723763570564,331622314002000,128386494,1156530,16.35,2.23,157967,1.1,28500,1063.8599853515625,2.8480000495910645,278,반도체,Listed,0.0
2018-03-14,51020,52000,51000,51760,254265,0.19357336430507163,332264246472000,128386494,1156530,16.38,2.24,157967,1.1,28500,1066.4000244140625,2.816999912261963,278,반도체,Listed,0.0
2018-03-15,52000,52020,51020,51540,177649,-0.4250386398763524,330851995038000,128386494,1156530,16.31,2.23,157967,1.11,28500,1062.550048828125,2.8259999752044678,278,반도체,Listed,0.0
2018-03-16,51220,51420,50240,51140,243698,-0.7760962359332557,328284265158000,128386494,1156530,16.19,2.21,157967,1.11,28500,1068.75,2.8480000495910645,278,반도체,Listed,0.0
2018-03-19,50620,51340,50440,50740,164377,-0.7821666014861166,325716535278000,128386494,1156530,16.06,2.19,157967,1.12,28500,1070.2099609375,2.8450000286102295,278,반도체,Listed,0.0
2018-03-20,50700,51200,50100,51200,163865,0.9065825778478518,328669424640000,128386494,1156530,16.21,2.21,157967,1.11,28500,1072.1600341796875,2.878999948501587,278,반도체,Listed,0.0
2018-03-21,51780,51780,51060,51060,178104,-0.2734375,327770719182000,128386494,1156530,16.16,2.21,157967,1.12,28500,1070.550048828125,2.9070000648498535,278,반도체,Listed,0.0
2018-03-22,51060,51780,51040,51780,169082,1.410105757931845,332392632966000,128386494,1156530,16.39,2.24,157967,1.1,28500,1063.9599609375,2.8320000171661377,278,반도체,Listed,0.0
2018-03-23,50340,50720,49600,49720,297099,-3.9783700270374664,319168824084000,128386494,1156530,15.74,2.15,157967,1.15,28500,1079.9000244140625,2.8299999237060547,278,반도체,Listed,0.0
2018-03-26,49420,50280,49040,50280,201155,1.1263073209975865,322763645916000,128386494,1156530,15.91,2.17,157967,1.13,28500,1074.300048828125,2.8429999351501465,278,반도체,Listed,0.0
2018-03-27,50320,50460,49080,49980,237480,-0.5966587112171837,320837848506000,128386494,1156530,15.82,2.16,157967,1.14,28500,1074.1199951171875,2.7860000133514404,278,반도체,Listed,0.0
2018-03-28,49100,49100,48340,48700,303189,-2.5610244097639057,312621112890000,128386494,1156530,15.41,2.11,157967,1.17,28500,1063.4100341796875,2.7750000953674316,278,반도체,Listed,0.0
2018-03-29,48700,49560,48320,49040,201340,0.6981519507186857,314803683288000,128386494,1156530,15.52,2.12,157967,1.16,28500,1062.0,2.740999937057495,278,반도체,Listed,0.0
2018-03-30,49080,49900,49080,49220,155542,0.367047308319739,315959161734000,128386494,1156530,15.58,2.13,157967,1.16,28500,1062.0,2.740999937057495,278,반도체,Listed,0.0
2018-04-02,49000,49220,48500,48540,142313,-1.3815522145469321,311594020938000,128386494,1156530,15.36,2.1,157967,1.17,28500,1056.1600341796875,2.7320001125335693,278,반도체,Listed,0.0
2018-04-03,47880,48140,47280,48120,255365,-0.865265760197775,308897904564000,128386494,1156530,15.23,2.08,157967,1.18,28500,1053.72998046875,2.7839999198913574,278,반도체,Listed,0.0
2018-04-04,48160,48260,46920,46920,247684,-2.493765586034913,301194714924000,128386494,1156530,14.85,2.03,157967,1.21,28500,1057.4300537109375,2.7880001068115234,278,반도체,Listed,0.0
2018-04-05,47400,49380,47340,48740,264912,3.878942881500426,312877885878000,128386494,1156530,15.43,2.11,157967,1.17,28500,1061.6400146484375,2.8320000171661377,278,반도체,Listed,0.0
2018-04-06,48000,48580,47400,48400,250654,-0.6975789905621665,310695315480000,128386494,1156530,15.32,2.09,157967,1.18,28500,1061.6400146484375,2.7750000953674316,278,반도체,Listed,0.0
2018-04-09,48260,49440,48200,49200,199008,1.6528925619834711,315830775240000,128386494,1156530,15.57,2.13,157967,1.16,28500,1068.77001953125,2.7860000133514404,278,반도체,Listed,0.0
2018-04-10,48540,49220,48040,48880,219687,-0.6504065040650406,313776591336000,128386494,1156530,15.47,2.11,157967,1.17,28500,1063.3800048828125,2.796999931335449,278,반도체,Listed,0.0
2018-04-11,49900,49900,48600,48860,201022,-0.04091653027823241,313648204842000,128386494,1156530,15.47,2.11,157967,1.17,28500,1065.75,2.7899999618530273,278,반도체,Listed,0.0
2018-04-12,49440,49440,48880,49000,249325,0.28653295128939826,314546910300000,128386494,1156530,15.51,2.12,157967,1.16,28500,1069.97998046875,2.8340001106262207,278,반도체,Listed,0.0
2018-04-13,49600,50180,49400,49800,205566,1.6326530612244898,319682370060000,128386494,1156530,15.76,2.15,157967,1.14,28500,1069.97998046875,2.8289999961853027,278,반도체,Listed,0.0
2018-04-16,50320,50600,49860,50340,157549,1.0843373493975903,323148805398000,128386494,1156530,15.93,2.18,157967,1.13,28500,1069.52001953125,2.8320000171661377,278,반도체,Listed,0.0
2018-04-17,50240,50540,49820,49980,155440,-0.7151370679380215,320837848506000,128386494,1156530,15.82,2.16,157967,1.14,28500,1066.0899658203125,2.813999891281128,278,반도체,Listed,0.0
2018-04-18,51000,51360,50580,51360,269252,2.7611044417767108,329696516592000,128386494,1156530,16.26,2.22,157967,1.11,28500,1064.0699462890625,2.867000102996826,278,반도체,Listed,0.0
2018-04-19,52000,52980,51540,52780,343811,2.764797507788162,338811957666000,128386494,1156530,16.71,2.28,157967,1.08,28500,1066.239990234375,2.9140000343322754,278,반도체,Listed,0.0
2018-04-20,51800,52260,51420,51620,235220,-2.197802197802198,331365541014000,128386494,1156530,16.34,2.23,157967,1.1,28500,1066.239990234375,2.9509999752044678,278,반도체,Listed,0.0
2018-04-23,51000,52080,51000,51900,232380,0.5424254165052305,333162951930000,128386494,1156530,16.43,2.24,157967,1.1,28500,1080.1800537109375,2.9730000495910645,278,반도체,Listed,0.0
2018-04-24,51840,51860,50080,50460,315406,-2.7745664739884393,323919124362000,128386494,1156530,15.97,2.18,157967,1.13,28500,1076.75,2.9830000400543213,278,반도체,Listed,0.0
2018-04-25,49220,50500,49220,50400,332292,-0.11890606420927466,323533964880000,128386494,1156530,15.95,2.18,157967,1.13,28500,1081.1700439453125,3.0239999294281006,278,반도체,Listed,0.0
2018-04-26,50420,52160,50400,52140,360931,3.4523809523809526,334703589858000,128386494,1156530,16.5,2.25,157967,1.09,28500,1076.7900390625,2.990000009536743,278,반도체,Listed,0.0
2018-04-27,53380,53639,52440,53000,606216,1.6494054468738015,340224209100000,128386494,1156530,16.78,2.29,157967,1.08,28500,1076.7900390625,2.9570000171661377,278,반도체,Listed,0.0
2018-04-30,0,0,0,53000,0,0.0,340224209100000,128386494,1156530,16.78,2.29,157967,1.08,28500,1069.449951171875,2.936000108718872,278,반도체,Listed,0.0
2018-05-02,0,0,0,53000,0,0.0,340224209100000,128386494,1406276,8.84,1.88,299868,1.6,42500,1078.81005859375,2.9639999866485596,278,반도체,Listed,0.0
2018-05-03,0,0,0,53000,0,0.0,340224209100000,128386494,1406276,8.84,1.88,299868,1.6,42500,1074.1199951171875,2.946000099182129,278,반도체,Listed,0.0
2018-05-04,53000,53900,51800,51900,39565391,-2.0754716981132075,333162951930000,6419324700,28126,8.65,1.85,5997,1.64,850,1074.1199951171875,2.944000005722046,278,반도체,Listed,0.0
2018-05-08,52600,53200,51900,52600,23104720,1.348747591522158,337656479220000,6419324700,28126,8.77,1.87,5997,1.62,850,1077.56005859375,2.9690001010894775,278,반도체,Listed,0.0
2018-05-09,52600,52800,50900,50900,16128305,-3.2319391634980987,326743627230000,6419324700,28126,8.49,1.81,5997,1.67,850,1077.97998046875,3.003999948501587,278,반도체,Listed,0.0
2018-05-10,51700,51700,50600,51600,13905263,1.37524557956778,331237154520000,6419324700,28126,8.6,1.83,5997,1.65,850,1064.3699951171875,2.9709999561309814,278,반도체,Listed,0.0
2018-05-11,52000,52200,51200,51300,10314997,-0.5813953488372093,329311357110000,6419324700,28126,8.55,1.82,5997,1.66,850,1064.3699951171875,2.9709999561309814,278,반도체,Listed,0.0
2018-05-14,51000,51100,49900,50100,14909272,-2.3391812865497075,321608167470000,6419324700,28126,8.35,1.78,5997,1.7,850,1069.1600341796875,2.994999885559082,278,반도체,Listed,0.0
2018-05-15,50200,50400,49100,49200,18709146,-1.7964071856287425,315830775240000,6419324700,28126,8.2,1.75,5997,1.73,850,1078.8599853515625,3.0799999237060547,278,반도체,Listed,0.0
2018-05-16,49200,50200,49150,49850,15918683,1.321138211382114,320003336295000,6419324700,28126,8.31,1.77,5997,1.71,850,1076.489990234375,3.0950000286102295,278,반도체,Listed,0.0
2018-05-17,50300,50500,49400,49400,10365440,-0.9027081243731194,317114640180000,6419324700,28126,8.24,1.76,5997,1.72,850,1080.9100341796875,3.1089999675750732,278,반도체,Listed,0.0
2018-05-18,49900,49900,49350,49500,6706570,0.20242914979757085,317756572650000,6419324700,28126,8.25,1.76,5997,1.72,850,1080.9100341796875,3.066999912261963,278,반도체,Listed,0.0
2018-05-21,49650,50200,49100,50000,9020998,1.0101010101010102,320966235000000,6419324700,28126,8.34,1.78,5997,1.7,850,1076.510009765625,3.065000057220459,278,반도체,Listed,0.0
2018-05-23,50600,52000,50400,51800,17095490,3.5999999999999996,332521019460000,6419324700,28126,8.64,1.84,5997,1.64,850,1074.7900390625,3.003000020980835,278,반도체,Listed,0.0
2018-05-24,52000,52000,51100,51400,8289275,-0.7722007722007722,329953289580000,6419324700,28126,8.57,1.83,5997,1.65,850,1079.22998046875,2.9809999465942383,278,반도체,Listed,0.0
2018-05-25,51000,52800,50800,52700,15207266,2.529182879377432,338298411690000,6419324700,28126,8.79,1.87,5997,1.61,850,1079.22998046875,2.930999994277954,278,반도체,Listed,0.0
2018-05-28,52500,53000,52000,52300,9787820,-0.7590132827324478,335730681810000,6419324700,28126,8.72,1.86,5997,1.63,850,1073.1700439453125,2.930999994277954,278,반도체,Listed,0.0
2018-05-29,52200,52500,51300,51300,8480437,-1.9120458891013385,329311357110000,6419324700,28126,8.55,1.82,5997,1.66,850,1083.9300537109375,2.7679998874664307,278,반도체,Listed,0.0
2018-05-30,51300,51500,49100,49500,20498098,-3.508771929824561,317756572650000,6419324700,28126,8.25,1.76,5997,1.72,850,1075.030029296875,2.8420000076293945,278,반도체,Listed,0.0
2018-05-31,50400,50800,49850,50700,63491109,2.4242424242424243,325459762290000,6419324700,28126,8.45,1.8,5997,1.68,850,1079.949951171875,2.822000026702881,278,반도체,Listed,0.0
2018-06-01,50500,51700,49950,51300,13038499,1.183431952662722,329311357110000,6419324700,28126,8.55,1.82,5997,1.66,850,1079.949951171875,2.8949999809265137,278,반도체,Listed,0.0
2018-06-04,50800,51200,50700,51100,9767171,-0.3898635477582846,328027492170000,6419324700,28126,8.52,1.82,5997,1.66,850,1070.530029296875,2.937000036239624,278,반도체,Listed,0.0
2018-06-05,51100,51400,50400,51300,9144100,0.3913894324853229,329311357110000,6419324700,28126,8.55,1.82,5997,1.66,850,1070.2900390625,2.9189999103546143,278,반도체,Listed,0.0
2018-06-07,51800,51800,50500,50600,13590016,-1.364522417153996,324817829820000,6419324700,28126,8.44,1.8,5997,1.68,850,1071.3299560546875,2.933000087738037,278,반도체,Listed,0.0
2018-06-08,50200,50400,49600,49650,16951706,-1.8774703557312251,318719471355000,6419324700,28126,8.28,1.77,5997,1.71,850,1071.3299560546875,2.937000036239624,278,반도체,Listed,0.0
2018-06-11,49750,50300,49350,49900,10571312,0.5035246727089627,320324302530000,6419324700,28126,8.32,1.77,5997,1.7,850,1076.3800048828125,2.9570000171661377,278,반도체,Listed,0.0
2018-06-12,49700,49800,49250,49400,12110569,-1.002004008016032,317114640180000,6419324700,28126,8.24,1.76,5997,1.72,850,1079.25,2.9570000171661377,278,반도체,Listed,0.0
2018-06-14,49000,49000,48200,48200,20971729,-2.42914979757085,309411450540000,6419324700,28126,8.04,1.71,5997,1.76,850,1090.77001953125,2.946000099182129,278,반도체,Listed,0.0
2018-06-15,48500,48700,47650,47650,17080892,-1.1410788381742738,305880821955000,6419324700,28126,7.95,1.69,5997,1.78,850,1090.77001953125,2.9240000247955322,278,반도체,Listed,0.0
2018-06-18,47600,47650,46200,46600,16661870,-2.2035676810073452,299140531020000,6419324700,28126,7.77,1.66,5997,1.82,850,1104.1600341796875,2.9260001182556152,278,반도체,Listed,0.0
2018-06-19,47200,47350,46500,47000,15217971,0.8583690987124464,301708260900000,6419324700,28126,7.84,1.67,5997,1.81,850,1111.1199951171875,2.8929998874664307,278,반도체,Listed,0.0
2018-06-20,47450,47600,46850,47000,12959316,0.0,301708260900000,6419324700,28126,7.84,1.67,5997,1.81,850,1107.719970703125,2.927999973297119,278,반도체,Listed,0.0
2018-06-21,47900,47900,47050,47050,10015541,0.10638297872340426,302029227135000,6419324700,28126,7.85,1.67,5997,1.81,850,1109.6300048828125,2.8970000743865967,278,반도체,Listed,0.0
2018-06-22,47000,47250,46200,47250,10298006,0.4250797024442083,303313092075000,6419324700,28126,7.88,1.68,5997,1.8,850,1109.6300048828125,2.9000000953674316,278,반도체,Listed,0.0
2018-06-25,47050,47050,46150,46650,10587711,-1.2698412698412698,299461497255000,6419324700,28126,7.78,1.66,5997,1.82,850,1114.030029296875,2.875,278,반도체,Listed,0.0
2018-06-26,45900,47300,45900,47000,11223166,0.7502679528403001,301708260900000,6419324700,28126,7.84,1.67,5997,1.81,850,1117.5999755859375,2.880000114440918,278,반도체,Listed,0.0
2018-06-27,47450,48500,47000,47950,15274752,2.021276595744681,307806619365000,6419324700,28126,8.0,1.7,5997,1.77,850,1122.780029296875,2.8269999027252197,278,반도체,Listed,0.0
2018-06-28,46850,47150,46600,46800,12784800,-2.398331595411887,300424395960000,6419324700,28126,7.8,1.66,5997,1.82,850,1120.5400390625,2.8469998836517334,278,반도체,Listed,0.0
2018-06-29,46250,47150,46200,46650,14099635,-0.3205128205128205,299461497255000,6419324700,28126,7.78,1.66,5997,1.82,850,1120.5400390625,2.8489999771118164,278,반도체,Listed,0.0
2018-07-02,46500,47150,45500,45550,13112253,-2.3579849946409435,292400240085000,6419324700,28126,7.6,1.62,5997,1.87,850,1118.1700439453125,2.865999937057495,278,반도체,Listed,0.0
2018-07-03,45750,46450,45750,46150,10959655,1.3172338090010975,296251834905000,6419324700,28126,7.7,1.64,5997,1.84,850,1113.3399658203125,2.8380000591278076,278,반도체,Listed,0.0
2018-07-04,46700,47050,46050,46250,8776763,0.21668472372697722,296893767375000,6419324700,28126,7.71,1.64,5997,1.84,850,1114.31005859375,2.8380000591278076,278,반도체,Listed,0.0
2018-07-05,46100,46550,45600,45950,7039773,-0.6486486486486486,294967969965000,6419324700,28126,7.66,1.63,5997,1.85,850,1117.760009765625,2.8399999141693115,278,반도체,Listed,0.0
2018-07-06,45500,45850,44650,44900,17843706,-2.2850924918389555,288227679030000,6419324700,28126,7.49,1.6,5997,1.89,850,1117.760009765625,2.8310000896453857,278,반도체,Listed,0.0
2018-07-09,45500,46100,45200,45600,11602464,1.55902004454343,292721206320000,6419324700,28126,7.6,1.62,5997,1.86,850,1112.47998046875,2.859999895095825,278,반도체,Listed,0.0
2018-07-10,46200,46550,46100,46300,10528665,1.5350877192982455,297214733610000,6419324700,28126,7.72,1.65,5997,1.84,850,1112.56005859375,2.872999906539917,278,반도체,Listed,0.0
2018-07-11,46400,46450,45400,46000,11224077,-0.6479481641468683,295288936200000,6419324700,28126,7.67,1.64,5997,1.85,850,1127.1700439453125,2.8420000076293945,278,반도체,Listed,0.0
2018-07-12,45900,46250,45450,45500,11828104,-1.0869565217391304,292079273850000,6419324700,28126,7.59,1.62,5997,1.87,850,1122.6500244140625,2.8529999256134033,278,반도체,Listed,0.0
2018-07-13,45800,46500,45750,46500,11543389,2.197802197802198,298498598550000,6419324700,28126,7.75,1.65,5997,1.83,850,1122.6500244140625,2.8310000896453857,278,반도체,Listed,0.0
2018-07-16,46800,46800,46000,46050,7678719,-0.967741935483871,295609902435000,6419324700,28126,7.68,1.64,5997,1.85,850,1126.9000244140625,2.8580000400543213,278,반도체,Listed,0.0
2018-07-17,46150,46200,45600,45850,8892953,-0.43431053203040176,294326037495000,6419324700,28126,7.65,1.63,5997,1.85,850,1125.550048828125,2.864000082015991,278,반도체,Listed,0.0
2018-07-18,46700,47200,46450,46550,10952645,1.5267175572519083,298819564785000,6419324700,28126,7.76,1.66,5997,1.83,850,1131.0899658203125,2.875,278,반도체,Listed,0.0
2018-07-19,47050,47200,46600,46900,9880128,0.7518796992481203,301066328430000,6419324700,28126,7.82,1.67,5997,1.81,850,1134.47998046875,2.8469998836517334,278,반도체,Listed,0.0
2018-07-20,47000,47600,46700,47450,10474547,1.1727078891257996,304596957015000,6419324700,28126,7.91,1.69,5997,1.79,850,1134.47998046875,2.8949999809265137,278,반도체,Listed,0.0
2018-07-23,47100,47200,46150,46500,10823782,-2.0021074815595363,298498598550000,6419324700,28126,7.75,1.65,5997,1.83,850,1132.449951171875,2.9649999141693115,278,반도체,Listed,0.0
2018-07-24,46350,46600,45950,46150,8261363,-0.7526881720430108,296251834905000,6419324700,28126,7.7,1.64,5997,1.84,850,1127.97998046875,2.9489998817443848,278,반도체,Listed,0.0
2018-07-25,46250,46550,45900,46150,7222471,0.0,296251834905000,6419324700,28126,7.7,1.64,5997,1.84,850,1115.75,2.936000108718872,278,반도체,Listed,0.0
2018-07-26,46100,47000,46000,46900,7374946,1.6251354279523293,301066328430000,6419324700,28126,7.82,1.67,5997,1.81,850,1123.1500244140625,2.9749999046325684,278,반도체,Listed,0.0
2018-07-27,46450,47000,46450,46900,4762460,0.0,301066328430000,6419324700,28126,7.82,1.67,5997,1.81,850,1123.1500244140625,2.9600000381469727,278,반도체,Listed,0.0
2018-07-30,46550,46800,46350,46500,5723035,-0.8528784648187633,298498598550000,6419324700,28126,7.75,1.65,5997,1.83,850,1116.6700439453125,2.9749999046325684,278,반도체,Listed,0.0
2018-07-31,46200,46450,46000,46250,8033607,-0.5376344086021506,296893767375000,6419324700,28126,7.71,1.64,5997,1.84,850,1112.199951171875,2.9639999866485596,278,반도체,Listed,0.0
2018-08-01,46050,46850,46050,46550,7484499,0.6486486486486486,298819564785000,6419324700,28126,7.76,1.66,5997,1.83,850,1118.5999755859375,3.003000020980835,278,반도체,Listed,0.0
2018-08-02,46550,46800,45500,45550,8560924,-2.1482277121374866,292400240085000,6419324700,28126,7.6,1.62,5997,1.87,850,1128.1500244140625,2.9860000610351562,278,반도체,Listed,0.0
2018-08-03,45850,45900,45450,45750,8274944,0.43907793633369924,293684105025000,6419324700,28126,7.63,1.63,5997,1.86,850,1128.1500244140625,2.953000068664551,278,반도체,Listed,0.0
2018-08-06,46150,46150,45750,45800,6771979,0.1092896174863388,294005071260000,6419324700,28126,7.64,1.63,5997,1.86,850,1125.4000244140625,2.937999963760376,278,반도체,Listed,0.0
2018-08-07,46300,46750,45900,46700,9058174,1.9650655021834063,299782463490000,6419324700,28126,7.79,1.66,5997,1.82,850,1116.25,2.9730000495910645,278,반도체,Listed,0.0
2018-08-08,47000,47000,46550,46800,6429338,0.21413276231263384,300424395960000,6419324700,28126,7.8,1.66,5997,1.82,850,1115.949951171875,2.9709999561309814,278,반도체,Listed,0.0
2018-08-09,47000,47050,46450,46900,12010886,0.2136752136752137,301066328430000,6419324700,28126,7.82,1.67,5997,1.81,850,1121.8900146484375,2.934999942779541,278,반도체,Listed,0.0
2018-08-10,46150,46400,44850,45400,16670643,-3.1982942430703627,291437341380000,6419324700,28126,7.57,1.61,5997,1.87,850,1121.8900146484375,2.8570001125335693,278,반도체,Listed,0.0
2018-08-13,44950,45100,44650,45050,9803831,-0.7709251101321586,289190577735000,6419324700,28126,7.51,1.6,5997,1.89,850,1135.969970703125,2.877000093460083,278,반도체,Listed,0.0
2018-08-14,44850,45400,44850,45150,6409259,0.22197558268590456,289832510205000,6419324700,28126,7.53,1.61,5997,1.88,850,1126.75,2.8949999809265137,278,반도체,Listed,0.0
2018-08-16,43800,44650,43700,44250,10088229,-1.9933554817275747,284055117975000,6419324700,28126,7.38,1.57,5997,1.92,850,1126.239990234375,2.871000051498413,278,반도체,Listed,0.0
2018-08-17,44050,44400,44050,44100,6808747,-0.3389830508474576,283092219270000,6419324700,28126,7.35,1.57,5997,1.93,850,1126.239990234375,2.872999906539917,278,반도체,Listed,0.0
2018-08-20,43500,44200,43500,43850,7289124,-0.5668934240362812,281487388095000,6419324700,28126,7.31,1.56,5997,1.94,850,1116.8800048828125,2.822999954223633,278,반도체,Listed,0.0
2018-08-21,43700,44900,43700,44800,9520270,2.1664766248574687,287585746560000,6419324700,28126,7.47,1.59,5997,1.9,850,1116.0999755859375,2.8440001010894775,278,반도체,Listed,0.0
2018-08-22,45150,46200,44900,46100,11641656,2.9017857142857144,295930868670000,6419324700,28126,7.69,1.64,5997,1.84,850,1117.5,2.822999954223633,278,반도체,Listed,0.0
2018-08-23,46150,46200,45700,46200,6730918,0.21691973969631237,296572801140000,6419324700,28126,7.7,1.64,5997,1.84,850,1126.1500244140625,2.821000099182129,278,반도체,Listed,0.0
2018-08-24,45900,46400,45550,46150,6582535,-0.10822510822510822,296251834905000,6419324700,28126,7.7,1.64,5997,1.84,850,1126.1500244140625,2.8259999752044678,278,반도체,Listed,0.0
2018-08-27,46100,46550,46000,46300,5263782,0.3250270855904659,297214733610000,6419324700,28126,7.72,1.65,5997,1.84,850,1108.22998046875,2.8480000495910645,278,반도체,Listed,0.0
2018-08-28,46800,46950,46300,46550,7365976,0.5399568034557235,298819564785000,6419324700,28126,7.76,1.66,5997,1.83,850,1106.8800048828125,2.884000062942505,278,반도체,Listed,0.0
2018-08-29,46750,46800,46400,46800,5572374,0.5370569280343717,300424395960000,6419324700,28126,7.8,1.66,5997,1.82,850,1108.449951171875,2.884000062942505,278,반도체,Listed,0.0
2018-08-30,46950,47950,46700,47650,12193231,1.8162393162393164,305880821955000,6419324700,28126,7.95,1.69,5997,1.78,850,1115.449951171875,2.859999895095825,278,반도체,Listed,0.0
2018-08-31,47100,48450,47000,48450,13577454,1.6789087093389297,311016281715000,6419324700,28126,8.08,1.72,5997,1.75,850,1115.449951171875,2.8529999256134033,278,반도체,Listed,0.0
2018-09-03,48200,48300,47300,47450,8595084,-2.063983488132095,304596957015000,6419324700,28126,7.91,1.69,5997,1.79,850,1113.5,2.8529999256134033,278,반도체,Listed,0.0
2018-09-04,47550,47800,47200,47650,6791255,0.42149631190727077,305880821955000,6419324700,28126,7.95,1.69,5997,1.78,850,1121.300048828125,2.9019999504089355,278,반도체,Listed,0.0
2018-09-05,47300,47450,46400,46600,9139998,-2.2035676810073452,299140531020000,6419324700,28126,7.77,1.66,5997,1.82,850,1118.0999755859375,2.9019999504089355,278,반도체,Listed,0.0
2018-09-06,46200,46400,45800,46100,9040553,-1.0729613733905579,295930868670000,6419324700,28126,7.69,1.64,5997,1.84,850,1124.699951171875,2.878999948501587,278,반도체,Listed,0.0
2018-09-07,44500,45200,44400,44900,18285508,-2.6030368763557483,288227679030000,6419324700,28126,7.49,1.6,5997,1.89,850,1124.699951171875,2.941999912261963,278,반도체,Listed,0.0
2018-09-10,45450,45550,45000,45500,9979838,1.3363028953229399,292079273850000,6419324700,28126,7.59,1.62,5997,1.87,850,1136.77001953125,2.937000036239624,278,반도체,Listed,0.0
2018-09-11,45550,45900,45050,45050,9865790,-0.9890109890109889,289190577735000,6419324700,28126,7.51,1.6,5997,1.89,850,1125.300048828125,2.9769999980926514,278,반도체,Listed,0.0
2018-09-12,44900,45100,44500,44550,12995269,-1.1098779134295227,285980915385000,6419324700,28126,7.43,1.58,5997,1.91,850,1125.75,2.9630000591278076,278,반도체,Listed,0.0
2018-09-13,44550,44750,44000,44050,18277942,-1.122334455667789,282771253035000,6419324700,28126,7.35,1.57,5997,1.93,850,1120.550048828125,2.9630000591278076,278,반도체,Listed,0.0
2018-09-14,45000,45850,44900,45850,12446344,4.0862656072644725,294326037495000,6419324700,28126,7.65,1.63,5997,1.85,850,1120.550048828125,2.99399995803833,278,반도체,Listed,0.0
2018-09-17,45550,45800,44900,45150,8123384,-1.5267175572519083,289832510205000,6419324700,28126,7.53,1.61,5997,1.88,850,1125.6199951171875,3.000999927520752,278,반도체,Listed,0.0
2018-09-18,44950,45900,44700,45500,9987090,0.7751937984496124,292079273850000,6419324700,28126,7.59,1.62,5997,1.87,850,1120.800048828125,3.0480000972747803,278,반도체,Listed,0.0
2018-09-19,46000,46200,45700,46150,9367454,1.4285714285714286,296251834905000,6419324700,28126,7.7,1.64,5997,1.84,850,1122.25,3.0829999446868896,278,반도체,Listed,0.0
2018-09-20,46850,47600,46400,47250,13536966,2.38353196099675,303313092075000,6419324700,28126,7.88,1.68,5997,1.8,850,1116.4000244140625,3.078000068664551,278,반도체,Listed,0.0
2018-09-21,46550,47550,46550,47400,14476906,0.31746031746031744,304275990780000,6419324700,28126,7.9,1.69,5997,1.79,850,1116.4000244140625,3.068000078201294,278,반도체,Listed,0.0
2018-09-27,46950,47500,46450,47500,15804586,0.21097046413502107,304917923250000,6419324700,28126,7.92,1.69,5997,1.79,850,1112.31005859375,3.055999994277954,278,반도체,Listed,0.0
2018-09-28,47250,47250,46300,46450,11270515,-2.2105263157894735,298177632315000,6419324700,28126,7.75,1.65,5997,1.83,850,1112.31005859375,3.055999994277954,278,반도체,Listed,0.0
2018-10-01,46450,46800,45800,46350,6354983,-0.2152852529601722,297535699845000,6419324700,28126,7.73,1.65,5997,1.83,850,1112.25,3.0799999237060547,278,반도체,Listed,0.0
2018-10-02,46450,46700,45700,45700,6607188,-1.4023732470334414,293363138790000,6419324700,28126,7.62,1.62,5997,1.86,850,1117.5,3.055999994277954,278,반도체,Listed,0.0
2018-10-04,45150,45600,44700,44700,11865327,-2.1881838074398248,286943814090000,6419324700,28126,7.45,1.59,5997,1.9,850,1132.9000244140625,3.197000026702881,278,반도체,Listed,0.0
2018-10-05,44800,45500,44550,44700,10544165,0.0,286943814090000,6419324700,28126,7.45,1.59,5997,1.9,850,1132.9000244140625,3.2249999046325684,278,반도체,Listed,0.0
2018-10-08,44200,45200,44200,44950,6759464,0.5592841163310962,288548645265000,6419324700,28126,7.5,1.6,5997,1.89,850,1133.199951171875,3.2330000400543213,278,반도체,Listed,0.0
2018-10-10,45250,45500,44500,45300,10341349,0.778642936596218,290795408910000,6419324700,28126,7.55,1.61,5997,1.88,850,1142.8499755859375,3.2249999046325684,278,반도체,Listed,0.0
2018-10-11,44000,44650,43100,43100,19324537,-4.856512141280353,276672894570000,6419324700,28126,7.19,1.53,5997,1.97,850,1134.300048828125,3.132999897003174,278,반도체,Listed,0.0
2018-10-12,43200,44650,43200,44000,12640906,2.088167053364269,282450286800000,6419324700,28126,7.34,1.56,5997,1.93,850,1134.300048828125,3.1410000324249268,278,반도체,Listed,0.0
2018-10-15,44050,44050,43350,43800,7434522,-0.45454545454545453,281166421860000,6419324700,28126,7.3,1.56,5997,1.94,850,1135.1700439453125,3.1630001068115234,278,반도체,Listed,0.0
2018-10-16,43700,44150,43350,43600,6825677,-0.45662100456621,279882556920000,6419324700,28126,7.27,1.55,5997,1.95,850,1122.1500244140625,3.1559998989105225,278,반도체,Listed,0.0
2018-10-17,44150,44500,44000,44150,8306193,1.261467889908257,283413185505000,6419324700,28126,7.36,1.57,5997,1.93,850,1127.0999755859375,3.178999900817871,278,반도체,Listed,0.0
2018-10-18,43950,44450,43700,44050,8347725,-0.22650056625141565,282771253035000,6419324700,28126,7.35,1.57,5997,1.93,850,1136.5999755859375,3.174999952316284,278,반도체,Listed,0.0
2018-10-19,43900,44150,43450,43900,7842520,-0.340522133938706,281808354330000,6419324700,28126,7.32,1.56,5997,1.94,850,1136.5999755859375,3.197999954223633,278,반도체,Listed,0.0
2018-10-22,43450,43950,43200,43550,8357648,-0.7972665148063782,279561590685000,6419324700,28126,7.26,1.55,5997,1.95,850,1131.25,3.196000099182129,278,반도체,Listed,0.0
2018-10-23,43300,43450,42550,43050,9531231,-1.1481056257175661,276351928335000,6419324700,28126,7.18,1.53,5997,1.97,850,1136.6400146484375,3.1659998893737793,278,반도체,Listed,0.0
2018-10-24,43050,43100,42250,42550,13522825,-1.1614401858304297,273142265985000,6419324700,28126,7.1,1.51,5997,2.0,850,1137.56005859375,3.124000072479248,278,반도체,Listed,0.0
2018-10-25,40600,41550,40550,41000,19338170,-3.6427732079905994,263192312700000,6419324700,28126,6.84,1.46,5997,2.07,850,1135.22998046875,3.135999917984009,278,반도체,Listed,0.0
2018-10-26,41100,41300,40400,41000,14413864,0.0,263192312700000,6419324700,28126,6.84,1.46,5997,2.07,850,1135.22998046875,3.0769999027252197,278,반도체,Listed,0.0
2018-10-29,40850,41950,40550,41400,14460521,0.975609756097561,265760042580000,6419324700,28126,6.9,1.47,5997,2.05,850,1139.5,3.0869998931884766,278,반도체,Listed,0.0
2018-10-30,41400,43000,41000,42350,14205190,2.2946859903381642,271858401045000,6419324700,28126,7.06,1.51,5997,2.01,850,1142.0799560546875,3.109999895095825,278,반도체,Listed,0.0
2018-10-31,42900,43350,41700,42400,17621480,0.11806375442739078,272179367280000,6419324700,28126,7.07,1.51,5997,2.0,850,1137.699951171875,3.1589999198913574,278,반도체,Listed,0.0
2018-11-01,42450,42950,42150,42150,13423132,-0.589622641509434,270574536105000,6419324700,28126,7.03,1.5,5997,2.02,850,1140.969970703125,3.1440000534057617,278,반도체,Listed,0.0
2018-11-02,43050,44250,42800,44150,16517112,4.744958481613286,283413185505000,6419324700,28126,7.36,1.57,5997,1.93,850,1129.050048828125,3.2139999866485596,278,반도체,Listed,0.0
2018-11-05,43750,43800,42900,43800,9426777,-0.7927519818799547,281166421860000,6419324700,28126,7.3,1.56,5997,1.94,850,1116.0999755859375,3.2009999752044678,278,반도체,Listed,0.0
2018-11-06,43750,43800,42950,43750,7713625,-0.1141552511415525,280845455625000,6419324700,28126,7.3,1.56,5997,1.94,850,1121.56005859375,3.2139999866485596,278,반도체,Listed,0.0
2018-11-07,43600,44500,43400,44000,11553998,0.5714285714285714,282450286800000,6419324700,28126,7.34,1.56,5997,1.93,850,1119.949951171875,3.2130000591278076,278,반도체,Listed,0.0
2018-11-08,44900,45050,44050,44050,12617397,0.11363636363636363,282771253035000,6419324700,28126,7.35,1.57,5997,1.93,850,1115.3699951171875,3.2339999675750732,278,반도체,Listed,0.0
2018-11-09,44450,44850,43900,44300,7318500,0.5675368898978433,284376084210000,6419324700,28126,7.39,1.58,5997,1.92,850,1119.5699462890625,3.188999891281128,278,반도체,Listed,0.0
2018-11-12,43850,45250,43700,45200,8552566,2.0316027088036117,290153476440000,6419324700,28126,7.54,1.61,5997,1.88,850,1130.949951171875,3.186000108718872,278,반도체,Listed,0.0
2018-11-13,43900,44500,43400,44500,9311126,-1.5486725663716814,285659949150000,6419324700,28126,7.42,1.58,5997,1.91,850,1137.4599609375,3.1449999809265137,278,반도체,Listed,0.0
2018-11-14,44500,44500,43800,44100,6783344,-0.8988764044943821,283092219270000,6419324700,28126,7.35,1.57,5997,1.93,850,1131.1300048828125,3.119999885559082,278,반도체,Listed,0.0
2018-11-15,44050,44350,43500,44250,5864067,0.3401360544217687,284055117975000,6419324700,28126,7.38,1.57,5997,1.92,850,1131.199951171875,3.118000030517578,278,반도체,Listed,0.0
2018-11-16,44600,44750,43700,44000,7777124,-0.5649717514124294,282450286800000,6419324700,28126,7.34,1.56,5997,1.93,850,1127.0,3.0739998817443848,278,반도체,Listed,0.0
2018-11-19,44050,44250,43450,43650,7538720,-0.7954545454545454,280203523155000,6419324700,28126,7.28,1.55,5997,1.95,850,1120.4000244140625,3.056999921798706,278,반도체,Listed,0.0
2018-11-20,42450,43000,42100,42800,9420664,-1.9473081328751431,274747097160000,6419324700,28126,7.14,1.52,5997,1.99,850,1126.18994140625,3.0480000972747803,278,반도체,Listed,0.0
2018-11-21,41800,42300,41800,42100,10769589,-1.6355140186915886,270253569870000,6419324700,28126,7.02,1.5,5997,2.02,850,1128.4000244140625,3.061000108718872,278,반도체,Listed,0.0
2018-11-22,42000,42650,42000,42450,5970796,0.831353919239905,272500333515000,6419324700,28126,7.08,1.51,5997,2.0,850,1137.31005859375,3.061000108718872,278,반도체,Listed,0.0
2018-11-23,42450,42600,41900,42400,5192638,-0.11778563015312131,272179367280000,6419324700,28126,7.07,1.51,5997,2.0,850,1135.5,3.053999900817871,278,반도체,Listed,0.0
2018-11-26,42150,42800,42100,42600,6613009,0.4716981132075472,273463232220000,6419324700,28126,7.1,1.51,5997,2.0,850,1133.5,3.072000026702881,278,반도체,Listed,0.0
2018-11-27,42900,43100,42500,43050,8367091,1.056338028169014,276351928335000,6419324700,28126,7.18,1.53,5997,1.97,850,1129.030029296875,3.055000066757202,278,반도체,Listed,0.0
2018-11-28,42800,43200,42750,43150,6943099,0.23228803716608595,276993860805000,6419324700,28126,7.2,1.53,5997,1.97,850,1130.3699951171875,3.0439999103546143,278,반도체,Listed,0.0
2018-11-29,43850,43850,42900,43150,8473511,0.0,276993860805000,6419324700,28126,7.2,1.53,5997,1.97,850,1121.1199951171875,3.0350000858306885,278,반도체,Listed,0.0
2018-11-30,43450,44000,41750,41850,19775519,-3.0127462340672073,268648738695000,6419324700,28126,6.98,1.49,5997,2.03,850,1117.02001953125,3.013000011444092,278,반도체,Listed,0.0
2018-12-03,42750,43400,42400,43250,12110702,3.345280764635603,277635793275000,6419324700,28126,7.21,1.54,5997,1.97,850,1117.1500244140625,2.992000102996826,278,반도체,Listed,0.0
2018-12-04,42650,42900,41900,42150,14347746,-2.5433526011560694,270574536105000,6419324700,28126,7.03,1.5,5997,2.02,850,1108.300048828125,2.9240000247955322,278,반도체,Listed,0.0
2018-12-05,40900,41750,40850,41450,12631983,-1.6607354685646498,266081008815000,6419324700,28126,6.91,1.47,5997,2.05,850,1110.6300048828125,2.9240000247955322,278,반도체,Listed,0.0
2018-12-06,40600,41100,40450,40500,14251826,-2.2919179734620023,259982650350000,6419324700,28126,6.75,1.44,5997,2.1,850,1111.6600341796875,2.875999927520752,278,반도체,Listed,0.0
2018-12-07,40900,41400,40850,40950,11433083,1.1111111111111112,262871346465000,6419324700,28126,6.83,1.46,5997,2.08,850,1119.5999755859375,2.8499999046325684,278,반도체,Listed,0.0
2018-12-10,40450,40650,40000,40200,14892263,-1.8315018315018317,258056852940000,6419324700,28126,6.7,1.43,5997,2.11,850,1122.699951171875,2.8559999465942383,278,반도체,Listed,0.0
2018-12-11,40600,40700,40200,40250,10638766,0.12437810945273632,258377819175000,6419324700,28126,6.71,1.43,5997,2.11,850,1131.5,2.878999948501587,278,반도체,Listed,0.0
2018-12-12,40250,40700,40150,40450,12024279,0.4968944099378882,241477704147500,5969782550,28126,6.75,1.44,5997,2.1,850,1127.6199951171875,2.9059998989105225,278,반도체,Listed,0.0
2018-12-13,40650,40750,40000,40000,26254646,-1.1124845488257107,238791302000000,5969782550,28126,6.67,1.42,5997,2.13,850,1123.8499755859375,2.9110000133514404,278,반도체,Listed,0.0
2018-12-14,40200,40200,38700,38950,19671783,-2.625,232523030322500,5969782550,28126,6.49,1.38,5997,2.18,850,1127.02001953125,2.8910000324249268,278,반도체,Listed,0.0
2018-12-17,38650,39600,38650,39150,11532968,0.5134788189987163,233716986832500,5969782550,28126,6.53,1.39,5997,2.17,850,1131.6500244140625,2.8570001125335693,278,반도체,Listed,0.0
2018-12-18,38300,39200,38300,38900,11042101,-0.6385696040868455,232224541195000,5969782550,28126,6.49,1.38,5997,2.19,850,1128.1500244140625,2.825000047683716,278,반도체,Listed,0.0
2018-12-19,38900,39350,38850,39100,9942037,0.5141388174807198,233418497705000,5969782550,28126,6.52,1.39,5997,2.17,850,1125.0699462890625,2.7780001163482666,278,반도체,Listed,0.0
2018-12-20,38600,39100,38500,38650,11937617,-1.1508951406649617,230732095557500,5969782550,28126,6.44,1.37,5997,2.2,850,1128.1300048828125,2.7890000343322754,278,반도체,Listed,0.0
2018-12-21,38200,38650,38100,38650,14947080,0.0,230732095557500,5969782550,28126,6.44,1.37,5997,2.2,850,1120.030029296875,2.7920000553131104,278,반도체,Listed,0.0
2018-12-24,38500,39050,38300,38800,9729530,0.38809831824062097,231627562940000,5969782550,28126,6.47,1.38,5997,2.19,850,1127.5,2.749000072479248,278,반도체,Listed,0.0
2018-12-26,38400,38750,38300,38350,12707675,-1.1597938144329898,228941160792500,5969782550,28126,6.39,1.36,5997,2.22,850,1122.6300048828125,2.796999931335449,278,반도체,Listed,0.0
2018-12-27,38700,38800,38100,38250,10510643,-0.2607561929595828,228344182537500,5969782550,28126,6.38,1.36,5997,2.22,850,1123.52001953125,2.743000030517578,278,반도체,Listed,0.0
2018-12-28,38250,38900,38200,38700,9900267,1.1764705882352942,231030584685000,5969782550,28126,6.45,1.38,5997,2.2,850,1119.5999755859375,2.7360000610351562,278,반도체,Listed,0.0
2019-01-02,39400,39400,38550,38750,7847664,0.12919896640826875,231329073812500,5969782550,28126,6.46,1.38,5997,2.19,850,1113.800048828125,2.6610000133514404,278,반도체,Listed,0.0
2019-01-03,38300,38550,37450,37600,12471493,-2.967741935483871,224463823880000,5969782550,28126,6.27,1.34,5997,2.26,850,1122.1800537109375,2.553999900817871,278,반도체,Listed,0.0
2019-01-04,37450,37600,36850,37450,14108958,-0.39893617021276595,223568356497500,5969782550,28126,6.24,1.33,5997,2.27,850,1124.1199951171875,2.6589999198913574,278,반도체,Listed,0.0
2019-01-07,38000,38900,37800,38750,12748997,3.4712950600801067,231329073812500,5969782550,28126,6.46,1.38,5997,2.19,850,1114.4000244140625,2.681999921798706,278,반도체,Listed,0.0
2019-01-08,38000,39200,37950,38100,12756554,-1.6774193548387095,227448715155000,5969782550,28126,6.35,1.35,5997,2.23,850,1116.4000244140625,2.7160000801086426,278,반도체,Listed,0.0
2019-01-09,38650,39600,38300,39600,17452708,3.937007874015748,236403388980000,5969782550,28126,6.6,1.41,5997,2.15,850,1121.050048828125,2.7279999256134033,278,반도체,Listed,0.0
2019-01-10,40000,40150,39600,39800,14731699,0.5050505050505051,237597345490000,5969782550,28126,6.64,1.42,5997,2.14,850,1118.6700439453125,2.7309999465942383,278,반도체,Listed,0.0
2019-01-11,40350,40550,39950,40500,11661063,1.7587939698492463,241776193275000,5969782550,28126,6.75,1.44,5997,2.1,850,1116.550048828125,2.7009999752044678,278,반도체,Listed,0.0
2019-01-14,40450,40700,39850,40050,11984996,-1.1111111111111112,239089791127500,5969782550,28126,6.68,1.42,5997,2.12,850,1118.5999755859375,2.7100000381469727,278,반도체,Listed,0.0
2019-01-15,40050,41100,39850,41100,11492756,2.6217228464419478,245358062805000,5969782550,28126,6.85,1.46,5997,2.07,850,1122.0,2.7109999656677246,278,반도체,Listed,0.0
2019-01-16,41150,41450,40700,41450,8491595,0.851581508515815,247447486697500,5969782550,28126,6.91,1.47,5997,2.05,850,1122.4000244140625,2.7309999465942383,278,반도체,Listed,0.0
2019-01-17,41700,42100,41450,41950,11736903,1.2062726176115801,250432377972500,5969782550,28126,7.0,1.49,5997,2.03,850,1118.77001953125,2.749000072479248,278,반도체,Listed,0.0
2019-01-18,42000,42400,41950,42300,11029256,0.834326579261025,252521801865000,5969782550,28126,7.05,1.5,5997,2.01,850,1120.550048828125,2.7839999198913574,278,반도체,Listed,0.0
2019-01-21,42700,42750,41900,42750,11355701,1.0638297872340425,255208204012500,5969782550,28126,7.13,1.52,5997,1.99,850,1125.7900390625,2.7839999198913574,278,반도체,Listed,0.0
2019-01-22,42750,42850,41850,42150,9964356,-1.4035087719298245,251626334482500,5969782550,28126,7.03,1.5,5997,2.02,850,1132.3699951171875,2.7300000190734863,278,반도체,Listed,0.0
2019-01-23,41350,42250,41350,42000,11071079,-0.3558718861209964,250730867100000,5969782550,28126,7.0,1.49,5997,2.02,850,1130.1500244140625,2.755000114440918,278,반도체,Listed,0.0
2019-01-24,43050,43100,42350,43050,14747623,2.5,256999138777500,5969782550,28126,7.18,1.53,5997,1.97,850,1125.3299560546875,2.7119998931884766,278,반도체,Listed,0.0
2019-01-25,44300,44750,43750,44750,22789395,3.948896631823461,267147769112500,5969782550,28126,7.46,1.59,5997,1.9,850,1126.75,2.753000020980835,278,반도체,Listed,0.0
2019-01-28,45000,45500,44600,45050,17998914,0.6703910614525139,268938703877500,5969782550,28126,7.51,1.6,5997,1.89,850,1118.010009765625,2.74399995803833,278,반도체,Listed,0.0
2019-01-29,45050,45500,44350,45500,16215017,0.9988901220865706,271625106025000,5969782550,28126,7.59,1.62,5997,1.87,850,1119.699951171875,2.7119998931884766,278,반도체,Listed,0.0
2019-01-30,44800,46400,44800,46400,17505980,1.9780219780219779,276997910320000,5969782550,28126,7.74,1.65,5997,1.83,850,1117.8699951171875,2.694999933242798,278,반도체,Listed,0.0
2019-01-31,46650,47050,46150,46150,21621145,-0.5387931034482759,275505464682500,5969782550,28126,7.7,1.64,5997,1.84,850,1109.0,2.634999990463257,278,반도체,Listed,0.0
2019-02-01,46650,46950,46250,46350,13832454,0.43336944745395445,276699421192500,5969782550,28126,7.73,1.65,5997,1.83,850,1111.550048828125,2.690999984741211,278,반도체,Listed,0.0
2019-02-07,46800,47100,46200,46200,15872001,-0.3236245954692557,275803953810000,5969782550,28126,7.7,1.64,5997,1.84,850,1121.6300048828125,2.6519999504089355,278,반도체,Listed,0.0
2019-02-08,45700,45700,44650,44800,12689196,-3.0303030303030303,267446258240000,5969782550,28126,7.47,1.59,5997,1.9,850,1123.75,2.631999969482422,278,반도체,Listed,0.0
2019-02-11,44500,45000,44250,45000,11125044,0.4464285714285714,268640214750000,5969782550,28126,7.5,1.6,5997,1.89,850,1122.8800048828125,2.6610000133514404,278,반도체,Listed,0.0
2019-02-12,44650,46250,44650,46050,13184367,2.3333333333333335,274908486427500,5969782550,28126,7.68,1.64,5997,1.85,850,1125.02001953125,2.684000015258789,278,반도체,Listed,0.0
2019-02-13,46400,46700,46000,46200,11299738,0.32573289902280134,275803953810000,5969782550,28126,7.7,1.64,5997,1.84,850,1120.300048828125,2.7079999446868896,278,반도체,Listed,0.0
2019-02-14,46600,47500,46150,47500,17259341,2.813852813852814,283564671125000,5969782550,28126,7.92,1.69,5997,1.79,850,1123.719970703125,2.6570000648498535,278,반도체,Listed,0.0
2019-02-15,46750,46850,45650,46050,10554643,-3.052631578947368,274908486427500,5969782550,28126,7.68,1.64,5997,1.85,850,1128.300048828125,2.6659998893737793,278,반도체,Listed,0.0
2019-02-18,46500,46850,45850,46200,8183728,0.32573289902280134,275803953810000,5969782550,28126,7.7,1.64,5997,1.84,850,1125.31005859375,2.6659998893737793,278,반도체,Listed,0.0
2019-02-19,45850,46150,45450,45950,6741395,-0.5411255411255411,274311508172500,5969782550,28126,7.66,1.63,5997,1.85,850,1124.280029296875,2.6470000743865967,278,반도체,Listed,0.0
2019-02-20,46750,47100,46500,46900,11506720,2.067464635473341,279982801595000,5969782550,28126,7.82,1.67,5997,1.81,850,1121.4200439453125,2.6540000438690186,278,반도체,Listed,0.0
2019-02-21,46500,47200,46200,46950,8694009,0.10660980810234541,280281290722500,5969782550,28126,7.83,1.67,5997,1.81,850,1121.719970703125,2.687999963760376,278,반도체,Listed,0.0
2019-02-22,46500,47150,46450,47150,6895772,0.42598509052183176,281475247232500,5969782550,28126,7.86,1.68,5997,1.8,850,1124.1500244140625,2.6549999713897705,278,반도체,Listed,0.0
2019-02-25,47400,47550,47050,47350,7484716,0.4241781548250266,282669203742500,5969782550,28126,7.9,1.68,5997,1.8,850,1122.31005859375,2.6730000972747803,278,반도체,Listed,0.0
2019-02-26,47350,47450,46500,46750,7985547,-1.2671594508975714,279087334212500,5969782550,28126,7.8,1.66,5997,1.82,850,1117.199951171875,2.635999917984009,278,반도체,Listed,0.0
2019-02-27,47000,47250,46750,46750,8045211,0.0,279087334212500,5969782550,28126,7.8,1.66,5997,1.82,850,1114.300048828125,2.693000078201294,278,반도체,Listed,0.0
2019-02-28,46400,46500,45100,45100,23569321,-3.5294117647058822,269237193005000,5969782550,28126,7.52,1.6,5997,1.88,850,1115.0999755859375,2.7109999656677246,278,반도체,Listed,0.0
2019-03-04,46000,46100,44800,44850,12926539,-0.5543237250554324,267744747367500,5969782550,28126,7.48,1.59,5997,1.9,850,1126.81005859375,2.7219998836517334,278,반도체,Listed,0.0
2019-03-05,44600,45100,44150,44250,10612405,-1.3377926421404682,264162877837500,5969782550,28126,7.38,1.57,5997,1.92,850,1128.1500244140625,2.7219998836517334,278,반도체,Listed,0.0
2019-03-06,44000,44300,43700,44000,10202544,-0.5649717514124294,262670432200000,5969782550,28126,7.34,1.56,5997,1.93,850,1126.199951171875,2.691999912261963,278,반도체,Listed,0.0
2019-03-07,43400,44950,43400,44450,11049749,1.0227272727272727,265356834347500,5969782550,28126,7.41,1.58,5997,1.91,850,1127.0,2.635999917984009,278,반도체,Listed,0.0
2019-03-08,44450,44800,43800,43800,7729069,-1.4623172103487065,261476475690000,5969782550,28126,7.3,1.56,5997,1.94,850,1133.0699462890625,2.625,278,반도체,Listed,0.0
2019-03-11,44400,44450,43650,43650,10717408,-0.3424657534246575,260581008307500,5969782550,28126,7.28,1.55,5997,1.95,850,1134.06005859375,2.6429998874664307,278,반도체,Listed,0.0
2019-03-12,44300,44950,44150,44650,11431977,2.290950744558992,266550790857500,5969782550,28126,7.45,1.59,5997,1.9,850,1130.77001953125,2.6050000190734863,278,반도체,Listed,0.0
2019-03-13,44250,44450,43700,43850,8108343,-1.7917133258678613,261774964817500,5969782550,28126,7.31,1.56,5997,1.94,850,1127.27001953125,2.6110000610351562,278,반도체,Listed,0.0
2019-03-14,43700,44300,43550,43850,18039161,0.0,261774964817500,5969782550,28126,7.31,1.56,5997,1.94,850,1129.5899658203125,2.630000114440918,278,반도체,Listed,0.0
2019-03-15,43800,44250,43700,44200,16814163,0.798175598631699,263864388710000,5969782550,28126,7.37,1.57,5997,1.92,850,1135.4200439453125,2.5929999351501465,278,반도체,Listed,0.0
2019-03-18,43950,44150,43450,43700,8188876,-1.1312217194570136,260879497435000,5969782550,28126,7.29,1.55,5997,1.95,850,1132.72998046875,2.6019999980926514,278,반도체,Listed,0.0
2019-03-19,43750,43900,43550,43900,7609563,0.4576659038901602,262073453945000,5969782550,28126,7.32,1.56,5997,1.94,850,1131.199951171875,2.614000082015991,278,반도체,Listed,0.0
2019-03-20,43800,44200,43100,44050,9846242,0.3416856492027335,262968921327500,5969782550,28126,7.35,1.57,5997,1.93,850,1129.719970703125,2.5350000858306885,278,반도체,Listed,0.0
2019-03-21,44600,46250,44050,45850,21138016,4.0862656072644725,273714529917500,5969782550,28126,7.65,1.63,5997,1.85,850,1125.0,2.5369999408721924,278,반도체,Listed,0.0
2019-03-22,46850,47000,46250,46550,12535911,1.5267175572519083,277893377702500,5969782550,28126,7.76,1.66,5997,1.83,850,1127.77001953125,2.4549999237060547,278,반도체,Listed,0.0
2019-03-25,45300,45650,44800,45500,8699728,-2.2556390977443606,271625106025000,5969782550,28126,7.59,1.62,5997,1.87,850,1135.1400146484375,2.4200000762939453,278,반도체,Listed,0.0
2019-03-26,45500,45700,44900,45250,9729811,-0.5494505494505495,270132660387500,5969782550,28126,7.55,1.61,5997,1.88,850,1133.8499755859375,2.4140000343322754,278,반도체,Listed,0.0
2019-03-27,44750,45600,44250,45350,9568081,0.22099447513812157,270729638642500,5969782550,28126,7.56,1.61,5997,1.87,850,1133.9300537109375,2.374000072479248,278,반도체,Listed,0.0
2019-03-28,44950,45200,44300,44850,6821306,-1.1025358324145533,267744747367500,5969782550,28126,7.48,1.59,5997,1.9,850,1138.5,2.3889999389648438,278,반도체,Listed,0.0
2019-03-29,44500,44900,44200,44650,11491713,-0.4459308807134894,266550790857500,5969782550,28126,7.45,1.59,5997,1.9,850,1134.3199462890625,2.4140000343322754,278,반도체,Listed,0.0
2019-04-01,45200,45450,44850,45050,7362129,0.8958566629339306,268938703877500,5969782550,28126,7.51,1.6,5997,1.89,850,1132.6700439453125,2.496999979019165,278,반도체,Listed,0.0
2019-04-02,45550,46100,45350,45750,9480688,1.553829078801332,273117551662500,5969782550,28126,7.63,1.63,5997,1.86,850,1136.3900146484375,2.4809999465942383,278,반도체,Listed,0.0
2019-04-03,46750,46750,45800,46600,12436570,1.8579234972677594,278191866830000,5969782550,28126,7.77,1.66,5997,1.82,850,1133.530029296875,2.5169999599456787,278,반도체,Listed,0.0
2019-04-04,46150,47100,46150,46950,12650168,0.7510729613733905,280281290722500,5969782550,28126,7.83,1.67,5997,1.81,850,1134.300048828125,2.51200008392334,278,반도체,Listed,0.0
2019-04-05,46950,47550,46600,46850,8546339,-0.21299254526091588,279684312467500,5969782550,28126,7.81,1.67,5997,1.81,850,1134.300048828125,2.500999927520752,278,반도체,Listed,0.0
2019-04-08,47250,47250,46150,46650,8507909,-0.42689434364994666,278490355957500,5969782550,28126,7.78,1.66,5997,1.82,850,1141.1099853515625,2.5190000534057617,278,반도체,Listed,0.0
2019-04-09,46700,46950,46200,46650,6878761,0.0,278490355957500,5969782550,28126,7.78,1.66,5997,1.82,850,1140.0999755859375,2.499000072479248,278,반도체,Listed,0.0
2019-04-10,46400,46700,46050,46700,11883995,0.10718113612004287,278788845085000,5969782550,28126,7.79,1.66,5997,1.82,850,1135.9000244140625,2.4769999980926514,278,반도체,Listed,0.0
2019-04-11,46700,46800,46150,46250,13697399,-0.9635974304068522,276102442937500,5969782550,28126,7.71,1.64,5997,1.84,850,1140.989990234375,2.503999948501587,278,반도체,Listed,0.0
2019-04-12,46050,46900,46000,46850,7668936,1.2972972972972971,279684312467500,5969782550,28126,7.81,1.67,5997,1.81,850,1140.989990234375,2.559999942779541,278,반도체,Listed,0.0
2019-04-15,47150,47500,47000,47050,8733019,0.42689434364994666,280878268977500,5969782550,28126,7.85,1.67,5997,1.81,850,1133.199951171875,2.552999973297119,278,반도체,Listed,0.0
2019-04-16,47400,47400,46800,47250,7730881,0.4250797024442083,282072225487500,5969782550,28126,7.88,1.68,5997,1.8,850,1135.699951171875,2.5920000076293945,278,반도체,Listed,0.0
2019-04-17,47300,47600,47000,47050,5513658,-0.4232804232804233,280878268977500,5969782550,28126,7.85,1.67,5997,1.81,850,1130.199951171875,2.5920000076293945,278,반도체,Listed,0.0
2019-04-18,47200,47250,45500,45600,12808747,-3.0818278427205104,272222084280000,5969782550,28126,7.6,1.62,5997,1.86,850,1136.1099853515625,2.559999942779541,278,반도체,Listed,0.0
2019-04-19,45750,46000,45250,45300,8479710,-0.6578947368421052,270431149515000,5969782550,28126,7.55,1.61,5997,1.88,850,1136.1099853515625,2.559999942779541,278,반도체,Listed,0.0
2019-04-22,45400,45900,45100,45350,6006957,0.11037527593818984,270729638642500,5969782550,28126,7.56,1.61,5997,1.87,850,1140.0400390625,2.5899999141693115,278,반도체,Listed,0.0
2019-04-23,45050,45500,45000,45200,6920566,-0.33076074972436603,269834171260000,5969782550,28126,7.54,1.61,5997,1.88,850,1142.0,2.569999933242798,278,반도체,Listed,0.0
2019-04-24,45400,45650,44150,44750,13299267,-0.995575221238938,267147769112500,5969782550,28126,7.46,1.59,5997,1.9,850,1155.260009765625,2.5220000743865967,278,반도체,Listed,0.0
2019-04-25,44250,45000,44100,44650,10868965,-0.22346368715083798,266550790857500,5969782550,28126,7.45,1.59,5997,1.9,850,1159.0,2.5339999198913574,278,반도체,Listed,0.0
2019-04-26,44200,45000,43800,44850,9739982,0.4479283314669653,267744747367500,5969782550,28126,7.48,1.59,5997,1.9,850,1159.0,2.505000114440918,278,반도체,Listed,0.0
2019-04-29,45150,46150,45100,46150,8777517,2.898550724637681,275505464682500,5969782550,28126,7.7,1.64,5997,1.84,850,1158.7900390625,2.5360000133514404,278,반도체,Listed,0.0
2019-04-30,46000,46300,45350,45850,11121273,-0.6500541711809318,273714529917500,5969782550,28126,7.65,1.63,5997,1.85,850,1163.260009765625,2.509000062942505,278,반도체,Listed,0.0
2019-05-02,45500,46150,45400,45900,8625126,0.10905125408942204,274013019045000,5969782550,35342,7.1,1.3,6461,3.08,1416,1166.1099853515625,2.552000045776367,278,반도체,Listed,0.0
2019-05-03,45900,46050,45300,45300,6562916,-1.3071895424836601,270431149515000,5969782550,35342,7.01,1.28,6461,3.13,1416,1166.1099853515625,2.5309998989105225,278,반도체,Listed,0.0
2019-05-07,45250,45300,44400,44850,12014907,-0.9933774834437087,267744747367500,5969782550,35342,6.94,1.27,6461,3.16,1416,1171.300048828125,2.447999954223633,278,반도체,Listed,0.0
2019-05-08,44300,44850,44200,44250,10398754,-1.3377926421404682,264162877837500,5969782550,35342,6.85,1.25,6461,3.2,1416,1172.18994140625,2.4820001125335693,278,반도체,Listed,0.0
2019-05-09,43900,44250,42450,42450,23029718,-4.067796610169491,253417269247500,5969782550,35342,6.57,1.2,6461,3.34,1416,1179.18994140625,2.4570000171661377,278,반도체,Listed,0.0
2019-05-10,42600,43450,42450,42900,14579512,1.0600706713780919,256103671395000,5969782550,35342,6.64,1.21,6461,3.3,1416,1179.18994140625,2.4549999237060547,278,반도체,Listed,0.0
2019-05-13,42500,43200,42350,42650,7635079,-0.5827505827505828,254611225757500,5969782550,35342,6.6,1.21,6461,3.32,1416,1187.1800537109375,2.4049999713897705,278,반도체,Listed,0.0
2019-05-14,41300,43100,41300,42650,11563730,0.0,254611225757500,5969782550,35342,6.6,1.21,6461,3.32,1416,1186.9300537109375,2.4189999103546143,278,반도체,Listed,0.0
2019-05-15,42700,43050,42550,42550,7670185,-0.23446658851113714,254014247502500,5969782550,35342,6.59,1.2,6461,3.33,1416,1186.0400390625,2.378999948501587,278,반도체,Listed,0.0
2019-05-16,42350,42400,41350,41550,13687828,-2.3501762632197414,248044464952500,5969782550,35342,6.43,1.18,6461,3.41,1416,1190.489990234375,2.4049999713897705,278,반도체,Listed,0.0
2019-05-17,41950,42050,40850,41200,13357951,-0.842358604091456,245955041060000,5969782550,35342,6.38,1.17,6461,3.44,1416,1190.489990234375,2.3929998874664307,278,반도체,Listed,0.0
2019-05-20,41650,42100,41550,42000,15752397,1.9417475728155338,250730867100000,5969782550,35342,6.5,1.19,6461,3.37,1416,1193.3299560546875,2.4159998893737793,278,반도체,Listed,0.0
2019-05-21,42600,43950,42350,43150,18812133,2.738095238095238,257596117032500,5969782550,35342,6.68,1.22,6461,3.28,1416,1193.3299560546875,2.4260001182556152,278,반도체,Listed,0.0
2019-05-22,43700,43800,42400,43500,11033339,0.8111239860950173,259685540925000,5969782550,35342,6.73,1.23,6461,3.26,1416,1188.800048828125,2.3929998874664307,278,반도체,Listed,0.0
2019-05-23,43900,44000,43250,43850,12259006,0.8045977011494253,261774964817500,5969782550,35342,6.79,1.24,6461,3.23,1416,1188.800048828125,2.2960000038146973,278,반도체,Listed,0.0
2019-05-24,43800,43800,42400,42700,13966305,-2.6225769669327255,254909714885000,5969782550,35342,6.61,1.21,6461,3.32,1416,1188.800048828125,2.3239998817443848,278,반도체,Listed,0.0
2019-05-27,42500,43000,42350,42650,8066669,-0.117096018735363,254611225757500,5969782550,35342,6.6,1.21,6461,3.32,1416,1182.31005859375,2.3239998817443848,278,반도체,Listed,0.0
2019-05-28,42550,42950,42150,42550,24506881,-0.23446658851113714,254014247502500,5969782550,35342,6.59,1.2,6461,3.33,1416,1187.5799560546875,2.2679998874664307,278,반도체,Listed,0.0
2019-05-29,41850,42100,41300,41800,14930618,-1.762632197414806,249536910590000,5969782550,35342,6.47,1.18,6461,3.39,1416,1192.2099609375,2.2360000610351562,278,반도체,Listed,0.0
2019-05-30,42200,42700,42150,42550,11766018,1.7942583732057416,254014247502500,5969782550,35342,6.59,1.2,6461,3.33,1416,1188.3800048828125,2.2269999980926514,278,반도체,Listed,0.0
2019-05-31,42600,42800,42150,42500,11365999,-0.11750881316098707,253715758375000,5969782550,35342,6.58,1.2,6461,3.33,1416,1188.3800048828125,2.1419999599456787,278,반도체,Listed,0.0
2019-06-03,42950,43900,42500,43800,15466580,3.058823529411765,261476475690000,5969782550,35342,6.78,1.24,6461,3.23,1416,1178.3499755859375,2.0810000896453857,278,반도체,Listed,0.0
2019-06-04,43400,43700,43000,43450,9913497,-0.7990867579908676,259387051797500,5969782550,35342,6.72,1.23,6461,3.26,1416,1176.050048828125,2.11899995803833,278,반도체,Listed,0.0
2019-06-05,44050,44200,43700,43900,12464135,1.0356731875719216,262073453945000,5969782550,35342,6.79,1.24,6461,3.23,1416,1178.739990234375,2.122999906539917,278,반도체,Listed,0.0
2019-06-07,43600,44350,43450,44200,11683682,0.683371298405467,263864388710000,5969782550,35342,6.84,1.25,6461,3.2,1416,1177.0,2.0840001106262207,278,반도체,Listed,0.0
2019-06-10,44300,44850,44050,44800,8792182,1.3574660633484164,267446258240000,5969782550,35342,6.93,1.27,6461,3.16,1416,1182.0999755859375,2.1429998874664307,278,반도체,Listed,0.0
2019-06-11,44800,45000,44550,44850,6664872,0.11160714285714285,267744747367500,5969782550,35342,6.94,1.27,6461,3.16,1416,1177.97998046875,2.140000104904175,278,반도체,Listed,0.0
2019-06-12,44800,45050,44300,44600,8607439,-0.5574136008918618,266252301730000,5969782550,35342,6.9,1.26,6461,3.17,1416,1183.4300537109375,2.127000093460083,278,반도체,Listed,0.0
2019-06-13,44200,44400,43400,43750,16906541,-1.905829596412556,261177986562500,5969782550,35342,6.77,1.24,6461,3.24,1416,1181.0799560546875,2.0910000801086426,278,반도체,Listed,0.0
2019-06-14,43750,44150,43300,44000,9322873,0.5714285714285714,262670432200000,5969782550,35342,6.81,1.24,6461,3.22,1416,1181.0799560546875,2.0929999351501465,278,반도체,Listed,0.0
2019-06-17,43750,44050,43400,43900,11890424,-0.22727272727272727,262073453945000,5969782550,35342,6.79,1.24,6461,3.23,1416,1185.3499755859375,2.0859999656677246,278,반도체,Listed,0.0
2019-06-18,43750,44500,43650,44350,7994928,1.0250569476082005,264759856092500,5969782550,35342,6.86,1.25,6461,3.19,1416,1173.5799560546875,2.059999942779541,278,반도체,Listed,0.0
2019-06-19,45450,45450,45000,45350,10417690,2.254791431792559,270729638642500,5969782550,35342,7.02,1.28,6461,3.12,1416,1170.300048828125,2.0290000438690186,278,반도체,Listed,0.0
2019-06-20,44850,45500,44850,45500,7147785,0.33076074972436603,271625106025000,5969782550,35342,7.04,1.29,6461,3.11,1416,1157.2099609375,2.000999927520752,278,반도체,Listed,0.0
2019-06-21,45750,45800,45200,45700,9454913,0.43956043956043955,272819062535000,5969782550,35342,7.07,1.29,6461,3.1,1416,1157.2099609375,2.068000078201294,278,반도체,Listed,0.0
2019-06-24,45200,45800,45200,45500,6085066,-0.437636761487965,271625106025000,5969782550,35342,7.04,1.29,6461,3.11,1416,1152.469970703125,2.0209999084472656,278,반도체,Listed,0.0
2019-06-25,45200,45800,45200,45600,7076774,0.21978021978021978,272222084280000,5969782550,35342,7.06,1.29,6461,3.11,1416,1155.7099609375,1.99399995803833,278,반도체,Listed,0.0
2019-06-26,45800,46000,45600,45700,9226097,0.21929824561403508,272819062535000,5969782550,35342,7.07,1.29,6461,3.1,1416,1152.5,2.0490000247955322,278,반도체,Listed,0.0
2019-06-27,46000,46600,45750,46500,12603534,1.75054704595186,277594888575000,5969782550,35342,7.2,1.32,6461,3.05,1416,1155.510009765625,2.005000114440918,278,반도체,Listed,0.0
2019-06-28,47000,47000,46700,47000,12949231,1.0752688172043012,280579779850000,5969782550,35342,7.27,1.33,6461,3.01,1416,1155.510009765625,2.0,278,반도체,Listed,0.0
2019-07-01,47350,47400,46250,46600,11383522,-0.851063829787234,278191866830000,5969782550,35342,7.21,1.32,6461,3.04,1416,1159.75,2.0339999198913574,278,반도체,Listed,0.0
2019-07-02,46200,46900,45850,46250,8463073,-0.7510729613733905,276102442937500,5969782550,35342,7.16,1.31,6461,3.06,1416,1165.5799560546875,1.9759999513626099,278,반도체,Listed,0.0
2019-07-03,45750,46350,45200,45400,9669368,-1.8378378378378377,271028127770000,5969782550,35342,7.03,1.28,6461,3.12,1416,1168.8699951171875,1.9529999494552612,278,반도체,Listed,0.0
2019-07-04,45250,46200,45250,46000,6365573,1.3215859030837005,274609997300000,5969782550,35342,7.12,1.3,6461,3.08,1416,1167.1300048828125,1.9529999494552612,278,반도체,Listed,0.0
2019-07-05,45950,45950,45250,45650,7235395,-0.7608695652173914,272520573407500,5969782550,35342,7.07,1.29,6461,3.1,1416,1167.1300048828125,2.0480000972747803,278,반도체,Listed,0.0
2019-07-08,44750,44800,44350,44400,7823843,-2.7382256297918945,265058345220000,5969782550,35342,6.87,1.26,6461,3.19,1416,1179.8499755859375,2.0339999198913574,278,반도체,Listed,0.0
2019-07-09,44850,45450,44700,45100,7646421,1.5765765765765765,269237193005000,5969782550,35342,6.98,1.28,6461,3.14,1416,1181.47998046875,2.053999900817871,278,반도체,Listed,0.0
2019-07-10,45550,46150,45500,45550,9253930,0.9977827050997782,271923595152500,5969782550,35342,7.05,1.29,6461,3.11,1416,1175.530029296875,2.061000108718872,278,반도체,Listed,0.0
2019-07-11,46350,46550,46150,46200,10989751,1.4270032930845227,275803953810000,5969782550,35342,7.15,1.31,6461,3.06,1416,1174.0799560546875,2.119999885559082,278,반도체,Listed,0.0
2019-07-12,46350,46400,45800,46300,5245804,0.21645021645021645,276400932065000,5969782550,35342,7.17,1.31,6461,3.06,1416,1174.0799560546875,2.1059999465942383,278,반도체,Listed,0.0
2019-07-15,45950,46650,45750,46450,4717226,0.32397408207343414,277296399447500,5969782550,35342,7.19,1.31,6461,3.05,1416,1178.4300537109375,2.0920000076293945,278,반도체,Listed,0.0
2019-07-16,46450,46850,46300,46850,7407824,0.8611410118406888,279684312467500,5969782550,35342,7.25,1.33,6461,3.02,1416,1177.8800048828125,2.121999979019165,278,반도체,Listed,0.0
2019-07-17,46150,46350,45950,46050,5216602,-1.7075773745997866,274908486427500,5969782550,35342,7.13,1.3,6461,3.07,1416,1178.68994140625,2.061000108718872,278,반도체,Listed,0.0
2019-07-18,46450,46450,45650,46100,5143554,0.10857763300760044,275206975555000,5969782550,35342,7.14,1.3,6461,3.07,1416,1170.77001953125,2.0380001068115234,278,반도체,Listed,0.0
2019-07-19,46650,46950,46600,46800,8819393,1.5184381778741864,279385823340000,5969782550,35342,7.24,1.32,6461,3.03,1416,1170.77001953125,2.0480000972747803,278,반도체,Listed,0.0
2019-07-22,46800,47300,46600,47200,9009109,0.8547008547008548,281773736360000,5969782550,35342,7.31,1.34,6461,3.0,1416,1174.760009765625,2.0429999828338623,278,반도체,Listed,0.0
2019-07-23,47350,47550,47050,47300,9061381,0.211864406779661,282370714615000,5969782550,35342,7.32,1.34,6461,2.99,1416,1176.800048828125,2.0739998817443848,278,반도체,Listed,0.0
2019-07-24,47100,47150,46250,46400,8756522,-1.9027484143763214,276997910320000,5969782550,35342,7.18,1.31,6461,3.05,1416,1176.550048828125,2.049999952316284,278,반도체,Listed,0.0
2019-07-25,47150,47200,46600,47200,8408838,1.7241379310344827,281773736360000,5969782550,35342,7.31,1.34,6461,3.0,1416,1182.3900146484375,2.0739998817443848,278,반도체,Listed,0.0
2019-07-26,46650,47150,46550,47150,7873886,-0.1059322033898305,281475247232500,5969782550,35342,7.3,1.33,6461,3.0,1416,1182.3900146484375,2.0810000896453857,278,반도체,Listed,0.0
2019-07-29,46800,47050,46000,46100,6856846,-2.2269353128313893,275206975555000,5969782550,35342,7.14,1.3,6461,3.07,1416,1181.8499755859375,2.055000066757202,278,반도체,Listed,0.0
2019-07-30,46300,46850,46300,46550,5551014,0.9761388286334056,277893377702500,5969782550,35342,7.2,1.32,6461,3.04,1416,1180.6500244140625,2.061000108718872,278,반도체,Listed,0.0
2019-07-31,46200,46600,45000,45350,12872916,-2.577873254564984,270729638642500,5969782550,35342,7.02,1.28,6461,3.12,1416,1186.31005859375,2.0209999084472656,278,반도체,Listed,0.0
2019-08-01,44900,45500,44850,45200,7811181,-0.33076074972436603,269834171260000,5969782550,35342,7.0,1.28,6461,3.13,1416,1194.75,1.8940000534057617,278,반도체,Listed,0.0
2019-08-02,44550,45500,44300,44950,12151374,-0.5530973451327433,268341725622500,5969782550,35342,6.96,1.27,6461,3.15,1416,1194.75,1.8550000190734863,278,반도체,Listed,0.0
2019-08-05,44350,44600,43600,43950,14214086,-2.2246941045606228,262371943072500,5969782550,35342,6.8,1.24,6461,3.22,1416,1216.6500244140625,1.7350000143051147,278,반도체,Listed,0.0
2019-08-06,42500,43800,42500,43500,15083824,-1.023890784982935,259685540925000,5969782550,35342,6.73,1.23,6461,3.26,1416,1212.530029296875,1.7389999628067017,278,반도체,Listed,0.0
2019-08-07,43600,43900,43100,43200,10002533,-0.6896551724137931,257894606160000,5969782550,35342,6.69,1.22,6461,3.28,1416,1212.22998046875,1.684000015258789,278,반도체,Listed,0.0
2019-08-08,43250,43500,42650,42650,16926881,-1.2731481481481481,254611225757500,5969782550,35342,6.6,1.21,6461,3.32,1416,1207.030029296875,1.715999960899353,278,반도체,Listed,0.0
2019-08-09,43250,43350,43050,43150,9685147,1.1723329425556859,257596117032500,5969782550,35342,6.68,1.22,6461,3.28,1416,1207.030029296875,1.7339999675750732,278,반도체,Listed,0.0
2019-08-12,44000,44000,43550,43700,8466169,1.2746234067207416,260879497435000,5969782550,35342,6.76,1.24,6461,3.24,1416,1217.6300048828125,1.6390000581741333,278,반도체,Listed,0.0
2019-08-13,43500,43500,42950,43000,7276979,-1.6018306636155606,256700649650000,5969782550,35342,6.66,1.22,6461,3.29,1416,1204.72998046875,1.6799999475479126,278,반도체,Listed,0.0
2019-08-14,43900,44250,43500,43700,8750135,1.627906976744186,260879497435000,5969782550,35342,6.76,1.24,6461,3.24,1416,1215.6400146484375,1.5809999704360962,278,반도체,Listed,0.0
2019-08-16,43800,43900,43300,43900,9528115,0.4576659038901602,262073453945000,5969782550,35342,6.79,1.24,6461,3.23,1416,1211.5,1.5390000343322754,278,반도체,Listed,0.0
2019-08-19,44350,44350,43500,43600,6014218,-0.683371298405467,260282519180000,5969782550,35342,6.75,1.23,6461,3.25,1416,1210.530029296875,1.5980000495910645,278,반도체,Listed,0.0
2019-08-20,43950,44600,43550,44450,8434205,1.94954128440367,265356834347500,5969782550,35342,6.88,1.26,6461,3.19,1416,1205.280029296875,1.5609999895095825,278,반도체,Listed,0.0
2019-08-21,44350,44800,44150,44500,6571717,0.11248593925759282,265655323475000,5969782550,35342,6.89,1.26,6461,3.18,1416,1201.3199462890625,1.5770000219345093,278,반도체,Listed,0.0
2019-08-22,44500,44700,43850,44050,8061177,-1.0112359550561798,262968921327500,5969782550,35342,6.82,1.25,6461,3.21,1416,1208.56005859375,1.6100000143051147,278,반도체,Listed,0.0
2019-08-23,43800,44200,43650,43950,5017381,-0.22701475595913734,262371943072500,5969782550,35342,6.8,1.24,6461,3.22,1416,1208.56005859375,1.527999997138977,278,반도체,Listed,0.0
2019-08-26,43050,43800,42950,43600,7954949,-0.7963594994311717,260282519180000,5969782550,35342,6.75,1.23,6461,3.25,1416,1210.72998046875,1.5449999570846558,278,반도체,Listed,0.0
2019-08-27,43650,44200,43600,44050,16883932,1.0321100917431194,262968921327500,5969782550,35342,6.82,1.25,6461,3.21,1416,1210.760009765625,1.4900000095367432,278,반도체,Listed,0.0
2019-08-28,44100,44400,43750,44150,5758333,0.22701475595913734,263565899582500,5969782550,35342,6.83,1.25,6461,3.21,1416,1211.3699951171875,1.465999960899353,278,반도체,Listed,0.0
2019-08-29,44200,44200,43050,43400,10768862,-1.698754246885617,259088562670000,5969782550,35342,6.72,1.23,6461,3.26,1416,1207.1600341796875,1.5160000324249268,278,반도체,Listed,0.0
2019-08-30,43750,44300,43750,44000,9899073,1.3824884792626728,262670432200000,5969782550,35342,6.81,1.24,6461,3.22,1416,1207.1600341796875,1.50600004196167,278,반도체,Listed,0.0
2019-09-02,44850,44850,43650,43800,7185537,-0.45454545454545453,261476475690000,5969782550,35342,6.78,1.24,6461,3.23,1416,1212.77001953125,1.50600004196167,278,반도체,Listed,0.0
2019-09-03,43550,43650,43100,43250,9774941,-1.2557077625570776,258193095287500,5969782550,35342,6.69,1.22,6461,3.27,1416,1210.47998046875,1.465999960899353,278,반도체,Listed,0.0
2019-09-04,43250,44100,43150,44100,12441837,1.9653179190751446,263267410455000,5969782550,35342,6.83,1.25,6461,3.21,1416,1202.68994140625,1.4589999914169312,278,반도체,Listed,0.0
2019-09-05,44800,46100,44450,45700,18297430,3.6281179138321997,272819062535000,5969782550,35342,7.07,1.29,6461,3.1,1416,1196.0,1.565000057220459,278,반도체,Listed,0.0
2019-09-06,46500,46500,45850,46300,9896562,1.312910284463895,276400932065000,5969782550,35342,7.17,1.31,6461,3.06,1416,1196.0,1.5499999523162842,278,반도체,Listed,0.0
2019-09-09,46450,47000,46300,46900,9434157,1.2958963282937366,279982801595000,5969782550,35342,7.26,1.33,6461,3.02,1416,1190.8599853515625,1.621999979019165,278,반도체,Listed,0.0
2019-09-10,47100,47200,46550,47000,9231792,0.21321961620469082,280579779850000,5969782550,35342,7.27,1.33,6461,3.01,1416,1189.5,1.7020000219345093,278,반도체,Listed,0.0
2019-09-11,47300,47400,46800,47150,16141619,0.3191489361702127,281475247232500,5969782550,35342,7.3,1.33,6461,3.0,1416,1189.800048828125,1.7330000400543213,278,반도체,Listed,0.0
2019-09-16,47000,47100,46400,47100,15550926,-0.10604453870625664,281176758105000,5969782550,35342,7.29,1.33,6461,3.01,1416,1183.2900390625,1.840999960899353,278,반도체,Listed,0.0
2019-09-17,47000,47100,46800,46900,7006280,-0.42462845010615713,279982801595000,5969782550,35342,7.26,1.33,6461,3.02,1416,1185.6500244140625,1.812000036239624,278,반도체,Listed,0.0
2019-09-18,46900,47700,46800,47700,10413027,1.7057569296375266,284758627635000,5969782550,35342,7.38,1.35,6461,2.97,1416,1189.550048828125,1.7860000133514404,278,반도체,Listed,0.0
2019-09-19,48050,49200,47850,49150,16461413,3.039832285115304,293414812332500,5969782550,35342,7.61,1.39,6461,2.88,1416,1193.8599853515625,1.7740000486373901,278,반도체,Listed,0.0
2019-09-20,49400,49600,49100,49200,15460210,0.10172939979654119,293713301460000,5969782550,35342,7.61,1.39,6461,2.88,1416,1193.8599853515625,1.7549999952316284,278,반도체,Listed,0.0
2019-09-23,49250,49300,49000,49300,7568553,0.20325203252032523,294310279715000,5969782550,35342,7.63,1.39,6461,2.87,1416,1193.010009765625,1.7079999446868896,278,반도체,Listed,0.0
2019-09-24,49050,49650,48850,49500,7871955,0.4056795131845842,295504236225000,5969782550,35342,7.66,1.4,6461,2.86,1416,1193.93994140625,1.6349999904632568,278,반도체,Listed,0.0
2019-09-25,49200,49350,48800,48900,9187141,-1.2121212121212122,291922366695000,5969782550,35342,7.57,1.38,6461,2.9,1416,1197.8900146484375,1.7319999933242798,278,반도체,Listed,0.0
2019-09-26,49000,49250,48900,49200,8494756,0.6134969325153374,293713301460000,5969782550,35342,7.61,1.39,6461,2.88,1416,1198.6300048828125,1.684999942779541,278,반도체,Listed,0.0
2019-09-27,48000,48700,48000,48400,8048041,-1.6260162601626018,288937475420000,5969782550,35342,7.49,1.37,6461,2.93,1416,1198.6300048828125,1.6749999523162842,278,반도체,Listed,0.0
2019-09-30,48050,49250,47900,49050,9497119,1.3429752066115703,292817834077500,5969782550,35342,7.59,1.39,6461,2.89,1416,1198.0,1.6749999523162842,278,반도체,Listed,0.0
2019-10-01,48900,49100,48650,48850,6206035,-0.40774719673802245,291623877567500,5969782550,35342,7.56,1.38,6461,2.9,1416,1201.68994140625,1.6440000534057617,278,반도체,Listed,0.0
2019-10-02,48350,48400,47600,47600,8382463,-2.5588536335721597,284161649380000,5969782550,35342,7.37,1.35,6461,2.97,1416,1203.5699462890625,1.5959999561309814,278,반도체,Listed,0.0
2019-10-04,47400,48650,47350,48000,9331695,0.8403361344537815,286549562400000,5969782550,35342,7.43,1.36,6461,2.95,1416,1200.0799560546875,1.5149999856948853,278,반도체,Listed,0.0
2019-10-07,48350,48700,47650,47750,7047273,-0.5208333333333333,285057116762500,5969782550,35342,7.39,1.35,6461,2.97,1416,1195.760009765625,1.5529999732971191,278,반도체,Listed,0.0
2019-10-08,47900,49000,47600,48900,14239367,2.408376963350785,291922366695000,5969782550,35342,7.57,1.38,6461,2.9,1416,1198.3699951171875,1.5369999408721924,278,반도체,Listed,0.0
2019-10-10,48200,49200,48000,48550,18639855,-0.7157464212678937,289832942802500,5969782550,35342,7.51,1.37,6461,2.92,1416,1188.81005859375,1.6579999923706055,278,반도체,Listed,0.0
2019-10-11,49000,49450,48800,49150,7783275,1.235839340885685,293414812332500,5969782550,35342,7.61,1.39,6461,2.88,1416,1188.81005859375,1.7519999742507935,278,반도체,Listed,0.0
2019-10-14,50000,50300,49850,50000,11130635,1.7293997965412005,298489127500000,5969782550,35342,7.74,1.41,6461,2.83,1416,1182.300048828125,1.7330000400543213,278,반도체,Listed,0.0
2019-10-15,49900,50200,49900,50100,6058105,0.2,299086105755000,5969782550,35342,7.75,1.42,6461,2.83,1416,1183.9300537109375,1.7710000276565552,278,반도체,Listed,0.0
2019-10-16,50700,50900,50400,50700,9136282,1.1976047904191618,302667975285000,5969782550,35342,7.85,1.43,6461,2.79,1416,1184.8299560546875,1.7480000257492065,278,반도체,Listed,0.0
2019-10-17,50500,50600,50100,50500,6701380,-0.39447731755424065,301474018775000,5969782550,35342,7.82,1.43,6461,2.8,1416,1177.27001953125,1.7569999694824219,278,반도체,Listed,0.0
2019-10-18,50300,50900,49650,49900,8483106,-1.188118811881188,297892149245000,5969782550,35342,7.72,1.41,6461,2.84,1416,1177.27001953125,1.746999979019165,278,반도체,Listed,0.0
2019-10-21,49900,50400,49800,50300,4406531,0.8016032064128256,300280062265000,5969782550,35342,7.79,1.42,6461,2.82,1416,1171.4000244140625,1.7920000553131104,278,반도체,Listed,0.0
2019-10-22,50800,51500,50700,51200,10898729,1.7892644135188867,305652866560000,5969782550,35342,7.92,1.45,6461,2.77,1416,1171.260009765625,1.7680000066757202,278,반도체,Listed,0.0
2019-10-23,51300,51500,50800,51200,8663880,0.0,305652866560000,5969782550,35342,7.92,1.45,6461,2.77,1416,1169.699951171875,1.7589999437332153,278,반도체,Listed,0.0
2019-10-24,52500,52500,50500,50700,21185785,-0.9765625,302667975285000,5969782550,35342,7.85,1.43,6461,2.79,1416,1174.25,1.7660000324249268,278,반도체,Listed,0.0
2019-10-25,50800,51200,50500,50900,7879897,0.39447731755424065,303861931795000,5969782550,35342,7.88,1.44,6461,2.78,1416,1174.25,1.8009999990463257,278,반도체,Listed,0.0
2019-10-28,50700,51500,50700,51300,6431522,0.7858546168958742,306249844815000,5969782550,35342,7.94,1.45,6461,2.76,1416,1170.8199462890625,1.8530000448226929,278,반도체,Listed,0.0
2019-10-29,51400,51700,50800,51100,7581629,-0.3898635477582846,305055888305000,5969782550,35342,7.91,1.45,6461,2.77,1416,1166.760009765625,1.8350000381469727,278,반도체,Listed,0.0
2019-10-30,50700,50800,50200,50400,8959435,-1.36986301369863,300877040520000,5969782550,35342,7.8,1.43,6461,2.81,1416,1165.75,1.7979999780654907,278,반도체,Listed,0.0
2019-10-31,51000,51400,50300,50400,10304777,0.0,300877040520000,5969782550,35342,7.8,1.43,6461,2.81,1416,1163.699951171875,1.690999984741211,278,반도체,Listed,0.0
2019-11-01,50600,51200,50400,51200,8467846,1.5873015873015872,305652866560000,5969782550,35342,7.92,1.45,6461,2.77,1416,1168.550048828125,1.7280000448226929,278,반도체,Listed,0.0
2019-11-04,51700,52300,51400,52300,13012411,2.1484375,312219627365000,5969782550,35342,8.09,1.48,6461,2.71,1416,1163.800048828125,1.7860000133514404,278,반도체,Listed,0.0
2019-11-05,52400,52700,52100,52700,10581034,0.7648183556405354,314607540385000,5969782550,35342,8.16,1.49,6461,2.69,1416,1161.81005859375,1.8660000562667847,278,반도체,Listed,0.0
2019-11-06,52900,53500,52700,53300,14361133,1.1385199240986716,318189409915000,5969782550,35342,8.25,1.51,6461,2.66,1416,1155.199951171875,1.8140000104904175,278,반도체,Listed,0.0
2019-11-07,53400,53400,52400,52900,9257116,-0.7504690431519699,315801496895000,5969782550,35342,8.19,1.5,6461,2.68,1416,1160.0799560546875,1.9259999990463257,278,반도체,Listed,0.0
2019-11-08,53200,53300,52000,52100,11603290,-1.5122873345935728,311025670855000,5969782550,35342,8.06,1.47,6461,2.72,1416,1158.5999755859375,1.9329999685287476,278,반도체,Listed,0.0
2019-11-11,52200,52200,51400,51600,8185952,-0.9596928982725527,308040779580000,5969782550,35342,7.99,1.46,6461,2.74,1416,1158.5999755859375,1.9429999589920044,278,반도체,Listed,0.0
2019-11-12,51800,52600,51600,52600,6576148,1.937984496124031,314010562130000,5969782550,35342,8.14,1.49,6461,2.69,1416,1163.9000244140625,1.909000039100647,278,반도체,Listed,0.0
2019-11-13,52500,52500,52000,52500,6225196,-0.19011406844106463,313413583875000,5969782550,35342,8.13,1.49,6461,2.7,1416,1164.949951171875,1.8700000047683716,278,반도체,Listed,0.0
2019-11-14,51900,52800,51900,52800,12010018,0.5714285714285714,315204518640000,5969782550,35342,8.17,1.49,6461,2.68,1416,1169.8599853515625,1.815000057220459,278,반도체,Listed,0.0
2019-11-15,52900,53700,52600,53700,9703360,1.7045454545454544,320577322935000,5969782550,35342,8.31,1.52,6461,2.64,1416,1167.52001953125,1.8339999914169312,278,반도체,Listed,0.0
2019-11-18,53600,53800,53200,53500,7746554,-0.37243947858473,319383366425000,5969782550,35342,8.28,1.51,6461,2.65,1416,1162.3299560546875,1.8079999685287476,278,반도체,Listed,0.0
2019-11-19,53200,53500,52700,53500,8907177,0.0,319383366425000,5969782550,35342,8.28,1.51,6461,2.65,1416,1165.68994140625,1.7860000133514404,278,반도체,Listed,0.0
2019-11-20,53400,53400,52000,52000,12560070,-2.803738317757009,310428692600000,5969782550,35342,8.05,1.47,6461,2.72,1416,1165.8199462890625,1.7380000352859497,278,반도체,Listed,0.0
2019-11-21,51600,52100,50600,51000,14298646,-1.9230769230769231,304458910050000,5969782550,35342,7.89,1.44,6461,2.78,1416,1168.260009765625,1.7719999551773071,278,반도체,Listed,0.0
2019-11-22,51000,51600,50900,51600,8478310,1.1764705882352942,308040779580000,5969782550,35342,7.99,1.46,6461,2.74,1416,1175.22998046875,1.7740000486373901,278,반도체,Listed,0.0
2019-11-25,52200,52600,51700,51800,9050625,0.3875968992248062,309234736090000,5969782550,35342,8.02,1.47,6461,2.73,1416,1179.489990234375,1.7640000581741333,278,반도체,Listed,0.0
2019-11-26,51900,52900,51800,51800,27372226,0.0,309234736090000,5969782550,35342,8.02,1.47,6461,2.73,1416,1172.4100341796875,1.7400000095367432,278,반도체,Listed,0.0
2019-11-27,51800,52300,51600,52200,7546261,0.7722007722007722,311622649110000,5969782550,35342,8.08,1.48,6461,2.71,1416,1172.5999755859375,1.7669999599456787,278,반도체,Listed,0.0
2019-11-28,51900,52100,51300,51300,6833885,-1.7241379310344827,306249844815000,5969782550,35342,7.94,1.45,6461,2.76,1416,1175.3599853515625,1.7669999599456787,278,반도체,Listed,0.0
2019-11-29,51200,51400,50200,50300,11179334,-1.949317738791423,300280062265000,5969782550,35342,7.79,1.42,6461,2.82,1416,1177.010009765625,1.7760000228881836,278,반도체,Listed,0.0
2019-12-02,50900,51300,50400,50400,18877252,0.19880715705765406,300877040520000,5969782550,35342,7.8,1.43,6461,2.81,1416,1181.469970703125,1.8359999656677246,278,반도체,Listed,0.0
2019-12-03,49800,50300,49500,49900,12059812,-0.992063492063492,297892149245000,5969782550,35342,7.72,1.41,6461,2.84,1416,1183.7900390625,1.7089999914169312,278,반도체,Listed,0.0
2019-12-04,49600,49850,49000,49450,13246549,-0.9018036072144289,295205747097500,5969782550,35342,7.65,1.4,6461,2.86,1416,1187.6300048828125,1.781000018119812,278,반도체,Listed,0.0
2019-12-05,50200,50400,49500,49500,10449715,0.10111223458038424,295504236225000,5969782550,35342,7.66,1.4,6461,2.86,1416,1189.4599609375,1.7970000505447388,278,반도체,Listed,0.0
2019-12-06,50100,50900,49950,50400,11414563,1.8181818181818181,300877040520000,5969782550,35342,7.8,1.43,6461,2.81,1416,1187.97998046875,1.8420000076293945,278,반도체,Listed,0.0
2019-12-09,50900,51400,50700,51200,8470627,1.5873015873015872,305652866560000,5969782550,35342,7.92,1.45,6461,2.77,1416,1186.1099853515625,1.8289999961853027,278,반도체,Listed,0.0
2019-12-10,51000,51600,50700,51500,6882771,0.5859375,307443801325000,5969782550,35342,7.97,1.46,6461,2.75,1416,1188.6800537109375,1.8329999446868896,278,반도체,Listed,0.0
2019-12-11,51500,52200,51400,51900,11379521,0.7766990291262136,309831714345000,5969782550,35342,8.03,1.47,6461,2.73,1416,1189.0699462890625,1.7899999618530273,278,반도체,Listed,0.0
2019-12-12,53000,53300,52700,53300,29178697,2.697495183044316,318189409915000,5969782550,35342,8.25,1.51,6461,2.66,1416,1187.9300537109375,1.8969999551773071,278,반도체,Listed,0.0
2019-12-13,54500,54800,53900,54700,18120261,2.6266416510318953,326547105485000,5969782550,35342,8.47,1.55,6461,2.59,1416,1169.5899658203125,1.819000005722046,278,반도체,Listed,0.0
2019-12-16,54500,54900,54300,54700,11512405,0.0,326547105485000,5969782550,35342,8.47,1.55,6461,2.59,1416,1172.530029296875,1.8919999599456787,278,반도체,Listed,0.0
2019-12-17,55800,56700,55400,56700,19358433,3.656307129798903,338486670585000,5969782550,35342,8.78,1.6,6461,2.5,1416,1167.4599609375,1.8890000581741333,278,반도체,Listed,0.0
2019-12-18,56700,57200,56000,56300,15558208,-0.7054673721340388,336098757565000,5969782550,35342,8.71,1.59,6461,2.52,1416,1162.780029296875,1.9240000247955322,278,반도체,Listed,0.0
2019-12-19,57000,57300,55500,56000,14180520,-0.5328596802841918,334307822800000,5969782550,35342,8.67,1.58,6461,2.53,1416,1164.3599853515625,1.9079999923706055,278,반도체,Listed,0.0
2019-12-20,56100,56500,55600,56000,12095519,0.0,334307822800000,5969782550,35342,8.67,1.58,6461,2.53,1416,1161.06005859375,1.9170000553131104,278,반도체,Listed,0.0
2019-12-23,56100,56400,55100,55500,9839252,-0.8928571428571428,331322931525000,5969782550,35342,8.59,1.57,6461,2.55,1416,1159.300048828125,1.934999942779541,278,반도체,Listed,0.0
2019-12-24,55600,55700,54800,55000,11868463,-0.9009009009009009,328338040250000,5969782550,35342,8.51,1.56,6461,2.57,1416,1161.5699462890625,1.909999966621399,278,반도체,Listed,0.0
2019-12-26,54700,55400,54400,55400,9645034,0.7272727272727273,330725953270000,5969782550,35342,8.57,1.57,6461,2.56,1416,1159.75,1.9049999713897705,278,반도체,Listed,0.0
2019-12-27,55700,56900,55500,56500,12313056,1.9855595667870036,337292714075000,5969782550,35342,8.74,1.6,6461,2.51,1416,1161.199951171875,1.8739999532699585,278,반도체,Listed,0.0
2019-12-30,56200,56600,55700,55800,8356767,-1.238938053097345,333113866290000,5969782550,35342,8.64,1.58,6461,2.54,1416,1160.6800537109375,1.8949999809265137,278,반도체,Listed,0.0
2020-01-02,55500,56000,55000,55200,12993228,-1.0752688172043012,329531996760000,5969782550,35342,8.54,1.56,6461,2.57,1416,1153.969970703125,1.8819999694824219,278,반도체,Listed,0.0
2020-01-03,56000,56600,54900,55500,15422255,0.5434782608695652,331322931525000,5969782550,35342,8.59,1.57,6461,2.55,1416,1157.1500244140625,1.7879999876022339,278,반도체,Listed,0.0
2020-01-06,54900,55600,54600,55500,10278951,0.0,331322931525000,5969782550,35342,8.59,1.57,6461,2.55,1416,1165.8499755859375,1.8109999895095825,278,반도체,Listed,0.0
2020-01-07,55700,56400,55600,55800,10009778,0.5405405405405406,333113866290000,5969782550,35342,8.64,1.58,6461,2.54,1416,1167.4200439453125,1.8270000219345093,278,반도체,Listed,0.0
2020-01-08,56200,57400,55900,56800,23501171,1.7921146953405016,339083648840000,5969782550,35342,8.79,1.61,6461,2.49,1416,1166.4599609375,1.8739999532699585,278,반도체,Listed,0.0
2020-01-09,58400,58600,57400,58600,24102579,3.169014084507042,349829257430000,5969782550,35342,9.07,1.66,6461,2.42,1416,1161.260009765625,1.8580000400543213,278,반도체,Listed,0.0
2020-01-10,58800,59700,58300,59500,16000170,1.5358361774744027,355202061725000,5969782550,35342,9.21,1.68,6461,2.38,1416,1157.81005859375,1.8250000476837158,278,반도체,Listed,0.0
2020-01-13,59600,60000,59100,60000,11359139,0.8403361344537815,358186953000000,5969782550,35342,9.29,1.7,6461,2.36,1416,1156.9300537109375,1.8480000495910645,278,반도체,Listed,0.0
2020-01-14,60400,61000,59900,60000,16906295,0.0,358186953000000,5969782550,35342,9.29,1.7,6461,2.36,1416,1153.93994140625,1.8179999589920044,278,반도체,Listed,0.0
2020-01-15,59500,59600,58900,59000,14300928,-1.6666666666666667,352217170450000,5969782550,35342,9.13,1.67,6461,2.4,1416,1157.050048828125,1.7879999876022339,278,반도체,Listed,0.0
2020-01-16,59100,60700,59000,60700,14381774,2.8813559322033897,362365800785000,5969782550,35342,9.39,1.72,6461,2.33,1416,1156.780029296875,1.809000015258789,278,반도체,Listed,0.0
2020-01-17,61900,62000,61000,61300,16025661,0.9884678747940692,365947670315000,5969782550,35342,9.49,1.73,6461,2.31,1416,1158.77001953125,1.8359999656677246,278,반도체,Listed,0.0
2020-01-20,62000,62800,61700,62400,12528855,1.794453507340946,372514431120000,5969782550,35342,9.66,1.77,6461,2.27,1416,1160.3599853515625,1.8359999656677246,278,반도체,Listed,0.0
2020-01-21,62000,62400,61200,61400,11142693,-1.6025641025641024,366544648570000,5969782550,35342,9.5,1.74,6461,2.31,1416,1157.5699462890625,1.7690000534057617,278,반도체,Listed,0.0
2020-01-22,60500,62600,60400,62300,15339565,1.4657980456026058,371917452865000,5969782550,35342,9.64,1.76,6461,2.27,1416,1168.739990234375,1.7690000534057617,278,반도체,Listed,0.0
2020-01-23,61800,61800,60700,60800,14916555,-2.4077046548956664,362962779040000,5969782550,35342,9.41,1.72,6461,2.33,1416,1163.72998046875,1.7400000095367432,278,반도체,Listed,0.0
2020-01-28,59400,59400,58300,58800,23664541,-3.289473684210526,351023213940000,5969782550,35342,9.1,1.66,6461,2.41,1416,1176.72998046875,1.6410000324249268,278,반도체,Listed,0.0
2020-01-29,59100,59700,58800,59100,16446102,0.5102040816326531,352814148705000,5969782550,35342,9.15,1.67,6461,2.4,1416,1174.280029296875,1.593999981880188,278,반도체,Listed,0.0
2020-01-30,58800,58800,56800,57200,20821939,-3.2148900169204735,341471561860000,5969782550,35342,8.85,1.62,6461,2.48,1416,1178.0799560546875,1.5579999685287476,278,반도체,Listed,0.0
2020-01-31,57800,58400,56400,56400,19749457,-1.3986013986013985,336695735820000,5969782550,35342,8.73,1.6,6461,2.51,1416,1187.1199951171875,1.5199999809265137,278,반도체,Listed,0.0
2020-02-03,55500,57400,55200,57200,23995260,1.4184397163120568,341471561860000,5969782550,35342,8.85,1.62,6461,2.48,1416,1194.8699951171875,1.5199999809265137,278,반도체,Listed,0.0
2020-02-04,57100,59000,56800,58900,21800192,2.972027972027972,351620192195000,5969782550,35342,9.12,1.67,6461,2.4,1416,1189.3599853515625,1.6030000448226929,278,반도체,Listed,0.0
2020-02-05,60000,60200,58900,59500,19278165,1.0186757215619695,355202061725000,5969782550,35342,9.21,1.68,6461,2.38,1416,1182.47998046875,1.6490000486373901,278,반도체,Listed,0.0
2020-02-06,60100,61100,59700,61100,14727159,2.689075630252101,364753713805000,5969782550,35342,9.46,1.73,6461,2.32,1416,1183.4599609375,1.6440000534057617,278,반도체,Listed,0.0
2020-02-07,61100,61200,59700,60400,16402493,-1.1456628477905073,360574866020000,5969782550,35342,9.35,1.71,6461,2.34,1416,1184.25,1.5779999494552612,278,반도체,Listed,0.0
2020-02-10,59200,59800,59100,59700,13107121,-1.1589403973509933,356396018235000,5969782550,35342,9.24,1.69,6461,2.37,1416,1191.0899658203125,1.5470000505447388,278,반도체,Listed,0.0
2020-02-11,59800,60700,59700,59900,11071231,0.33500837520938026,357589974745000,5969782550,35342,9.27,1.69,6461,2.36,1416,1185.6300048828125,1.590000033378601,278,반도체,Listed,0.0
2020-02-12,60300,60700,59700,60500,12904207,1.001669449081803,361171844275000,5969782550,35342,9.36,1.71,6461,2.34,1416,1180.719970703125,1.6299999952316284,278,반도체,Listed,0.0
2020-02-13,61200,61600,60500,60700,18449775,0.3305785123966942,362365800785000,5969782550,35342,9.39,1.72,6461,2.33,1416,1177.9599609375,1.6169999837875366,278,반도체,Listed,0.0
2020-02-14,60900,61900,60200,61800,13276067,1.8121911037891267,368932561590000,5969782550,35342,9.57,1.75,6461,2.29,1416,1183.469970703125,1.5880000591278076,278,반도체,Listed,0.0
2020-02-17,61600,62000,61200,61500,8740596,-0.48543689320388345,367141626825000,5969782550,35342,9.52,1.74,6461,2.3,1416,1182.1800537109375,1.5880000591278076,278,반도체,Listed,0.0
2020-02-18,60800,60900,59700,59800,16674266,-2.7642276422764227,356992996490000,5969782550,35342,9.26,1.69,6461,2.37,1416,1183.81005859375,1.555999994277954,278,반도체,Listed,0.0
2020-02-19,59800,60400,59400,60200,12951496,0.6688963210702341,359380909510000,5969782550,35342,9.32,1.7,6461,2.35,1416,1189.9300537109375,1.5700000524520874,278,반도체,Listed,0.0
2020-02-20,60700,61300,59600,60000,14591924,-0.33222591362126247,358186953000000,5969782550,35342,9.29,1.7,6461,2.36,1416,1191.3699951171875,1.524999976158142,278,반도체,Listed,0.0
2020-02-21,58800,59800,58500,59200,13777393,-1.3333333333333335,353411126960000,5969782550,35342,9.16,1.68,6461,2.39,1416,1204.4000244140625,1.4709999561309814,278,반도체,Listed,0.0
2020-02-24,57400,58100,56800,56800,25627537,-4.054054054054054,339083648840000,5969782550,35342,8.79,1.61,6461,2.49,1416,1205.77001953125,1.3769999742507935,278,반도체,Listed,0.0
2020-02-25,56200,58000,56200,57900,23885408,1.936619718309859,345650409645000,5969782550,35342,8.96,1.64,6461,2.45,1416,1217.6500244140625,1.3300000429153442,278,반도체,Listed,0.0
2020-02-26,56000,57000,56000,56500,25483102,-2.4179620034542317,337292714075000,5969782550,35342,8.74,1.6,6461,2.51,1416,1214.550048828125,1.309999942779541,278,반도체,Listed,0.0
2020-02-27,56300,56900,55500,55900,23209541,-1.0619469026548671,333710844545000,5969782550,35342,8.65,1.58,6461,2.53,1416,1211.3599853515625,1.2990000247955322,278,반도체,Listed,0.0
2020-02-28,55000,55500,54200,54200,30054227,-3.041144901610018,323562214210000,5969782550,35342,8.39,1.53,6461,2.61,1416,1211.31005859375,1.1269999742507935,278,반도체,Listed,0.0
2020-03-02,54300,55500,53600,55000,30403412,1.4760147601476015,328338040250000,5969782550,35342,8.51,1.56,6461,2.57,1416,1200.0999755859375,1.0880000591278076,278,반도체,Listed,0.0
2020-03-03,56700,56900,55100,55400,30330295,0.7272727272727273,330725953270000,5969782550,35342,8.57,1.57,6461,2.56,1416,1188.280029296875,1.0099999904632568,278,반도체,Listed,0.0
2020-03-04,54800,57600,54600,57400,24765728,3.6101083032490973,342665518370000,5969782550,35342,8.88,1.62,6461,2.47,1416,1186.3399658203125,0.9919999837875366,278,반도체,Listed,0.0
2020-03-05,57600,58000,56700,57800,21698990,0.6968641114982579,345053431390000,5969782550,35342,8.95,1.64,6461,2.45,1416,1183.6800537109375,0.9259999990463257,278,반도체,Listed,0.0
2020-03-06,56500,57200,56200,56500,18716656,-2.249134948096886,337292714075000,5969782550,35342,8.74,1.6,6461,2.51,1416,1187.469970703125,0.7059999704360962,278,반도체,Listed,0.0
2020-03-09,54700,55000,53600,54200,30261485,-4.070796460176991,323562214210000,5969782550,35342,8.39,1.53,6461,2.61,1416,1187.699951171875,0.49900001287460327,278,반도체,Listed,0.0
2020-03-10,53800,54900,53700,54600,32106554,0.7380073800738007,325950127230000,5969782550,35342,8.45,1.54,6461,2.59,1416,1199.9599609375,0.7480000257492065,278,반도체,Listed,0.0
2020-03-11,54300,54400,52000,52100,45707281,-4.5787545787545785,311025670855000,5969782550,35342,8.06,1.47,6461,2.72,1416,1184.699951171875,0.8199999928474426,278,반도체,Listed,0.0
2020-03-12,51000,51900,49300,50800,48149999,-2.495201535508637,303264953540000,5969782550,35342,7.86,1.44,6461,2.79,1416,1189.3900146484375,0.8489999771118164,278,반도체,Listed,0.0
2020-03-13,47450,51600,46850,49950,59462933,-1.673228346456693,298190638372500,5969782550,35342,7.73,1.41,6461,2.83,1416,1209.969970703125,0.9509999752044678,278,반도체,Listed,0.0
2020-03-16,50100,50900,48800,48900,33339821,-2.1021021021021022,291922366695000,5969782550,35342,7.57,1.38,6461,2.9,1416,1210.800048828125,0.7279999852180481,278,반도체,Listed,0.0
2020-03-17,46900,49650,46700,47300,51218151,-3.2719836400818,282370714615000,5969782550,35342,7.32,1.34,6461,2.99,1416,1232.0400390625,0.996999979019165,278,반도체,Listed,0.0
2020-03-18,47750,48350,45600,45600,40152623,-3.5940803382663846,272222084280000,5969782550,35342,7.06,1.29,6461,3.11,1416,1237.989990234375,1.2660000324249268,278,반도체,Listed,0.0
2020-03-19,46400,46650,42300,42950,56925513,-5.81140350877193,256402160522500,5969782550,35342,6.65,1.22,6461,3.3,1416,1255.3499755859375,1.11899995803833,278,반도체,Listed,0.0
2020-03-20,44150,45500,43550,45400,49730008,5.70430733410943,271028127770000,5969782550,35342,7.03,1.28,6461,3.12,1416,1256.8800048828125,0.9380000233650208,278,반도체,Listed,0.0
2020-03-23,42600,43550,42400,42500,41701626,-6.387665198237885,253715758375000,5969782550,35342,6.58,1.2,6461,3.33,1416,1253.949951171875,0.7639999985694885,278,반도체,Listed,0.0
2020-03-24,43850,46950,43050,46950,49801908,10.470588235294118,280281290722500,5969782550,35342,7.27,1.33,6461,3.02,1416,1262.9300537109375,0.8159999847412109,278,반도체,Listed,0.0
2020-03-25,48950,49600,47150,48650,52735922,3.62087326943557,290429921057500,5969782550,35342,7.53,1.38,6461,2.91,1416,1228.5999755859375,0.8579999804496765,278,반도체,Listed,0.0
2020-03-26,49000,49300,47700,47800,42185129,-1.7471736896197325,285355605890000,5969782550,35342,7.4,1.35,6461,2.96,1416,1231.0799560546875,0.8109999895095825,278,반도체,Listed,0.0
2020-03-27,49600,49700,46850,48300,39896178,1.0460251046025104,288340497165000,5969782550,35342,7.48,1.37,6461,2.93,1416,1212.18994140625,0.7490000128746033,278,반도체,Listed,0.0
2020-03-30,47050,48350,46550,47850,26797395,-0.9316770186335404,285654095017500,5969782550,35342,7.41,1.35,6461,2.96,1416,1222.699951171875,0.6700000166893005,278,반도체,Listed,0.0
2020-03-31,48000,48500,47150,47750,30654261,-0.20898641588296762,285057116762500,5969782550,35342,7.39,1.35,6461,2.97,1416,1216.6600341796875,0.6980000138282776,278,반도체,Listed,0.0
2020-04-01,47450,47900,45800,45800,27259532,-4.0837696335078535,273416040790000,5969782550,35342,7.09,1.3,6461,3.09,1416,1234.72998046875,0.6349999904632568,278,반도체,Listed,0.0
2020-04-02,46200,46850,45350,46800,21621076,2.1834061135371177,279385823340000,5969782550,35342,7.24,1.32,6461,3.03,1416,1226.8499755859375,0.6269999742507935,278,반도체,Listed,0.0
2020-04-03,47400,47600,46550,47000,22784682,0.4273504273504274,280579779850000,5969782550,35342,7.27,1.33,6461,3.01,1416,1226.8499755859375,0.5870000123977661,278,반도체,Listed,0.0
2020-04-06,47500,48800,47250,48700,23395726,3.6170212765957444,290728410185000,5969782550,35342,7.54,1.38,6461,2.91,1416,1223.0999755859375,0.6759999990463257,278,반도체,Listed,0.0
2020-04-07,49650,50200,49000,49600,31524034,1.8480492813141685,296101214480000,5969782550,35342,7.68,1.4,6461,2.85,1416,1215.31005859375,0.7360000014305115,278,반도체,Listed,0.0
2020-04-08,49600,49750,48600,48600,25010314,-2.0161290322580645,290131431930000,5969782550,35342,7.52,1.38,6461,2.91,1416,1214.75,0.7639999985694885,278,반도체,Listed,0.0
2020-04-09,49750,49800,48700,49100,22628058,1.02880658436214,293116323205000,5969782550,35342,7.6,1.39,6461,2.88,1416,1209.510009765625,0.7289999723434448,278,반도체,Listed,0.0
2020-04-10,48950,49250,48650,49250,17839111,0.30549898167006106,294011790587500,5969782550,35342,7.62,1.39,6461,2.88,1416,1209.510009765625,0.7289999723434448,278,반도체,Listed,0.0
2020-04-13,48650,48900,48300,48300,14431800,-1.9289340101522845,288340497165000,5969782550,35342,7.48,1.37,6461,2.93,1416,1213.9000244140625,0.7490000128746033,278,반도체,Listed,0.0
2020-04-14,48800,49200,48300,49000,14206216,1.4492753623188406,292519344950000,5969782550,35342,7.58,1.39,6461,2.89,1416,1212.3800048828125,0.7519999742507935,278,반도체,Listed,0.0
2020-04-16,49350,49350,48550,49000,23349760,0.0,292519344950000,5969782550,35342,7.58,1.39,6461,2.89,1416,1226.6400146484375,0.609000027179718,278,반도체,Listed,0.0
2020-04-17,50800,52000,50300,51400,32041675,4.8979591836734695,306846823070000,5969782550,35342,7.96,1.45,6461,2.75,1416,1226.6400146484375,0.6539999842643738,278,반도체,Listed,0.0
2020-04-20,51400,51400,50000,50100,21866354,-2.529182879377432,299086105755000,5969782550,35342,7.75,1.42,6461,2.83,1416,1218.0999755859375,0.6259999871253967,278,반도체,Listed,0.0
2020-04-21,49400,49700,48700,49250,27407543,-1.6966067864271457,294011790587500,5969782550,35342,7.62,1.39,6461,2.88,1416,1230.8499755859375,0.5709999799728394,278,반도체,Listed,0.0
2020-04-22,48700,50000,48350,49850,18613864,1.2182741116751268,297593660117500,5969782550,35342,7.72,1.41,6461,2.84,1416,1231.3800048828125,0.6190000176429749,278,반도체,Listed,0.0
2020-04-23,50200,50300,49500,49850,18754442,0.0,297593660117500,5969782550,35342,7.72,1.41,6461,2.84,1416,1232.449951171875,0.6129999756813049,278,반도체,Listed,0.0
2020-04-24,49650,49750,49000,49350,15618347,-1.0030090270812437,294608768842500,5969782550,35342,7.64,1.4,6461,2.87,1416,1232.449951171875,0.5960000157356262,278,반도체,Listed,0.0
2020-04-27,49350,50000,49100,49850,14049471,1.0131712259371835,297593660117500,5969782550,35342,7.72,1.41,6461,2.84,1416,1220.8699951171875,0.656000018119812,278,반도체,Listed,0.0
2020-04-28,49850,50100,49300,50100,16095399,0.5015045135406219,299086105755000,5969782550,35342,7.75,1.42,6461,2.83,1416,1220.4000244140625,0.6100000143051147,278,반도체,Listed,0.0
2020-04-29,49900,50500,49600,50000,15604533,-0.19960079840319359,298489127500000,5969782550,35342,7.74,1.41,6461,2.83,1416,1210.7900390625,0.6269999742507935,278,반도체,Listed,0.0
2020-05-04,48900,49100,48500,48500,26083749,-3.0,289534453675000,5969782550,37528,15.32,1.29,3166,2.92,1416,1222.449951171875,0.6370000243186951,278,반도체,Listed,0.0
2020-05-06,49000,49200,48500,49200,18070225,1.443298969072165,293713301460000,5969782550,37528,15.54,1.31,3166,2.88,1416,1228.530029296875,0.7110000252723694,278,반도체,Listed,0.0
2020-05-07,49200,49300,48700,48800,13884411,-0.8130081300813009,291325388440000,5969782550,37528,15.41,1.3,3166,2.9,1416,1218.6300048828125,0.6309999823570251,278,반도체,Listed,0.0
2020-05-08,49100,49350,48800,48800,15319700,0.0,291325388440000,5969782550,37528,15.41,1.3,3166,2.9,1416,1218.6300048828125,0.6819999814033508,278,반도체,Listed,0.0
2020-05-11,48900,49250,48300,48400,16357743,-0.819672131147541,288937475420000,5969782550,37528,15.29,1.29,3166,2.93,1416,1222.4000244140625,0.7260000109672546,278,반도체,Listed,0.0
2020-05-12,48400,48500,47550,47900,23433590,-1.0330578512396695,285952584145000,5969782550,37528,15.13,1.28,3166,2.96,1416,1225.6500244140625,0.6779999732971191,278,반도체,Listed,0.0
2020-05-13,47250,48550,47200,48550,20223277,1.3569937369519833,289832942802500,5969782550,37528,15.33,1.29,3166,2.92,1416,1226.550048828125,0.6489999890327454,278,반도체,Listed,0.0
2020-05-14,47750,48100,47650,48000,19305974,-1.132852729145211,286549562400000,5969782550,37528,15.16,1.28,3166,2.95,1416,1225.4599609375,0.6190000176429749,278,반도체,Listed,0.0
2020-05-15,48400,48450,47700,47850,18463118,-0.3125,285654095017500,5969782550,37528,15.11,1.28,3166,2.96,1416,1225.4599609375,0.6399999856948853,278,반도체,Listed,0.0
2020-05-18,47950,49100,47600,48800,20481981,1.9853709508881923,291325388440000,5969782550,37528,15.41,1.3,3166,2.9,1416,1224.199951171875,0.7440000176429749,278,반도체,Listed,0.0
2020-05-19,50100,50500,49700,50300,25168295,3.0737704918032787,300280062265000,5969782550,37528,15.89,1.34,3166,2.82,1416,1224.3199462890625,0.7110000252723694,278,반도체,Listed,0.0
2020-05-20,50000,50200,49800,50000,14896899,-0.5964214711729622,298489127500000,5969782550,37528,15.79,1.33,3166,2.83,1416,1226.550048828125,0.6800000071525574,278,반도체,Listed,0.0
2020-05-21,50300,50400,49850,49950,14949266,-0.1,298190638372500,5969782550,37528,15.78,1.33,3166,2.83,1416,1233.3900146484375,0.6769999861717224,278,반도체,Listed,0.0
2020-05-22,49600,49800,48600,48750,19706284,-2.4024024024024024,291026899312500,5969782550,37528,15.4,1.3,3166,2.9,1416,1233.3900146484375,0.6570000052452087,278,반도체,Listed,0.0
2020-05-25,48750,48900,48450,48850,14337913,0.20512820512820512,291623877567500,5969782550,37528,15.43,1.3,3166,2.9,1416,1240.02001953125,0.6570000052452087,278,반도체,Listed,0.0
2020-05-26,48700,49450,48600,49250,15127490,0.8188331627430911,294011790587500,5969782550,37528,15.56,1.31,3166,2.88,1416,1230.8699951171875,0.6980000138282776,278,반도체,Listed,0.0
2020-05-27,48950,50000,48800,49900,19548479,1.3197969543147208,297892149245000,5969782550,37528,15.76,1.33,3166,2.84,1416,1238.300048828125,0.6800000071525574,278,반도체,Listed,0.0
2020-05-28,51100,51200,49900,50400,31309318,1.002004008016032,300877040520000,5969782550,37528,15.92,1.34,3166,2.81,1416,1237.97998046875,0.7049999833106995,278,반도체,Listed,0.0
2020-05-29,50000,50700,49700,50700,27596961,0.5952380952380952,302667975285000,5969782550,37528,16.01,1.35,3166,2.79,1416,1237.97998046875,0.6480000019073486,278,반도체,Listed,0.0
2020-06-01,50800,51200,50600,51200,16949183,0.9861932938856016,305652866560000,5969782550,37528,16.17,1.36,3166,2.77,1416,1222.989990234375,0.6620000004768372,278,반도체,Listed,0.0
2020-06-02,51000,51500,50800,51400,14247933,0.390625,306846823070000,5969782550,37528,16.23,1.37,3166,2.75,1416,1219.1400146484375,0.6800000071525574,278,반도체,Listed,0.0
2020-06-03,51800,55000,51700,54500,49257814,6.031128404669261,325353148975000,5969782550,37528,17.21,1.45,3166,2.6,1416,1215.8199462890625,0.7609999775886536,278,반도체,Listed,0.0
2020-06-04,55800,57000,54600,54600,40220334,0.1834862385321101,325950127230000,5969782550,37528,17.25,1.45,3166,2.59,1416,1215.3800048828125,0.8199999928474426,278,반도체,Listed,0.0
2020-06-05,54400,55900,54000,55500,22743629,1.6483516483516485,331322931525000,5969782550,37528,17.53,1.48,3166,2.55,1416,1215.3800048828125,0.9039999842643738,278,반도체,Listed,0.0
2020-06-08,56400,56500,54700,54900,25634965,-1.0810810810810811,327741061995000,5969782550,37528,17.34,1.46,3166,2.58,1416,1195.72998046875,0.8840000033378601,278,반도체,Listed,0.0
2020-06-09,55800,56500,54400,55500,23998831,1.092896174863388,331322931525000,5969782550,37528,17.53,1.48,3166,2.55,1416,1197.300048828125,0.8289999961853027,278,반도체,Listed,0.0
2020-06-10,55100,55900,54900,55400,16742493,-0.18018018018018017,330725953270000,5969782550,37528,17.5,1.48,3166,2.56,1416,1189.739990234375,0.7480000257492065,278,반도체,Listed,0.0
2020-06-11,54500,55100,53200,54300,33815123,-1.9855595667870036,324159192465000,5969782550,37528,17.15,1.45,3166,2.61,1416,1204.760009765625,0.652999997138977,278,반도체,Listed,0.0
2020-06-12,52100,52800,51500,52300,26976019,-3.683241252302026,312219627365000,5969782550,37528,16.52,1.39,3166,2.71,1416,1204.760009765625,0.6990000009536743,278,반도체,Listed,0.0
2020-06-15,51400,52000,49900,49900,28772921,-4.588910133843212,297892149245000,5969782550,37528,15.76,1.33,3166,2.84,1416,1206.9000244140625,0.7020000219345093,278,반도체,Listed,0.0
2020-06-16,51200,52100,50600,52100,21808375,4.408817635270541,311025670855000,5969782550,37528,16.46,1.39,3166,2.72,1416,1211.1500244140625,0.7559999823570251,278,반도체,Listed,0.0
2020-06-17,52100,52900,51300,52200,26672595,0.19193857965451055,311622649110000,5969782550,37528,16.49,1.39,3166,2.71,1416,1214.3499755859375,0.7329999804496765,278,반도체,Listed,0.0
2020-06-18,52200,52300,51600,52300,15982926,0.19157088122605362,312219627365000,5969782550,37528,16.52,1.39,3166,2.71,1416,1211.3599853515625,0.6940000057220459,278,반도체,Listed,0.0
2020-06-19,52600,52900,51600,52900,18157985,1.147227533460803,315801496895000,5969782550,37528,16.71,1.41,3166,2.68,1416,1211.3599853515625,0.6970000267028809,278,반도체,Listed,0.0
2020-06-22,52000,52600,51800,52000,13801350,-1.7013232514177694,310428692600000,5969782550,37528,16.42,1.39,3166,2.72,1416,1208.0,0.7039999961853027,278,반도체,Listed,0.0
2020-06-23,52500,52800,51100,51400,18086152,-1.153846153846154,306846823070000,5969782550,37528,16.23,1.37,3166,2.75,1416,1207.949951171875,0.7089999914169312,278,반도체,Listed,0.0
2020-06-24,51900,53900,51600,52900,24519552,2.9182879377431905,315801496895000,5969782550,37528,16.71,1.41,3166,2.68,1416,1205.25,0.6840000152587891,278,반도체,Listed,0.0
2020-06-25,52100,53000,51900,51900,18541624,-1.890359168241966,309831714345000,5969782550,37528,16.39,1.38,3166,2.73,1416,1201.52001953125,0.6740000247955322,278,반도체,Listed,0.0
2020-06-26,52800,53900,52200,53300,21575360,2.697495183044316,318189409915000,5969782550,37528,16.84,1.42,3166,2.66,1416,1201.52001953125,0.6359999775886536,278,반도체,Listed,0.0
2020-06-29,52500,53200,52000,52400,17776925,-1.6885553470919326,312816605620000,5969782550,37528,16.55,1.4,3166,2.7,1416,1198.489990234375,0.6359999775886536,278,반도체,Listed,0.0
2020-06-30,53900,53900,52800,52800,21157172,0.7633587786259541,315204518640000,5969782550,37528,16.68,1.41,3166,2.68,1416,1198.3900146484375,0.652999997138977,278,반도체,Listed,0.0
2020-07-01,53400,53600,52400,52600,16706143,-0.3787878787878788,314010562130000,5969782550,37528,16.61,1.4,3166,2.69,1416,1200.699951171875,0.6819999814033508,278,반도체,Listed,0.0
2020-07-02,52100,52900,52100,52900,14142583,0.5703422053231939,315801496895000,5969782550,37528,16.71,1.41,3166,2.68,1416,1198.1700439453125,0.6690000295639038,278,반도체,Listed,0.0
2020-07-03,53000,53600,52700,53600,11887868,1.3232514177693762,319980344680000,5969782550,37528,16.93,1.43,3166,2.64,1416,1198.1700439453125,0.6690000295639038,278,반도체,Listed,0.0
2020-07-06,54000,55000,53800,55000,19856623,2.6119402985074625,328338040250000,5969782550,37528,17.37,1.47,3166,2.57,1416,1190.9300537109375,0.6840000152587891,278,반도체,Listed,0.0
2020-07-07,55800,55900,53400,53400,30760032,-2.909090909090909,318786388170000,5969782550,37528,16.87,1.42,3166,2.65,1416,1195.699951171875,0.6499999761581421,278,반도체,Listed,0.0
2020-07-08,53600,53900,52900,53000,19664652,-0.7490636704119851,316398475150000,5969782550,37528,16.74,1.41,3166,2.67,1416,1192.02001953125,0.652999997138977,278,반도체,Listed,0.0
2020-07-09,53200,53600,52800,52800,17054850,-0.37735849056603776,315204518640000,5969782550,37528,16.68,1.41,3166,2.68,1416,1195.77001953125,0.6050000190734863,278,반도체,Listed,0.0
2020-07-10,53100,53200,52300,52700,13714746,-0.1893939393939394,314607540385000,5969782550,37528,16.65,1.4,3166,2.69,1416,1195.77001953125,0.6330000162124634,278,반도체,Listed,0.0
2020-07-13,53300,53800,53100,53400,12240188,1.3282732447817838,318786388170000,5969782550,37528,16.87,1.42,3166,2.65,1416,1203.780029296875,0.6399999856948853,278,반도체,Listed,0.0
2020-07-14,53700,53800,53200,53800,14269484,0.7490636704119851,321174301190000,5969782550,37528,16.99,1.43,3166,2.63,1416,1203.97998046875,0.6150000095367432,278,반도체,Listed,0.0
2020-07-15,54400,55000,54300,54700,24051450,1.6728624535315983,326547105485000,5969782550,37528,17.28,1.46,3166,2.59,1416,1200.469970703125,0.6299999952316284,278,반도체,Listed,0.0
2020-07-16,54800,54800,53800,53800,16779127,-1.6453382084095063,321174301190000,5969782550,37528,16.99,1.43,3166,2.63,1416,1204.22998046875,0.6119999885559082,278,반도체,Listed,0.0
2020-07-17,54200,54700,54100,54400,10096174,1.1152416356877324,324756170720000,5969782550,37528,17.18,1.45,3166,2.6,1416,1204.22998046875,0.628000020980835,278,반도체,Listed,0.0
2020-07-20,54800,54800,54000,54200,10507530,-0.3676470588235294,323562214210000,5969782550,37528,17.12,1.44,3166,2.61,1416,1200.030029296875,0.6200000047683716,278,반도체,Listed,0.0
2020-07-21,55200,55400,54800,55300,18297260,2.029520295202952,330128975015000,5969782550,37528,17.47,1.47,3166,2.56,1416,1192.739990234375,0.6069999933242798,278,반도체,Listed,0.0
2020-07-22,55300,55500,54700,54700,12885057,-1.0849909584086799,326547105485000,5969782550,37528,17.28,1.46,3166,2.59,1416,1197.22998046875,0.5950000286102295,278,반도체,Listed,0.0
2020-07-23,54700,54700,53800,54100,16214932,-1.0968921389396709,322965235955000,5969782550,37528,17.09,1.44,3166,2.62,1416,1200.93994140625,0.5820000171661377,278,반도체,Listed,0.0
2020-07-24,54000,54400,53700,54200,10994535,0.18484288354898337,323562214210000,5969782550,37528,17.12,1.44,3166,2.61,1416,1200.93994140625,0.5889999866485596,278,반도체,Listed,0.0
2020-07-27,54300,55700,54300,55600,21054421,2.5830258302583027,331919909780000,5969782550,37528,17.56,1.48,3166,2.55,1416,1195.9200439453125,0.609000027179718,278,반도체,Listed,0.0
2020-07-28,57000,58800,56400,58600,48431566,5.39568345323741,349829257430000,5969782550,37528,18.51,1.56,3166,2.42,1416,1199.3699951171875,0.5809999704360962,278,반도체,Listed,0.0
2020-07-29,60300,60400,58600,59000,36476611,0.6825938566552902,352217170450000,5969782550,37528,18.64,1.57,3166,2.4,1416,1190.72998046875,0.5789999961853027,278,반도체,Listed,0.0
2020-07-30,59700,60100,59000,59000,19285354,0.0,352217170450000,5969782550,37528,18.64,1.57,3166,2.4,1416,1189.56005859375,0.5410000085830688,278,반도체,Listed,0.0
2020-07-31,59500,59600,57700,57900,21943345,-1.864406779661017,345650409645000,5969782550,37528,18.29,1.54,3166,2.45,1416,1189.56005859375,0.5360000133514404,278,반도체,Listed,0.0
2020-08-03,57800,57900,56700,56800,21158940,-1.8998272884283247,339083648840000,5969782550,37528,17.94,1.51,3166,2.49,1416,1191.760009765625,0.5630000233650208,278,반도체,Listed,0.0
2020-08-04,57200,58100,57000,57300,19419694,0.8802816901408451,342068540115000,5969782550,37528,18.1,1.53,3166,2.47,1416,1192.25,0.5149999856948853,278,반도체,Listed,0.0
2020-08-05,57300,57500,56300,56900,17739706,-0.6980802792321117,339680627095000,5969782550,37528,17.97,1.52,3166,2.49,1416,1185.1800537109375,0.5429999828338623,278,반도체,Listed,0.0
2020-08-06,57100,58400,57100,58000,21625874,1.9332161687170473,346247387900000,5969782550,37528,18.32,1.55,3166,2.44,1416,1183.1700439453125,0.5360000133514404,278,반도체,Listed,0.0
2020-08-07,57900,58400,57100,57500,18751717,-0.8620689655172413,343262496625000,5969782550,37528,18.16,1.53,3166,2.46,1416,1183.1700439453125,0.5619999766349792,278,반도체,Listed,0.0
2020-08-10,57600,58300,57500,57800,17774291,0.5217391304347827,345053431390000,5969782550,37528,18.26,1.54,3166,2.45,1416,1185.18994140625,0.5740000009536743,278,반도체,Listed,0.0
2020-08-11,58000,59500,57800,58200,24907912,0.6920415224913495,347441344410000,5969782550,37528,18.38,1.55,3166,2.43,1416,1184.97998046875,0.6579999923706055,278,반도체,Listed,0.0
2020-08-12,58200,59000,57700,59000,18573934,1.3745704467353952,352217170450000,5969782550,37528,18.64,1.57,3166,2.4,1416,1182.75,0.6700000166893005,278,반도체,Listed,0.0
2020-08-13,59400,59600,58000,58700,22089460,-0.5084745762711864,350426235685000,5969782550,37528,18.54,1.56,3166,2.41,1416,1184.1199951171875,0.7160000205039978,278,반도체,Listed,0.0
2020-08-14,58000,58400,57700,58000,15672548,-1.192504258943782,346247387900000,5969782550,37528,18.32,1.55,3166,2.44,1416,1184.1199951171875,0.7089999914169312,278,반도체,Listed,0.0
2020-08-18,58900,59900,58000,58400,25307825,0.6896551724137931,348635300920000,5969782550,37528,18.45,1.56,3166,2.42,1416,1183.6400146484375,0.6690000295639038,278,반도체,Listed,0.0
2020-08-19,59000,59200,57800,57800,16930719,-1.0273972602739725,345053431390000,5969782550,37528,18.26,1.54,3166,2.45,1416,1181.2099609375,0.675000011920929,278,반도체,Listed,0.0
2020-08-20,57600,57600,55300,55400,30386029,-4.1522491349480966,330725953270000,5969782550,37528,17.5,1.48,3166,2.56,1416,1184.2900390625,0.6439999938011169,278,반도체,Listed,0.0
2020-08-21,56200,56900,55800,55900,21142288,0.9025270758122743,333710844545000,5969782550,37528,17.66,1.49,3166,2.53,1416,1184.2900390625,0.6399999856948853,278,반도체,Listed,0.0
2020-08-24,55800,56600,55400,56100,15055896,0.35778175313059035,334904801055000,5969782550,37528,17.72,1.49,3166,2.52,1416,1188.25,0.6460000276565552,278,반도체,Listed,0.0
2020-08-25,56400,56800,56100,56400,14021705,0.53475935828877,336695735820000,5969782550,37528,17.81,1.5,3166,2.51,1416,1186.4599609375,0.6819999814033508,278,반도체,Listed,0.0
2020-08-26,56400,56500,55700,56400,17651593,0.0,336695735820000,5969782550,37528,17.81,1.5,3166,2.51,1416,1183.8499755859375,0.6869999766349792,278,반도체,Listed,0.0
2020-08-27,56300,56300,55600,55600,16196568,-1.4184397163120568,331919909780000,5969782550,37528,17.56,1.48,3166,2.55,1416,1186.5799560546875,0.7459999918937683,278,반도체,Listed,0.0
2020-08-28,56100,56300,55400,55400,14619888,-0.3597122302158274,330725953270000,5969782550,37528,17.5,1.48,3166,2.56,1416,1186.5799560546875,0.7289999723434448,278,반도체,Listed,0.0
2020-08-31,56000,56100,54000,54000,32671367,-2.527075812274368,322368257700000,5969782550,37528,17.06,1.44,3166,2.62,1416,1187.0400390625,0.6930000185966492,278,반도체,Listed,0.0
2020-09-01,54100,54800,54100,54200,19363117,0.3703703703703704,323562214210000,5969782550,37528,17.12,1.44,3166,2.61,1416,1184.9200439453125,0.671999990940094,278,반도체,Listed,0.0
2020-09-02,54600,55100,54100,54400,16905723,0.36900369003690037,324756170720000,5969782550,37528,17.18,1.45,3166,2.6,1416,1188.6500244140625,0.6510000228881836,278,반도체,Listed,0.0
2020-09-03,55600,56700,55500,56400,28384920,3.6764705882352944,336695735820000,5969782550,37528,17.81,1.5,3166,2.51,1416,1190.780029296875,0.621999979019165,278,반도체,Listed,0.0
2020-09-04,55200,55800,55100,55600,22139109,-1.4184397163120568,331919909780000,5969782550,37528,17.56,1.48,3166,2.55,1416,1190.780029296875,0.7210000157356262,278,반도체,Listed,0.0
2020-09-07,56100,57300,55800,56500,18685880,1.618705035971223,337292714075000,5969782550,37528,17.85,1.51,3166,2.51,1416,1186.81005859375,0.7210000157356262,278,반도체,Listed,0.0
2020-09-08,57400,58700,57200,58700,31517520,3.893805309734513,350426235685000,5969782550,37528,18.54,1.56,3166,2.41,1416,1189.239990234375,0.6840000152587891,278,반도체,Listed,0.0
2020-09-09,58200,59300,57800,58400,30597399,-0.5110732538330494,348635300920000,5969782550,37528,18.45,1.56,3166,2.42,1416,1184.3800048828125,0.703000009059906,278,반도체,Listed,0.0
2020-09-10,59900,60000,59100,59200,29923293,1.36986301369863,353411126960000,5969782550,37528,18.7,1.58,3166,2.39,1416,1187.22998046875,0.6850000023841858,278,반도체,Listed,0.0
2020-09-11,59300,59400,58200,59000,16017098,-0.33783783783783783,352217170450000,5969782550,37528,18.64,1.57,3166,2.4,1416,1187.22998046875,0.6690000295639038,278,반도체,Listed,0.0
2020-09-14,60200,60800,59900,60400,20648281,2.3728813559322033,360574866020000,5969782550,37528,19.08,1.61,3166,2.34,1416,1180.8399658203125,0.6710000038146973,278,반도체,Listed,0.0
2020-09-15,60900,61000,60500,61000,17877075,0.9933774834437087,364156735550000,5969782550,37528,19.27,1.63,3166,2.32,1416,1179.25,0.6790000200271606,278,반도체,Listed,0.0
2020-09-16,61100,61300,60600,61000,17041444,0.0,364156735550000,5969782550,37528,19.27,1.63,3166,2.32,1416,1172.0699462890625,0.6869999766349792,278,반도체,Listed,0.0
2020-09-17,60700,60800,59300,59500,25108356,-2.459016393442623,355202061725000,5969782550,37528,18.79,1.59,3166,2.38,1416,1168.6500244140625,0.6840000152587891,278,반도체,Listed,0.0
2020-09-18,59800,59900,59100,59300,18884571,-0.33613445378151263,354008105215000,5969782550,37528,18.73,1.58,3166,2.39,1416,1168.6500244140625,0.6940000057220459,278,반도체,Listed,0.0
2020-09-21,59100,60000,59000,59200,15140387,-0.16863406408094433,353411126960000,5969782550,37528,18.7,1.58,3166,2.39,1416,1163.8499755859375,0.6710000038146973,278,반도체,Listed,0.0
2020-09-22,59100,59700,57800,58200,20830381,-1.6891891891891893,347441344410000,5969782550,37528,18.38,1.55,3166,2.43,1416,1162.5,0.6639999747276306,278,반도체,Listed,0.0
2020-09-23,58400,58800,57400,58600,20111398,0.6872852233676976,349829257430000,5969782550,37528,18.51,1.56,3166,2.42,1416,1169.72998046875,0.6759999990463257,278,반도체,Listed,0.0
2020-09-24,57700,58600,57600,57800,17564020,-1.3651877133105803,345053431390000,5969782550,37528,18.26,1.54,3166,2.45,1416,1168.5,0.6660000085830688,278,반도체,Listed,0.0
2020-09-25,57700,58200,57700,57900,11444683,0.17301038062283738,345650409645000,5969782550,37528,18.29,1.54,3166,2.45,1416,1168.5,0.6589999794960022,278,반도체,Listed,0.0
2020-09-28,58300,58800,57900,58200,12614080,0.5181347150259068,347441344410000,5969782550,37528,18.38,1.55,3166,2.43,1416,1166.4100341796875,0.6629999876022339,278,반도체,Listed,0.0
2020-09-29,58300,59000,58200,58200,15503563,0.0,347441344410000,5969782550,37528,18.38,1.55,3166,2.43,1416,1167.8599853515625,0.6449999809265137,278,반도체,Listed,0.0
2020-10-05,57500,59200,57500,58700,20228289,0.859106529209622,350426235685000,5969782550,37528,18.54,1.56,3166,2.41,1416,1156.0899658203125,0.7620000243186951,278,반도체,Listed,0.0
2020-10-06,59400,59900,58700,59000,14463826,0.5110732538330494,352217170450000,5969782550,37528,18.64,1.57,3166,2.4,1416,1163.8900146484375,0.7419999837875366,278,반도체,Listed,0.0
2020-10-07,58700,59900,58500,59900,14861838,1.5254237288135595,357589974745000,5969782550,37528,18.92,1.6,3166,2.36,1416,1156.5,0.7850000262260437,278,반도체,Listed,0.0
2020-10-08,60500,60700,59500,59700,24589924,-0.333889816360601,356396018235000,5969782550,37528,18.86,1.59,3166,2.37,1416,1150.3599853515625,0.7649999856948853,278,반도체,Listed,0.0
2020-10-12,60000,60400,59900,60400,16145837,1.1725293132328307,360574866020000,5969782550,37528,19.08,1.61,3166,2.34,1416,1146.4000244140625,0.7770000100135803,278,반도체,Listed,0.0
2020-10-13,61000,61400,60400,60900,19247631,0.8278145695364238,363559757295000,5969782550,37528,19.24,1.62,3166,2.33,1416,1147.8900146484375,0.7269999980926514,278,반도체,Listed,0.0
2020-10-14,61000,61100,60500,60900,16086716,0.0,363559757295000,5969782550,37528,19.24,1.62,3166,2.33,1416,1146.31005859375,0.722000002861023,278,반도체,Listed,0.0
2020-10-15,60700,60800,59700,60000,17756232,-1.477832512315271,358186953000000,5969782550,37528,18.95,1.6,3166,2.36,1416,1144.1300048828125,0.7310000061988831,278,반도체,Listed,0.0
2020-10-16,60000,60400,59000,59500,16554190,-0.8333333333333334,355202061725000,5969782550,37528,18.79,1.59,3166,2.38,1416,1144.1300048828125,0.7440000176429749,278,반도체,Listed,0.0
2020-10-19,59600,60200,59500,60000,14474985,0.8403361344537815,358186953000000,5969782550,37528,18.95,1.6,3166,2.36,1416,1137.0,0.7609999775886536,278,반도체,Listed,0.0
2020-10-20,60300,60900,60100,60900,19326115,1.5,363559757295000,5969782550,37528,19.24,1.62,3166,2.33,1416,1136.0,0.796999990940094,278,반도체,Listed,0.0
2020-10-21,61200,61500,60600,60900,15703443,0.0,363559757295000,5969782550,37528,19.24,1.62,3166,2.33,1416,1132.030029296875,0.8159999847412109,278,반도체,Listed,0.0
2020-10-22,60300,60500,59800,60100,14294095,-1.3136288998357963,358783931255000,5969782550,37528,18.98,1.6,3166,2.36,1416,1134.1500244140625,0.8479999899864197,278,반도체,Listed,0.0
2020-10-23,60400,60400,59800,60200,9322232,0.16638935108153077,359380909510000,5969782550,37528,19.01,1.6,3166,2.35,1416,1134.1500244140625,0.8410000205039978,278,반도체,Listed,0.0
2020-10-26,60400,61100,60100,60400,13268226,0.33222591362126247,360574866020000,5969782550,37528,19.08,1.61,3166,2.34,1416,1127.760009765625,0.8009999990463257,278,반도체,Listed,0.0
2020-10-27,60300,60300,59500,59800,17260416,-0.9933774834437087,356992996490000,5969782550,37528,18.89,1.59,3166,2.37,1416,1131.6400146484375,0.777999997138977,278,반도체,Listed,0.0
2020-10-28,59400,59400,58800,59000,14428882,-1.3377926421404682,352217170450000,5969782550,37528,18.64,1.57,3166,2.4,1416,1128.22998046875,0.781000018119812,278,반도체,Listed,0.0
2020-10-29,58200,58500,57500,58100,22636966,-1.5254237288135595,346844366155000,5969782550,37528,18.35,1.55,3166,2.44,1416,1134.1800537109375,0.8349999785423279,278,반도체,Listed,0.0
2020-10-30,58000,58000,56600,56600,26907844,-2.5817555938037864,337889692330000,5969782550,37528,17.88,1.51,3166,2.5,1416,1129.52001953125,0.8600000143051147,278,반도체,Listed,0.0
2020-11-02,56400,57500,56000,57400,20489076,1.4134275618374559,342665518370000,5969782550,37528,18.13,1.53,3166,2.47,1416,1135.6099853515625,0.8489999771118164,278,반도체,Listed,0.0
2020-11-03,57900,58900,57600,58800,14950919,2.4390243902439024,351023213940000,5969782550,37528,18.57,1.57,3166,2.41,1416,1132.1400146484375,0.8820000290870667,278,반도체,Listed,0.0
2020-11-04,58900,59000,57800,58500,21718561,-0.5102040816326531,349232279175000,5969782550,37528,18.48,1.56,3166,2.42,1416,1130.3299560546875,0.7680000066757202,278,반도체,Listed,0.0
2020-11-05,59000,60300,58800,60300,20639475,3.076923076923077,359977887765000,5969782550,37528,19.05,1.61,3166,2.35,1416,1129.739990234375,0.7760000228881836,278,반도체,Listed,0.0
2020-11-06,60700,60800,59600,60100,16910230,-0.33167495854063017,358783931255000,5969782550,37528,18.98,1.6,3166,2.36,1416,1122.6300048828125,0.8199999928474426,278,반도체,Listed,0.0
2020-11-09,60700,60900,60100,60200,15892961,0.16638935108153077,359380909510000,5969782550,37528,19.01,1.6,3166,2.35,1416,1121.1500244140625,0.9580000042915344,278,반도체,Listed,0.0
2020-11-10,60500,60500,59500,60200,19073552,0.0,359380909510000,5969782550,37528,19.01,1.6,3166,2.35,1416,1118.68994140625,0.972000002861023,278,반도체,Listed,0.0
2020-11-11,60700,61400,60400,61300,25628510,1.8272425249169437,365947670315000,5969782550,37528,19.36,1.63,3166,2.31,1416,1116.0799560546875,0.9580000042915344,278,반도체,Listed,0.0
2020-11-12,61000,61400,60700,61000,19800573,-0.48939641109298526,364156735550000,5969782550,37528,19.27,1.63,3166,2.32,1416,1111.449951171875,0.8849999904632568,278,반도체,Listed,0.0
2020-11-13,61300,63200,61000,63200,31508829,3.606557377049181,377290257160000,5969782550,37528,19.96,1.68,3166,2.24,1416,1114.9100341796875,0.8930000066757202,278,반도체,Listed,0.0
2020-11-16,64000,66700,63900,66300,36354334,4.90506329113924,395796583065000,5969782550,37528,20.94,1.77,3166,2.14,1416,1107.760009765625,0.906000018119812,278,반도체,Listed,0.0
2020-11-17,67000,67000,65600,65700,30204089,-0.904977375565611,392214713535000,5969782550,37528,20.75,1.75,3166,2.16,1416,1106.0899658203125,0.871999979019165,278,반도체,Listed,0.0
2020-11-18,65700,66200,64700,64800,22963790,-1.36986301369863,386841909240000,5969782550,37528,20.47,1.73,3166,2.19,1416,1104.949951171875,0.8820000290870667,278,반도체,Listed,0.0
2020-11-19,64100,64800,63900,64600,16590290,-0.30864197530864196,385647952730000,5969782550,37528,20.4,1.72,3166,2.19,1416,1105.9000244140625,0.8539999723434448,278,반도체,Listed,0.0
2020-11-20,63900,65200,63900,64700,15068682,0.15479876160990713,386244930985000,5969782550,37528,20.44,1.72,3166,2.19,1416,1114.1400146484375,0.8289999961853027,278,반도체,Listed,0.0
2020-11-23,64800,67800,64700,67500,27134398,4.327666151468315,402960322125000,5969782550,37528,21.32,1.8,3166,2.1,1416,1113.8299560546875,0.8569999933242798,278,반도체,Listed,0.0
2020-11-24,67900,69500,67000,67700,32158235,0.2962962962962963,404154278635000,5969782550,37528,21.38,1.8,3166,2.09,1416,1113.0799560546875,0.8820000290870667,278,반도체,Listed,0.0
2020-11-25,67900,68300,66500,66600,32447065,-1.6248153618906942,397587517830000,5969782550,37528,21.04,1.77,3166,2.13,1416,1109.7099609375,0.878000020980835,278,반도체,Listed,0.0
2020-11-26,66100,68000,66000,68000,19023323,2.1021021021021022,405945213400000,5969782550,37528,21.48,1.81,3166,2.08,1416,1104.489990234375,0.878000020980835,278,반도체,Listed,0.0
2020-11-27,68000,68400,67600,68200,14063434,0.29411764705882354,407139169910000,5969782550,37528,21.54,1.82,3166,2.08,1416,1105.56005859375,0.8420000076293945,278,반도체,Listed,0.0
2020-11-30,68400,68600,66700,66700,43811016,-2.1994134897360706,398184496085000,5969782550,37528,21.07,1.78,3166,2.12,1416,1104.3299560546875,0.843999981880188,278,반도체,Listed,0.0
2020-12-01,67100,68300,67100,67800,22327173,1.6491754122938531,404751256890000,5969782550,37528,21.42,1.81,3166,2.09,1416,1108.510009765625,0.9340000152587891,278,반도체,Listed,0.0
2020-12-02,68400,69900,68300,69500,29703942,2.5073746312684366,414899887225000,5969782550,37528,21.95,1.85,3166,2.04,1416,1106.280029296875,0.9480000138282776,278,반도체,Listed,0.0
2020-12-03,70100,70500,69300,69700,23677989,0.28776978417266186,416093843735000,5969782550,37528,22.02,1.86,3166,2.03,1416,1099.3800048828125,0.9200000166893005,278,반도체,Listed,0.0
2020-12-04,70400,72100,70100,71500,28130533,2.582496413199426,426839452325000,5969782550,37528,22.58,1.91,3166,1.98,1416,1091.3199462890625,0.968999981880188,278,반도체,Listed,0.0
2020-12-07,72400,73500,71900,72900,28490496,1.9580419580419581,435197147895000,5969782550,37528,23.03,1.94,3166,1.94,1416,1083.780029296875,0.9279999732971191,278,반도체,Listed,0.0
2020-12-08,72200,72900,71600,71700,25000338,-1.646090534979424,428033408835000,5969782550,37528,22.65,1.91,3166,1.97,1416,1083.6800537109375,0.9129999876022339,278,반도체,Listed,0.0
2020-12-09,72100,73900,72000,73900,24077996,3.0683403068340307,441166930445000,5969782550,37528,23.34,1.97,3166,1.92,1416,1084.8599853515625,0.9409999847412109,278,반도체,Listed,0.0
2020-12-10,72700,73800,72500,72900,39882928,-1.3531799729364005,435197147895000,5969782550,37528,23.03,1.94,3166,1.94,1416,1086.3599853515625,0.9079999923706055,278,반도체,Listed,0.0
2020-12-11,73500,73800,73100,73400,18486672,0.6858710562414266,438182039170000,5969782550,37528,23.18,1.96,3166,1.93,1416,1086.3699951171875,0.8930000066757202,278,반도체,Listed,0.0
2020-12-14,73600,74500,73200,73800,21510415,0.544959128065395,440569952190000,5969782550,37528,23.31,1.97,3166,1.92,1416,1091.5799560546875,0.8920000195503235,278,반도체,Listed,0.0
2020-12-15,73800,74100,73300,73800,20863671,0.0,440569952190000,5969782550,37528,23.31,1.97,3166,1.92,1416,1092.06005859375,0.9229999780654907,278,반도체,Listed,0.0
2020-12-16,74100,74500,73400,73800,17512081,0.0,440569952190000,5969782550,37528,23.31,1.97,3166,1.92,1416,1088.2099609375,0.9200000166893005,278,반도체,Listed,0.0
2020-12-17,73400,73700,72600,73300,24293214,-0.6775067750677507,437585060915000,5969782550,37528,23.15,1.95,3166,1.93,1416,1091.6500244140625,0.9300000071525574,278,반도체,Listed,0.0
2020-12-18,73300,73700,73000,73000,17613029,-0.4092769440654843,435794126150000,5969782550,37528,23.06,1.95,3166,1.94,1416,1092.1600341796875,0.9480000138282776,278,반도체,Listed,0.0
2020-12-21,73100,73400,72000,73000,20367355,0.0,435794126150000,5969782550,37528,23.06,1.95,3166,1.94,1416,1098.97998046875,0.9409999847412109,278,반도체,Listed,0.0
2020-12-22,72500,73200,72100,72300,16304910,-0.9589041095890412,431615278365000,5969782550,37528,22.84,1.93,3166,1.96,1416,1101.8599853515625,0.9179999828338623,278,반도체,Listed,0.0
2020-12-23,72400,74000,72300,73900,19411326,2.2130013831258646,441166930445000,5969782550,37528,23.34,1.97,3166,1.92,1416,1107.97998046875,0.9549999833106995,278,반도체,Listed,0.0
2020-12-24,74100,78800,74000,77800,32502870,5.2774018944519625,464449082390000,5969782550,37528,24.57,2.07,3166,1.82,1416,1104.800048828125,0.9279999732971191,278,반도체,Listed,0.0
2020-12-28,79000,80100,78200,78700,40085044,1.1568123393316194,469821886685000,5969782550,37528,24.86,2.1,3166,1.8,1416,1099.0899658203125,0.9330000281333923,278,반도체,Listed,0.0
2020-12-29,78800,78900,77300,78300,30339449,-0.5082592121982211,467433973665000,5969782550,37528,24.73,2.09,3166,1.81,1416,1095.0,0.9350000023841858,278,반도체,Listed,0.0
2020-12-30,77400,81300,77300,81000,29417421,3.4482758620689653,483552386550000,5969782550,37528,25.58,2.16,3166,1.75,1416,1092.6199951171875,0.9259999990463257,278,반도체,Listed,0.0
2021-01-04,81000,84400,80200,83000,38655276,2.4691358024691357,495491951650000,5969782550,37528,26.22,2.21,3166,1.71,1416,1084.72998046875,0.9169999957084656,278,반도체,Listed,0.0
2021-01-05,81600,83900,81600,83900,35335669,1.0843373493975903,500864755945000,5969782550,37528,26.5,2.24,3166,1.69,1416,1086.6199951171875,0.9549999833106995,278,반도체,Listed,0.0
2021-01-06,83300,84500,82100,82200,42089013,-2.026221692491061,490716125610000,5969782550,37528,25.96,2.19,3166,1.72,1416,1086.449951171875,1.0420000553131104,278,반도체,Listed,0.0
2021-01-07,82800,84200,82700,82900,32644642,0.851581508515815,494894973395000,5969782550,37528,26.18,2.21,3166,1.71,1416,1086.949951171875,1.0709999799728394,278,반도체,Listed,0.0
2021-01-08,83300,90000,83000,88800,59013307,7.117008443908324,530116690440000,5969782550,37528,28.05,2.37,3166,1.59,1416,1093.0699462890625,1.1050000190734863,278,반도체,Listed,0.0
2021-01-11,90000,96800,89500,91000,90306177,2.4774774774774775,543250212050000,5969782550,37528,28.74,2.42,3166,1.56,1416,1092.8199462890625,1.1319999694824219,278,반도체,Listed,0.0
2021-01-12,90300,91400,87800,90600,48682416,-0.43956043956043955,540862299030000,5969782550,37528,28.62,2.41,3166,1.56,1416,1096.449951171875,1.1380000114440918,278,반도체,Listed,0.0
2021-01-13,89800,91200,89100,89700,36068848,-0.9933774834437087,535489494735000,5969782550,37528,28.33,2.39,3166,1.58,1416,1093.5400390625,1.0880000591278076,278,반도체,Listed,0.0
2021-01-14,88700,90000,88700,89700,26393970,0.0,535489494735000,5969782550,37528,28.33,2.39,3166,1.58,1416,1097.1099853515625,1.128999948501587,278,반도체,Listed,0.0
2021-01-15,89800,91800,88000,88000,33431809,-1.89520624303233,525340864400000,5969782550,37528,27.8,2.34,3166,1.61,1416,1094.9000244140625,1.097000002861023,278,반도체,Listed,0.0
2021-01-18,86600,87300,84100,85000,43227951,-3.4090909090909087,507431516750000,5969782550,37528,26.85,2.26,3166,1.67,1416,1102.9599609375,1.097000002861023,278,반도체,Listed,0.0
2021-01-19,84500,88000,83600,87000,39895044,2.3529411764705883,519371081850000,5969782550,37528,27.48,2.32,3166,1.63,1416,1103.0999755859375,1.0920000076293945,278,반도체,Listed,0.0
2021-01-20,89000,89000,86500,87200,25211127,0.22988505747126436,520565038360000,5969782550,37528,27.54,2.32,3166,1.62,1416,1100.989990234375,1.090000033378601,278,반도체,Listed,0.0
2021-01-21,87500,88600,86500,88100,25318011,1.0321100917431194,525937842655000,5969782550,37528,27.83,2.35,3166,1.61,1416,1096.25,1.1089999675750732,278,반도체,Listed,0.0
2021-01-22,89000,89700,86800,86800,30861661,-1.4755959137343928,518177125340000,5969782550,37528,27.42,2.31,3166,1.63,1416,1099.9000244140625,1.090999960899353,278,반도체,Listed,0.0
2021-01-25,87000,89900,86300,89400,27258534,2.995391705069124,533698559970000,5969782550,37528,28.24,2.38,3166,1.58,1416,1104.6400146484375,1.0399999618530273,278,반도체,Listed,0.0
2021-01-26,88800,89200,86500,86700,33178936,-3.0201342281879198,517580147085000,5969782550,37528,27.38,2.31,3166,1.63,1416,1101.72998046875,1.0399999618530273,278,반도체,Listed,0.0
2021-01-27,86600,87700,85600,85600,26423070,-1.2687427912341407,511013386280000,5969782550,37528,27.04,2.28,3166,1.65,1416,1101.0,1.0140000581741333,278,반도체,Listed,0.0
2021-01-28,83200,85600,83200,83700,31859808,-2.219626168224299,499670799435000,5969782550,37528,26.44,2.23,3166,1.69,1416,1107.5,1.0570000410079956,278,반도체,Listed,0.0
2021-01-29,84500,85000,82000,82000,39615978,-2.031063321385902,489522169100000,5969782550,37528,25.9,2.19,3166,1.73,1416,1112.2900390625,1.093000054359436,278,반도체,Listed,0.0
2021-02-01,81700,83400,81000,83000,28046832,1.2195121951219512,495491951650000,5969782550,37528,26.22,2.21,3166,1.71,1416,1117.4300537109375,1.0770000219345093,278,반도체,Listed,0.0
2021-02-02,84100,86400,83700,84400,26302077,1.6867469879518073,503849647220000,5969782550,37528,26.66,2.25,3166,1.68,1416,1116.8800048828125,1.1050000190734863,278,반도체,Listed,0.0
2021-02-03,84800,85400,83400,84600,22112205,0.23696682464454977,505043603730000,5969782550,37528,26.72,2.25,3166,1.67,1416,1113.6099853515625,1.13100004196167,278,반도체,Listed,0.0
2021-02-04,83500,83800,82100,82500,24171688,-2.4822695035460995,492507060375000,5969782550,37528,26.06,2.2,3166,1.72,1416,1113.1500244140625,1.1390000581741333,278,반도체,Listed,0.0
2021-02-05,83100,84000,82500,83500,18036835,1.2121212121212122,498476842925000,5969782550,37528,26.37,2.23,3166,1.7,1416,1119.1300048828125,1.1699999570846558,278,반도체,Listed,0.0
2021-02-08,83800,84200,83000,83000,15338765,-0.5988023952095809,495491951650000,5969782550,37528,26.22,2.21,3166,1.71,1416,1116.8499755859375,1.159999966621399,278,반도체,Listed,0.0
2021-02-09,84000,84800,82700,82700,20898332,-0.3614457831325301,493701016885000,5969782550,37528,26.12,2.2,3166,1.71,1416,1116.3299560546875,1.156999945640564,278,반도체,Listed,0.0
2021-02-10,82600,82600,81600,81600,23025766,-1.3301088270858523,487134256080000,5969782550,37528,25.77,2.17,3166,1.74,1416,1110.0,1.1330000162124634,278,반도체,Listed,0.0
2021-02-15,83800,84500,83300,84200,23529706,3.1862745098039214,502655690710000,5969782550,37528,26.6,2.24,3166,1.68,1416,1103.3699951171875,1.2000000476837158,278,반도체,Listed,0.0
2021-02-16,84500,86000,84200,84900,20483100,0.831353919239905,506834538495000,5969782550,37528,26.82,2.26,3166,1.67,1416,1102.239990234375,1.2990000247955322,278,반도체,Listed,0.0
2021-02-17,83900,84200,83000,83200,18307735,-2.0023557126030624,496685908160000,5969782550,37528,26.28,2.22,3166,1.7,1416,1106.4599609375,1.3009999990463257,278,반도체,Listed,0.0
2021-02-18,83200,83600,82100,82100,21327683,-1.3221153846153846,490119147355000,5969782550,37528,25.93,2.19,3166,1.72,1416,1104.550048828125,1.2869999408721924,278,반도체,Listed,0.0
2021-02-19,82300,82800,81000,82600,25880879,0.6090133982947624,493104038630000,5969782550,37528,26.09,2.2,3166,1.71,1416,1106.219970703125,1.3450000286102295,278,반도체,Listed,0.0
2021-02-22,83800,84200,82200,82200,25419886,-0.48426150121065376,490716125610000,5969782550,37528,25.96,2.19,3166,1.72,1416,1103.93994140625,1.3700000047683716,278,반도체,Listed,0.0
2021-02-23,81200,82900,81100,82000,20587314,-0.24330900243309003,489522169100000,5969782550,37528,25.9,2.19,3166,1.73,1416,1110.6700439453125,1.3619999885559082,278,반도체,Listed,0.0
2021-02-24,81800,83600,81300,82000,26807651,0.0,489522169100000,5969782550,37528,25.9,2.19,3166,1.73,1416,1109.31005859375,1.3890000581741333,278,반도체,Listed,0.0
2021-02-25,84000,85400,83000,85300,34155986,4.024390243902439,509222451515000,5969782550,37528,26.94,2.27,3166,1.66,1416,1107.2099609375,1.5180000066757202,278,반도체,Listed,0.0
2021-02-26,82800,83400,82000,82500,38520800,-3.2825322391559206,492507060375000,5969782550,37528,26.06,2.2,3166,1.72,1416,1119.1300048828125,1.4600000381469727,278,반도체,Listed,0.0
2021-03-02,85100,85300,83000,83600,33498180,1.3333333333333335,499073821180000,5969782550,37528,26.41,2.23,3166,1.69,1416,1101.8299560546875,1.4149999618530273,278,반도체,Listed,0.0
2021-03-03,83500,84000,82800,84000,19882132,0.4784688995215311,501461734200000,5969782550,37528,26.53,2.24,3166,1.69,1416,1124.3299560546875,1.4700000286102295,278,반도체,Listed,0.0
2021-03-04,82600,83200,82200,82400,24348331,-1.9047619047619049,491910082120000,5969782550,37528,26.03,2.2,3166,1.72,1416,1129.5,1.5499999523162842,278,반도체,Listed,0.0
2021-03-05,81100,82600,81100,82100,20508971,-0.3640776699029126,490119147355000,5969782550,37528,25.93,2.19,3166,1.72,1416,1133.3499755859375,1.5540000200271606,278,반도체,Listed,0.0
2021-03-08,82900,83000,81600,82000,17641256,-0.12180267965895249,489522169100000,5969782550,37528,25.9,2.19,3166,1.73,1416,1127.489990234375,1.5959999561309814,278,반도체,Listed,0.0
2021-03-09,81400,81900,80600,81400,25420764,-0.7317073170731708,485940299570000,5969782550,37528,25.71,2.17,3166,1.74,1416,1140.22998046875,1.5460000038146973,278,반도체,Listed,0.0
2021-03-10,82400,82500,80700,80900,20038422,-0.6142506142506142,482955408295000,5969782550,37528,25.55,2.16,3166,1.75,1416,1134.9100341796875,1.5199999809265137,278,반도체,Listed,0.0
2021-03-11,81000,82500,81000,82000,23818297,1.3597033374536465,489522169100000,5969782550,37528,25.9,2.19,3166,1.73,1416,1136.010009765625,1.5269999504089355,278,반도체,Listed,0.0
2021-03-12,83100,83500,82400,82800,13530573,0.975609756097561,494297995140000,5969782550,37528,26.15,2.21,3166,1.71,1416,1129.6400146484375,1.6349999904632568,278,반도체,Listed,0.0
2021-03-15,82800,82900,81800,81800,13735798,-1.2077294685990339,488328212590000,5969782550,37528,25.84,2.18,3166,1.73,1416,1134.5,1.6069999933242798,278,반도체,Listed,0.0
2021-03-16,82200,83000,82100,82800,12293537,1.2224938875305624,494297995140000,5969782550,37528,26.15,2.21,3166,1.71,1416,1131.3900146484375,1.621000051498413,278,반도체,Listed,0.0
2021-03-17,82800,82900,82000,82300,11625146,-0.6038647342995169,491313103865000,5969782550,37528,25.99,2.19,3166,1.72,1416,1129.8399658203125,1.6410000324249268,278,반도체,Listed,0.0
2021-03-18,82800,83800,82600,82900,18585244,0.7290400972053462,494894973395000,5969782550,37528,26.18,2.21,3166,1.71,1416,1121.1300048828125,1.7300000190734863,278,반도체,Listed,0.0
2021-03-19,82100,82500,81800,81900,15869700,-1.2062726176115801,488925190845000,5969782550,37528,25.87,2.18,3166,1.73,1416,1126.1099853515625,1.7319999933242798,278,반도체,Listed,0.0
2021-03-22,82000,82300,81700,82000,12670506,0.1221001221001221,489522169100000,5969782550,37528,25.9,2.19,3166,1.73,1416,1127.47998046875,1.684000015258789,278,반도체,Listed,0.0
2021-03-23,82600,82900,81800,81800,13299907,-0.24390243902439024,488328212590000,5969782550,37528,25.84,2.18,3166,1.73,1416,1125.1199951171875,1.6380000114440918,278,반도체,Listed,0.0
2021-03-24,81000,81600,80700,81000,17926638,-0.9779951100244498,483552386550000,5969782550,37528,25.58,2.16,3166,1.75,1416,1133.199951171875,1.6139999628067017,278,반도체,Listed,0.0
2021-03-25,81000,82100,80800,81200,14758826,0.24691358024691357,484746343060000,5969782550,37528,25.65,2.16,3166,1.74,1416,1134.47998046875,1.6139999628067017,278,반도체,Listed,0.0
2021-03-26,81400,81600,81000,81500,12845778,0.3694581280788177,486537277825000,5969782550,37528,25.74,2.17,3166,1.74,1416,1134.2099609375,1.659999966621399,278,반도체,Listed,0.0
2021-03-29,81700,81700,81000,81600,14952134,0.1226993865030675,487134256080000,5969782550,37528,25.77,2.17,3166,1.74,1416,1131.6500244140625,1.7209999561309814,278,반도체,Listed,0.0
2021-03-30,81600,82300,81300,82200,13121698,0.7352941176470588,490716125610000,5969782550,37528,25.96,2.19,3166,1.72,1416,1132.3199462890625,1.7259999513626099,278,반도체,Listed,0.0
2021-03-31,82400,82700,81400,81400,17240518,-0.9732360097323601,485940299570000,5969782550,37528,25.71,2.17,3166,1.74,1416,1127.199951171875,1.746000051498413,278,반도체,Listed,0.0
2021-04-01,82500,83000,82000,82900,18676461,1.8427518427518428,494894973395000,5969782550,37528,26.18,2.21,3166,1.71,1416,1128.06005859375,1.6790000200271606,278,반도체,Listed,0.0
2021-04-02,84000,85200,83900,84800,22997538,2.2919179734620023,506237560240000,5969782550,37528,26.78,2.26,3166,1.67,1416,1128.06005859375,1.6790000200271606,278,반도체,Listed,0.0
2021-04-05,85800,86000,84800,85400,16255990,0.7075471698113208,509819429770000,5969782550,37528,26.97,2.28,3166,1.66,1416,1124.1099853515625,1.7200000286102295,278,반도체,Listed,0.0
2021-04-06,86200,86200,85100,86000,19042023,0.702576112412178,513401299300000,5969782550,37528,27.16,2.29,3166,1.65,1416,1117.5,1.656000018119812,278,반도체,Listed,0.0
2021-04-07,86100,86200,85400,85600,17885538,-0.46511627906976744,511013386280000,5969782550,37528,27.04,2.28,3166,1.65,1416,1117.8599853515625,1.652999997138977,278,반도체,Listed,0.0
2021-04-08,85700,85700,84100,84700,19244259,-1.0514018691588785,505640581985000,5969782550,37528,26.75,2.26,3166,1.67,1416,1115.8399658203125,1.6319999694824219,278,반도체,Listed,0.0
2021-04-09,84700,84900,83400,83600,18193707,-1.2987012987012987,499073821180000,5969782550,37528,26.41,2.23,3166,1.69,1416,1115.8399658203125,1.6660000085830688,278,반도체,Listed,0.0
2021-04-12,84100,84100,83100,83200,12915282,-0.4784688995215311,496685908160000,5969782550,37528,26.28,2.22,3166,1.7,1416,1124.449951171875,1.6749999523162842,278,반도체,Listed,0.0
2021-04-13,83000,84500,82800,84000,15238206,0.9615384615384616,501461734200000,5969782550,37528,26.53,2.24,3166,1.69,1416,1120.68994140625,1.6230000257492065,278,반도체,Listed,0.0
2021-04-14,84000,84300,83400,84000,13794652,0.0,501461734200000,5969782550,37528,26.53,2.24,3166,1.69,1416,1116.1099853515625,1.6380000114440918,278,반도체,Listed,0.0
2021-04-15,83700,84500,83400,84100,16377412,0.11904761904761905,502058712455000,5969782550,37528,26.56,2.24,3166,1.68,1416,1115.6700439453125,1.5299999713897705,278,반도체,Listed,0.0
2021-04-16,84700,84700,83600,83900,15429522,-0.23781212841854932,500864755945000,5969782550,37528,26.5,2.24,3166,1.69,1416,1115.6700439453125,1.5729999542236328,278,반도체,Listed,0.0
2021-04-19,83800,84000,83300,83300,15287311,-0.7151370679380215,497282886415000,5969782550,37528,26.31,2.22,3166,1.7,1416,1114.469970703125,1.6009999513626099,278,반도체,Listed,0.0
2021-04-20,83300,84000,83100,83900,15521965,0.7202881152460985,500864755945000,5969782550,37528,26.5,2.24,3166,1.69,1416,1116.1099853515625,1.562000036239624,278,반도체,Listed,0.0
2021-04-21,83300,83500,82500,82600,21636079,-1.5494636471990464,493104038630000,5969782550,37528,26.09,2.2,3166,1.71,1416,1115.6600341796875,1.5640000104904175,278,반도체,Listed,0.0
2021-04-22,82900,83000,82400,82400,13934746,-0.24213075060532688,491910082120000,5969782550,37528,26.03,2.2,3166,1.72,1416,1118.5899658203125,1.5540000200271606,278,반도체,Listed,0.0
2021-04-23,81900,82900,81600,82800,17805080,0.48543689320388345,494297995140000,5969782550,37528,26.15,2.21,3166,1.71,1416,1118.5899658203125,1.5670000314712524,278,반도체,Listed,0.0
2021-04-26,82900,83500,82600,83500,15489938,0.8454106280193237,498476842925000,5969782550,37528,26.37,2.23,3166,1.7,1416,1109.22998046875,1.5700000524520874,278,반도체,Listed,0.0
2021-04-27,83200,83300,82500,82900,12941533,-0.718562874251497,494894973395000,5969782550,37528,26.18,2.21,3166,1.71,1416,1112.1500244140625,1.621999979019165,278,반도체,Listed,0.0
2021-04-28,83200,83200,82100,82100,15596759,-0.9650180940892641,490119147355000,5969782550,37528,25.93,2.19,3166,1.72,1416,1108.6600341796875,1.6200000047683716,278,반도체,Listed,0.0
2021-04-29,82400,82500,81500,81700,20000973,-0.48721071863580995,487731234335000,5969782550,37528,25.81,2.18,3166,1.73,1416,1106.6300048828125,1.6399999856948853,278,반도체,Listed,0.0
2021-04-30,81900,82100,81500,81500,18673197,-0.24479804161566704,486537277825000,5969782550,37528,25.74,2.17,3166,1.74,1416,1106.6300048828125,1.63100004196167,278,반도체,Listed,0.0
2021-05-03,81000,82400,81000,81700,15710336,0.245398773006135,487731234335000,5969782550,39406,21.27,2.07,3841,3.66,2994,1120.4000244140625,1.6069999933242798,278,반도체,Listed,0.0
2021-05-04,81900,82600,81800,82600,12532550,1.101591187270502,493104038630000,5969782550,39406,21.5,2.1,3841,3.62,2994,1124.9100341796875,1.5920000076293945,278,반도체,Listed,0.0
2021-05-06,81700,82300,81700,82300,17047511,-0.36319612590799033,491313103865000,5969782550,39406,21.43,2.09,3841,3.64,2994,1119.3900146484375,1.5609999895095825,278,반도체,Listed,0.0
2021-05-07,81800,82100,81500,81900,14154882,-0.48602673147023084,488925190845000,5969782550,39406,21.32,2.08,3841,3.66,2994,1119.3900146484375,1.5770000219345093,278,반도체,Listed,0.0
2021-05-10,82300,83500,81800,83200,19385027,1.5873015873015872,496685908160000,5969782550,39406,21.66,2.11,3841,3.6,2994,1115.5400390625,1.6019999980926514,278,반도체,Listed,0.0
2021-05-11,82500,82600,81100,81200,28996680,-2.403846153846154,484746343060000,5969782550,39406,21.14,2.06,3841,3.69,2994,1118.22998046875,1.6239999532699585,278,반도체,Listed,0.0
2021-05-12,80800,81200,79800,80000,35812268,-1.477832512315271,477582604000000,5969782550,39406,20.83,2.03,3841,3.74,2994,1131.5999755859375,1.6950000524520874,278,반도체,Listed,0.0
2021-05-13,78900,79600,78400,78500,31490096,-1.875,468627930175000,5969782550,39406,20.44,1.99,3841,3.81,2994,1125.699951171875,1.6679999828338623,278,반도체,Listed,0.0
2021-05-14,79000,80300,78900,80100,16450920,2.038216560509554,478179582255000,5969782550,39406,20.85,2.03,3841,3.74,2994,1125.699951171875,1.6349999904632568,278,반도체,Listed,0.0
2021-05-17,80800,80900,79200,79600,17740855,-0.6242197253433208,475194690980000,5969782550,39406,20.72,2.02,3841,3.76,2994,1135.510009765625,1.6399999856948853,278,반도체,Listed,0.0
2021-05-18,79600,80000,79100,79600,17494407,0.0,475194690980000,5969782550,39406,20.72,2.02,3841,3.76,2994,1127.1400146484375,1.6419999599456787,278,반도체,Listed,0.0
2021-05-20,79400,79700,79100,79500,16541828,-0.12562814070351758,474597712725000,5969782550,39406,20.7,2.02,3841,3.77,2994,1127.050048828125,1.6339999437332153,278,반도체,Listed,0.0
2021-05-21,80100,81500,79800,80100,20961714,0.7547169811320755,478179582255000,5969782550,39406,20.85,2.03,3841,3.74,2994,1127.050048828125,1.6319999694824219,278,반도체,Listed,0.0
2021-05-24,80100,80400,79500,79700,13398666,-0.4993757802746567,475791669235000,5969782550,39406,20.75,2.02,3841,3.76,2994,1122.18994140625,1.6080000400543213,278,반도체,Listed,0.0
2021-05-25,80000,80400,79800,79900,13628942,0.2509410288582183,476985625745000,5969782550,39406,20.8,2.03,3841,3.75,2994,1121.3800048828125,1.5640000104904175,278,반도체,Listed,0.0
2021-05-26,80400,80500,79700,79800,11984359,-0.1251564455569462,476388647490000,5969782550,39406,20.78,2.03,3841,3.75,2994,1115.52001953125,1.5740000009536743,278,반도체,Listed,0.0
2021-05-27,80000,80000,79100,79600,23198510,-0.2506265664160401,475194690980000,5969782550,39406,20.72,2.02,3841,3.76,2994,1117.300048828125,1.6100000143051147,278,반도체,Listed,0.0
2021-05-28,79800,80400,79400,80100,12360199,0.628140703517588,478179582255000,5969782550,39406,20.85,2.03,3841,3.74,2994,1117.300048828125,1.5809999704360962,278,반도체,Listed,0.0
2021-05-31,80300,80600,79600,80500,13321324,0.4993757802746567,480567495275000,5969782550,39406,20.96,2.04,3841,3.72,2994,1106.97998046875,1.5809999704360962,278,반도체,Listed,0.0
2021-06-01,80500,81300,80100,80600,14058401,0.12422360248447205,481164473530000,5969782550,39406,20.98,2.05,3841,3.71,2994,1107.2099609375,1.6150000095367432,278,반도체,Listed,0.0
2021-06-02,80400,81400,80300,80800,16414644,0.24813895781637718,482358430040000,5969782550,39406,21.04,2.05,3841,3.71,2994,1109.8800048828125,1.590999960899353,278,반도체,Listed,0.0
2021-06-03,81300,83000,81100,82800,29546007,2.4752475247524752,494297995140000,5969782550,39406,21.56,2.1,3841,3.62,2994,1115.43994140625,1.625,278,반도체,Listed,0.0
2021-06-04,82700,82700,81500,82200,18112259,-0.7246376811594203,490716125610000,5969782550,39406,21.4,2.09,3841,3.64,2994,1115.43994140625,1.559999942779541,278,반도체,Listed,0.0
2021-06-07,82700,82800,81600,81900,16496197,-0.36496350364963503,488925190845000,5969782550,39406,21.32,2.08,3841,3.66,2994,1109.3199462890625,1.569000005722046,278,반도체,Listed,0.0
2021-06-08,82300,82600,81800,81900,12781226,0.0,488925190845000,5969782550,39406,21.32,2.08,3841,3.66,2994,1116.8900146484375,1.527999997138977,278,반도체,Listed,0.0
2021-06-09,81500,82000,81100,81100,14908823,-0.9768009768009768,484149364805000,5969782550,39406,21.11,2.06,3841,3.69,2994,1116.4100341796875,1.4889999628067017,278,반도체,Listed,0.0
2021-06-10,81300,81400,80900,81000,17586995,-0.12330456226880394,483552386550000,5969782550,39406,21.09,2.06,3841,3.7,2994,1111.260009765625,1.4589999914169312,278,반도체,Listed,0.0
2021-06-11,81200,81700,80700,81000,14087962,0.0,483552386550000,5969782550,39406,21.09,2.06,3841,3.7,2994,1111.260009765625,1.4620000123977661,278,반도체,Listed,0.0
2021-06-14,80800,80900,80500,80500,10550078,-0.6172839506172839,480567495275000,5969782550,39406,20.96,2.04,3841,3.72,2994,1116.3199462890625,1.5010000467300415,278,반도체,Listed,0.0
2021-06-15,80900,81200,80600,80900,10075685,0.4968944099378882,482955408295000,5969782550,39406,21.06,2.05,3841,3.7,2994,1116.030029296875,1.4989999532699585,278,반도체,Listed,0.0
2021-06-16,81500,81900,81100,81800,14999855,1.1124845488257107,488328212590000,5969782550,39406,21.3,2.08,3841,3.66,2994,1131.949951171875,1.569000005722046,278,반도체,Listed,0.0
2021-06-17,81100,81300,80700,80900,14007385,-1.1002444987775062,482955408295000,5969782550,39406,21.06,2.05,3841,3.7,2994,1133.5400390625,1.5110000371932983,278,반도체,Listed,0.0
2021-06-18,81100,81100,80500,80500,14916721,-0.4944375772558714,480567495275000,5969782550,39406,20.96,2.04,3841,3.72,2994,1133.5400390625,1.4500000476837158,278,반도체,Listed,0.0
2021-06-21,79700,80000,79600,79900,16063340,-0.7453416149068323,476985625745000,5969782550,39406,20.8,2.03,3841,3.75,2994,1130.3399658203125,1.4839999675750732,278,반도체,Listed,0.0
2021-06-22,80200,80300,79900,80000,11773365,0.1251564455569462,477582604000000,5969782550,39406,20.83,2.03,3841,3.74,2994,1132.510009765625,1.472000002861023,278,반도체,Listed,0.0
2021-06-23,80500,80600,79900,80100,13856548,0.125,478179582255000,5969782550,39406,20.85,2.03,3841,3.74,2994,1132.6099853515625,1.4869999885559082,278,반도체,Listed,0.0
2021-06-24,80400,81400,80100,81200,18771080,1.373283395755306,484746343060000,5969782550,39406,21.14,2.06,3841,3.69,2994,1130.800048828125,1.4869999885559082,278,반도체,Listed,0.0
2021-06-25,81500,81900,81200,81600,13481405,0.49261083743842365,487134256080000,5969782550,39406,21.24,2.07,3841,3.67,2994,1130.800048828125,1.5360000133514404,278,반도체,Listed,0.0
2021-06-28,81700,82000,81600,81900,11578529,0.3676470588235294,488925190845000,5969782550,39406,21.32,2.08,3841,3.66,2994,1129.0400390625,1.4780000448226929,278,반도체,Listed,0.0
2021-06-29,81900,82100,80800,81000,15744317,-1.098901098901099,483552386550000,5969782550,39406,21.09,2.06,3841,3.7,2994,1130.510009765625,1.4800000190734863,278,반도체,Listed,0.0
2021-06-30,81100,81400,80700,80700,13288643,-0.3703703703703704,481761451785000,5969782550,39406,21.01,2.05,3841,3.71,2994,1129.5999755859375,1.4429999589920044,278,반도체,Listed,0.0
2021-07-01,80500,80600,80000,80100,13382882,-0.7434944237918215,478179582255000,5969782550,39406,20.85,2.03,3841,3.74,2994,1132.4100341796875,1.4800000190734863,278,반도체,Listed,0.0
2021-07-02,80000,80400,79900,80000,8753097,-0.12484394506866417,477582604000000,5969782550,39406,20.83,2.03,3841,3.74,2994,1132.4100341796875,1.430999994277954,278,반도체,Listed,0.0
2021-07-05,80100,80800,80000,80400,8330969,0.5,479970517020000,5969782550,39406,20.93,2.04,3841,3.72,2994,1129.43994140625,1.430999994277954,278,반도체,Listed,0.0
2021-07-06,80600,81200,80500,81200,12131651,0.9950248756218906,484746343060000,5969782550,39406,21.14,2.06,3841,3.69,2994,1135.47998046875,1.3700000047683716,278,반도체,Listed,0.0
2021-07-07,81200,81300,80300,80800,15992202,-0.49261083743842365,482358430040000,5969782550,39406,21.04,2.05,3841,3.71,2994,1140.52001953125,1.3209999799728394,278,반도체,Listed,0.0
2021-07-08,81100,81200,79900,79900,16660998,-1.1138613861386137,476985625745000,5969782550,39406,20.8,2.03,3841,3.75,2994,1146.280029296875,1.2879999876022339,278,반도체,Listed,0.0
2021-07-09,79600,79800,79000,79400,22720577,-0.6257822277847309,474000734470000,5969782550,39406,20.67,2.01,3841,3.77,2994,1146.280029296875,1.3559999465942383,278,반도체,Listed,0.0
2021-07-12,79900,80000,79500,79700,9768108,0.3778337531486146,475791669235000,5969782550,39406,20.75,2.02,3841,3.76,2994,1141.0999755859375,1.3630000352859497,278,반도체,Listed,0.0
2021-07-13,80000,80200,79800,79800,9863450,0.12547051442910914,476388647490000,5969782550,39406,20.78,2.03,3841,3.75,2994,1148.699951171875,1.4149999618530273,278,반도체,Listed,0.0
2021-07-14,79400,79600,79100,79500,11575636,-0.37593984962406013,474597712725000,5969782550,39406,20.7,2.02,3841,3.77,2994,1143.4100341796875,1.3559999465942383,278,반도체,Listed,0.0
2021-07-15,79800,80600,79500,80600,13766279,1.3836477987421385,481164473530000,5969782550,39406,20.98,2.05,3841,3.71,2994,1140.1199951171875,1.2970000505447388,278,반도체,Listed,0.0
2021-07-16,80100,80100,79500,79800,10859399,-0.9925558312655087,476388647490000,5969782550,39406,20.78,2.03,3841,3.75,2994,1140.1199951171875,1.2999999523162842,278,반도체,Listed,0.0
2021-07-19,79100,79200,78800,79000,13155414,-1.0025062656641603,471612821450000,5969782550,39406,20.57,2.0,3841,3.79,2994,1150.0699462890625,1.180999994277954,278,반도체,Listed,0.0
2021-07-20,78500,79000,78400,79000,12456646,0.0,471612821450000,5969782550,39406,20.57,2.0,3841,3.79,2994,1147.47998046875,1.2089999914169312,278,반도체,Listed,0.0
2021-07-21,79000,79100,78500,78500,12355296,-0.6329113924050633,468627930175000,5969782550,39406,20.44,1.99,3841,3.81,2994,1148.68994140625,1.2799999713897705,278,반도체,Listed,0.0
2021-07-22,79000,79800,78900,79700,12618790,1.5286624203821657,475791669235000,5969782550,39406,20.75,2.02,3841,3.76,2994,1149.9100341796875,1.2649999856948853,278,반도체,Listed,0.0
2021-07-23,79700,79900,79200,79300,9098910,-0.5018820577164366,473403756215000,5969782550,39406,20.65,2.01,3841,3.78,2994,1149.9100341796875,1.2860000133514404,278,반도체,Listed,0.0
2021-07-26,79400,79500,78800,78800,10040975,-0.6305170239596469,470418864940000,5969782550,39406,20.52,2.0,3841,3.8,2994,1151.760009765625,1.2760000228881836,278,반도체,Listed,0.0
2021-07-27,79200,79400,78500,78500,11427693,-0.3807106598984772,468627930175000,5969782550,39406,20.44,1.99,3841,3.81,2994,1153.56005859375,1.2339999675750732,278,반도체,Listed,0.0
2021-07-28,78300,79200,78100,79200,12743417,0.89171974522293,472806777960000,5969782550,39406,20.62,2.01,3841,3.78,2994,1149.4100341796875,1.2610000371932983,278,반도체,Listed,0.0
2021-07-29,78800,79400,78800,79000,14360453,-0.25252525252525254,471612821450000,5969782550,39406,20.57,2.0,3841,3.79,2994,1142.1199951171875,1.2690000534057617,278,반도체,Listed,0.0
2021-07-30,78900,78900,78500,78500,13823411,-0.6329113924050633,468627930175000,5969782550,39406,20.44,1.99,3841,3.81,2994,1142.1199951171875,1.2389999628067017,278,반도체,Listed,0.0
2021-08-02,79200,79500,78700,79300,11739124,1.019108280254777,473403756215000,5969782550,39406,20.65,2.01,3841,3.78,2994,1149.56005859375,1.1740000247955322,278,반도체,Listed,0.0
2021-08-03,79400,81400,79300,81400,24339360,2.648171500630517,485940299570000,5969782550,39406,21.19,2.07,3841,3.68,2994,1148.5799560546875,1.1759999990463257,278,반도체,Listed,0.0
2021-08-04,82200,83100,81800,82900,25642368,1.8427518427518428,494894973395000,5969782550,39406,21.58,2.1,3841,3.61,2994,1144.06005859375,1.184000015258789,278,반도체,Listed,0.0
2021-08-05,83300,83300,82000,82100,18485469,-0.9650180940892641,490119147355000,5969782550,39406,21.37,2.08,3841,3.65,2994,1143.1199951171875,1.2170000076293945,278,반도체,Listed,0.0
2021-08-06,81900,82500,81300,81500,13342623,-0.730816077953715,486537277825000,5969782550,39406,21.22,2.07,3841,3.67,2994,1143.1199951171875,1.2899999618530273,278,반도체,Listed,0.0
2021-08-09,81500,82300,80900,81500,15522581,0.0,486537277825000,5969782550,39406,21.22,2.07,3841,3.67,2994,1145.8900146484375,1.3170000314712524,278,반도체,Listed,0.0
2021-08-10,82300,82400,80100,80200,20362639,-1.5950920245398774,478776560510000,5969782550,39406,20.88,2.04,3841,3.73,2994,1152.47998046875,1.3420000076293945,278,반도체,Listed,0.0
2021-08-11,79600,79800,78500,78500,30241137,-2.119700748129676,468627930175000,5969782550,39406,20.44,1.99,3841,3.81,2994,1152.8499755859375,1.3289999961853027,278,반도체,Listed,0.0
2021-08-12,77100,78200,76900,77000,42365223,-1.910828025477707,459673256350000,5969782550,39406,20.05,1.95,3841,3.89,2994,1162.06005859375,1.3669999837875366,278,반도체,Listed,0.0
2021-08-13,75800,76000,74100,74400,61270643,-3.3766233766233764,444151821720000,5969782550,39406,19.37,1.89,3841,4.02,2994,1162.06005859375,1.2970000505447388,278,반도체,Listed,0.0
2021-08-17,74000,75100,74000,74200,30944847,-0.2688172043010753,442957865210000,5969782550,39406,19.32,1.88,3841,4.04,2994,1176.449951171875,1.2580000162124634,278,반도체,Listed,0.0
2021-08-18,73900,74600,73100,73900,29192631,-0.40431266846361186,441166930445000,5969782550,39406,19.24,1.88,3841,4.05,2994,1169.6800537109375,1.2730000019073486,278,반도체,Listed,0.0
2021-08-19,73500,74400,73100,73100,22166298,-1.0825439783491204,436391104405000,5969782550,39406,19.03,1.86,3841,4.1,2994,1175.3900146484375,1.2419999837875366,278,반도체,Listed,0.0
2021-08-20,73500,73900,72500,72700,22364803,-0.5471956224350205,434003191385000,5969782550,39406,18.93,1.84,3841,4.12,2994,1175.3900146484375,1.2599999904632568,278,반도체,Listed,0.0
2021-08-23,73300,74000,73000,73300,19384648,0.8253094910591471,437585060915000,5969782550,39406,19.08,1.86,3841,4.08,2994,1167.6099853515625,1.2549999952316284,278,반도체,Listed,0.0
2021-08-24,73900,75700,73900,75600,21016913,3.1377899045020468,451315560780000,5969782550,39406,19.68,1.92,3841,3.96,2994,1163.469970703125,1.2899999618530273,278,반도체,Listed,0.0
2021-08-25,76200,76600,74900,75700,22319664,0.13227513227513227,451912539035000,5969782550,39406,19.71,1.92,3841,3.96,2994,1163.3299560546875,1.3420000076293945,278,반도체,Listed,0.0
2021-08-26,76100,76200,74600,74600,16671494,-1.453104359313078,445345778230000,5969782550,39406,19.42,1.89,3841,4.01,2994,1170.0,1.3420000076293945,278,반도체,Listed,0.0
2021-08-27,74300,75000,73800,74300,15172748,-0.40214477211796246,443554843465000,5969782550,39406,19.34,1.89,3841,4.03,2994,1170.0,1.312000036239624,278,반도체,Listed,0.0
2021-08-30,75400,75500,74200,74600,12686999,0.4037685060565276,445345778230000,5969782550,39406,19.42,1.89,3841,4.01,2994,1165.510009765625,1.284999966621399,278,반도체,Listed,0.0
2021-08-31,74900,76700,74300,76700,24630370,2.8150134048257374,457882321585000,5969782550,39406,19.97,1.95,3841,3.9,2994,1158.4100341796875,1.3040000200271606,278,반도체,Listed,0.0
2021-09-01,76700,77100,75900,76800,16114775,0.1303780964797914,458479299840000,5969782550,39406,19.99,1.95,3841,3.9,2994,1155.280029296875,1.3020000457763672,278,반도체,Listed,0.0
2021-09-02,76800,76800,75700,76000,15347486,-1.0416666666666665,453703473800000,5969782550,39406,19.79,1.93,3841,3.94,2994,1157.1300048828125,1.2940000295639038,278,반도체,Listed,0.0
2021-09-03,76400,76700,76000,76600,12096419,0.7894736842105263,457285343330000,5969782550,39406,19.94,1.94,3841,3.91,2994,1157.1300048828125,1.3220000267028809,278,반도체,Listed,0.0
2021-09-06,76800,77600,76600,77300,12861180,0.9138381201044387,461464191115000,5969782550,39406,20.12,1.96,3841,3.87,2994,1155.5400390625,1.3220000267028809,278,반도체,Listed,0.0
2021-09-07,77100,77100,75900,76100,13239401,-1.5523932729624839,454300452055000,5969782550,39406,19.81,1.93,3841,3.93,2994,1161.0,1.3700000047683716,278,반도체,Listed,0.0
2021-09-08,76000,76400,75600,76300,11798147,0.2628120893561104,455494408565000,5969782550,39406,19.86,1.94,3841,3.92,2994,1166.489990234375,1.3339999914169312,278,반도체,Listed,0.0
2021-09-09,76400,76600,75000,75300,17600770,-1.310615989515072,449524626015000,5969782550,39406,19.6,1.91,3841,3.98,2994,1169.1300048828125,1.2990000247955322,278,반도체,Listed,0.0
2021-09-10,75300,75600,74800,75300,10103212,0.0,449524626015000,5969782550,39406,19.6,1.91,3841,3.98,2994,1169.1300048828125,1.340999960899353,278,반도체,Listed,0.0
2021-09-13,75200,76300,75100,76300,11397775,1.3280212483399734,455494408565000,5969782550,39406,19.86,1.94,3841,3.92,2994,1171.1099853515625,1.3240000009536743,278,반도체,Listed,0.0
2021-09-14,77100,77700,76600,76600,18167057,0.39318479685452157,457285343330000,5969782550,39406,19.94,1.94,3841,3.91,2994,1170.800048828125,1.2769999504089355,278,반도체,Listed,0.0
2021-09-15,77400,77400,76400,77000,12829128,0.5221932114882507,459673256350000,5969782550,39406,20.05,1.95,3841,3.89,2994,1165.219970703125,1.3040000200271606,278,반도체,Listed,0.0
2021-09-16,77300,77400,76100,76100,13067622,-1.1688311688311688,454300452055000,5969782550,39406,19.81,1.93,3841,3.93,2994,1174.4200439453125,1.3309999704360962,278,반도체,Listed,0.0
2021-09-17,76300,77200,75900,77200,16289502,1.445466491458607,460867212860000,5969782550,39406,20.1,1.96,3841,3.88,2994,1174.4200439453125,1.3700000047683716,278,반도체,Listed,0.0
2021-09-23,77500,77600,76800,77400,17055590,0.2590673575129534,462061169370000,5969782550,39406,20.15,1.96,3841,3.87,2994,1174.699951171875,1.409999966621399,278,반도체,Listed,0.0
2021-09-24,77600,77700,77100,77300,12247274,-0.12919896640826875,461464191115000,5969782550,39406,20.12,1.96,3841,3.87,2994,1174.699951171875,1.4600000381469727,278,반도체,Listed,0.0
2021-09-27,77300,77700,77000,77700,11699798,0.517464424320828,463852104135000,5969782550,39406,20.23,1.97,3841,3.85,2994,1176.9599609375,1.4839999675750732,278,반도체,Listed,0.0
2021-09-28,77700,77800,76200,76300,15406382,-1.8018018018018018,455494408565000,5969782550,39406,19.86,1.94,3841,3.92,2994,1186.8900146484375,1.534000039100647,278,반도체,Listed,0.0
2021-09-29,74800,75300,73800,74100,23992458,-2.8833551769331587,442360886955000,5969782550,39406,19.29,1.88,3841,4.04,2994,1187.4300537109375,1.5410000085830688,278,반도체,Listed,0.0
2021-09-30,74300,74800,73700,74100,19919361,0.0,442360886955000,5969782550,39406,19.29,1.88,3841,4.04,2994,1183.719970703125,1.5290000438690186,278,반도체,Listed,0.0
2021-10-01,73900,74000,72900,73200,15803395,-1.214574898785425,436988082660000,5969782550,39406,19.06,1.86,3841,4.09,2994,1183.719970703125,1.4789999723434448,278,반도체,Listed,0.0
2021-10-05,73000,73000,71400,72200,24013921,-1.366120218579235,431018300110000,5969782550,39406,18.8,1.83,3841,4.15,2994,1187.1700439453125,1.5290000438690186,278,반도체,Listed,0.0
2021-10-06,72600,72800,71200,71300,18956962,-1.2465373961218837,425645495815000,5969782550,39406,18.56,1.81,3841,4.2,2994,1191.3800048828125,1.5240000486373901,278,반도체,Listed,0.0
2021-10-07,71600,72100,71300,71600,13683532,0.42075736325385693,427436430580000,5969782550,39406,18.64,1.82,3841,4.18,2994,1191.1500244140625,1.5709999799728394,278,반도체,Listed,0.0
2021-10-08,72300,72400,71500,71500,14043287,-0.13966480446927373,426839452325000,5969782550,39406,18.61,1.81,3841,4.19,2994,1191.1500244140625,1.6050000190734863,278,반도체,Listed,0.0
2021-10-12,70700,70900,68700,69000,31001484,-3.4965034965034967,411914995950000,5969782550,39406,17.96,1.75,3841,4.34,2994,1196.8900146484375,1.5800000429153442,278,반도체,Listed,0.0
2021-10-13,68700,69600,68300,68800,24172015,-0.2898550724637681,410721039440000,5969782550,39406,17.91,1.75,3841,4.35,2994,1186.7099609375,1.5490000247955322,278,반도체,Listed,0.0
2021-10-14,69000,69800,68800,69400,19520641,0.872093023255814,414302908970000,5969782550,39406,18.07,1.76,3841,4.31,2994,1182.1300048828125,1.5190000534057617,278,반도체,Listed,0.0
2021-10-15,70200,71000,70000,70100,18051612,1.0086455331412103,418481756755000,5969782550,39406,18.25,1.78,3841,4.27,2994,1182.1300048828125,1.5759999752044678,278,반도체,Listed,0.0
2021-10-18,70200,70300,69200,70200,13486391,0.14265335235378032,419078735010000,5969782550,39406,18.28,1.78,3841,4.26,2994,1185.6800537109375,1.5839999914169312,278,반도체,Listed,0.0
2021-10-19,70800,71000,70400,70600,9507991,0.5698005698005698,421466648030000,5969782550,39406,18.38,1.79,3841,4.24,2994,1175.6500244140625,1.6349999904632568,278,반도체,Listed,0.0
2021-10-20,70700,71000,70200,70300,10151638,-0.424929178470255,419675713265000,5969782550,39406,18.3,1.78,3841,4.26,2994,1174.5899658203125,1.6360000371932983,278,반도체,Listed,0.0
2021-10-21,70300,70600,70000,70200,10891094,-0.1422475106685633,419078735010000,5969782550,39406,18.28,1.78,3841,4.26,2994,1176.550048828125,1.6759999990463257,278,반도체,Listed,0.0
2021-10-22,70000,70700,70000,70400,8395448,0.2849002849002849,420272691520000,5969782550,39406,18.33,1.79,3841,4.25,2994,1176.550048828125,1.6549999713897705,278,반도체,Listed,0.0
2021-10-25,69900,70600,69500,70200,10029621,-0.2840909090909091,419078735010000,5969782550,39406,18.28,1.78,3841,4.26,2994,1167.06005859375,1.6349999904632568,278,반도체,Listed,0.0
2021-10-26,70600,71500,70400,71100,10528252,1.282051282051282,424451539305000,5969782550,39406,18.51,1.8,3841,4.21,2994,1167.3299560546875,1.61899995803833,278,반도체,Listed,0.0
2021-10-27,71000,71000,70000,70100,10295316,-1.4064697609001406,418481756755000,5969782550,39406,18.25,1.78,3841,4.27,2994,1172.1700439453125,1.5290000438690186,278,반도체,Listed,0.0
2021-10-28,69500,72200,69500,70700,20644902,0.8559201141226819,422063626285000,5969782550,39406,18.41,1.79,3841,4.23,2994,1167.3699951171875,1.5679999589920044,278,반도체,Listed,0.0
2021-10-29,71200,71600,69700,69800,17016151,-1.272984441301273,416690821990000,5969782550,39406,18.17,1.77,3841,4.29,2994,1167.3699951171875,1.5570000410079956,278,반도체,Listed,0.0
2021-11-01,70200,70600,69900,69900,11503729,0.14326647564469913,417287800245000,5969782550,39406,18.2,1.77,3841,4.28,2994,1174.3800048828125,1.5750000476837158,278,반도체,Listed,0.0
2021-11-02,70800,72200,70700,71500,16812570,2.28898426323319,426839452325000,5969782550,39406,18.61,1.81,3841,4.19,2994,1176.5699462890625,1.5490000247955322,278,반도체,Listed,0.0
2021-11-03,71700,71700,70100,70400,12770428,-1.5384615384615385,420272691520000,5969782550,39406,18.33,1.79,3841,4.25,2994,1178.0400390625,1.5789999961853027,278,반도체,Listed,0.0
2021-11-04,71200,71600,70500,70600,11818987,0.2840909090909091,421466648030000,5969782550,39406,18.38,1.79,3841,4.24,2994,1179.3399658203125,1.5240000486373901,278,반도체,Listed,0.0
2021-11-05,71600,71600,70200,70200,12667743,-0.56657223796034,419078735010000,5969782550,39406,18.28,1.78,3841,4.26,2994,1185.8299560546875,1.4529999494552612,278,반도체,Listed,0.0
2021-11-08,70400,70600,69800,70600,11121981,0.5698005698005698,421466648030000,5969782550,39406,18.38,1.79,3841,4.24,2994,1180.5,1.496999979019165,278,반도체,Listed,0.0
2021-11-09,70300,71000,70100,70500,11159589,-0.141643059490085,420869669775000,5969782550,39406,18.35,1.79,3841,4.25,2994,1199.8599853515625,1.4320000410079956,278,반도체,Listed,0.0
2021-11-10,70300,70900,70200,70200,9422009,-0.425531914893617,419078735010000,5969782550,39406,18.28,1.78,3841,4.26,2994,1177.5,1.559999942779541,278,반도체,Listed,0.0
2021-11-11,69900,70000,69600,69900,11489122,-0.4273504273504274,417287800245000,5969782550,39406,18.2,1.77,3841,4.28,2994,1184.1400146484375,1.559999942779541,278,반도체,Listed,0.0
2021-11-12,70200,70900,69900,70600,10087450,1.0014306151645207,421466648030000,5969782550,39406,18.38,1.79,3841,4.24,2994,1183.1099853515625,1.5820000171661377,278,반도체,Listed,0.0
2021-11-15,71700,71900,70900,71400,12420710,1.13314447592068,426242474070000,5969782550,39406,18.59,1.81,3841,4.19,2994,1179.1099853515625,1.6230000257492065,278,반도체,Listed,0.0
2021-11-16,71500,72000,71300,71300,10919239,-0.1400560224089636,425645495815000,5969782550,39406,18.56,1.81,3841,4.2,2994,1183.510009765625,1.6339999437332153,278,반도체,Listed,0.0
2021-11-17,71300,71600,70600,70700,11027606,-0.8415147265077139,422063626285000,5969782550,39406,18.41,1.79,3841,4.23,2994,1184.050048828125,1.6039999723434448,278,반도체,Listed,0.0
2021-11-18,70700,71000,70200,70200,10144957,-0.7072135785007072,419078735010000,5969782550,39406,18.28,1.78,3841,4.26,2994,1181.22998046875,1.5889999866485596,278,반도체,Listed,0.0
2021-11-19,70400,71400,70100,71200,11954728,1.4245014245014245,425048517560000,5969782550,39406,18.54,1.81,3841,4.21,2994,1182.9000244140625,1.5360000133514404,278,반도체,Listed,0.0
2021-11-22,73300,75200,73000,74900,27506623,5.196629213483146,447136712995000,5969782550,39406,19.5,1.9,3841,4.0,2994,1191.6300048828125,1.625,278,반도체,Listed,0.0
2021-11-23,76000,76000,74500,75300,22029195,0.5340453938584779,449524626015000,5969782550,39406,19.6,1.91,3841,3.98,2994,1189.5,1.6670000553131104,278,반도체,Listed,0.0
2021-11-24,76000,76200,74100,74800,15652305,-0.6640106241699867,446539734740000,5969782550,39406,19.47,1.9,3841,4.0,2994,1189.949951171875,1.6449999809265137,278,반도체,Listed,0.0
2021-11-25,75100,75100,73600,73700,12559258,-1.4705882352941175,439972973935000,5969782550,39406,19.19,1.87,3841,4.06,2994,1187.8800048828125,1.6449999809265137,278,반도체,Listed,0.0
2021-11-26,73500,74100,72000,72300,13002242,-1.8995929443690638,431615278365000,5969782550,39406,18.82,1.83,3841,4.14,2994,1190.219970703125,1.4819999933242798,278,반도체,Listed,0.0
2021-11-29,71700,73000,71400,72300,16682559,0.0,431615278365000,5969782550,39406,18.82,1.83,3841,4.14,2994,1194.6099853515625,1.5299999713897705,278,반도체,Listed,0.0
2021-11-30,73200,73900,70500,71300,30364841,-1.3831258644536653,425645495815000,5969782550,39406,18.56,1.81,3841,4.2,2994,1190.739990234375,1.4429999589920044,278,반도체,Listed,0.0
2021-12-01,72000,74800,71600,74400,21954856,4.3478260869565215,444151821720000,5969782550,39406,19.37,1.89,3841,4.02,2994,1182.8599853515625,1.434000015258789,278,반도체,Listed,0.0
2021-12-02,73900,75800,73800,75800,23652940,1.881720430107527,452509517290000,5969782550,39406,19.73,1.92,3841,3.95,2994,1177.1099853515625,1.4479999542236328,278,반도체,Listed,0.0
2021-12-03,75600,76000,74100,75600,18330240,-0.2638522427440633,451315560780000,5969782550,39406,19.68,1.92,3841,3.96,2994,1176.77001953125,1.343000054359436,278,반도체,Listed,0.0
2021-12-06,75100,76700,74900,76300,16391250,0.9259259259259258,455494408565000,5969782550,39406,19.86,1.94,3841,3.92,2994,1183.1400146484375,1.434000015258789,278,반도체,Listed,0.0
2021-12-07,76100,77700,75600,77400,19232453,1.4416775884665793,462061169370000,5969782550,39406,20.15,1.96,3841,3.87,2994,1180.56005859375,1.4800000190734863,278,반도체,Listed,0.0
2021-12-08,78300,78600,77100,77400,21558340,0.0,462061169370000,5969782550,39406,20.15,1.96,3841,3.87,2994,1176.8399658203125,1.5089999437332153,278,반도체,Listed,0.0
2021-12-09,77400,78200,77000,78200,21604528,1.03359173126615,466836995410000,5969782550,39406,20.36,1.98,3841,3.83,2994,1172.56005859375,1.4869999885559082,278,반도체,Listed,0.0
2021-12-10,77400,77600,76800,76900,9155219,-1.6624040920716114,459076278095000,5969782550,39406,20.02,1.95,3841,3.89,2994,1177.3299560546875,1.4889999628067017,278,반도체,Listed,0.0
2021-12-13,77200,78300,76500,76800,15038750,-0.13003901170351106,458479299840000,5969782550,39406,19.99,1.95,3841,3.9,2994,1178.969970703125,1.4240000247955322,278,반도체,Listed,0.0
2021-12-14,76500,77200,76200,77000,10976660,0.26041666666666663,459673256350000,5969782550,39406,20.05,1.95,3841,3.89,2994,1185.0999755859375,1.437999963760376,278,반도체,Listed,0.0
2021-12-15,76400,77600,76300,77600,9584939,0.7792207792207793,463255125880000,5969782550,39406,20.2,1.97,3841,3.86,2994,1184.22998046875,1.4630000591278076,278,반도체,Listed,0.0
2021-12-16,78500,78500,77400,77800,11996128,0.25773195876288657,464449082390000,5969782550,39406,20.26,1.97,3841,3.85,2994,1184.4000244140625,1.4220000505447388,278,반도체,Listed,0.0
2021-12-17,76800,78000,76800,78000,13108479,0.2570694087403599,465643038900000,5969782550,39406,20.31,1.98,3841,3.84,2994,1186.1500244140625,1.4019999504089355,278,반도체,Listed,0.0
2021-12-20,77600,77800,76800,77100,11264375,-1.153846153846154,460270234605000,5969782550,39406,20.07,1.96,3841,3.88,2994,1186.3900146484375,1.4190000295639038,278,반도체,Listed,0.0
2021-12-21,77900,78300,77500,78100,14245298,1.297016861219196,466240017155000,5969782550,39406,20.33,1.98,3841,3.83,2994,1190.1199951171875,1.4869999885559082,278,반도체,Listed,0.0
2021-12-22,78900,79400,78800,79400,17105892,1.6645326504481435,474000734470000,5969782550,39406,20.67,2.01,3841,3.77,2994,1191.27001953125,1.4570000171661377,278,반도체,Listed,0.0
2021-12-23,79800,80000,79300,79900,13577498,0.6297229219143577,476985625745000,5969782550,39406,20.8,2.03,3841,3.75,2994,1187.77001953125,1.4930000305175781,278,반도체,Listed,0.0
2021-12-24,80200,80800,80200,80500,12086380,0.7509386733416771,480567495275000,5969782550,39406,20.96,2.04,3841,3.72,2994,1185.5,1.4930000305175781,278,반도체,Listed,0.0
2021-12-27,80600,80600,79800,80200,10783368,-0.37267080745341613,478776560510000,5969782550,39406,20.88,2.04,3841,3.73,2994,1185.9200439453125,1.4809999465942383,278,반도체,Listed,0.0
2021-12-28,80200,80400,79700,80300,18226325,0.12468827930174563,479373538765000,5969782550,39406,20.91,2.04,3841,3.73,2994,1185.6500244140625,1.4809999465942383,278,반도체,Listed,0.0
2021-12-29,80200,80200,78500,78800,19794795,-1.86799501867995,470418864940000,5969782550,39406,20.52,2.0,3841,3.8,2994,1187.8499755859375,1.5429999828338623,278,반도체,Listed,0.0
2021-12-30,78900,79500,78100,78300,14236700,-0.6345177664974619,467433973665000,5969782550,39406,20.39,1.99,3841,3.82,2994,1183.6700439453125,1.5149999856948853,278,반도체,Listed,0.0
2022-01-03,79400,79800,78200,78600,13502112,0.38314176245210724,469224908430000,5969782550,39406,20.46,1.99,3841,3.81,2994,1187.780029296875,1.628000020980835,278,반도체,Listed,0.0
2022-01-04,78800,79200,78300,78700,12427416,0.1272264631043257,469821886685000,5969782550,39406,20.49,2.0,3841,3.8,2994,1194.6800537109375,1.6679999828338623,278,반도체,Listed,0.0
2022-01-05,78800,79000,76400,77400,25470640,-1.6518424396442184,462061169370000,5969782550,39406,20.15,1.96,3841,3.87,2994,1196.5,1.7050000429153442,278,반도체,Listed,0.0
2022-01-06,76700,77600,76600,76900,12931954,-0.6459948320413437,459076278095000,5969782550,39406,20.02,1.95,3841,3.89,2994,1199.25,1.7330000400543213,278,반도체,Listed,0.0
2022-01-07,78100,78400,77400,78300,15163757,1.8205461638491547,467433973665000,5969782550,39406,20.39,1.99,3841,3.82,2994,1205.780029296875,1.7710000276565552,278,반도체,Listed,0.0
2022-01-10,78100,78100,77100,78000,9947422,-0.38314176245210724,465643038900000,5969782550,39406,20.31,1.98,3841,3.84,2994,1196.8800048828125,1.7799999713897705,278,반도체,Listed,0.0
2022-01-11,78400,79000,78000,78900,13221123,1.153846153846154,471015843195000,5969782550,39406,20.54,2.0,3841,3.79,2994,1198.0899658203125,1.746000051498413,278,반도체,Listed,0.0
2022-01-12,79500,79600,78600,78900,11000502,0.0,471015843195000,5969782550,39406,20.54,2.0,3841,3.79,2994,1189.4300537109375,1.725000023841858,278,반도체,Listed,0.0
2022-01-13,79300,79300,77900,77900,13889401,-1.2674271229404308,465046060645000,5969782550,39406,20.28,1.98,3841,3.84,2994,1185.8800048828125,1.7109999656677246,278,반도체,Listed,0.0
2022-01-14,77700,78100,77100,77300,10096725,-0.7702182284980745,461464191115000,5969782550,39406,20.12,1.96,3841,3.87,2994,1186.6099853515625,1.7719999551773071,278,반도체,Listed,0.0
2022-01-17,77600,77800,76900,77500,8785122,0.258732212160414,462658147625000,5969782550,39406,20.18,1.97,3841,3.86,2994,1188.9599609375,1.7719999551773071,278,반도체,Listed,0.0
2022-01-18,77600,77800,76600,77000,9592788,-0.6451612903225806,459673256350000,5969782550,39406,20.05,1.95,3841,3.89,2994,1190.06005859375,1.8650000095367432,278,반도체,Listed,0.0
2022-01-19,76500,76900,76100,76300,10598290,-0.9090909090909091,455494408565000,5969782550,39406,19.86,1.94,3841,3.92,2994,1192.97998046875,1.8270000219345093,278,반도체,Listed,0.0
2022-01-20,76200,76700,75900,76500,9708168,0.2621231979030144,456688365075000,5969782550,39406,19.92,1.94,3841,3.91,2994,1188.1600341796875,1.8329999446868896,278,반도체,Listed,0.0
2022-01-21,75800,75800,74700,75600,15774888,-1.1764705882352942,451315560780000,5969782550,39406,19.68,1.92,3841,3.96,2994,1192.4300537109375,1.746999979019165,278,반도체,Listed,0.0
2022-01-24,75400,75800,74700,75100,13691134,-0.6613756613756614,448330669505000,5969782550,39406,19.55,1.91,3841,3.99,2994,1191.5,1.7350000143051147,278,반도체,Listed,0.0
2022-01-25,74800,75000,73200,74000,17766704,-1.4647137150466045,441763908700000,5969782550,39406,19.27,1.88,3841,4.05,2994,1195.6600341796875,1.7829999923706055,278,반도체,Listed,0.0
2022-01-26,73900,74400,73100,73300,12976730,-0.945945945945946,437585060915000,5969782550,39406,19.08,1.86,3841,4.08,2994,1196.0999755859375,1.8480000495910645,278,반도체,Listed,0.0
2022-01-27,73800,74000,71300,71300,22274777,-2.728512960436562,425645495815000,5969782550,39406,18.56,1.81,3841,4.2,2994,1200.6300048828125,1.8070000410079956,278,반도체,Listed,0.0
2022-01-28,71300,73700,71200,73300,21367447,2.805049088359046,437585060915000,5969782550,39406,19.08,1.86,3841,4.08,2994,1203.4599609375,1.781999945640564,278,반도체,Listed,0.0
2022-02-03,74900,74900,73300,73300,17744721,0.0,437585060915000,5969782550,39406,19.08,1.86,3841,4.08,2994,1199.9599609375,1.8270000219345093,278,반도체,Listed,0.0
2022-02-04,74300,74600,73400,74000,12730034,0.9549795361527967,441763908700000,5969782550,39406,19.27,1.88,3841,4.05,2994,1200.3299560546875,1.9299999475479126,278,반도체,Listed,0.0
2022-02-07,73500,73600,72400,73000,14240838,-1.3513513513513513,435794126150000,5969782550,39406,19.01,1.85,3841,4.1,2994,1197.0899658203125,1.9160000085830688,278,반도체,Listed,0.0
2022-02-08,73800,74200,73000,73500,11736666,0.684931506849315,438779017425000,5969782550,39406,19.14,1.87,3841,4.07,2994,1196.8499755859375,1.9539999961853027,278,반도체,Listed,0.0
2022-02-09,74300,74700,74000,74700,9699122,1.6326530612244898,445942756485000,5969782550,39406,19.45,1.9,3841,4.01,2994,1196.3599853515625,1.9290000200271606,278,반도체,Listed,0.0
2022-02-10,75600,75800,74700,75400,17746033,0.9370816599732262,450121604270000,5969782550,39406,19.63,1.91,3841,3.97,2994,1194.030029296875,2.0309998989105225,278,반도체,Listed,0.0
2022-02-11,75000,75500,74600,74900,12205407,-0.6631299734748011,447136712995000,5969782550,39406,19.5,1.9,3841,4.0,2994,1199.3499755859375,1.9550000429153442,278,반도체,Listed,0.0
2022-02-14,74400,74500,73100,73700,13993255,-1.602136181575434,439972973935000,5969782550,39406,19.19,1.87,3841,4.06,2994,1199.239990234375,1.996000051498413,278,반도체,Listed,0.0
2022-02-15,74100,74200,73100,73700,9320365,0.0,439972973935000,5969782550,39406,19.19,1.87,3841,4.06,2994,1197.3599853515625,2.0450000762939453,278,반도체,Listed,0.0
2022-02-16,74600,74900,74200,74800,10767386,1.4925373134328357,446539734740000,5969782550,39406,19.47,1.9,3841,4.0,2994,1196.8299560546875,2.046999931335449,278,반도체,Listed,0.0
2022-02-17,75000,75600,74500,75000,13605382,0.267379679144385,447733691250000,5969782550,39406,19.53,1.9,3841,3.99,2994,1196.75,1.972000002861023,278,반도체,Listed,0.0
2022-02-18,74600,74800,73700,74300,10122226,-0.9333333333333335,443554843465000,5969782550,39406,19.34,1.89,3841,4.03,2994,1198.6600341796875,1.9320000410079956,278,반도체,Listed,0.0
2022-02-21,73200,74300,72600,74200,10489717,-0.13458950201884254,442957865210000,5969782550,39406,19.32,1.88,3841,4.04,2994,1195.0699462890625,1.9320000410079956,278,반도체,Listed,0.0
2022-02-22,73000,73400,72800,73400,11692469,-1.078167115902965,438182039170000,5969782550,39406,19.11,1.86,3841,4.08,2994,1194.6800537109375,1.9479999542236328,278,반도체,Listed,0.0
2022-02-23,73800,73800,72800,73000,10397964,-0.544959128065395,435794126150000,5969782550,39406,19.01,1.85,3841,4.1,2994,1192.6800537109375,1.9769999980926514,278,반도체,Listed,0.0
2022-02-24,72300,72300,71300,71500,15759283,-2.054794520547945,426839452325000,5969782550,39406,18.61,1.81,3841,4.19,2994,1192.4000244140625,1.968999981880188,278,반도체,Listed,0.0
2022-02-25,72100,72600,71900,71900,13168484,0.5594405594405595,429227365345000,5969782550,39406,18.72,1.82,3841,4.16,2994,1206.0,1.9859999418258667,278,반도체,Listed,0.0
2022-02-28,71100,72100,71000,72100,17781783,0.27816411682892905,430421321855000,5969782550,39406,18.77,1.83,3841,4.15,2994,1197.5899658203125,1.8389999866485596,278,반도체,Listed,0.0
2022-03-02,72300,72400,71500,71700,12481430,-0.5547850208044383,428033408835000,5969782550,39406,18.67,1.82,3841,4.18,2994,1205.3699951171875,1.8650000095367432,278,반도체,Listed,0.0
2022-03-03,72300,73100,72200,72900,13232638,1.6736401673640167,435197147895000,5969782550,39406,18.98,1.85,3841,4.11,2994,1203.1500244140625,1.843999981880188,278,반도체,Listed,0.0
2022-03-04,72700,72700,71200,71500,13409634,-1.9204389574759946,426839452325000,5969782550,39406,18.61,1.81,3841,4.19,2994,1205.989990234375,1.7239999771118164,278,반도체,Listed,0.0
2022-03-07,70000,70600,69900,70100,18617138,-1.9580419580419581,418481756755000,5969782550,39406,18.25,1.78,3841,4.27,2994,1216.7099609375,1.7510000467300415,278,반도체,Listed,0.0
2022-03-08,68800,70000,68700,69500,15828269,-0.8559201141226819,414899887225000,5969782550,39406,18.09,1.76,3841,4.31,2994,1232.300048828125,1.871999979019165,278,반도체,Listed,0.0
2022-03-10,70800,71200,70500,71200,21159248,2.446043165467626,425048517560000,5969782550,39406,18.54,1.81,3841,4.21,2994,1223.22998046875,2.010999917984009,278,반도체,Listed,0.0
2022-03-11,70500,70700,69700,70000,15787655,-1.6853932584269662,417884778500000,5969782550,39406,18.22,1.78,3841,4.28,2994,1228.5999755859375,2.003999948501587,278,반도체,Listed,0.0
2022-03-14,70000,70200,69600,70200,9040993,0.2857142857142857,419078735010000,5969782550,39406,18.28,1.78,3841,4.26,2994,1236.8900146484375,2.140000104904175,278,반도체,Listed,0.0
2022-03-15,69800,70100,69500,69500,10258562,-0.9971509971509971,414899887225000,5969782550,39406,18.09,1.76,3841,4.31,2994,1242.050048828125,2.1600000858306885,278,반도체,Listed,0.0
2022-03-16,70200,70500,69700,70400,10175750,1.2949640287769784,420272691520000,5969782550,39406,18.33,1.79,3841,4.25,2994,1241.6800537109375,2.187999963760376,278,반도체,Listed,0.0
2022-03-17,71200,71800,70900,71200,17646315,1.1363636363636365,425048517560000,5969782550,39406,18.54,1.81,3841,4.21,2994,1223.0,2.191999912261963,278,반도체,Listed,0.0
2022-03-18,70600,70900,70200,70700,14410038,-0.7022471910112359,422063626285000,5969782550,39406,18.41,1.79,3841,4.23,2994,1210.3299560546875,2.1480000019073486,278,반도체,Listed,0.0
2022-03-21,70900,71000,69900,69900,11169002,-1.1315417256011315,417287800245000,5969782550,39406,18.2,1.77,3841,4.28,2994,1210.3699951171875,2.315000057220459,278,반도체,Listed,0.0
2022-03-22,69900,70500,69900,70300,9402666,0.5722460658082975,419675713265000,5969782550,39406,18.3,1.78,3841,4.26,2994,1219.780029296875,2.372999906539917,278,반도체,Listed,0.0
2022-03-23,70600,71200,70300,70500,12398025,0.2844950213371266,420869669775000,5969782550,39406,18.35,1.79,3841,4.25,2994,1214.949951171875,2.321000099182129,278,반도체,Listed,0.0
2022-03-24,69600,70300,69600,69800,37943357,-0.9929078014184398,416690821990000,5969782550,39406,18.17,1.77,3841,4.29,2994,1218.010009765625,2.3410000801086426,278,반도체,Listed,0.0
2022-03-25,70100,70200,69600,69800,12986010,0.0,416690821990000,5969782550,39406,18.17,1.77,3841,4.29,2994,1217.550048828125,2.492000102996826,278,반도체,Listed,0.0
2022-03-28,69500,69900,69200,69700,12619289,-0.14326647564469913,416093843735000,5969782550,39406,18.15,1.77,3841,4.3,2994,1223.6600341796875,2.4769999980926514,278,반도체,Listed,0.0
2022-03-29,70000,70300,69800,70200,13686208,0.7173601147776184,419078735010000,5969782550,39406,18.28,1.78,3841,4.26,2994,1209.1300048828125,2.4000000953674316,278,반도체,Listed,0.0
2022-03-30,70300,70500,69800,69900,12670187,-0.4273504273504274,417287800245000,5969782550,39406,18.2,1.77,3841,4.28,2994,1210.43994140625,2.3580000400543213,278,반도체,Listed,0.0
2022-03-31,69900,70200,69600,69600,12510366,-0.4291845493562232,415496865480000,5969782550,39406,18.12,1.77,3841,4.3,2994,1214.5,2.3269999027252197,278,반도체,Listed,0.0
2022-04-01,69500,69500,69000,69100,15916846,-0.7183908045977011,412511974205000,5969782550,39406,17.99,1.75,3841,4.33,2994,1214.5,2.377000093460083,278,반도체,Listed,0.0
2022-04-04,68900,69300,68600,69300,11107905,0.2894356005788712,413705930715000,5969782550,39406,18.04,1.76,3841,4.32,2994,1213.9000244140625,2.4119999408721924,278,반도체,Listed,0.0
2022-04-05,69400,69600,69100,69200,8467248,-0.1443001443001443,413108952460000,5969782550,39406,18.02,1.76,3841,4.33,2994,1218.75,2.555999994277954,278,반도체,Listed,0.0
2022-04-06,68600,68800,68500,68500,15517308,-1.0115606936416186,408930104675000,5969782550,39406,17.83,1.74,3841,4.37,2994,1217.5999755859375,2.6089999675750732,278,반도체,Listed,0.0
2022-04-07,68500,68500,68000,68000,20683327,-0.7299270072992701,405945213400000,5969782550,39406,17.7,1.73,3841,4.4,2994,1222.6600341796875,2.6519999504089355,278,반도체,Listed,0.0
2022-04-08,68100,68300,67700,67800,15453191,-0.29411764705882354,404751256890000,5969782550,39406,17.65,1.72,3841,4.42,2994,1222.6600341796875,2.7130000591278076,278,반도체,Listed,0.0
2022-04-11,67800,68100,67400,67900,12263735,0.14749262536873156,405348235145000,5969782550,39406,17.68,1.72,3841,4.41,2994,1235.050048828125,2.7799999713897705,278,반도체,Listed,0.0
2022-04-12,67600,67700,67000,67000,13924389,-1.3254786450662739,399975430850000,5969782550,39406,17.44,1.7,3841,4.47,2994,1228.5999755859375,2.7249999046325684,278,반도체,Listed,0.0
2022-04-13,67300,69000,67200,68700,17378619,2.5373134328358207,410124061185000,5969782550,39406,17.89,1.74,3841,4.36,2994,1223.1199951171875,2.687000036239624,278,반도체,Listed,0.0
2022-04-14,68700,68700,67500,67500,16409494,-1.7467248908296942,402960322125000,5969782550,39406,17.57,1.71,3841,4.44,2994,1230.0999755859375,2.828000068664551,278,반도체,Listed,0.0
2022-04-15,67200,67300,66500,66600,13176415,-1.3333333333333335,397587517830000,5969782550,39406,17.34,1.69,3841,4.5,2994,1230.0999755859375,2.828000068664551,278,반도체,Listed,0.0
2022-04-18,66500,67100,66100,66700,10119203,0.15015015015015015,398184496085000,5969782550,39406,17.37,1.69,3841,4.49,2994,1235.3499755859375,2.861999988555908,278,반도체,Listed,0.0
2022-04-19,67100,68000,67000,67300,12959434,0.8995502248875562,401766365615000,5969782550,39406,17.52,1.71,3841,4.45,2994,1239.5999755859375,2.9130001068115234,278,반도체,Listed,0.0
2022-04-20,67000,67400,66500,67400,16693293,0.1485884101040119,402363343870000,5969782550,39406,17.55,1.71,3841,4.44,2994,1234.0899658203125,2.8399999141693115,278,반도체,Listed,0.0
2022-04-21,67600,68300,67500,67700,12847448,0.44510385756676557,404154278635000,5969782550,39406,17.63,1.72,3841,4.42,2994,1242.489990234375,2.9170000553131104,278,반도체,Listed,0.0
2022-04-22,67200,67300,66700,67000,11791478,-1.03397341211226,399975430850000,5969782550,39406,17.44,1.7,3841,4.47,2994,1242.489990234375,2.9059998989105225,278,반도체,Listed,0.0
2022-04-25,66500,66700,66300,66300,11016474,-1.0447761194029852,395796583065000,5969782550,39406,17.26,1.68,3841,4.52,2994,1249.2099609375,2.8259999752044678,278,반도체,Listed,0.0
2022-04-26,66400,66700,66100,66100,12946923,-0.301659125188537,394602626555000,5969782550,39406,17.21,1.68,3841,4.53,2994,1260.7099609375,2.7720000743865967,278,반도체,Listed,0.0
2022-04-27,65400,65500,64900,65000,18122084,-1.6641452344931922,388035865750000,5969782550,39406,16.92,1.65,3841,4.61,2994,1266.280029296875,2.818000078201294,278,반도체,Listed,0.0
2022-04-28,65400,65500,64500,64800,16895527,-0.3076923076923077,386841909240000,5969782550,39406,16.87,1.64,3841,4.62,2994,1272.2900390625,2.86299991607666,278,반도체,Listed,0.0
2022-04-29,65100,67600,65000,67400,26190390,4.012345679012346,402363343870000,5969782550,39406,17.55,1.71,3841,4.44,2994,1272.2900390625,2.88700008392334,278,반도체,Listed,0.0
2022-05-02,66600,67600,66500,67300,14106184,-0.1483679525222552,401766365615000,5969782550,43611,11.65,1.54,5777,2.15,1444,1266.75,2.996000051498413,278,반도체,Listed,0.0
2022-05-03,67400,68400,67300,67500,14168875,0.2971768202080238,402960322125000,5969782550,43611,11.68,1.55,5777,2.14,1444,1261.06005859375,2.9600000381469727,278,반도체,Listed,0.0
2022-05-04,68000,68400,67500,67900,11505248,0.5925925925925926,405348235145000,5969782550,43611,11.75,1.56,5777,2.13,1444,1251.5,2.9170000553131104,278,반도체,Listed,0.0
2022-05-06,67000,67100,66500,66500,14356156,-2.0618556701030926,396990539575000,5969782550,43611,11.51,1.52,5777,2.17,1444,1268.699951171875,3.122999906539917,278,반도체,Listed,0.0
2022-05-09,66300,66900,66100,66100,11858736,-0.6015037593984963,394602626555000,5969782550,43611,11.44,1.52,5777,2.18,1444,1274.8599853515625,3.0789999961853027,278,반도체,Listed,0.0
2022-05-10,65900,66300,65300,65700,17235605,-0.6051437216338881,392214713535000,5969782550,43611,11.37,1.51,5777,2.2,1444,1276.550048828125,2.993000030517578,278,반도체,Listed,0.0
2022-05-11,65500,66300,65200,65700,12330920,0.0,392214713535000,5969782550,43611,11.37,1.51,5777,2.2,1444,1278.1500244140625,2.9210000038146973,278,반도체,Listed,0.0
2022-05-12,65200,65500,64900,64900,16414188,-1.21765601217656,387438887495000,5969782550,43611,11.23,1.49,5777,2.22,1444,1290.75,2.816999912261963,278,반도체,Listed,0.0
2022-05-13,65300,66700,65200,66500,14551536,2.465331278890601,396990539575000,5969782550,43611,11.51,1.52,5777,2.17,1444,1290.75,2.934999942779541,278,반도체,Listed,0.0
2022-05-16,67100,67400,66100,66300,11937555,-0.30075187969924816,395796583065000,5969782550,43611,11.48,1.52,5777,2.18,1444,1279.8499755859375,2.877000093460083,278,반도체,Listed,0.0
2022-05-17,66600,67900,66600,67600,15680447,1.9607843137254901,403557300380000,5969782550,43611,11.7,1.55,5777,2.14,1444,1266.6600341796875,2.9679999351501465,278,반도체,Listed,0.0
2022-05-18,68300,68700,67600,68100,16486319,0.7396449704142012,406542191655000,5969782550,43611,11.79,1.56,5777,2.12,1444,1275.5799560546875,2.885999917984009,278,반도체,Listed,0.0
2022-05-19,66500,67600,66500,67500,17073727,-0.881057268722467,402960322125000,5969782550,43611,11.68,1.55,5777,2.14,1444,1263.550048828125,2.8550000190734863,278,반도체,Listed,0.0
2022-05-20,67800,68400,67700,68000,12109671,0.7407407407407408,405945213400000,5969782550,43611,11.77,1.56,5777,2.12,1444,1263.550048828125,2.7869999408721924,278,반도체,Listed,0.0
2022-05-23,68800,68800,67600,67900,13684088,-0.14705882352941177,405348235145000,5969782550,43611,11.75,1.56,5777,2.13,1444,1258.8199462890625,2.8589999675750732,278,반도체,Listed,0.0
2022-05-24,67500,67700,66500,66500,15482576,-2.0618556701030926,396990539575000,5969782550,43611,11.51,1.52,5777,2.17,1444,1260.989990234375,2.759999990463257,278,반도체,Listed,0.0
2022-05-25,66700,67100,65900,66400,15150490,-0.15037593984962408,396393561320000,5969782550,43611,11.49,1.52,5777,2.17,1444,1266.5999755859375,2.749000072479248,278,반도체,Listed,0.0
2022-05-26,66300,67200,65500,65900,15970890,-0.7530120481927711,393408670045000,5969782550,43611,11.41,1.51,5777,2.19,1444,1258.8900146484375,2.75600004196167,278,반도체,Listed,0.0
2022-05-27,66700,66900,66200,66500,11405555,0.9104704097116844,396990539575000,5969782550,43611,11.51,1.52,5777,2.17,1444,1258.8900146484375,2.743000030517578,278,반도체,Listed,0.0
2022-05-30,67500,67800,66900,67700,14255484,1.8045112781954888,404154278635000,5969782550,43611,11.72,1.55,5777,2.13,1444,1236.1700439453125,2.743000030517578,278,반도체,Listed,0.0
2022-05-31,67500,67500,66700,67400,24365002,-0.4431314623338257,402363343870000,5969782550,43611,11.67,1.55,5777,2.14,1444,1241.739990234375,2.8440001010894775,278,반도체,Listed,0.0
2022-06-02,66600,67000,66400,66700,14959443,-1.0385756676557862,398184496085000,5969782550,43611,11.55,1.53,5777,2.16,1444,1240.8399658203125,2.9130001068115234,278,반도체,Listed,0.0
2022-06-03,67200,67300,66800,66800,8222883,0.14992503748125938,398781474340000,5969782550,43611,11.56,1.53,5777,2.16,1444,1240.8399658203125,2.9570000171661377,278,반도체,Listed,0.0
2022-06-07,66200,66400,65400,65500,19355755,-1.9461077844311379,391020757025000,5969782550,43611,11.34,1.5,5777,2.2,1444,1254.5799560546875,2.9719998836517334,278,반도체,Listed,0.0
2022-06-08,65400,65700,65300,65300,12483180,-0.3053435114503817,389826800515000,5969782550,43611,11.3,1.5,5777,2.21,1444,1256.739990234375,3.0290000438690186,278,반도체,Listed,0.0
2022-06-09,65100,65200,64500,65200,25790725,-0.1531393568147014,389229822260000,5969782550,43611,11.29,1.5,5777,2.21,1444,1264.02001953125,3.0439999103546143,278,반도체,Listed,0.0
2022-06-10,64000,64400,63800,63800,22193552,-2.147239263803681,380872126690000,5969782550,43611,11.04,1.46,5777,2.26,1444,1264.02001953125,3.1559998989105225,278,반도체,Listed,0.0
2022-06-13,62400,62800,62100,62100,22157816,-2.664576802507837,370723496355000,5969782550,43611,10.75,1.42,5777,2.33,1444,1291.800048828125,3.365999937057495,278,반도체,Listed,0.0
2022-06-14,61200,62200,61100,61900,24606419,-0.322061191626409,369529539845000,5969782550,43611,10.71,1.42,5777,2.33,1444,1289.47998046875,3.4830000400543213,278,반도체,Listed,0.0
2022-06-15,61300,61500,60200,60700,26811224,-1.938610662358643,362365800785000,5969782550,43611,10.51,1.39,5777,2.38,1444,1278.1600341796875,3.3949999809265137,278,반도체,Listed,0.0
2022-06-16,61300,61800,60500,60900,23394895,0.3294892915980231,363559757295000,5969782550,43611,10.54,1.4,5777,2.37,1444,1288.1800537109375,3.306999921798706,278,반도체,Listed,0.0
2022-06-17,59400,59900,59400,59800,29053450,-1.8062397372742198,356992996490000,5969782550,43611,10.35,1.37,5777,2.41,1444,1288.1800537109375,3.239000082015991,278,반도체,Listed,0.0
2022-06-20,59800,59900,58100,58700,34111306,-1.839464882943144,350426235685000,5969782550,43611,10.16,1.35,5777,2.46,1444,1292.3800048828125,3.239000082015991,278,반도체,Listed,0.0
2022-06-21,58700,59200,58200,58500,25148109,-0.34071550255536626,349232279175000,5969782550,43611,10.13,1.34,5777,2.47,1444,1291.5999755859375,3.306999921798706,278,반도체,Listed,0.0
2022-06-22,59000,59100,57600,57600,23334687,-1.5384615384615385,343859474880000,5969782550,43611,9.97,1.32,5777,2.51,1444,1297.6800537109375,3.1559998989105225,278,반도체,Listed,0.0
2022-06-23,57700,58000,56800,57400,28338608,-0.3472222222222222,342665518370000,5969782550,43611,9.94,1.32,5777,2.52,1444,1299.81005859375,3.068000078201294,278,반도체,Listed,0.0
2022-06-24,57900,59100,57700,58400,23256103,1.7421602787456445,348635300920000,5969782550,43611,10.11,1.34,5777,2.47,1444,1299.81005859375,3.125,278,반도체,Listed,0.0
2022-06-27,59000,59900,58300,58800,18122236,0.684931506849315,351023213940000,5969782550,43611,10.18,1.35,5777,2.46,1444,1286.199951171875,3.194000005722046,278,반도체,Listed,0.0
2022-06-28,59200,59500,58700,59400,13540538,1.0204081632653061,354605083470000,5969782550,43611,10.28,1.36,5777,2.43,1444,1292.030029296875,3.2060000896453857,278,반도체,Listed,0.0
2022-06-29,58500,58800,58000,58000,14677138,-2.356902356902357,346247387900000,5969782550,43611,10.04,1.33,5777,2.49,1444,1301.72998046875,3.0929999351501465,278,반도체,Listed,0.0
2022-06-30,57200,57600,57000,57000,18915142,-1.7241379310344827,340277605350000,5969782550,43611,9.87,1.31,5777,2.53,1444,1287.7099609375,2.9719998836517334,278,반도체,Listed,0.0
2022-07-01,56900,57500,55900,56200,24982097,-1.4035087719298245,335501779310000,5969782550,43611,9.73,1.29,5777,2.57,1444,1287.7099609375,2.8889999389648438,278,반도체,Listed,0.0
2022-07-04,56100,57400,55700,57100,17807126,1.601423487544484,340874583605000,5969782550,43611,9.88,1.31,5777,2.53,1444,1295.6800537109375,2.8889999389648438,278,반도체,Listed,0.0
2022-07-05,57600,58200,57200,57200,14216539,0.17513134851138354,341471561860000,5969782550,43611,9.9,1.31,5777,2.52,1444,1308.6600341796875,2.809000015258789,278,반도체,Listed,0.0
2022-07-06,57300,57300,56400,56400,16820461,-1.3986013986013985,336695735820000,5969782550,43611,9.76,1.29,5777,2.56,1444,1304.8499755859375,2.9130001068115234,278,반도체,Listed,0.0
2022-07-07,56400,58700,56300,58200,21322833,3.1914893617021276,347441344410000,5969782550,43611,10.07,1.33,5777,2.48,1444,1297.6500244140625,3.007999897003174,278,반도체,Listed,0.0
2022-07-08,58600,59300,58200,58700,15339271,0.859106529209622,350426235685000,5969782550,43611,10.16,1.35,5777,2.46,1444,1297.6500244140625,3.1010000705718994,278,반도체,Listed,0.0
2022-07-11,59300,59600,58700,58800,13042624,0.17035775127768313,351023213940000,5969782550,43611,10.18,1.35,5777,2.46,1444,1310.8599853515625,2.990999937057495,278,반도체,Listed,0.0
2022-07-12,58600,58700,58100,58100,9336061,-1.1904761904761905,346844366155000,5969782550,43611,10.06,1.33,5777,2.49,1444,1305.8299560546875,2.9579999446868896,278,반도체,Listed,0.0
2022-07-13,58300,58600,58000,58000,10841315,-0.17211703958691912,346247387900000,5969782550,43611,10.04,1.33,5777,2.49,1444,1304.8499755859375,2.9040000438690186,278,반도체,Listed,0.0
2022-07-14,57500,58200,57400,57500,15067012,-0.8620689655172413,343262496625000,5969782550,43611,9.95,1.32,5777,2.51,1444,1316.1800537109375,2.9600000381469727,278,반도체,Listed,0.0
2022-07-15,58400,60000,58100,60000,18685583,4.3478260869565215,358186953000000,5969782550,43611,10.39,1.38,5777,2.41,1444,1316.1800537109375,2.930000066757202,278,반도체,Listed,0.0
2022-07-18,60600,62000,60500,61900,20832517,3.166666666666667,369529539845000,5969782550,43611,10.71,1.42,5777,2.33,1444,1318.9100341796875,2.9600000381469727,278,반도체,Listed,0.0
2022-07-19,61400,61500,60200,60900,15248261,-1.615508885298869,363559757295000,5969782550,43611,10.54,1.4,5777,2.37,1444,1305.5,3.0190000534057617,278,반도체,Listed,0.0
2022-07-20,61800,62100,60500,60500,16782238,-0.6568144499178982,361171844275000,5969782550,43611,10.47,1.39,5777,2.39,1444,1312.8699951171875,3.0360000133514404,278,반도체,Listed,0.0
2022-07-21,61100,61900,60700,61800,12291374,2.1487603305785123,368932561590000,5969782550,43611,10.7,1.42,5777,2.34,1444,1306.8499755859375,2.9100000858306885,278,반도체,Listed,0.0
2022-07-22,61800,62200,61200,61300,10261310,-0.8090614886731391,365947670315000,5969782550,43611,10.61,1.41,5777,2.36,1444,1306.8499755859375,2.7829999923706055,278,반도체,Listed,0.0
2022-07-25,60900,61900,60800,61100,9193681,-0.3262642740619902,364753713805000,5969782550,43611,10.58,1.4,5777,2.36,1444,1310.4000244140625,2.819999933242798,278,반도체,Listed,0.0
2022-07-26,60800,61900,60800,61700,6597211,0.9819967266775778,368335583335000,5969782550,43611,10.68,1.41,5777,2.34,1444,1310.9000244140625,2.7869999408721924,278,반도체,Listed,0.0
2022-07-27,61300,61900,61200,61800,7320997,0.1620745542949757,368932561590000,5969782550,43611,10.7,1.42,5777,2.34,1444,1305.949951171875,2.7339999675750732,278,반도체,Listed,0.0
2022-07-28,62300,62600,61600,61900,10745302,0.16181229773462785,369529539845000,5969782550,43611,10.71,1.42,5777,2.33,1444,1295.1500244140625,2.680999994277954,278,반도체,Listed,0.0
2022-07-29,62400,62600,61300,61400,15093120,-0.8077544426494345,366544648570000,5969782550,43611,10.63,1.41,5777,2.35,1444,1295.1500244140625,2.6419999599456787,278,반도체,Listed,0.0
2022-08-01,61000,61700,60300,61300,13154816,-0.16286644951140067,365947670315000,5969782550,43611,10.61,1.41,5777,2.36,1444,1306.75,2.6059999465942383,278,반도체,Listed,0.0
2022-08-02,61200,61900,61000,61700,13614895,0.6525285481239804,368335583335000,5969782550,43611,10.68,1.41,5777,2.34,1444,1314.6300048828125,2.740999937057495,278,반도체,Listed,0.0
2022-08-03,61600,61600,61000,61300,10053861,-0.6482982171799028,365947670315000,5969782550,43611,10.61,1.41,5777,2.36,1444,1307.3800048828125,2.747999906539917,278,반도체,Listed,0.0
2022-08-04,61700,61800,61200,61500,9125439,0.3262642740619902,367141626825000,5969782550,43611,10.65,1.41,5777,2.35,1444,1302.0799560546875,2.6760001182556152,278,반도체,Listed,0.0
2022-08-05,61700,61900,61200,61500,9567620,0.0,367141626825000,5969782550,43611,10.65,1.41,5777,2.35,1444,1302.0799560546875,2.8399999141693115,278,반도체,Listed,0.0
2022-08-08,61400,61400,60600,60800,11313150,-1.1382113821138211,362962779040000,5969782550,43611,10.52,1.39,5777,2.38,1444,1299.030029296875,2.765000104904175,278,반도체,Listed,0.0
2022-08-09,60600,60700,59600,60000,18251170,-1.3157894736842104,358186953000000,5969782550,43611,10.39,1.38,5777,2.41,1444,1307.56005859375,2.796999931335449,278,반도체,Listed,0.0
2022-08-10,58900,59200,58600,59100,18084349,-1.5,352814148705000,5969782550,43611,10.23,1.36,5777,2.44,1444,1296.699951171875,2.7860000133514404,278,반도체,Listed,0.0
2022-08-11,59600,60000,59300,59900,15141941,1.353637901861252,357589974745000,5969782550,43611,10.37,1.37,5777,2.41,1444,1306.8299560546875,2.888000011444092,278,반도체,Listed,0.0
2022-08-12,59500,60700,59400,60200,10786658,0.5008347245409015,359380909510000,5969782550,43611,10.42,1.38,5777,2.4,1444,1306.8299560546875,2.8489999771118164,278,반도체,Listed,0.0
2022-08-16,60500,61600,60300,61000,15036727,1.3289036544850499,364156735550000,5969782550,43611,10.56,1.4,5777,2.37,1444,1311.0,2.8239998817443848,278,반도체,Listed,0.0
2022-08-17,61100,61200,60300,60400,9061518,-0.9836065573770493,360574866020000,5969782550,43611,10.46,1.38,5777,2.39,1444,1314.8299560546875,2.8929998874664307,278,반도체,Listed,0.0
2022-08-18,60300,61900,60000,61500,16372754,1.8211920529801324,367141626825000,5969782550,43611,10.65,1.41,5777,2.35,1444,1326.9100341796875,2.880000114440918,278,반도체,Listed,0.0
2022-08-19,61400,61600,60600,60900,6923679,-0.975609756097561,363559757295000,5969782550,43611,10.54,1.4,5777,2.37,1444,1326.9100341796875,2.989000082015991,278,반도체,Listed,0.0
2022-08-22,60300,60400,59800,60000,8259865,-1.477832512315271,358186953000000,5969782550,43611,10.39,1.38,5777,2.41,1444,1343.3599853515625,3.0369999408721924,278,반도체,Listed,0.0
2022-08-23,59000,59600,59000,59100,9041629,-1.5,352814148705000,5969782550,43611,10.23,1.36,5777,2.44,1444,1339.0799560546875,3.053999900817871,278,반도체,Listed,0.0
2022-08-24,59200,59500,59000,59000,8888486,-0.1692047377326565,352217170450000,5969782550,43611,10.21,1.35,5777,2.45,1444,1340.0,3.1059999465942383,278,반도체,Listed,0.0
2022-08-25,59200,59700,59000,59700,5767902,1.1864406779661016,356396018235000,5969782550,43611,10.33,1.37,5777,2.42,1444,1334.43994140625,3.0260000228881836,278,반도체,Listed,0.0
2022-08-26,60300,60900,59900,60000,9499995,0.5025125628140703,358186953000000,5969782550,43611,10.39,1.38,5777,2.41,1444,1334.43994140625,3.0350000858306885,278,반도체,Listed,0.0
2022-08-29,58700,58900,58600,58600,9841329,-2.3333333333333335,349829257430000,5969782550,43611,10.14,1.34,5777,2.46,1444,1345.72998046875,3.109999895095825,278,반도체,Listed,0.0
2022-08-30,58700,59000,58300,58800,9690044,0.3412969283276451,351023213940000,5969782550,43611,10.18,1.35,5777,2.46,1444,1350.18994140625,3.109999895095825,278,반도체,Listed,0.0
2022-08-31,58200,59900,58200,59700,14203512,1.530612244897959,356396018235000,5969782550,43611,10.33,1.37,5777,2.42,1444,1342.260009765625,3.132999897003174,278,반도체,Listed,0.0
2022-09-01,58700,58900,58300,58400,14905777,-2.1775544388609713,348635300920000,5969782550,43611,10.11,1.34,5777,2.47,1444,1355.0999755859375,3.265000104904175,278,반도체,Listed,0.0
2022-09-02,58300,58600,57500,57500,15040310,-1.5410958904109588,343262496625000,5969782550,43611,9.95,1.32,5777,2.51,1444,1355.0999755859375,3.193000078201294,278,반도체,Listed,0.0
2022-09-05,57400,57800,56800,57100,11425977,-0.6956521739130435,340874583605000,5969782550,43611,9.88,1.31,5777,2.53,1444,1361.81005859375,3.193000078201294,278,반도체,Listed,0.0
2022-09-06,57200,57600,56900,57100,7503086,0.0,340874583605000,5969782550,43611,9.88,1.31,5777,2.53,1444,1378.1099853515625,3.3399999141693115,278,반도체,Listed,0.0
2022-09-07,56700,56700,55900,56000,17384854,-1.926444833625219,334307822800000,5969782550,43611,9.69,1.28,5777,2.58,1444,1374.31005859375,3.265000104904175,278,반도체,Listed,0.0
2022-09-08,56200,56400,55600,55600,18000016,-0.7142857142857143,331919909780000,5969782550,43611,9.62,1.27,5777,2.6,1444,1383.0,3.2920000553131104,278,반도체,Listed,0.0
2022-09-13,57000,58500,56800,58100,17166581,4.496402877697841,346844366155000,5969782550,43611,10.06,1.33,5777,2.49,1444,1393.469970703125,3.421999931335449,278,반도체,Listed,0.0
2022-09-14,56200,57200,56100,56800,12524961,-2.2375215146299485,339083648840000,5969782550,43611,9.83,1.3,5777,2.54,1444,1391.1800537109375,3.4119999408721924,278,반도체,Listed,0.0
2022-09-15,57000,57100,56000,56000,11664819,-1.4084507042253522,334307822800000,5969782550,43611,9.69,1.28,5777,2.58,1444,1398.6300048828125,3.4590001106262207,278,반도체,Listed,0.0
2022-09-16,55600,56400,55500,56200,13456503,0.35714285714285715,335501779310000,5969782550,43611,9.73,1.29,5777,2.57,1444,1398.6300048828125,3.447999954223633,278,반도체,Listed,0.0
2022-09-19,56300,57000,56000,56400,12278653,0.3558718861209964,336695735820000,5969782550,43611,9.76,1.29,5777,2.56,1444,1390.1099853515625,3.490000009536743,278,반도체,Listed,0.0
2022-09-20,56400,57000,55800,55800,14041465,-1.0638297872340425,333113866290000,5969782550,43611,9.66,1.28,5777,2.59,1444,1392.510009765625,3.571000099182129,278,반도체,Listed,0.0
2022-09-21,55400,55500,55000,55300,11863700,-0.8960573476702508,330128975015000,5969782550,43611,9.57,1.27,5777,2.61,1444,1397.56005859375,3.509999990463257,278,반도체,Listed,0.0
2022-09-22,54600,54700,54300,54400,12786510,-1.62748643761302,324756170720000,5969782550,43611,9.42,1.25,5777,2.65,1444,1403.6600341796875,3.7079999446868896,278,반도체,Listed,0.0
2022-09-23,54400,54900,54200,54500,10555964,0.1838235294117647,325353148975000,5969782550,43611,9.43,1.25,5777,2.65,1444,1403.6600341796875,3.697000026702881,278,반도체,Listed,0.0
2022-09-26,53700,54200,53600,53900,15008449,-1.1009174311926606,321771279445000,5969782550,43611,9.33,1.24,5777,2.68,1444,1429.77001953125,3.878000020980835,278,반도체,Listed,0.0
2022-09-27,53800,54200,53500,54200,16631289,0.5565862708719851,323562214210000,5969782550,43611,9.38,1.24,5777,2.66,1444,1426.260009765625,3.9639999866485596,278,반도체,Listed,0.0
2022-09-28,53900,54400,52500,52900,19991129,-2.3985239852398523,315801496895000,5969782550,43611,9.16,1.21,5777,2.73,1444,1421.949951171875,3.7049999237060547,278,반도체,Listed,0.0
2022-09-29,53300,53700,52600,52600,13882080,-0.5671077504725899,314010562130000,5969782550,43611,9.11,1.21,5777,2.75,1444,1430.1700439453125,3.746999979019165,278,반도체,Listed,0.0
2022-09-30,52300,53600,51800,53100,22503249,0.9505703422053232,316995453405000,5969782550,43611,9.19,1.22,5777,2.72,1444,1430.1700439453125,3.803999900817871,278,반도체,Listed,0.0
2022-10-04,55300,55400,54500,55200,19148435,3.954802259887006,329531996760000,5969782550,43611,9.56,1.27,5777,2.62,1444,1416.530029296875,3.617000102996826,278,반도체,Listed,0.0
2022-10-05,56900,57200,55400,56000,22458970,1.4492753623188406,334307822800000,5969782550,43611,9.69,1.28,5777,2.58,1444,1416.760009765625,3.759000062942505,278,반도체,Listed,0.0
2022-10-06,56700,57300,56300,56300,14944446,0.5357142857142857,336098757565000,5969782550,43611,9.75,1.29,5777,2.56,1444,1408.449951171875,3.8259999752044678,278,반도체,Listed,0.0
2022-10-07,55900,56900,55200,56200,16886813,-0.17761989342806395,335501779310000,5969782550,43611,9.73,1.29,5777,2.57,1444,1408.449951171875,3.882999897003174,278,반도체,Listed,0.0
2022-10-11,54400,55700,54000,55400,21437877,-1.4234875444839856,330725953270000,5969782550,43611,9.59,1.27,5777,2.61,1444,1430.800048828125,3.938999891281128,278,반도체,Listed,0.0
2022-10-12,55700,57000,55200,55800,18408910,0.7220216606498195,333113866290000,5969782550,43611,9.66,1.28,5777,2.59,1444,1423.9000244140625,3.9019999504089355,278,반도체,Listed,0.0
2022-10-13,55400,56100,55200,55200,13784602,-1.0752688172043012,329531996760000,5969782550,43611,9.56,1.27,5777,2.62,1444,1430.300048828125,3.9519999027252197,278,반도체,Listed,0.0
2022-10-14,56200,56500,55800,56300,12924326,1.9927536231884055,336098757565000,5969782550,43611,9.75,1.29,5777,2.56,1444,1430.300048828125,4.010000228881836,278,반도체,Listed,0.0
2022-10-17,55800,57000,55700,56600,13641878,0.5328596802841918,337889692330000,5969782550,43611,9.8,1.3,5777,2.55,1444,1430.1500244140625,4.014999866485596,278,반도체,Listed,0.0
2022-10-18,56700,57100,55800,56500,14820702,-0.17667844522968199,337292714075000,5969782550,43611,9.78,1.3,5777,2.56,1444,1425.02001953125,3.997999906539917,278,반도체,Listed,0.0
2022-10-19,56700,56900,55700,55800,12660652,-1.238938053097345,333113866290000,5969782550,43611,9.66,1.28,5777,2.59,1444,1435.010009765625,4.126999855041504,278,반도체,Listed,0.0
2022-10-20,55200,56000,55100,55500,17107653,-0.5376344086021506,331322931525000,5969782550,43611,9.61,1.27,5777,2.6,1444,1430.31005859375,4.22599983215332,278,반도체,Listed,0.0
2022-10-21,55100,56300,55100,55900,11456060,0.7207207207207207,333710844545000,5969782550,43611,9.68,1.28,5777,2.58,1444,1430.31005859375,4.2129998207092285,278,반도체,Listed,0.0
2022-10-24,57000,57500,56700,57500,16944503,2.862254025044723,343262496625000,5969782550,43611,9.95,1.32,5777,2.51,1444,1443.9599609375,4.234000205993652,278,반도체,Listed,0.0
2022-10-25,57000,58600,57000,57700,17405678,0.34782608695652173,344456453135000,5969782550,43611,9.99,1.32,5777,2.5,1444,1426.9300537109375,4.107999801635742,278,반도체,Listed,0.0
2022-10-26,58000,59600,57700,59400,20824967,2.946273830155979,354605083470000,5969782550,43611,10.28,1.36,5777,2.43,1444,1412.68994140625,4.014999866485596,278,반도체,Listed,0.0
2022-10-27,59700,60100,58900,59500,21756712,0.16835016835016833,355202061725000,5969782550,43611,10.3,1.36,5777,2.43,1444,1420.6500244140625,3.937000036239624,278,반도체,Listed,0.0
2022-10-28,58900,59200,57200,57300,20924937,-3.697478991596639,342068540115000,5969782550,43611,9.92,1.31,5777,2.52,1444,1420.6500244140625,4.010000228881836,278,반도체,Listed,0.0
2022-10-31,58100,59900,58000,59400,18999514,3.664921465968586,354605083470000,5969782550,43611,10.28,1.36,5777,2.43,1444,1421.6500244140625,4.077000141143799,278,반도체,Listed,0.0
2022-11-01,59900,60300,59500,60000,17201647,1.0101010101010102,358186953000000,5969782550,43611,10.39,1.38,5777,2.41,1444,1424.6700439453125,4.052000045776367,278,반도체,Listed,0.0
2022-11-02,59700,60000,59300,59600,13202919,-0.6666666666666667,355799039980000,5969782550,43611,10.32,1.37,5777,2.42,1444,1416.5999755859375,4.059000015258789,278,반도체,Listed,0.0
2022-11-03,58600,59800,58100,59200,17492162,-0.6711409395973155,353411126960000,5969782550,43611,10.25,1.36,5777,2.44,1444,1423.0999755859375,4.124000072479248,278,반도체,Listed,0.0
2022-11-04,59100,59500,58400,59400,12445841,0.33783783783783783,354605083470000,5969782550,43611,10.28,1.36,5777,2.43,1444,1423.6500244140625,4.156000137329102,278,반도체,Listed,0.0
2022-11-07,59700,60300,59400,60200,12437246,1.3468013468013467,359380909510000,5969782550,43611,10.42,1.38,5777,2.4,1444,1402.1099853515625,4.214000225067139,278,반도체,Listed,0.0
2022-11-08,60500,61900,60500,61800,18273898,2.6578073089700998,368932561590000,5969782550,43611,10.7,1.42,5777,2.34,1444,1392.699951171875,4.125999927520752,278,반도체,Listed,0.0
2022-11-09,62000,62200,61300,62000,14045592,0.3236245954692557,370126518100000,5969782550,43611,10.73,1.42,5777,2.33,1444,1374.1500244140625,4.151000022888184,278,반도체,Listed,0.0
2022-11-10,61400,61500,60400,60400,21087633,-2.5806451612903225,360574866020000,5969782550,43611,10.46,1.38,5777,2.39,1444,1370.550048828125,3.8289999961853027,278,반도체,Listed,0.0
2022-11-11,63100,63200,62300,62900,20037163,4.13907284768212,375499322395000,5969782550,43611,10.89,1.44,5777,2.3,1444,1349.3699951171875,3.812999963760376,278,반도체,Listed,0.0
2022-11-14,62900,62900,61700,61900,15973416,-1.5898251192368837,369529539845000,5969782550,43611,10.71,1.42,5777,2.33,1444,1313.030029296875,3.865000009536743,278,반도체,Listed,0.0
2022-11-15,62200,62500,61600,62400,12310986,0.8077544426494345,372514431120000,5969782550,43611,10.8,1.43,5777,2.31,1444,1324.0799560546875,3.7990000247955322,278,반도체,Listed,0.0
2022-11-16,62400,62700,61700,62700,12909260,0.4807692307692308,374305365885000,5969782550,43611,10.85,1.44,5777,2.3,1444,1316.260009765625,3.691999912261963,278,반도체,Listed,0.0
2022-11-17,62000,62000,61300,61400,13298296,-2.073365231259968,366544648570000,5969782550,43611,10.63,1.41,5777,2.35,1444,1336.4300537109375,3.7750000953674316,278,반도체,Listed,0.0
2022-11-18,61800,62400,61400,61800,12236503,0.6514657980456027,368932561590000,5969782550,43611,10.7,1.42,5777,2.34,1444,1342.75,3.818000078201294,278,반도체,Listed,0.0
2022-11-21,61400,61800,60800,61400,9378097,-0.6472491909385114,366544648570000,5969782550,43611,10.63,1.41,5777,2.35,1444,1339.030029296875,3.825000047683716,278,반도체,Listed,0.0
2022-11-22,60900,61200,60300,60600,9411289,-1.3029315960912053,361768822530000,5969782550,43611,10.49,1.39,5777,2.38,1444,1359.75,3.757999897003174,278,반도체,Listed,0.0
2022-11-23,61200,61300,60700,61000,8765050,0.6600660066006601,364156735550000,5969782550,43611,10.56,1.4,5777,2.37,1444,1352.68994140625,3.7060000896453857,278,반도체,Listed,0.0
2022-11-24,61200,61700,60900,61400,8125010,0.6557377049180327,366544648570000,5969782550,43611,10.63,1.41,5777,2.35,1444,1336.81005859375,3.7060000896453857,278,반도체,Listed,0.0
2022-11-25,61400,61700,60800,61000,6677933,-0.6514657980456027,364156735550000,5969782550,43611,10.56,1.4,5777,2.37,1444,1317.8900146484375,3.690999984741211,278,반도체,Listed,0.0
2022-11-28,60500,60500,59800,60100,8589032,-1.4754098360655739,358783931255000,5969782550,43611,10.4,1.38,5777,2.4,1444,1334.56005859375,3.703000068664551,278,반도체,Listed,0.0
2022-11-29,59900,60600,59800,60600,7014160,0.8319467554076538,361768822530000,5969782550,43611,10.49,1.39,5777,2.38,1444,1340.1199951171875,3.747999906539917,278,반도체,Listed,0.0
2022-11-30,60400,62200,60200,62200,19768903,2.6402640264026402,371320474610000,5969782550,43611,10.77,1.43,5777,2.32,1444,1325.3699951171875,3.703000068664551,278,반도체,Listed,0.0
2022-12-01,63100,63200,62300,62600,16631445,0.6430868167202572,373708387630000,5969782550,43611,10.84,1.44,5777,2.31,1444,1279.800048828125,3.5290000438690186,278,반도체,Listed,0.0
2022-12-02,62500,62500,60400,60400,15331184,-3.5143769968051117,360574866020000,5969782550,43611,10.46,1.38,5777,2.39,1444,1303.25,3.50600004196167,278,반도체,Listed,0.0
2022-12-05,60900,61100,60000,60300,13767787,-0.16556291390728478,359977887765000,5969782550,43611,10.44,1.38,5777,2.39,1444,1299.1700439453125,3.5989999771118164,278,반도체,Listed,0.0
2022-12-06,59800,60100,59200,59200,13888300,-1.8242122719734661,353411126960000,5969782550,43611,10.25,1.36,5777,2.44,1444,1304.3699951171875,3.513000011444092,278,반도체,Listed,0.0
2022-12-07,58800,59600,58500,58900,12100662,-0.5067567567567568,351620192195000,5969782550,43611,10.2,1.35,5777,2.45,1444,1319.7099609375,3.4079999923706055,278,반도체,Listed,0.0
2022-12-08,58700,59200,58600,59200,12986815,0.5093378607809848,353411126960000,5969782550,43611,10.25,1.36,5777,2.44,1444,1314.0999755859375,3.490999937057495,278,반도체,Listed,0.0
2022-12-09,59300,60600,59300,60400,10529632,2.027027027027027,360574866020000,5969782550,43611,10.46,1.38,5777,2.39,1444,1316.6300048828125,3.566999912261963,278,반도체,Listed,0.0
2022-12-12,59900,60000,59400,59500,9036472,-1.490066225165563,355202061725000,5969782550,43611,10.3,1.36,5777,2.43,1444,1303.1700439453125,3.6110000610351562,278,반도체,Listed,0.0
2022-12-13,59600,60300,59400,59700,9040873,0.33613445378151263,356396018235000,5969782550,43611,10.33,1.37,5777,2.42,1444,1305.9200439453125,3.500999927520752,278,반도체,Listed,0.0
2022-12-14,59800,60600,59800,60500,8207485,1.340033500837521,361171844275000,5969782550,43611,10.47,1.39,5777,2.39,1444,1288.97998046875,3.503000020980835,278,반도체,Listed,0.0
2022-12-15,59800,60200,59300,59300,8716039,-1.9834710743801653,354008105215000,5969782550,43611,10.26,1.36,5777,2.44,1444,1295.6800537109375,3.450000047683716,278,반도체,Listed,0.0
2022-12-16,58300,59500,58300,59500,13033596,0.33726812816188867,355202061725000,5969782550,43611,10.3,1.36,5777,2.43,1444,1317.0999755859375,3.4820001125335693,278,반도체,Listed,0.0
2022-12-19,59500,59900,59100,59500,7696187,0.0,355202061725000,5969782550,43611,10.3,1.36,5777,2.43,1444,1308.8599853515625,3.5810000896453857,278,반도체,Listed,0.0
2022-12-20,59000,59100,58500,58600,9284761,-1.5126050420168067,349829257430000,5969782550,43611,10.14,1.34,5777,2.46,1444,1301.3299560546875,3.684000015258789,278,반도체,Listed,0.0
2022-12-21,58700,59100,58000,58000,10356971,-1.023890784982935,346247387900000,5969782550,43611,10.04,1.33,5777,2.49,1444,1283.6400146484375,3.684000015258789,278,반도체,Listed,0.0
2022-12-22,58100,59100,58100,59100,10720630,1.896551724137931,352814148705000,5969782550,43611,10.23,1.36,5777,2.44,1444,1280.77001953125,3.6689999103546143,278,반도체,Listed,0.0
2022-12-23,58200,58400,57700,58100,9829407,-1.6920473773265652,346844366155000,5969782550,43611,10.06,1.33,5777,2.49,1444,1290.199951171875,3.750999927520752,278,반도체,Listed,0.0
2022-12-26,58000,58100,57700,57900,6756411,-0.34423407917383825,345650409645000,5969782550,43611,10.02,1.33,5777,2.49,1444,1279.239990234375,3.750999927520752,278,반도체,Listed,0.0
2022-12-27,58000,58400,57900,58100,10667027,0.3454231433506045,346844366155000,5969782550,43611,10.06,1.33,5777,2.49,1444,1275.1300048828125,3.859999895095825,278,반도체,Listed,0.0
2022-12-28,57600,57600,56400,56600,14665410,-2.5817555938037864,337889692330000,5969782550,43611,9.8,1.3,5777,2.55,1444,1272.280029296875,3.88700008392334,278,반도체,Listed,0.0
2022-12-29,56000,56200,55300,55300,11295935,-2.2968197879858656,330128975015000,5969782550,43611,9.57,1.27,5777,2.61,1444,1274.3199462890625,3.8350000381469727,278,반도체,Listed,0.0
2023-01-02,55500,56100,55200,55500,10031448,0.3616636528028933,331322931525000,5969782550,43611,9.61,1.27,5777,2.6,1444,1260.9100341796875,3.878999948501587,278,반도체,Listed,0.0
2023-01-03,55400,56000,54500,55400,13547030,-0.18018018018018017,330725953270000,5969782550,43611,9.59,1.27,5777,2.61,1444,1270.0999755859375,3.7929999828338623,278,반도체,Listed,0.0
2023-01-04,55700,58000,55600,57800,20188071,4.332129963898916,345053431390000,5969782550,43611,10.01,1.33,5777,2.5,1444,1279.0799560546875,3.7090001106262207,278,반도체,Listed,0.0
2023-01-05,58200,58800,57600,58200,15682826,0.6920415224913495,347441344410000,5969782550,43611,10.07,1.33,5777,2.48,1444,1271.0799560546875,3.7200000286102295,278,반도체,Listed,0.0
2023-01-06,58300,59400,57900,59000,17334989,1.3745704467353952,352217170450000,5969782550,43611,10.21,1.35,5777,2.45,1444,1274.1800537109375,3.569000005722046,278,반도체,Listed,0.0
2023-01-09,59700,60700,59600,60700,18640107,2.8813559322033897,362365800785000,5969782550,43611,10.51,1.39,5777,2.38,1444,1252.8800048828125,3.5169999599456787,278,반도체,Listed,0.0
2023-01-10,60200,61100,59900,60400,14859797,-0.4942339373970346,360574866020000,5969782550,43611,10.46,1.38,5777,2.39,1444,1239.280029296875,3.621000051498413,278,반도체,Listed,0.0
2023-01-11,61000,61200,60300,60500,12310751,0.16556291390728478,361171844275000,5969782550,43611,10.47,1.39,5777,2.39,1444,1240.1600341796875,3.553999900817871,278,반도체,Listed,0.0
2023-01-12,61100,61200,59900,60500,16102561,0.0,361171844275000,5969782550,43611,10.47,1.39,5777,2.39,1444,1241.5999755859375,3.4489998817443848,278,반도체,Listed,0.0
2023-01-13,60500,61200,60400,60800,12510328,0.49586776859504134,362962779040000,5969782550,43611,10.52,1.39,5777,2.38,1444,1239.1300048828125,3.510999917984009,278,반도체,Listed,0.0
2023-01-16,61300,61600,60800,61100,10039972,0.4934210526315789,364753713805000,5969782550,43611,10.58,1.4,5777,2.36,1444,1236.5899658203125,3.510999917984009,278,반도체,Listed,0.0
2023-01-17,61200,61500,60600,61000,9831456,-0.16366612111292964,364156735550000,5969782550,43611,10.56,1.4,5777,2.37,1444,1240.7099609375,3.5350000858306885,278,반도체,Listed,0.0
2023-01-18,60700,61000,59900,60400,11584041,-0.9836065573770493,360574866020000,5969782550,43611,10.46,1.38,5777,2.39,1444,1237.0,3.375,278,반도체,Listed,0.0
2023-01-19,60500,61500,60400,61500,12808490,1.8211920529801324,367141626825000,5969782550,43611,10.65,1.41,5777,2.35,1444,1237.8800048828125,3.3970000743865967,278,반도체,Listed,0.0
2023-01-20,62100,62300,61100,61800,9646327,0.4878048780487805,368932561590000,5969782550,43611,10.7,1.42,5777,2.34,1444,1232.1800537109375,3.4839999675750732,278,반도체,Listed,0.0
2023-01-25,63500,63700,63000,63400,16822710,2.5889967637540456,378484213670000,5969782550,43611,10.97,1.45,5777,2.28,1444,1232.6600341796875,3.4619998931884766,278,반도체,Listed,0.0
2023-01-26,63800,63900,63300,63900,13278277,0.7886435331230284,381469104945000,5969782550,43611,11.06,1.47,5777,2.26,1444,1232.5899658203125,3.493000030517578,278,반도체,Listed,0.0
2023-01-27,64400,65000,63900,64600,18760182,1.0954616588419406,385647952730000,5969782550,43611,11.18,1.48,5777,2.24,1444,1231.8499755859375,3.5179998874664307,278,반도체,Listed,0.0
2023-01-30,64900,64900,63100,63300,20995234,-2.0123839009287927,377887235415000,5969782550,43611,10.96,1.45,5777,2.28,1444,1228.949951171875,3.5510001182556152,278,반도체,Listed,0.0
2023-01-31,63500,63700,61000,61000,29746731,-3.6334913112164293,364156735550000,5969782550,43611,10.56,1.4,5777,2.37,1444,1231.5,3.5290000438690186,278,반도체,Listed,0.0
2023-02-01,62600,62700,61000,61800,18570133,1.3114754098360655,368932561590000,5969782550,43611,10.7,1.42,5777,2.34,1444,1232.1500244140625,3.3970000743865967,278,반도체,Listed,0.0
2023-02-02,63200,63900,62600,63500,23285983,2.750809061488673,379081191925000,5969782550,43611,10.99,1.46,5777,2.27,1444,1221.949951171875,3.3959999084472656,278,반도체,Listed,0.0
2023-02-03,63900,64000,63000,63800,15194598,0.47244094488188976,380872126690000,5969782550,43611,11.04,1.46,5777,2.26,1444,1224.9000244140625,3.5320000648498535,278,반도체,Listed,0.0
2023-02-06,62800,63000,61600,61600,15529356,-3.4482758620689653,367738605080000,5969782550,43611,10.66,1.41,5777,2.34,1444,1246.75,3.634000062942505,278,반도체,Listed,0.0
2023-02-07,61900,62500,61600,61900,14491039,0.487012987012987,369529539845000,5969782550,43611,10.71,1.42,5777,2.33,1444,1261.22998046875,3.6740000247955322,278,반도체,Listed,0.0
2023-02-08,62800,63300,62400,63100,12243125,1.938610662358643,376693278905000,5969782550,43611,10.92,1.45,5777,2.29,1444,1255.3499755859375,3.6530001163482666,278,반도체,Listed,0.0
2023-02-09,63000,63300,62300,63000,12164865,-0.15847860538827258,376096300650000,5969782550,43611,10.91,1.44,5777,2.29,1444,1260.469970703125,3.683000087738037,278,반도체,Listed,0.0
2023-02-10,62600,63000,62400,62800,9382576,-0.31746031746031744,374902344140000,5969782550,43611,10.87,1.44,5777,2.3,1444,1264.550048828125,3.74399995803833,278,반도체,Listed,0.0
2023-02-13,62900,63000,62300,62900,10730362,0.15923566878980894,375499322395000,5969782550,43611,10.89,1.44,5777,2.3,1444,1266.8699951171875,3.7170000076293945,278,반도체,Listed,0.0
2023-02-14,63600,63900,63200,63200,9126664,0.47694753577106513,377290257160000,5969782550,43611,10.94,1.45,5777,2.28,1444,1272.93994140625,3.760999917984009,278,반도체,Listed,0.0
2023-02-15,63900,63900,62000,62200,13208103,-1.5822784810126582,371320474610000,5969782550,43611,10.77,1.43,5777,2.32,1444,1272.25,3.809000015258789,278,반도체,Listed,0.0
2023-02-16,62500,63700,62400,63700,13798831,2.4115755627009645,380275148435000,5969782550,43611,11.03,1.46,5777,2.27,1444,1283.719970703125,3.8429999351501465,278,반도체,Listed,0.0
2023-02-17,62900,63300,62400,62600,10791265,-1.726844583987441,373708387630000,5969782550,43611,10.84,1.44,5777,2.31,1444,1288.9599609375,3.828000068664551,278,반도체,Listed,0.0
2023-02-20,62900,63000,61800,62700,12908073,0.1597444089456869,374305365885000,5969782550,43611,10.85,1.44,5777,2.3,1444,1293.9200439453125,3.828000068664551,278,반도체,Listed,0.0
2023-02-21,62700,62800,62000,62100,7665046,-0.9569377990430622,370723496355000,5969782550,43611,10.75,1.42,5777,2.33,1444,1296.1099853515625,3.9549999237060547,278,반도체,Listed,0.0
2023-02-22,61500,61800,61000,61100,11959088,-1.610305958132045,364753713805000,5969782550,43611,10.58,1.4,5777,2.36,1444,1305.8299560546875,3.9230000972747803,278,반도체,Listed,0.0
2023-02-23,61700,62500,61500,62000,13047099,1.4729950900163666,370126518100000,5969782550,43611,10.73,1.42,5777,2.33,1444,1302.8299560546875,3.878999948501587,278,반도체,Listed,0.0
2023-02-24,62300,62600,61300,61300,10308143,-1.129032258064516,365947670315000,5969782550,43611,10.61,1.41,5777,2.36,1444,1298.0799560546875,3.9489998817443848,278,반도체,Listed,0.0
2023-02-27,60800,60800,60200,60500,11155697,-1.3050570962479608,361171844275000,5969782550,43611,10.47,1.39,5777,2.39,1444,1313.699951171875,3.921999931335449,278,반도체,Listed,0.0
2023-02-28,60800,61400,60500,60600,13715861,0.1652892561983471,361768822530000,5969782550,43611,10.49,1.39,5777,2.38,1444,1318.3499755859375,3.9159998893737793,278,반도체,Listed,0.0
2023-03-02,60900,61800,60500,60800,13095682,0.33003300330033003,362962779040000,5969782550,43611,10.52,1.39,5777,2.38,1444,1305.72998046875,4.072999954223633,278,반도체,Listed,0.0
2023-03-03,61000,61200,60500,60500,10711405,-0.4934210526315789,361171844275000,5969782550,43611,10.47,1.39,5777,2.39,1444,1311.06005859375,3.9639999866485596,278,반도체,Listed,0.0
2023-03-06,61100,61600,60800,61500,13630602,1.6528925619834711,367141626825000,5969782550,43611,10.65,1.41,5777,2.35,1444,1294.780029296875,3.9830000400543213,278,반도체,Listed,0.0
2023-03-07,61400,61400,60700,60700,11473280,-1.3008130081300813,362365800785000,5969782550,43611,10.51,1.39,5777,2.38,1444,1299.0,3.9749999046325684,278,반도체,Listed,0.0
2023-03-08,60100,60500,59900,60300,14161857,-0.6589785831960462,359977887765000,5969782550,43611,10.44,1.38,5777,2.39,1444,1317.9000244140625,3.9760000705718994,278,반도체,Listed,0.0
2023-03-09,60500,60800,59900,60100,14334499,-0.33167495854063017,358783931255000,5969782550,43611,10.4,1.38,5777,2.4,1444,1316.449951171875,3.924999952316284,278,반도체,Listed,0.0
2023-03-10,59500,59700,59100,59500,11902471,-0.9983361064891847,355202061725000,5969782550,43611,10.3,1.36,5777,2.43,1444,1325.550048828125,3.694999933242798,278,반도체,Listed,0.0
2023-03-13,59900,60200,59300,60000,12779724,0.8403361344537815,358186953000000,5969782550,43611,10.39,1.38,5777,2.41,1444,1319.5400390625,3.515000104904175,278,반도체,Listed,0.0
2023-03-14,59400,59500,59000,59000,12147346,-1.6666666666666667,352217170450000,5969782550,43611,10.21,1.35,5777,2.45,1444,1296.3800048828125,3.638000011444092,278,반도체,Listed,0.0
2023-03-15,60000,60300,59600,59800,10482149,1.3559322033898304,356992996490000,5969782550,43611,10.35,1.37,5777,2.41,1444,1304.5799560546875,3.492000102996826,278,반도체,Listed,0.0
2023-03-16,59200,60200,59100,59900,10611939,0.16722408026755853,357589974745000,5969782550,43611,10.37,1.37,5777,2.41,1444,1311.739990234375,3.5850000381469727,278,반도체,Listed,0.0
2023-03-17,60800,61300,60600,61300,14090110,2.337228714524207,365947670315000,5969782550,43611,10.61,1.41,5777,2.36,1444,1301.6199951171875,3.3949999809265137,278,반도체,Listed,0.0
2023-03-20,61100,61200,60200,60200,9618009,-1.794453507340946,359380909510000,5969782550,43611,10.42,1.38,5777,2.4,1444,1307.6500244140625,3.4809999465942383,278,반도체,Listed,0.0
2023-03-21,60500,60700,60100,60300,8318514,0.16611295681063123,359977887765000,5969782550,43611,10.44,1.38,5777,2.39,1444,1304.93994140625,3.6059999465942383,278,반도체,Listed,0.0
2023-03-22,61000,61200,60500,61100,8978591,1.3266998341625207,364753713805000,5969782550,43611,10.58,1.4,5777,2.36,1444,1303.43994140625,3.5,278,반도체,Listed,0.0
2023-03-23,60600,62300,60600,62300,15381057,1.9639934533551555,371917452865000,5969782550,43611,10.78,1.43,5777,2.32,1444,1298.25,3.4059998989105225,278,반도체,Listed,0.0
2023-03-24,62700,63300,62300,63000,18278602,1.1235955056179776,376096300650000,5969782550,43611,10.91,1.44,5777,2.29,1444,1286.2900390625,3.380000114440918,278,반도체,Listed,0.0
2023-03-27,62600,62800,62000,62100,11039331,-1.4285714285714286,370723496355000,5969782550,43611,10.75,1.42,5777,2.33,1444,1297.800048828125,3.5280001163482666,278,반도체,Listed,0.0
2023-03-28,62400,62900,62100,62900,11614118,1.288244766505636,375499322395000,5969782550,43611,10.89,1.44,5777,2.3,1444,1296.97998046875,3.563999891281128,278,반도체,Listed,0.0
2023-03-29,62500,62700,62200,62700,11216008,-0.3179650238473768,374305365885000,5969782550,43611,10.85,1.44,5777,2.3,1444,1307.1300048828125,3.565999984741211,278,반도체,Listed,0.0
2023-03-30,63700,63700,63100,63200,15684377,0.7974481658692184,377290257160000,5969782550,43611,10.94,1.45,5777,2.28,1444,1296.5,3.5510001182556152,278,반도체,Listed,0.0
2023-03-31,64000,64000,63700,64000,14094479,1.2658227848101267,382066083200000,5969782550,43611,11.08,1.47,5777,2.26,1444,1296.5,3.49399995803833,278,반도체,Listed,0.0
2023-04-03,64000,64000,63000,63100,11973133,-1.40625,376693278905000,5969782550,43611,10.92,1.45,5777,2.29,1444,1308.050048828125,3.430000066757202,278,반도체,Listed,0.0
2023-04-04,63400,63800,62800,63600,11120514,0.7923930269413629,379678170180000,5969782550,43611,11.01,1.46,5777,2.27,1444,1312.4100341796875,3.3369998931884766,278,반도체,Listed,0.0
2023-04-05,63700,64000,63400,63900,9176149,0.4716981132075472,381469104945000,5969782550,43611,11.06,1.47,5777,2.26,1444,1316.2099609375,3.2869999408721924,278,반도체,Listed,0.0
2023-04-06,63500,63600,62300,62300,14992747,-2.503912363067293,371917452865000,5969782550,43611,10.78,1.43,5777,2.32,1444,1317.93994140625,3.2880001068115234,278,반도체,Listed,0.0
2023-04-07,63800,65200,63800,65000,27476120,4.333868378812198,388035865750000,5969782550,43611,11.25,1.49,5777,2.22,1444,1317.93994140625,3.2880001068115234,278,반도체,Listed,0.0
2023-04-10,64800,66300,64700,65700,18777166,1.0769230769230769,392214713535000,5969782550,43611,11.37,1.51,5777,2.2,1444,1320.8800048828125,3.4149999618530273,278,반도체,Listed,0.0
2023-04-11,66200,66200,65400,65900,16323183,0.30441400304414,393408670045000,5969782550,43611,11.41,1.51,5777,2.19,1444,1322.0899658203125,3.434000015258789,278,반도체,Listed,0.0
2023-04-12,65800,66200,65300,66000,15021313,0.15174506828528073,394005648300000,5969782550,43611,11.42,1.51,5777,2.19,1444,1322.8299560546875,3.4210000038146973,278,반도체,Listed,0.0
2023-04-13,65600,66100,65400,66100,15091022,0.15151515151515152,394602626555000,5969782550,43611,11.44,1.52,5777,2.18,1444,1301.4300537109375,3.4519999027252197,278,반도체,Listed,0.0
2023-04-14,66600,66600,65000,65100,16176490,-1.5128593040847202,388632844005000,5969782550,43611,11.27,1.49,5777,2.22,1444,1301.4300537109375,3.5220000743865967,278,반도체,Listed,0.0
2023-04-17,65000,65600,64700,65300,13486618,0.30721966205837176,389826800515000,5969782550,43611,11.3,1.5,5777,2.21,1444,1316.0699462890625,3.5910000801086426,278,반도체,Listed,0.0
2023-04-18,65900,66000,64800,65600,14802060,0.45941807044410415,391617735280000,5969782550,43611,11.36,1.5,5777,2.2,1444,1315.9000244140625,3.572000026702881,278,반도체,Listed,0.0
2023-04-19,65500,65800,65300,65500,10255985,-0.1524390243902439,391020757025000,5969782550,43611,11.34,1.5,5777,2.2,1444,1326.760009765625,3.6019999980926514,278,반도체,Listed,0.0
2023-04-20,65100,65300,64600,65300,9501169,-0.3053435114503817,389826800515000,5969782550,43611,11.3,1.5,5777,2.21,1444,1323.5999755859375,3.5450000762939453,278,반도체,Listed,0.0
2023-04-21,65800,65900,65400,65700,10538622,0.6125574272588056,392214713535000,5969782550,43611,11.37,1.51,5777,2.2,1444,1323.5999755859375,3.569999933242798,278,반도체,Listed,0.0
2023-04-24,65300,65700,64800,65200,12986581,-0.76103500761035,389229822260000,5969782550,43611,11.29,1.5,5777,2.21,1444,1332.800048828125,3.515000104904175,278,반도체,Listed,0.0
2023-04-25,65300,65400,63400,63600,16193271,-2.4539877300613497,379678170180000,5969782550,43611,11.01,1.46,5777,2.27,1444,1341.0,3.3959999084472656,278,반도체,Listed,0.0
2023-04-26,63600,64300,63300,64100,12664541,0.7861635220125787,382663061455000,5969782550,43611,11.1,1.47,5777,2.25,1444,1337.8299560546875,3.431999921798706,278,반도체,Listed,0.0
2023-04-27,64100,65000,63300,64600,14779601,0.7800312012480499,385647952730000,5969782550,43611,11.18,1.48,5777,2.24,1444,1339.3900146484375,3.5280001163482666,278,반도체,Listed,0.0
2023-04-28,65200,65900,65000,65500,19699481,1.393188854489164,391020757025000,5969782550,43611,11.34,1.5,5777,2.2,1444,1339.3900146484375,3.4519999027252197,278,반도체,Listed,0.0
2023-05-02,66000,66300,65100,65700,14396948,0.3053435114503817,392214713535000,5969782550,50817,8.15,1.29,8057,2.2,1444,1342.300048828125,3.438999891281128,278,반도체,Listed,0.0
2023-05-03,65100,65600,64900,65400,8876749,-0.45662100456621,390423778770000,5969782550,50817,8.12,1.29,8057,2.21,1444,1335.22998046875,3.4030001163482666,278,반도체,Listed,0.0
2023-05-04,65600,65700,64700,65100,9791064,-0.45871559633027525,388632844005000,5969782550,50817,8.08,1.28,8057,2.22,1444,1320.1500244140625,3.3510000705718994,278,반도체,Listed,0.0
2023-05-08,66300,66300,65400,65900,9405365,1.228878648233487,393408670045000,5969782550,50817,8.18,1.3,8057,2.19,1444,1322.4100341796875,3.5209999084472656,278,반도체,Listed,0.0
2023-05-09,65800,65800,65100,65300,9366861,-0.9104704097116844,389826800515000,5969782550,50817,8.1,1.29,8057,2.21,1444,1326.050048828125,3.5209999084472656,278,반도체,Listed,0.0
2023-05-10,65500,65500,64300,64600,13057727,-1.0719754977029097,385647952730000,5969782550,50817,8.02,1.27,8057,2.24,1444,1318.050048828125,3.438999891281128,278,반도체,Listed,0.0
2023-05-11,64700,65100,64200,64200,11648905,-0.6191950464396285,383260039710000,5969782550,50817,7.97,1.26,8057,2.25,1444,1329.8800048828125,3.3970000743865967,278,반도체,Listed,0.0
2023-05-12,63700,64600,63600,64100,8693913,-0.1557632398753894,382663061455000,5969782550,50817,7.96,1.26,8057,2.25,1444,1329.8800048828125,3.4630000591278076,278,반도체,Listed,0.0
2023-05-15,64100,64600,63900,64500,8172021,0.62402496099844,385050974475000,5969782550,50817,8.01,1.27,8057,2.24,1444,1335.4000244140625,3.507999897003174,278,반도체,Listed,0.0
2023-05-16,65800,65900,65300,65400,12334657,1.3953488372093024,390423778770000,5969782550,50817,8.12,1.29,8057,2.21,1444,1342.4300537109375,3.5490000247955322,278,반도체,Listed,0.0
2023-05-17,65900,65900,64800,65000,10745504,-0.6116207951070336,388035865750000,5969782550,50817,8.07,1.28,8057,2.22,1444,1334.1500244140625,3.5810000896453857,278,반도체,Listed,0.0
2023-05-18,66000,66200,65700,66200,14431704,1.8461538461538463,395199604810000,5969782550,50817,8.22,1.3,8057,2.18,1444,1334.739990234375,3.6480000019073486,278,반도체,Listed,0.0
2023-05-19,67800,68400,67500,68400,20349345,3.3232628398791544,408333126420000,5969782550,50817,8.49,1.35,8057,2.11,1444,1334.739990234375,3.691999912261963,278,반도체,Listed,0.0
2023-05-22,68400,69000,68000,68500,14470308,0.14619883040935672,408930104675000,5969782550,50817,8.5,1.35,8057,2.11,1444,1313.8299560546875,3.7190001010894775,278,반도체,Listed,0.0
2023-05-23,68500,68700,68100,68400,8561643,-0.145985401459854,408333126420000,5969782550,50817,8.49,1.35,8057,2.11,1444,1319.8399658203125,3.697999954223633,278,반도체,Listed,0.0
2023-05-24,68100,68700,68000,68500,8192896,0.14619883040935672,408930104675000,5969782550,50817,8.5,1.35,8057,2.11,1444,1318.52001953125,3.7190001010894775,278,반도체,Listed,0.0
2023-05-25,69900,70000,68700,68800,14231160,0.43795620437956206,410721039440000,5969782550,50817,8.54,1.35,8057,2.1,1444,1330.8900146484375,3.813999891281128,278,반도체,Listed,0.0
2023-05-26,69800,70400,69500,70300,19549511,2.1802325581395348,419675713265000,5969782550,50817,8.73,1.38,8057,2.05,1444,1330.8900146484375,3.809999942779541,278,반도체,Listed,0.0
2023-05-30,71300,72300,71200,72300,27476897,2.844950213371266,431615278365000,5969782550,50817,8.97,1.42,8057,2.0,1444,1319.7900390625,3.700000047683716,278,반도체,Listed,0.0
2023-05-31,72400,72500,71000,71400,25666087,-1.2448132780082988,426242474070000,5969782550,50817,8.86,1.41,8057,2.02,1444,1321.739990234375,3.63700008392334,278,반도체,Listed,0.0
2023-06-01,70900,71600,70600,70900,14669296,-0.700280112044818,423257582795000,5969782550,50817,8.8,1.4,8057,2.04,1444,1312.8499755859375,3.6080000400543213,278,반도체,Listed,0.0
2023-06-02,71700,72200,71600,72200,12161798,1.8335684062059237,431018300110000,5969782550,50817,8.96,1.42,8057,2.0,1444,1312.8499755859375,3.690999984741211,278,반도체,Listed,0.0
2023-06-05,72700,72700,71400,71700,12686829,-0.6925207756232686,428033408835000,5969782550,50817,8.9,1.41,8057,2.01,1444,1299.7900390625,3.693000078201294,278,반도체,Listed,0.0
2023-06-07,71300,71600,70800,71000,14796613,-0.9762900976290098,423854561050000,5969782550,50817,8.81,1.4,8057,2.03,1444,1308.3399658203125,3.7839999198913574,278,반도체,Listed,0.0
2023-06-08,70400,70900,70000,70900,19165568,-0.14084507042253522,423257582795000,5969782550,50817,8.8,1.4,8057,2.04,1444,1296.3299560546875,3.7139999866485596,278,반도체,Listed,0.0
2023-06-09,71100,72300,70800,72000,15050209,1.5514809590973202,429824343600000,5969782550,50817,8.94,1.42,8057,2.01,1444,1296.3299560546875,3.744999885559082,278,반도체,Listed,0.0
2023-06-12,72100,72400,70800,71000,12064287,-1.3888888888888888,423854561050000,5969782550,50817,8.81,1.4,8057,2.03,1444,1284.5799560546875,3.765000104904175,278,반도체,Listed,0.0
2023-06-13,71700,72200,71600,72000,13227285,1.4084507042253522,429824343600000,5969782550,50817,8.94,1.42,8057,2.01,1444,1267.6199951171875,3.8389999866485596,278,반도체,Listed,0.0
2023-06-14,72100,72200,71100,71900,12541046,-0.1388888888888889,429227365345000,5969782550,50817,8.92,1.41,8057,2.01,1444,1273.989990234375,3.7960000038146973,278,반도체,Listed,0.0
2023-06-15,72100,72300,71300,71500,13614994,-0.5563282336578581,426839452325000,5969782550,50817,8.87,1.41,8057,2.02,1444,1270.050048828125,3.7279999256134033,278,반도체,Listed,0.0
2023-06-16,71800,71900,70900,71800,15373696,0.4195804195804196,428630387090000,5969782550,50817,8.91,1.41,8057,2.01,1444,1270.050048828125,3.7690000534057617,278,반도체,Listed,0.0
2023-06-19,71300,71700,70900,71200,11100887,-0.8356545961002786,425048517560000,5969782550,50817,8.84,1.4,8057,2.03,1444,1283.239990234375,3.7690000534057617,278,반도체,Listed,0.0
2023-06-20,70700,71400,70400,71400,11557883,0.2808988764044944,426242474070000,5969782550,50817,8.86,1.41,8057,2.02,1444,1287.5400390625,3.7290000915527344,278,반도체,Listed,0.0
2023-06-21,70700,71200,70400,70500,10626603,-1.2605042016806722,420869669775000,5969782550,50817,8.75,1.39,8057,2.05,1444,1288.3800048828125,3.7230000495910645,278,반도체,Listed,0.0
2023-06-22,70200,71500,70100,71300,11411007,1.1347517730496455,425645495815000,5969782550,50817,8.85,1.4,8057,2.03,1444,1298.2099609375,3.7990000247955322,278,반도체,Listed,0.0
2023-06-23,72000,72200,71600,71600,12329484,0.42075736325385693,427436430580000,5969782550,50817,8.89,1.41,8057,2.02,1444,1298.2099609375,3.739000082015991,278,반도체,Listed,0.0
2023-06-26,71700,72500,71500,72400,10541901,1.1173184357541899,432212256620000,5969782550,50817,8.99,1.42,8057,1.99,1444,1302.6600341796875,3.7190001010894775,278,반도체,Listed,0.0
2023-06-27,72500,72600,72000,72600,9442997,0.2762430939226519,433406213130000,5969782550,50817,9.01,1.43,8057,1.99,1444,1296.5999755859375,3.7679998874664307,278,반도체,Listed,0.0
2023-06-28,72600,72700,72000,72700,8783093,0.13774104683195593,434003191385000,5969782550,50817,9.02,1.43,8057,1.99,1444,1309.010009765625,3.7100000381469727,278,반도체,Listed,0.0
2023-06-29,73100,73400,72400,72400,12229967,-0.41265474552957354,432212256620000,5969782550,50817,8.99,1.42,8057,1.99,1444,1323.0699462890625,3.8540000915527344,278,반도체,Listed,0.0
2023-06-30,72500,72700,71700,72200,11694765,-0.2762430939226519,431018300110000,5969782550,50817,8.96,1.42,8057,2.0,1444,1323.0699462890625,3.819000005722046,278,반도체,Listed,0.0
2023-07-03,72700,73200,72600,73000,10722181,1.10803324099723,435794126150000,5969782550,50817,9.06,1.44,8057,1.98,1444,1306.0999755859375,3.8580000400543213,278,반도체,Listed,0.0
2023-07-04,73400,73600,72900,73000,10214350,0.0,435794126150000,5969782550,50817,9.06,1.44,8057,1.98,1444,1295.5,3.8580000400543213,278,반도체,Listed,0.0
2023-07-05,73000,73300,71900,72000,12310610,-1.36986301369863,429824343600000,5969782550,50817,8.94,1.42,8057,2.01,1444,1302.969970703125,3.944999933242798,278,반도체,Listed,0.0
2023-07-06,71900,72400,71500,71600,14777667,-0.5555555555555556,427436430580000,5969782550,50817,8.89,1.41,8057,2.02,1444,1309.219970703125,4.040999889373779,278,반도체,Listed,0.0
2023-07-07,71100,71400,69800,69900,17308877,-2.3743016759776534,417287800245000,5969782550,50817,8.68,1.38,8057,2.07,1444,1309.219970703125,4.050000190734863,278,반도체,Listed,0.0
2023-07-10,70000,70400,69200,69500,11713926,-0.5722460658082975,414899887225000,5969782550,50817,8.63,1.37,8057,2.08,1444,1299.5400390625,4.00600004196167,278,반도체,Listed,0.0
2023-07-11,70200,71500,70100,71500,12177392,2.877697841726619,426839452325000,5969782550,50817,8.87,1.41,8057,2.02,1444,1291.510009765625,3.9800000190734863,278,반도체,Listed,0.0
2023-07-12,71200,72000,71100,71900,10375581,0.5594405594405595,429227365345000,5969782550,50817,8.92,1.41,8057,2.01,1444,1274.699951171875,3.8610000610351562,278,반도체,Listed,0.0
2023-07-13,72400,72600,71900,71900,14417279,0.0,429227365345000,5969782550,50817,8.92,1.41,8057,2.01,1444,1266.8299560546875,3.760999917984009,278,반도체,Listed,0.0
2023-07-14,72500,73400,72400,73400,15882519,2.086230876216968,438182039170000,5969782550,50817,9.11,1.44,8057,1.97,1444,1266.8299560546875,3.819000005722046,278,반도체,Listed,0.0
2023-07-17,73200,73500,72800,73300,10060049,-0.13623978201634876,437585060915000,5969782550,50817,9.1,1.44,8057,1.97,1444,1265.449951171875,3.796999931335449,278,반도체,Listed,0.0
2023-07-18,73200,73500,72000,72000,11697900,-1.7735334242837655,429824343600000,5969782550,50817,8.94,1.42,8057,2.01,1444,1264.93994140625,3.7890000343322754,278,반도체,Listed,0.0
2023-07-19,72700,72800,71300,71700,10896412,-0.4166666666666667,428033408835000,5969782550,50817,8.9,1.41,8057,2.01,1444,1265.0899658203125,3.742000102996826,278,반도체,Listed,0.0
2023-07-20,71100,71500,70800,71000,9732730,-0.9762900976290098,423854561050000,5969782550,50817,8.81,1.4,8057,2.03,1444,1278.4000244140625,3.8540000915527344,278,반도체,Listed,0.0
2023-07-21,70400,70400,69400,70300,16528926,-0.9859154929577465,419675713265000,5969782550,50817,8.73,1.38,8057,2.05,1444,1278.4000244140625,3.8369998931884766,278,반도체,Listed,0.0
2023-07-24,70100,70900,69900,70400,13418597,0.1422475106685633,420272691520000,5969782550,50817,8.74,1.39,8057,2.05,1444,1280.530029296875,3.8570001125335693,278,반도체,Listed,0.0
2023-07-25,70000,70500,69800,70000,14314945,-0.5681818181818182,417884778500000,5969782550,50817,8.69,1.38,8057,2.06,1444,1274.1199951171875,3.9119999408721924,278,반도체,Listed,0.0
2023-07-26,69800,70600,68100,69800,30016221,-0.2857142857142857,416690821990000,5969782550,50817,8.66,1.37,8057,2.07,1444,1275.1700439453125,3.8510000705718994,278,반도체,Listed,0.0
2023-07-27,69900,71700,69300,71700,24261179,2.722063037249284,428033408835000,5969782550,50817,8.9,1.41,8057,2.01,1444,1283.8800048828125,4.01200008392334,278,반도체,Listed,0.0
2023-07-28,71800,72400,70100,70600,19420683,-1.5341701534170153,421466648030000,5969782550,50817,8.76,1.39,8057,2.05,1444,1283.8800048828125,3.9690001010894775,278,반도체,Listed,0.0
2023-07-31,70900,71000,69800,69800,13035420,-1.13314447592068,416690821990000,5969782550,50817,8.66,1.37,8057,2.07,1444,1277.9300537109375,3.9590001106262207,278,반도체,Listed,0.0
2023-08-01,70100,71200,70000,71100,12299254,1.8624641833810889,424451539305000,5969782550,50817,8.82,1.4,8057,2.03,1444,1289.050048828125,4.051000118255615,278,반도체,Listed,0.0
2023-08-02,70700,71000,69800,69900,13835020,-1.6877637130801686,417287800245000,5969782550,50817,8.68,1.38,8057,2.07,1444,1295.3699951171875,4.078000068664551,278,반도체,Listed,0.0
2023-08-03,69900,70200,68500,68800,20087090,-1.5736766809728182,410721039440000,5969782550,50817,8.54,1.35,8057,2.1,1444,1296.4000244140625,4.189000129699707,278,반도체,Listed,0.0
2023-08-04,68800,69100,68200,68300,12360193,-0.7267441860465116,407736148165000,5969782550,50817,8.48,1.34,8057,2.11,1444,1296.4000244140625,4.059999942779541,278,반도체,Listed,0.0
2023-08-07,67700,69200,67600,68500,10968505,0.29282576866764276,408930104675000,5969782550,50817,8.5,1.35,8057,2.11,1444,1307.75,4.078000068664551,278,반도체,Listed,0.0
2023-08-08,69000,69100,67400,67600,14664709,-1.313868613138686,403557300380000,5969782550,50817,8.39,1.33,8057,2.14,1444,1316.6700439453125,4.026000022888184,278,반도체,Listed,0.0
2023-08-09,68000,69600,67900,68900,17259673,1.9230769230769231,411318017695000,5969782550,50817,8.55,1.36,8057,2.1,1444,1313.6400146484375,4.01200008392334,278,반도체,Listed,0.0
2023-08-10,68300,68500,67800,68000,10227311,-1.3062409288824384,405945213400000,5969782550,50817,8.44,1.34,8057,2.12,1444,1318.3299560546875,4.079999923706055,278,반도체,Listed,0.0
2023-08-11,68400,68800,67500,67500,9781038,-0.7352941176470588,402960322125000,5969782550,50817,8.38,1.33,8057,2.14,1444,1318.3299560546875,4.168000221252441,278,반도체,Listed,0.0
2023-08-14,67500,67900,66900,67300,9352343,-0.2962962962962963,401766365615000,5969782550,50817,8.35,1.32,8057,2.15,1444,1334.739990234375,4.184000015258789,278,반도체,Listed,0.0
2023-08-16,66700,67100,66300,67000,13174578,-0.44576523031203563,399975430850000,5969782550,50817,8.32,1.32,8057,2.16,1444,1343.3299560546875,4.257999897003174,278,반도체,Listed,0.0
2023-08-17,66300,66800,66000,66700,10778652,-0.44776119402985076,398184496085000,5969782550,50817,8.28,1.31,8057,2.16,1444,1339.0799560546875,4.308000087738037,278,반도체,Listed,0.0
2023-08-18,66000,66700,65800,66300,11745006,-0.5997001499250375,395796583065000,5969782550,50817,8.23,1.3,8057,2.18,1444,1339.0799560546875,4.250999927520752,278,반도체,Listed,0.0
2023-08-21,66600,67100,66300,66600,9720067,0.4524886877828055,397587517830000,5969782550,50817,8.27,1.31,8057,2.17,1444,1339.739990234375,4.3420000076293945,278,반도체,Listed,0.0
2023-08-22,67200,67700,66300,66600,10500242,0.0,397587517830000,5969782550,50817,8.27,1.31,8057,2.17,1444,1339.68994140625,4.328000068664551,278,반도체,Listed,0.0
2023-08-23,66700,67100,66400,67100,9549352,0.7507507507507507,400572409105000,5969782550,50817,8.33,1.32,8057,2.15,1444,1327.780029296875,4.197999954223633,278,반도체,Listed,0.0
2023-08-24,68300,68700,67900,68200,15044463,1.639344262295082,407139169910000,5969782550,50817,8.46,1.34,8057,2.12,1444,1326.6199951171875,4.235000133514404,278,반도체,Listed,0.0
2023-08-25,67100,67400,66900,67100,7032462,-1.6129032258064515,400572409105000,5969782550,50817,8.33,1.32,8057,2.15,1444,1326.6199951171875,4.238999843597412,278,반도체,Listed,0.0
2023-08-28,66800,67000,66500,66800,5824628,-0.44709388971684055,398781474340000,5969782550,50817,8.29,1.31,8057,2.16,1444,1322.8199462890625,4.211999893188477,278,반도체,Listed,0.0
2023-08-29,66900,67200,66600,66800,9114352,0.0,398781474340000,5969782550,50817,8.29,1.31,8057,2.16,1444,1321.0699462890625,4.122000217437744,278,반도체,Listed,0.0
2023-08-30,67300,67700,67100,67100,9181223,0.4491017964071856,400572409105000,5969782550,50817,8.33,1.32,8057,2.15,1444,1323.030029296875,4.118000030517578,278,반도체,Listed,0.0
2023-08-31,67100,67200,66400,66900,15964630,-0.29806259314456035,399378452595000,5969782550,50817,8.3,1.32,8057,2.16,1444,1324.6400146484375,4.0929999351501465,278,반도체,Listed,0.0
2023-09-01,66800,71000,66700,71000,29738235,6.128550074738415,423854561050000,5969782550,50817,8.81,1.4,8057,2.03,1444,1324.6400146484375,4.172999858856201,278,반도체,Listed,0.0
2023-09-04,72900,72900,70700,71200,26286495,0.28169014084507044,425048517560000,5969782550,50817,8.84,1.4,8057,2.03,1444,1317.949951171875,4.172999858856201,278,반도체,Listed,0.0
2023-09-05,70900,71500,70200,70700,12330239,-0.7022471910112359,422063626285000,5969782550,50817,8.77,1.39,8057,2.04,1444,1331.72998046875,4.26800012588501,278,반도체,Listed,0.0
2023-09-06,70700,70800,69700,70000,11414620,-0.9900990099009901,417884778500000,5969782550,50817,8.69,1.38,8057,2.06,1444,1333.4599609375,4.289999961853027,278,반도체,Listed,0.0
2023-09-07,70000,70600,69600,70400,13741241,0.5714285714285714,420272691520000,5969782550,50817,8.74,1.39,8057,2.05,1444,1334.02001953125,4.260000228881836,278,반도체,Listed,0.0
2023-09-08,70200,70300,69600,70300,10688118,-0.14204545454545456,419675713265000,5969782550,50817,8.73,1.38,8057,2.05,1444,1334.02001953125,4.257999897003174,278,반도체,Listed,0.0
2023-09-11,70400,70800,70000,70800,11785462,0.7112375533428165,422660604540000,5969782550,50817,8.79,1.39,8057,2.04,1444,1320.43994140625,4.288000106811523,278,반도체,Listed,0.0
2023-09-12,70800,71000,70400,70500,11688599,-0.423728813559322,420869669775000,5969782550,50817,8.75,1.39,8057,2.05,1444,1324.0999755859375,4.263999938964844,278,반도체,Listed,0.0
2023-09-13,71100,71600,70300,70900,15955797,0.5673758865248227,423257582795000,5969782550,50817,8.8,1.4,8057,2.04,1444,1329.77001953125,4.249000072479248,278,반도체,Listed,0.0
2023-09-14,71200,71800,70800,71700,21041407,1.1283497884344147,428033408835000,5969782550,50817,8.9,1.41,8057,2.01,1444,1327.06005859375,4.288000106811523,278,반도체,Listed,0.0
2023-09-15,71700,72300,71400,72000,17823512,0.41841004184100417,429824343600000,5969782550,50817,8.94,1.42,8057,2.01,1444,1327.06005859375,4.322000026702881,278,반도체,Listed,0.0
2023-09-18,71300,71700,70200,70200,16040727,-2.5,419078735010000,5969782550,50817,8.71,1.38,8057,2.06,1444,1329.6600341796875,4.318999767303467,278,반도체,Listed,0.0
2023-09-19,70400,70800,69600,69800,11820188,-0.5698005698005698,416690821990000,5969782550,50817,8.66,1.37,8057,2.07,1444,1328.530029296875,4.364999771118164,278,반도체,Listed,0.0
2023-09-20,70000,70300,69500,69600,10873015,-0.28653295128939826,415496865480000,5969782550,50817,8.64,1.37,8057,2.07,1444,1332.3399658203125,4.348999977111816,278,반도체,Listed,0.0
2023-09-21,69200,69800,68800,68900,10796336,-1.0057471264367817,411318017695000,5969782550,50817,8.55,1.36,8057,2.1,1444,1341.1700439453125,4.480000019073486,278,반도체,Listed,0.0
2023-09-22,68300,68900,68300,68800,9897840,-0.14513788098693758,410721039440000,5969782550,50817,8.54,1.35,8057,2.1,1444,1341.1700439453125,4.438000202178955,278,반도체,Listed,0.0
2023-09-25,68500,69700,68500,69400,13582516,0.872093023255814,414302908970000,5969782550,50817,8.61,1.37,8057,2.08,1444,1338.449951171875,4.541999816894531,278,반도체,Listed,0.0
2023-09-26,70000,70000,68400,68600,13143470,-1.1527377521613833,409527082930000,5969782550,50817,8.51,1.35,8057,2.1,1444,1353.75,4.558000087738037,278,반도체,Listed,0.0
2023-09-27,68600,69100,68200,68400,14886491,-0.2915451895043732,408333126420000,5969782550,50817,8.49,1.35,8057,2.11,1444,1352.8199462890625,4.625999927520752,278,반도체,Listed,0.0
2023-10-04,67400,67700,66700,67500,23361149,-1.3157894736842104,402960322125000,5969782550,50817,8.38,1.33,8057,2.14,1444,1351.1600341796875,4.735000133514404,278,반도체,Listed,0.0
2023-10-05,67300,67400,66700,66700,16108313,-1.1851851851851851,398184496085000,5969782550,50817,8.28,1.31,8057,2.16,1444,1346.06005859375,4.7170000076293945,278,반도체,Listed,0.0
2023-10-06,67100,67300,66000,66000,14386527,-1.0494752623688157,394005648300000,5969782550,50817,8.19,1.3,8057,2.19,1444,1346.06005859375,4.783999919891357,278,반도체,Listed,0.0
2023-10-10,66200,67600,66200,66400,19889202,0.6060606060606061,396393561320000,5969782550,50817,8.24,1.31,8057,2.17,1444,1341.8900146484375,4.65500020980835,278,반도체,Listed,0.0
2023-10-11,68600,69400,67900,68200,25209349,2.710843373493976,407139169910000,5969782550,50817,8.46,1.34,8057,2.12,1444,1338.260009765625,4.59499979019165,278,반도체,Listed,0.0
2023-10-12,68600,69700,68200,68900,19311380,1.0263929618768328,411318017695000,5969782550,50817,8.55,1.36,8057,2.1,1444,1348.3399658203125,4.711999893188477,278,반도체,Listed,0.0
2023-10-13,68000,68500,67700,68000,9724086,-1.3062409288824384,405945213400000,5969782550,50817,8.44,1.34,8057,2.12,1444,1348.3399658203125,4.629000186920166,278,반도체,Listed,0.0
2023-10-16,67900,68500,66800,67300,12599299,-1.0294117647058822,401766365615000,5969782550,50817,8.35,1.32,8057,2.15,1444,1347.760009765625,4.711999893188477,278,반도체,Listed,0.0
2023-10-17,67700,69900,67400,69400,17299253,3.1203566121842496,414302908970000,5969782550,50817,8.61,1.37,8057,2.08,1444,1352.989990234375,4.8470001220703125,278,반도체,Listed,0.0
2023-10-18,68900,70500,68800,70500,16493184,1.585014409221902,420869669775000,5969782550,50817,8.75,1.39,8057,2.05,1444,1354.56005859375,4.9039998054504395,278,반도체,Listed,0.0
2023-10-19,69700,70000,69400,69500,13985012,-1.4184397163120568,414899887225000,5969782550,50817,8.63,1.37,8057,2.08,1444,1356.22998046875,4.98799991607666,278,반도체,Listed,0.0
2023-10-20,68900,69200,68100,68800,15204495,-1.0071942446043165,410721039440000,5969782550,50817,8.54,1.35,8057,2.1,1444,1356.22998046875,4.923999786376953,278,반도체,Listed,0.0
2023-10-23,68700,69100,68200,68400,11625959,-0.5813953488372093,408333126420000,5969782550,50817,8.49,1.35,8057,2.11,1444,1334.43994140625,4.8379998207092285,278,반도체,Listed,0.0
2023-10-24,68700,68800,67700,68500,12791710,0.14619883040935672,408930104675000,5969782550,50817,8.5,1.35,8057,2.11,1444,1343.6400146484375,4.840000152587891,278,반도체,Listed,0.0
2023-10-25,68800,68800,67900,68000,10610703,-0.7299270072992701,405945213400000,5969782550,50817,8.44,1.34,8057,2.12,1444,1352.6800537109375,4.953000068664551,278,반도체,Listed,0.0
2023-10-26,67000,67900,66700,66700,15517624,-1.911764705882353,398184496085000,5969782550,50817,8.28,1.31,8057,2.16,1444,1350.3399658203125,4.84499979019165,278,반도체,Listed,0.0
2023-10-27,67100,67300,66700,67300,11334726,0.8995502248875562,401766365615000,5969782550,50817,8.35,1.32,8057,2.15,1444,1350.3399658203125,4.84499979019165,278,반도체,Listed,0.0
2023-10-30,66800,67800,66700,67300,10139270,0.0,401766365615000,5969782550,50817,8.35,1.32,8057,2.15,1444,1355.219970703125,4.875,278,반도체,Listed,0.0
2023-10-31,67600,68300,66900,66900,14488892,-0.5943536404160475,399378452595000,5969782550,50817,8.3,1.32,8057,2.16,1444,1348.0699462890625,4.875,278,반도체,Listed,0.0
2023-11-01,67500,68900,67300,68600,13775256,2.5411061285500747,409527082930000,5969782550,50817,8.51,1.35,8057,2.1,1444,1350.1600341796875,4.789000034332275,278,반도체,Listed,0.0
2023-11-02,70000,70000,69400,69700,16350031,1.6034985422740524,416093843735000,5969782550,50817,8.65,1.37,8057,2.07,1444,1347.8399658203125,4.669000148773193,278,반도체,Listed,0.0
2023-11-03,69700,70200,69500,69600,10322234,-0.1434720229555237,415496865480000,5969782550,50817,8.64,1.37,8057,2.07,1444,1333.6800537109375,4.558000087738037,278,반도체,Listed,0.0
2023-11-06,69800,70900,69300,70900,22228489,1.8678160919540232,423257582795000,5969782550,50817,8.8,1.4,8057,2.04,1444,1307.8399658203125,4.6620001792907715,278,반도체,Listed,0.0
2023-11-07,70600,70900,70000,70900,17228731,0.0,423257582795000,5969782550,50817,8.8,1.4,8057,2.04,1444,1297.1099853515625,4.571000099182129,278,반도체,Listed,0.0
2023-11-08,71300,71400,69700,69900,12901310,-1.4104372355430184,417287800245000,5969782550,50817,8.68,1.38,8057,2.07,1444,1304.550048828125,4.5229997634887695,278,반도체,Listed,0.0
2023-11-09,69900,70800,69600,70300,12301373,0.5722460658082975,419675713265000,5969782550,50817,8.73,1.38,8057,2.05,1444,1308.1199951171875,4.630000114440918,278,반도체,Listed,0.0
2023-11-10,70000,70500,69500,70500,9684347,0.2844950213371266,420869669775000,5969782550,50817,8.75,1.39,8057,2.05,1444,1315.199951171875,4.627999782562256,278,반도체,Listed,0.0
2023-11-13,71300,71300,70300,70400,9246919,-0.14184397163120568,420272691520000,5969782550,50817,8.74,1.39,8057,2.05,1444,1319.6199951171875,4.631999969482422,278,반도체,Listed,0.0
2023-11-14,71000,71100,70600,70800,9567984,0.5681818181818182,422660604540000,5969782550,50817,8.79,1.39,8057,2.04,1444,1319.0699462890625,4.440999984741211,278,반도체,Listed,0.0
2023-11-15,71600,72200,71500,72200,20148677,1.977401129943503,431018300110000,5969782550,50817,8.96,1.42,8057,2.0,1444,1304.239990234375,4.534999847412109,278,반도체,Listed,0.0
2023-11-16,72500,73000,72300,72800,15860451,0.8310249307479225,434600169640000,5969782550,50817,9.04,1.43,8057,1.98,1444,1301.8599853515625,4.445000171661377,278,반도체,Listed,0.0
2023-11-17,72300,73000,72300,72500,11494644,-0.4120879120879121,432809234875000,5969782550,50817,9.0,1.43,8057,1.99,1444,1292.449951171875,4.440999984741211,278,반도체,Listed,0.0
2023-11-20,72100,73000,72100,72700,10610157,0.27586206896551724,434003191385000,5969782550,50817,9.02,1.43,8057,1.99,1444,1294.5,4.421999931335449,278,반도체,Listed,0.0
2023-11-21,73100,73400,72700,72800,9712881,0.1375515818431912,434600169640000,5969782550,50817,9.04,1.43,8057,1.98,1444,1288.1500244140625,4.418000221252441,278,반도체,Listed,0.0
2023-11-22,72200,73000,71900,72800,11105143,0.0,434600169640000,5969782550,50817,9.04,1.43,8057,1.98,1444,1295.18994140625,4.415999889373779,278,반도체,Listed,0.0
2023-11-23,73000,73200,72200,72400,6775614,-0.5494505494505495,432212256620000,5969782550,50817,8.99,1.42,8057,1.99,1444,1298.7900390625,4.415999889373779,278,반도체,Listed,0.0
2023-11-24,72400,72600,71700,71700,6676685,-0.9668508287292817,428033408835000,5969782550,50817,8.9,1.41,8057,2.01,1444,1300.1800537109375,4.4720001220703125,278,반도체,Listed,0.0
2023-11-27,71500,72100,71100,71300,9113857,-0.5578800557880056,425645495815000,5969782550,50817,8.85,1.4,8057,2.03,1444,1289.7900390625,4.388999938964844,278,반도체,Listed,0.0
2023-11-28,71400,72700,71300,72700,13283081,1.9635343618513323,434003191385000,5969782550,50817,9.02,1.43,8057,1.99,1444,1302.530029296875,4.335999965667725,278,반도체,Listed,0.0
2023-11-29,72400,72800,72200,72700,9283933,0.0,434003191385000,5969782550,50817,9.02,1.43,8057,1.99,1444,1287.530029296875,4.270999908447266,278,반도체,Listed,0.0
2023-11-30,72700,72800,72200,72800,15783714,0.1375515818431912,434600169640000,5969782550,50817,9.04,1.43,8057,1.98,1444,1288.3599853515625,4.3520002365112305,278,반도체,Listed,0.0
2023-12-01,72400,72500,71700,72000,9871284,-1.098901098901099,429824343600000,5969782550,50817,8.94,1.42,8057,2.01,1444,1296.6600341796875,4.22599983215332,278,반도체,Listed,0.0
2023-12-04,72800,72900,72400,72600,10229267,0.8333333333333334,433406213130000,5969782550,50817,9.01,1.43,8057,1.99,1444,1299.18994140625,4.288000106811523,278,반도체,Listed,0.0
2023-12-05,72300,72400,71200,71200,12129682,-1.9283746556473829,425048517560000,5969782550,50817,8.84,1.4,8057,2.03,1444,1307.800048828125,4.171000003814697,278,반도체,Listed,0.0
2023-12-06,71800,72100,71600,71700,8123087,0.7022471910112359,428033408835000,5969782550,50817,8.9,1.41,8057,2.01,1444,1313.3699951171875,4.120999813079834,278,반도체,Listed,0.0
2023-12-07,71800,71900,71100,71500,8862017,-0.2789400278940028,426839452325000,5969782550,50817,8.87,1.41,8057,2.02,1444,1313.719970703125,4.129000186920166,278,반도체,Listed,0.0
2023-12-08,72100,72800,71900,72600,10859463,1.5384615384615385,433406213130000,5969782550,50817,9.01,1.43,8057,1.99,1444,1312.760009765625,4.244999885559082,278,반도체,Listed,0.0
2023-12-11,72800,73000,72200,73000,9861960,0.5509641873278237,435794126150000,5969782550,50817,9.06,1.44,8057,1.98,1444,1316.510009765625,4.238999843597412,278,반도체,Listed,0.0
2023-12-12,73300,73500,73100,73500,13758646,0.684931506849315,438779017425000,5969782550,50817,9.12,1.45,8057,1.96,1444,1313.6199951171875,4.205999851226807,278,반도체,Listed,0.0
2023-12-13,73300,73500,72800,72800,13116766,-0.9523809523809524,434600169640000,5969782550,50817,9.04,1.43,8057,1.98,1444,1310.1400146484375,4.0329999923706055,278,반도체,Listed,0.0
2023-12-14,74100,74300,72500,73100,27567593,0.4120879120879121,436391104405000,5969782550,50817,9.07,1.44,8057,1.98,1444,1292.010009765625,3.930000066757202,278,반도체,Listed,0.0
2023-12-15,73800,74000,73200,73300,15419815,0.27359781121751026,437585060915000,5969782550,50817,9.1,1.44,8057,1.97,1444,1291.9200439453125,3.927999973297119,278,반도체,Listed,0.0
2023-12-18,73300,73400,72800,72900,9690551,-0.5457025920873124,435197147895000,5969782550,50817,9.05,1.43,8057,1.98,1444,1276.469970703125,3.9539999961853027,278,반도체,Listed,0.0
2023-12-19,73000,73400,72800,73400,8907632,0.6858710562414266,438182039170000,5969782550,50817,9.11,1.44,8057,1.97,1444,1302.9300537109375,3.921999931335449,278,반도체,Listed,0.0
2023-12-20,74200,74900,73800,74800,16870156,1.9073569482288828,446539734740000,5969782550,50817,9.28,1.47,8057,1.93,1444,1297.760009765625,3.877000093460083,278,반도체,Listed,0.0
2023-12-21,74600,75000,74300,75000,13478766,0.267379679144385,447733691250000,5969782550,50817,9.31,1.48,8057,1.93,1444,1296.97998046875,3.8940000534057617,278,반도체,Listed,0.0
2023-12-22,75800,76300,75400,75900,14515608,1.2,453106495545000,5969782550,50817,9.42,1.49,8057,1.9,1444,1291.7099609375,3.9010000228881836,278,반도체,Listed,0.0
2023-12-26,76100,76700,75700,76600,13164909,0.922266139657444,457285343330000,5969782550,50817,9.51,1.51,8057,1.89,1444,1294.5799560546875,3.885999917984009,278,반도체,Listed,0.0
2023-12-27,76700,78000,76500,78000,20651042,1.8276762402088773,465643038900000,5969782550,50817,9.68,1.53,8057,1.85,1444,1293.9200439453125,3.7890000343322754,278,반도체,Listed,0.0
2023-12-28,77700,78500,77500,78500,17797536,0.641025641025641,468627930175000,5969782550,50817,9.74,1.54,8057,1.84,1444,1294.760009765625,3.8499999046325684,278,반도체,Listed,0.0
2024-01-02,78200,79800,78200,79600,17142847,1.4012738853503186,475194690980000,5969782550,50817,9.88,1.57,8057,1.81,1444,1293.5400390625,3.946000099182129,278,반도체,Listed,0.0
2024-01-03,78500,78800,77000,77000,21753644,-3.2663316582914574,459673256350000,5969782550,50817,9.56,1.52,8057,1.88,1444,1307.6199951171875,3.9070000648498535,278,반도체,Listed,0.0
2024-01-04,76100,77300,76100,76600,15324439,-0.5194805194805194,457285343330000,5969782550,50817,9.51,1.51,8057,1.89,1444,1309.530029296875,3.990999937057495,278,반도체,Listed,0.0
2024-01-05,76700,77100,76400,76600,11304316,0.0,457285343330000,5969782550,50817,9.51,1.51,8057,1.89,1444,1311.25,4.041999816894531,278,반도체,Listed,0.0
2024-01-08,77000,77500,76400,76500,11088724,-0.13054830287206268,456688365075000,5969782550,50817,9.49,1.51,8057,1.89,1444,1313.1300048828125,4.001999855041504,278,반도체,Listed,0.0
2024-01-09,77400,77700,74300,74700,26019249,-2.3529411764705883,445942756485000,5969782550,50817,9.27,1.47,8057,1.93,1444,1311.800048828125,4.019000053405762,278,반도체,Listed,0.0
2024-01-10,75000,75200,73200,73600,20259529,-1.4725568942436411,439375995680000,5969782550,50817,9.13,1.45,8057,1.96,1444,1319.7900390625,4.03000020980835,278,반도체,Listed,0.0
2024-01-11,72900,73600,72700,73200,57691266,-0.5434782608695652,436988082660000,5969782550,50817,9.09,1.44,8057,1.97,1444,1317.5,3.9769999980926514,278,반도체,Listed,0.0
2024-01-12,73000,74100,72800,73100,13038939,-0.1366120218579235,436391104405000,5969782550,50817,9.07,1.44,8057,1.98,1444,1311.989990234375,3.950000047683716,278,반도체,Listed,0.0
2024-01-15,73200,74000,73200,73900,13212339,1.094391244870041,441166930445000,5969782550,50817,9.17,1.45,8057,1.95,1444,1312.8499755859375,3.950000047683716,278,반도체,Listed,0.0
2024-01-16,73500,73700,72500,72600,14760415,-1.7591339648173208,433406213130000,5969782550,50817,9.01,1.43,8057,1.99,1444,1319.7099609375,4.065999984741211,278,반도체,Listed,0.0
2024-01-17,73100,73300,71000,71000,22683660,-2.203856749311295,423854561050000,5969782550,50817,8.81,1.4,8057,2.03,1444,1337.7900390625,4.105999946594238,278,반도체,Listed,0.0
2024-01-18,71600,72000,70700,71700,17853397,0.9859154929577465,428033408835000,5969782550,50817,8.9,1.41,8057,2.01,1444,1344.050048828125,4.144000053405762,278,반도체,Listed,0.0
2024-01-19,73500,74700,73000,74700,23363427,4.184100418410042,445942756485000,5969782550,50817,9.27,1.47,8057,1.93,1444,1337.6600341796875,4.145999908447266,278,반도체,Listed,0.0
2024-01-22,75900,76000,75000,75100,19673375,0.535475234270415,448330669505000,5969782550,50817,9.32,1.48,8057,1.92,1444,1333.2099609375,4.093999862670898,278,반도체,Listed,0.0
2024-01-23,75700,75800,74300,75200,14786224,0.13315579227696406,448927647760000,5969782550,50817,9.33,1.48,8057,1.92,1444,1338.739990234375,4.142000198364258,278,반도체,Listed,0.0
2024-01-24,75200,75200,73500,74000,12860661,-1.5957446808510638,441763908700000,5969782550,50817,9.18,1.46,8057,1.95,1444,1336.780029296875,4.177999973297119,278,반도체,Listed,0.0
2024-01-25,74200,74800,73700,74100,11737747,0.13513513513513514,442360886955000,5969782550,50817,9.2,1.46,8057,1.95,1444,1329.8900146484375,4.131999969482422,278,반도체,Listed,0.0
2024-01-26,73700,74500,73300,73400,11160062,-0.9446693657219973,438182039170000,5969782550,50817,9.11,1.44,8057,1.97,1444,1336.030029296875,4.159999847412109,278,반도체,Listed,0.0
2024-01-29,73800,75200,73500,74400,13976521,1.3623978201634876,444151821720000,5969782550,50817,9.23,1.46,8057,1.94,1444,1336.760009765625,4.091000080108643,278,반도체,Listed,0.0
2024-01-30,75000,75300,73700,74300,12244418,-0.13440860215053765,443554843465000,5969782550,50817,9.22,1.46,8057,1.94,1444,1333.2099609375,4.059000015258789,278,반도체,Listed,0.0
2024-01-31,73400,74000,72500,72700,15703560,-2.1534320323014806,434003191385000,5969782550,50817,9.02,1.43,8057,1.99,1444,1326.6199951171875,3.9670000076293945,278,반도체,Listed,0.0
2024-02-01,73000,74200,72900,73600,19881033,1.2379642365887207,439375995680000,5969782550,50817,9.13,1.45,8057,1.96,1444,1333.9100341796875,3.86299991607666,278,반도체,Listed,0.0
2024-02-02,74000,75200,73700,75200,14955881,2.1739130434782608,448927647760000,5969782550,50817,9.33,1.48,8057,1.92,1444,1328.949951171875,4.0329999923706055,278,반도체,Listed,0.0
2024-02-05,74200,74800,73500,74300,19026021,-1.196808510638298,443554843465000,5969782550,50817,9.22,1.46,8057,1.94,1444,1337.72998046875,4.164000034332275,278,반도체,Listed,0.0
2024-02-06,74300,74700,73300,74400,14559254,0.13458950201884254,444151821720000,5969782550,50817,9.23,1.46,8057,1.94,1444,1333.3900146484375,4.090000152587891,278,반도체,Listed,0.0
2024-02-07,74600,75500,74300,75000,16566445,0.8064516129032258,447733691250000,5969782550,50817,9.31,1.48,8057,1.93,1444,1326.7900390625,4.110000133514404,278,반도체,Listed,0.0
2024-02-08,75000,75200,73600,74100,20810708,-1.2,442360886955000,5969782550,50817,9.2,1.46,8057,1.95,1444,1327.6199951171875,4.170000076293945,278,반도체,Listed,0.0
2024-02-13,74800,75200,74400,75200,21966745,1.484480431848853,448927647760000,5969782550,50817,9.33,1.48,8057,1.92,1444,1328.5,4.315999984741211,278,반도체,Listed,0.0
2024-02-14,73700,74300,73700,74000,12434945,-1.5957446808510638,441763908700000,5969782550,50817,9.18,1.46,8057,1.95,1444,1340.7900390625,4.267000198364258,278,반도체,Listed,0.0
2024-02-15,74200,74400,73000,73000,14120600,-1.3513513513513513,435794126150000,5969782550,50817,9.06,1.44,8057,1.98,1444,1326.0,4.239999771118164,278,반도체,Listed,0.0
2024-02-16,73300,73400,72500,72800,13444781,-0.273972602739726,434600169640000,5969782550,50817,9.04,1.43,8057,1.98,1444,1327.6600341796875,4.295000076293945,278,반도체,Listed,0.0
2024-02-19,72800,73900,72800,73800,12726404,1.3736263736263736,440569952190000,5969782550,50817,9.16,1.45,8057,1.96,1444,1331.5799560546875,4.295000076293945,278,반도체,Listed,0.0
2024-02-20,73700,73700,72800,73300,14681477,-0.6775067750677507,437585060915000,5969782550,50817,9.1,1.44,8057,1.97,1444,1333.3399658203125,4.275000095367432,278,반도체,Listed,0.0
2024-02-21,73400,73700,72900,73000,11503495,-0.4092769440654843,435794126150000,5969782550,50817,9.06,1.44,8057,1.98,1444,1333.75,4.324999809265137,278,반도체,Listed,0.0
2024-02-22,73800,73900,72700,73100,15208934,0.136986301369863,436391104405000,5969782550,50817,9.07,1.44,8057,1.98,1444,1332.8699951171875,4.327000141143799,278,반도체,Listed,0.0
2024-02-23,73600,74200,72900,72900,16225166,-0.27359781121751026,435197147895000,5969782550,50817,9.05,1.43,8057,1.98,1444,1327.1700439453125,4.260000228881836,278,반도체,Listed,0.0
2024-02-26,72300,73200,72200,72800,14669352,-0.1371742112482853,434600169640000,5969782550,50817,9.04,1.43,8057,1.98,1444,1330.0,4.298999786376953,278,반도체,Listed,0.0
2024-02-27,73100,73400,72700,72900,13201981,0.13736263736263737,435197147895000,5969782550,50817,9.05,1.43,8057,1.98,1444,1331.719970703125,4.315000057220459,278,반도체,Listed,0.0
2024-02-28,72900,73900,72800,73200,11795859,0.411522633744856,436988082660000,5969782550,50817,9.09,1.44,8057,1.97,1444,1331.7900390625,4.27400016784668,278,반도체,Listed,0.0
2024-02-29,72600,73400,72000,73400,21176403,0.273224043715847,438182039170000,5969782550,50817,9.11,1.44,8057,1.97,1444,1333.3800048828125,4.251999855041504,278,반도체,Listed,0.0
2024-03-04,74300,75000,74000,74900,23210474,2.043596730245232,447136712995000,5969782550,50817,9.3,1.47,8057,1.93,1444,1330.9000244140625,4.218999862670898,278,반도체,Listed,0.0
2024-03-05,74600,74800,73700,73700,19505125,-1.602136181575434,439972973935000,5969782550,50817,9.15,1.45,8057,1.96,1444,1328.93994140625,4.13700008392334,278,반도체,Listed,0.0
2024-03-06,73200,73500,72700,72900,21547905,-1.0854816824966078,435197147895000,5969782550,50817,9.05,1.43,8057,1.98,1444,1333.4300537109375,4.104000091552734,278,반도체,Listed,0.0
2024-03-07,73100,73300,72200,72200,14516963,-0.9602194787379973,431018300110000,5969782550,50817,8.96,1.42,8057,2.0,1444,1327.0899658203125,4.0920000076293945,278,반도체,Listed,0.0
2024-03-08,72800,73400,72600,73300,19271349,1.5235457063711912,437585060915000,5969782550,50817,9.1,1.44,8057,1.97,1444,1321.1800537109375,4.089000225067139,278,반도체,Listed,0.0
2024-03-11,72900,73100,72300,72400,9740504,-1.227830832196453,432212256620000,5969782550,50817,8.99,1.42,8057,1.99,1444,1315.97998046875,4.104000091552734,278,반도체,Listed,0.0
2024-03-12,72600,73500,72100,73300,13011654,1.2430939226519337,437585060915000,5969782550,50817,9.1,1.44,8057,1.97,1444,1310.5400390625,4.15500020980835,278,반도체,Listed,0.0
2024-03-13,73700,74100,73500,74100,15243134,1.0914051841746248,442360886955000,5969782550,50817,9.2,1.46,8057,1.95,1444,1311.1500244140625,4.191999912261963,278,반도체,Listed,0.0
2024-03-14,74400,74500,73600,74300,22545539,0.2699055330634278,443554843465000,5969782550,50817,9.22,1.46,8057,1.94,1444,1313.6500244140625,4.297999858856201,278,반도체,Listed,0.0
2024-03-15,73400,73700,72300,72300,22580555,-2.6917900403768504,431615278365000,5969782550,50817,8.97,1.42,8057,2.0,1444,1321.9200439453125,4.303999900817871,278,반도체,Listed,0.0
2024-03-18,72600,73000,72500,72800,11520348,0.6915629322268326,434600169640000,5969782550,50817,9.04,1.43,8057,1.98,1444,1329.3399658203125,4.340000152587891,278,반도체,Listed,0.0
2024-03-19,72300,73000,71700,72800,15376066,0.0,434600169640000,5969782550,50817,9.04,1.43,8057,1.98,1444,1336.0899658203125,4.296999931335449,278,반도체,Listed,0.0
2024-03-20,73700,77200,73400,76900,50106297,5.631868131868132,459076278095000,5969782550,50817,9.54,1.51,8057,1.88,1444,1337.02001953125,4.2729997634887695,278,반도체,Listed,0.0
2024-03-21,79200,79300,77700,79300,44569799,3.1209362808842656,473403756215000,5969782550,50817,9.84,1.56,8057,1.82,1444,1330.1099853515625,4.270999908447266,278,반도체,Listed,0.0
2024-03-22,79600,79900,77800,78900,26724761,-0.5044136191677175,471015843195000,5969782550,50817,9.79,1.55,8057,1.83,1444,1334.6800537109375,4.2179999351501465,278,반도체,Listed,0.0
2024-03-25,79600,79800,77800,78200,18703996,-0.8871989860583016,466836995410000,5969782550,50817,9.71,1.54,8057,1.85,1444,1343.5999755859375,4.252999782562256,278,반도체,Listed,0.0
2024-03-26,79700,80100,79200,79900,30551494,2.1739130434782608,476985625745000,5969782550,50817,9.92,1.57,8057,1.81,1444,1339.1300048828125,4.234000205993652,278,반도체,Listed,0.0
2024-03-27,79200,80000,79200,79800,17424595,-0.1251564455569462,476388647490000,5969782550,50817,9.9,1.57,8057,1.81,1444,1343.06005859375,4.196000099182129,278,반도체,Listed,0.0
2024-03-28,79400,81000,79200,80800,25084812,1.2531328320802004,482358430040000,5969782550,50817,10.03,1.59,8057,1.79,1444,1349.800048828125,4.205999851226807,278,반도체,Listed,0.0
2024-03-29,81200,82500,80900,82400,27126366,1.9801980198019802,491910082120000,5969782550,50817,10.23,1.62,8057,1.75,1444,1349.800048828125,4.205999851226807,278,반도체,Listed,0.0
2024-04-01,83200,83300,82000,82000,20116513,-0.48543689320388345,489522169100000,5969782550,50817,10.18,1.61,8057,1.76,1444,1355.530029296875,4.328999996185303,278,반도체,Listed,0.0
2024-04-02,82900,85000,82900,85000,37077944,3.6585365853658534,507431516750000,5969782550,50817,10.55,1.67,8057,1.7,1444,1350.72998046875,4.364999771118164,278,반도체,Listed,0.0
2024-04-03,84300,85000,83500,84100,30493347,-1.0588235294117647,502058712455000,5969782550,50817,10.44,1.65,8057,1.72,1444,1344.8399658203125,4.355000019073486,278,반도체,Listed,0.0
2024-04-04,85200,85500,84300,85300,25248934,1.426872770511296,509222451515000,5969782550,50817,10.59,1.68,8057,1.69,1444,1351.3599853515625,4.309000015258789,278,반도체,Listed,0.0
2024-04-05,84500,85000,83800,84500,18883752,-0.9378663540445485,504446625475000,5969782550,50817,10.49,1.66,8057,1.71,1444,1351.3599853515625,4.377999782562256,278,반도체,Listed,0.0
2024-04-08,85200,86000,84500,84500,18953232,0.0,504446625475000,5969782550,50817,10.49,1.66,8057,1.71,1444,1354.219970703125,4.423999786376953,278,반도체,Listed,0.0
2024-04-09,84500,84900,83100,83600,23725956,-1.0650887573964496,499073821180000,5969782550,50817,10.38,1.65,8057,1.73,1444,1348.5400390625,4.366000175476074,278,반도체,Listed,0.0
2024-04-11,83200,84700,82500,84100,25538009,0.5980861244019139,502058712455000,5969782550,50817,10.44,1.65,8057,1.72,1444,1367.8399658203125,4.576000213623047,278,반도체,Listed,0.0
2024-04-12,84700,84900,83200,83700,17061770,-0.47562425683709864,499670799435000,5969782550,50817,10.39,1.65,8057,1.73,1444,1367.8399658203125,4.499000072479248,278,반도체,Listed,0.0
2024-04-15,82900,83200,81200,82200,26663772,-1.7921146953405016,490716125610000,5969782550,50817,10.2,1.62,8057,1.76,1444,1387.6700439453125,4.627999782562256,278,반도체,Listed,0.0
2024-04-16,81200,81300,79400,80000,31949845,-2.67639902676399,477582604000000,5969782550,50817,9.93,1.57,8057,1.81,1444,1387.3399658203125,4.658999919891357,278,반도체,Listed,0.0
2024-04-17,80700,80800,78900,78900,22611631,-1.375,471015843195000,5969782550,50817,9.79,1.55,8057,1.83,1444,1379.5400390625,4.585000038146973,278,반도체,Listed,0.0
2024-04-18,78800,80100,78300,79600,21370190,0.8871989860583016,475194690980000,5969782550,50817,9.88,1.57,8057,1.81,1444,1379.4000244140625,4.646999835968018,278,반도체,Listed,0.0
2024-04-19,78300,78700,76300,77600,31317563,-2.512562814070352,463255125880000,5969782550,50817,9.63,1.53,8057,1.86,1444,1379.4000244140625,4.614999771118164,278,반도체,Listed,0.0
2024-04-22,77400,77500,75100,76100,30469477,-1.9329896907216495,454300452055000,5969782550,50817,9.45,1.5,8057,1.9,1444,1378.8399658203125,4.623000144958496,278,반도체,Listed,0.0
2024-04-23,76400,76800,75500,75500,18717699,-0.7884362680683311,450718582525000,5969782550,50817,9.37,1.49,8057,1.91,1444,1370.47998046875,4.5980000495910645,278,반도체,Listed,0.0
2024-04-24,77500,78800,77200,78600,22166150,4.105960264900662,469224908430000,5969782550,50817,9.76,1.55,8057,1.84,1444,1376.969970703125,4.6519999504089355,278,반도체,Listed,0.0
2024-04-25,77300,77500,76300,76300,15549134,-2.926208651399491,455494408565000,5969782550,50817,9.47,1.5,8057,1.89,1444,1371.699951171875,4.705999851226807,278,반도체,Listed,0.0
2024-04-26,77800,77900,76500,76700,12755629,0.5242463958060288,457882321585000,5969782550,50817,9.52,1.51,8057,1.88,1444,1371.699951171875,4.669000148773193,278,반도체,Listed,0.0
2024-04-29,77400,77600,76200,76700,14664474,0.0,457882321585000,5969782550,50817,9.52,1.51,8057,1.88,1444,1374.6400146484375,4.613999843597412,278,반도체,Listed,0.0
2024-04-30,77000,78500,76600,77500,19007007,1.0430247718383312,462658147625000,5969782550,50817,9.62,1.53,8057,1.86,1444,1385.4599609375,4.685999870300293,278,반도체,Listed,0.0
2024-05-02,77600,78600,77300,78000,18900640,0.6451612903225806,465643038900000,5969782550,52002,36.6,1.5,2131,1.85,1444,1364.6400146484375,4.571000099182129,278,반도체,Listed,0.0
2024-05-03,79000,79000,77500,77600,13151889,-0.5128205128205128,463255125880000,5969782550,52002,36.41,1.49,2131,1.86,1444,1364.6400146484375,4.5,278,반도체,Listed,0.0
2024-05-07,79600,81300,79400,81300,26238868,4.768041237113402,485343321315000,5969782550,52002,38.15,1.56,2131,1.78,1444,1357.72998046875,4.4629998207092285,278,반도체,Listed,0.0
2024-05-08,80800,81400,80500,81300,13089576,0.0,485343321315000,5969782550,52002,38.15,1.56,2131,1.78,1444,1361.93994140625,4.492000102996826,278,반도체,Listed,0.0
2024-05-09,81100,81500,79700,79700,18759935,-1.968019680196802,475791669235000,5969782550,52002,37.4,1.53,2131,1.81,1444,1365.4000244140625,4.448999881744385,278,반도체,Listed,0.0
2024-05-10,80400,81100,78900,79200,16976124,-0.6273525721455459,472806777960000,5969782550,52002,37.17,1.52,2131,1.82,1444,1365.4000244140625,4.504000186920166,278,반도체,Listed,0.0
2024-05-13,79400,79900,77600,78400,18652344,-1.0101010101010102,468030951920000,5969782550,52002,36.79,1.51,2131,1.84,1444,1363.7900390625,4.480999946594238,278,반도체,Listed,0.0
2024-05-14,78600,78800,77900,78300,11763992,-0.12755102040816327,467433973665000,5969782550,52002,36.74,1.51,2131,1.84,1444,1362.550048828125,4.445000171661377,278,반도체,Listed,0.0
2024-05-16,80200,80300,78100,78200,20989778,-0.1277139208173691,466836995410000,5969782550,52002,36.7,1.5,2131,1.85,1444,1346.0400390625,4.376999855041504,278,반도체,Listed,0.0
2024-05-17,78600,78800,77200,77400,15918201,-1.0230179028132993,462061169370000,5969782550,52002,36.32,1.49,2131,1.87,1444,1346.0400390625,4.420000076293945,278,반도체,Listed,0.0
2024-05-20,78100,79100,77900,78900,19456783,1.937984496124031,471015843195000,5969782550,52002,37.02,1.52,2131,1.83,1444,1360.1600341796875,4.436999797821045,278,반도체,Listed,0.0
2024-05-21,78500,79000,78200,78400,13690583,-0.6337135614702154,468030951920000,5969782550,52002,36.79,1.51,2131,1.84,1444,1363.4200439453125,4.414000034332275,278,반도체,Listed,0.0
2024-05-22,78100,78700,77300,77700,19521506,-0.8928571428571428,463852104135000,5969782550,52002,36.46,1.49,2131,1.86,1444,1365.81005859375,4.434000015258789,278,반도체,Listed,0.0
2024-05-23,77700,79100,77100,78300,18728087,0.7722007722007722,467433973665000,5969782550,52002,36.74,1.51,2131,1.84,1444,1367.6199951171875,4.474999904632568,278,반도체,Listed,0.0
2024-05-24,76800,77000,75700,75900,27891278,-3.065134099616858,453106495545000,5969782550,52002,35.62,1.46,2131,1.9,1444,1367.6199951171875,4.4670000076293945,278,반도체,Listed,0.0
2024-05-27,75300,78200,74000,77200,43825202,1.7127799736495388,460867212860000,5969782550,52002,36.23,1.48,2131,1.87,1444,1360.9300537109375,4.4670000076293945,278,반도체,Listed,0.0
2024-05-28,76500,78000,76200,77600,18539072,0.5181347150259068,463255125880000,5969782550,52002,36.41,1.49,2131,1.86,1444,1362.760009765625,4.541999816894531,278,반도체,Listed,0.0
2024-05-29,77700,78200,75200,75200,30244875,-3.0927835051546393,448927647760000,5969782550,52002,35.29,1.45,2131,1.92,1444,1370.550048828125,4.624000072479248,278,반도체,Listed,0.0
2024-05-30,74800,75200,73500,73500,28551273,-2.2606382978723407,438779017425000,5969782550,52002,34.49,1.41,2131,1.96,1444,1375.6199951171875,4.553999900817871,278,반도체,Listed,0.0
2024-05-31,74500,74700,73500,73500,26198776,0.0,438779017425000,5969782550,52002,34.49,1.41,2131,1.96,1444,1375.6199951171875,4.513999938964844,278,반도체,Listed,0.0
2024-06-03,74400,76400,74200,75700,15706268,2.9931972789115644,451912539035000,5969782550,52002,35.52,1.46,2131,1.91,1444,1370.7900390625,4.4019999504089355,278,반도체,Listed,0.0
2024-06-04,74900,76100,74900,75300,14098053,-0.5284015852047557,449524626015000,5969782550,52002,35.34,1.45,2131,1.92,1444,1373.719970703125,4.335999965667725,278,반도체,Listed,0.0
2024-06-05,78000,78000,76800,77400,23177968,2.788844621513944,462061169370000,5969782550,52002,36.32,1.49,2131,1.87,1444,1368.739990234375,4.289000034332275,278,반도체,Listed,0.0
2024-06-07,78400,78600,77100,77300,21189349,-0.12919896640826875,461464191115000,5969782550,52002,36.27,1.49,2131,1.87,1444,1365.25,4.429999828338623,278,반도체,Listed,0.0
2024-06-10,76100,76600,75600,75700,14598755,-2.069857697283312,451912539035000,5969782550,52002,35.52,1.46,2131,1.91,1444,1373.9599609375,4.468999862670898,278,반도체,Listed,0.0
2024-06-11,75900,76000,75100,75200,16971175,-0.6605019815059445,448927647760000,5969782550,52002,35.29,1.45,2131,1.92,1444,1377.3599853515625,4.4039998054504395,278,반도체,Listed,0.0
2024-06-12,75300,77100,75200,76500,19246725,1.7287234042553192,456688365075000,5969782550,52002,35.9,1.47,2131,1.89,1444,1370.4100341796875,4.295000076293945,278,반도체,Listed,0.0
2024-06-13,78400,79000,77800,78600,33763804,2.7450980392156863,469224908430000,5969782550,52002,36.88,1.51,2131,1.84,1444,1373.739990234375,4.23799991607666,278,반도체,Listed,0.0
2024-06-14,79700,80500,79000,79600,22926612,1.2722646310432568,475194690980000,5969782550,52002,37.35,1.53,2131,1.81,1444,1373.739990234375,4.2129998207092285,278,반도체,Listed,0.0
2024-06-17,79200,79500,78000,78100,16123051,-1.8844221105527637,466240017155000,5969782550,52002,36.65,1.5,2131,1.85,1444,1379.06005859375,4.2789998054504395,278,반도체,Listed,0.0
2024-06-18,78700,80200,78600,79800,18207598,2.176696542893726,476388647490000,5969782550,52002,37.45,1.53,2131,1.81,1444,1378.6099853515625,4.2170000076293945,278,반도체,Listed,0.0
2024-06-19,81100,82500,80500,81200,24168863,1.7543859649122806,484746343060000,5969782550,52002,38.1,1.56,2131,1.78,1444,1381.1500244140625,4.2170000076293945,278,반도체,Listed,0.0
2024-06-20,81500,82200,81200,81600,20288913,0.49261083743842365,487134256080000,5969782550,52002,38.29,1.57,2131,1.77,1444,1391.8199462890625,4.254000186920166,278,반도체,Listed,0.0
2024-06-21,80700,80800,80000,80000,17907523,-1.9607843137254901,477582604000000,5969782550,52002,37.54,1.54,2131,1.81,1444,1391.8199462890625,4.256999969482422,278,반도체,Listed,0.0
2024-06-24,79700,80900,79500,80600,15454227,0.75,481164473530000,5969782550,52002,37.82,1.55,2131,1.79,1444,1386.1099853515625,4.248000144958496,278,반도체,Listed,0.0
2024-06-25,80600,81800,80100,80800,19088458,0.24813895781637718,482358430040000,5969782550,52002,37.92,1.55,2131,1.79,1444,1390.8900146484375,4.23799991607666,278,반도체,Listed,0.0
2024-06-26,80100,81400,79900,81300,17783242,0.6188118811881188,485343321315000,5969782550,52002,38.15,1.56,2131,1.78,1444,1393.3800048828125,4.315999984741211,278,반도체,Listed,0.0
2024-06-27,81300,81600,80500,81600,11739720,0.36900369003690037,487134256080000,5969782550,52002,38.29,1.57,2131,1.77,1444,1386.949951171875,4.288000106811523,278,반도체,Listed,0.0
2024-06-28,81900,81900,80800,81500,9455929,-0.12254901960784313,486537277825000,5969782550,52002,38.24,1.57,2131,1.77,1444,1386.949951171875,4.3429999351501465,278,반도체,Listed,0.0
2024-07-01,81500,82100,81300,81800,11317202,0.36809815950920244,488328212590000,5969782550,52002,38.39,1.57,2131,1.77,1444,1383.4200439453125,4.479000091552734,278,반도체,Listed,0.0
2024-07-02,82500,82600,81500,81800,14471904,0.0,488328212590000,5969782550,52002,38.39,1.57,2131,1.77,1444,1383.4200439453125,4.435999870300293,278,반도체,Listed,0.0
2024-07-03,82300,82300,81000,81800,11440328,0.0,488328212590000,5969782550,52002,38.39,1.57,2131,1.77,1444,1385.77001953125,4.355000019073486,278,반도체,Listed,0.0
2024-07-04,82900,84700,82400,84600,43857229,3.4229828850855744,505043603730000,5969782550,52002,39.7,1.63,2131,1.71,1444,1380.25,4.355000019073486,278,반도체,Listed,0.0
2024-07-05,85600,87100,85200,87100,45791193,2.955082742316785,519968060105000,5969782550,52002,40.87,1.67,2131,1.66,1444,1380.25,4.271999835968018,278,반도체,Listed,0.0
2024-07-08,87900,88600,86900,87400,24035809,0.3444316877152698,521758994870000,5969782550,52002,41.01,1.68,2131,1.65,1444,1382.75,4.269000053405762,278,반도체,Listed,0.0
2024-07-09,87800,88200,86900,87800,21336201,0.4576659038901602,524146907890000,5969782550,52002,41.2,1.69,2131,1.64,1444,1382.4200439453125,4.300000190734863,278,반도체,Listed,0.0
2024-07-10,87600,88000,87100,87800,17813847,0.0,524146907890000,5969782550,52002,41.2,1.69,2131,1.64,1444,1382.989990234375,4.28000020980835,278,반도체,Listed,0.0
2024-07-11,88500,88800,86700,87600,24677608,-0.22779043280182232,522952951380000,5969782550,52002,41.11,1.68,2131,1.65,1444,1371.27001953125,4.192999839782715,278,반도체,Listed,0.0
2024-07-12,85900,86100,84100,84400,26344386,-3.65296803652968,503849647220000,5969782550,52002,39.61,1.62,2131,1.71,1444,1371.27001953125,4.189000129699707,278,반도체,Listed,0.0
2024-07-15,84700,87300,84100,86700,25193080,2.7251184834123223,517580147085000,5969782550,52002,40.69,1.67,2131,1.67,1444,1383.68994140625,4.229000091552734,278,반도체,Listed,0.0
2024-07-16,86900,88000,86700,87700,16166688,1.1534025374855825,523549929635000,5969782550,52002,41.15,1.69,2131,1.65,1444,1382.6400146484375,4.166999816894531,278,반도체,Listed,0.0
2024-07-17,87100,88000,86400,86700,18186490,-1.1402508551881414,517580147085000,5969782550,52002,40.69,1.67,2131,1.67,1444,1378.6500244140625,4.145999908447266,278,반도체,Listed,0.0
2024-07-18,83800,86900,83800,86900,24721790,0.2306805074971165,518774103595000,5969782550,52002,40.78,1.67,2131,1.66,1444,1385.239990234375,4.189000129699707,278,반도체,Listed,0.0
2024-07-19,85600,86100,84100,84400,18569122,-2.8768699654775602,503849647220000,5969782550,52002,39.61,1.62,2131,1.71,1444,1385.239990234375,4.238999843597412,278,반도체,Listed,0.0
2024-07-22,84400,84900,82600,83000,18987560,-1.6587677725118484,495491951650000,5969782550,52002,38.95,1.6,2131,1.74,1444,1387.0999755859375,4.260000228881836,278,반도체,Listed,0.0
2024-07-23,84200,84700,83400,83900,15766389,1.0843373493975903,500864755945000,5969782550,52002,39.37,1.61,2131,1.72,1444,1384.5699462890625,4.238999843597412,278,반도체,Listed,0.0
2024-07-24,82900,83300,81900,82000,16939083,-2.264600715137068,489522169100000,5969782550,52002,38.48,1.58,2131,1.76,1444,1382.6500244140625,4.285999774932861,278,반도체,Listed,0.0
2024-07-25,80400,81000,80100,80400,20323811,-1.951219512195122,479970517020000,5969782550,52002,37.73,1.55,2131,1.8,1444,1381.4300537109375,4.25600004196167,278,반도체,Listed,0.0
2024-07-26,80700,81300,80400,80900,14508334,0.6218905472636816,482955408295000,5969782550,52002,37.96,1.56,2131,1.78,1444,1381.4300537109375,4.199999809265137,278,반도체,Listed,0.0
2024-07-29,81600,82000,81100,81200,12797136,0.3708281829419036,484746343060000,5969782550,52002,38.1,1.56,2131,1.78,1444,1381.3599853515625,4.177999973297119,278,반도체,Listed,0.0
2024-07-30,80400,81000,80000,81000,13169636,-0.24630541871921183,483552386550000,5969782550,52002,38.01,1.56,2131,1.78,1444,1383.5,4.14300012588501,278,반도체,Listed,0.0
2024-07-31,81200,83900,80900,83900,20744323,3.580246913580247,500864755945000,5969782550,52002,39.37,1.61,2131,1.72,1444,1367.9200439453125,4.109000205993652,278,반도체,Listed,0.0
2024-08-01,86000,86100,83100,83100,20900338,-0.9535160905840285,496088929905000,5969782550,52002,39.0,1.6,2131,1.74,1444,1368.969970703125,3.9760000705718994,278,반도체,Listed,0.0
2024-08-02,81000,81400,79500,79600,25800275,-4.21179302045728,475194690980000,5969782550,52002,37.35,1.53,2131,1.81,1444,1368.969970703125,3.7920000553131104,278,반도체,Listed,0.0
2024-08-05,76700,76900,70200,71400,54608790,-10.301507537688442,426242474070000,5969782550,52002,33.51,1.37,2131,2.02,1444,1367.4000244140625,3.7850000858306885,278,반도체,Listed,0.0
2024-08-06,74900,75300,72300,72500,47295226,1.5406162464985995,432809234875000,5969782550,52002,34.02,1.39,2131,1.99,1444,1370.31005859375,3.888000011444092,278,반도체,Listed,0.0
2024-08-07,73000,76000,72800,74700,32710428,3.0344827586206895,445942756485000,5969782550,52002,35.05,1.44,2131,1.93,1444,1375.3299560546875,3.9679999351501465,278,반도체,Listed,0.0
2024-08-08,73200,73900,72500,73400,28414729,-1.7402945113788488,438182039170000,5969782550,52002,34.44,1.41,2131,1.97,1444,1373.760009765625,3.996999979019165,278,반도체,Listed,0.0
2024-08-09,75700,75800,74200,74700,16388222,1.7711171662125342,445942756485000,5969782550,52002,35.05,1.44,2131,1.93,1444,1373.760009765625,3.941999912261963,278,반도체,Listed,0.0
2024-08-12,75200,75900,74800,75500,9839259,1.07095046854083,450718582525000,5969782550,52002,35.43,1.45,2131,1.91,1444,1369.5400390625,3.9089999198913574,278,반도체,Listed,0.0
2024-08-13,76500,76600,75500,76100,10716261,0.7947019867549668,454300452055000,5969782550,52002,35.71,1.46,2131,1.9,1444,1362.1700439453125,3.8519999980926514,278,반도체,Listed,0.0
2024-08-14,77400,77800,77000,77200,13246168,1.445466491458607,460867212860000,5969782550,52002,36.23,1.48,2131,1.87,1444,1355.7099609375,3.819999933242798,278,반도체,Listed,0.0
2024-08-16,79400,80200,78700,80200,22061478,3.8860103626943006,478776560510000,5969782550,52002,37.63,1.54,2131,1.8,1444,1363.510009765625,3.8919999599456787,278,반도체,Listed,0.0
2024-08-19,80100,80100,78000,78300,14146565,-2.369077306733167,467433973665000,5969782550,52002,36.74,1.51,2131,1.84,1444,1330.8800048828125,3.867000102996826,278,반도체,Listed,0.0
2024-08-20,79500,79800,78700,78900,10683836,0.7662835249042145,471015843195000,5969782550,52002,37.02,1.52,2131,1.83,1444,1327.5799560546875,3.818000078201294,278,반도체,Listed,0.0
2024-08-21,77900,78600,77800,78300,7805598,-0.7604562737642585,467433973665000,5969782550,52002,36.74,1.51,2131,1.84,1444,1333.6600341796875,3.7780001163482666,278,반도체,Listed,0.0
2024-08-22,78700,78900,77800,78300,8149101,0.0,467433973665000,5969782550,52002,36.74,1.51,2131,1.84,1444,1339.5400390625,3.861999988555908,278,반도체,Listed,0.0
2024-08-23,77700,78400,77500,77700,9420306,-0.7662835249042145,463852104135000,5969782550,52002,36.46,1.49,2131,1.86,1444,1339.5400390625,3.806999921798706,278,반도체,Listed,0.0
2024-08-26,78100,78200,76000,76100,15655938,-2.0592020592020592,454300452055000,5969782550,52002,35.71,1.46,2131,1.9,1444,1326.6400146484375,3.818000078201294,278,반도체,Listed,0.0
2024-08-27,75700,76500,75600,75800,11130145,-0.39421813403416556,452509517290000,5969782550,52002,35.57,1.46,2131,1.91,1444,1326.3599853515625,3.8329999446868896,278,반도체,Listed,0.0
2024-08-28,75800,76400,75400,76400,9794514,0.79155672823219,456091386820000,5969782550,52002,35.85,1.47,2131,1.89,1444,1336.68994140625,3.8410000801086426,278,반도체,Listed,0.0
2024-08-29,73600,74700,73500,74000,16884479,-3.1413612565445024,441763908700000,5969782550,52002,34.73,1.42,2131,1.95,1444,1332.8800048828125,3.867000102996826,278,반도체,Listed,0.0
2024-08-30,74400,75000,74100,74300,16358520,0.40540540540540543,443554843465000,5969782550,52002,34.87,1.43,2131,1.94,1444,1332.8800048828125,3.9110000133514404,278,반도체,Listed,0.0
2024-09-02,74500,74700,73500,74400,12641376,0.13458950201884254,444151821720000,5969782550,52002,34.91,1.43,2131,1.94,1444,1337.550048828125,3.9110000133514404,278,반도체,Listed,0.0
2024-09-03,74100,74300,72500,72500,16314599,-2.553763440860215,432809234875000,5969782550,52002,34.02,1.39,2131,1.99,1444,1340.4100341796875,3.8440001010894775,278,반도체,Listed,0.0
2024-09-04,69800,71100,69800,70000,27366563,-3.4482758620689653,417884778500000,5969782550,52002,32.85,1.35,2131,2.06,1444,1331.010009765625,3.7679998874664307,278,반도체,Listed,0.0
2024-09-05,70100,71200,69000,69000,25686769,-1.4285714285714286,411914995950000,5969782550,52002,32.38,1.33,2131,2.09,1444,1332.7900390625,3.7309999465942383,278,반도체,Listed,0.0
2024-09-06,69100,69700,68000,68900,19022299,-0.14492753623188406,411318017695000,5969782550,52002,32.33,1.32,2131,2.1,1444,1332.7900390625,3.7100000381469727,278,반도체,Listed,0.0
2024-09-09,66900,68200,66600,67500,23263298,-2.0319303338171264,402960322125000,5969782550,52002,31.68,1.3,2131,2.14,1444,1341.27001953125,3.697000026702881,278,반도체,Listed,0.0
2024-09-10,67000,67300,66000,66200,30651376,-1.925925925925926,395199604810000,5969782550,52002,31.07,1.27,2131,2.18,1444,1343.3399658203125,3.6459999084472656,278,반도체,Listed,0.0
2024-09-11,65100,65500,64200,64900,35809707,-1.9637462235649545,387438887495000,5969782550,52002,30.46,1.25,2131,2.22,1444,1339.1800537109375,3.6530001163482666,278,반도체,Listed,0.0
2024-09-12,66000,66600,65200,66300,35884106,2.157164869029276,395796583065000,5969782550,52002,31.11,1.27,2131,2.18,1444,1335.68994140625,3.680000066757202,278,반도체,Listed,0.0
2024-09-13,65000,65500,64300,64400,25045135,-2.865761689291101,384453996220000,5969782550,52002,30.22,1.24,2131,2.24,1444,1335.68994140625,3.6500000953674316,278,반도체,Listed,0.0
2024-09-19,64000,64400,62200,63100,49402713,-2.018633540372671,376693278905000,5969782550,52002,29.61,1.21,2131,2.29,1444,1327.6099853515625,3.740000009536743,278,반도체,Listed,0.0
2024-09-20,63800,64700,63000,63000,32746056,-0.15847860538827258,376096300650000,5969782550,52002,29.56,1.21,2131,2.29,1444,1327.6099853515625,3.7279999256134033,278,반도체,Listed,0.0
2024-09-23,62300,63500,62200,62600,28542376,-0.6349206349206349,373708387630000,5969782550,52002,29.38,1.2,2131,2.31,1444,1333.6199951171875,3.739000082015991,278,반도체,Listed,0.0
2024-09-24,62800,63400,62400,63200,26957500,0.9584664536741214,377290257160000,5969782550,52002,29.66,1.22,2131,2.28,1444,1324.8900146484375,3.7360000610351562,278,반도체,Listed,0.0
2024-09-25,63800,64200,62200,62200,28652438,-1.5822784810126582,371320474610000,5969782550,52002,29.19,1.2,2131,2.32,1444,1335.050048828125,3.7809998989105225,278,반도체,Listed,0.0
2024-09-26,63900,64900,63700,64700,37566015,4.019292604501608,386244930985000,5969782550,52002,30.36,1.24,2131,2.23,1444,1313.300048828125,3.7909998893737793,278,반도체,Listed,0.0
2024-09-27,64700,65400,64200,64200,28433030,-0.7727975270479135,383260039710000,5969782550,52002,30.13,1.23,2131,2.25,1444,1313.300048828125,3.749000072479248,278,반도체,Listed,0.0
2024-09-30,64200,64300,61500,61500,32694163,-4.205607476635514,367141626825000,5969782550,52002,28.86,1.18,2131,2.35,1444,1315.3299560546875,3.802000045776367,278,반도체,Listed,0.0
2024-10-02,60500,61900,59900,61300,28473536,-0.3252032520325203,365947670315000,5969782550,52002,28.77,1.18,2131,2.36,1444,1324.030029296875,3.7850000858306885,278,반도체,Listed,0.0
2024-10-04,61000,61700,60500,60600,24247578,-1.1419249592169658,361768822530000,5969782550,52002,28.44,1.17,2131,2.38,1444,1334.4100341796875,3.9809999465942383,278,반도체,Listed,0.0
2024-10-07,60200,61900,59500,61000,35066533,0.6600660066006601,364156735550000,5969782550,52002,28.63,1.17,2131,2.37,1444,1342.3699951171875,4.026000022888184,278,반도체,Listed,0.0
2024-10-08,60000,61000,59900,60300,27411786,-1.1475409836065573,359977887765000,5969782550,52002,28.3,1.16,2131,2.39,1444,1341.31005859375,4.0329999923706055,278,반도체,Listed,0.0
2024-10-10,60100,60200,58900,58900,45262214,-2.321724709784411,351620192195000,5969782550,52002,27.64,1.13,2131,2.45,1444,1349.739990234375,4.0960001945495605,278,반도체,Listed,0.0
2024-10-11,59100,60100,59000,59300,29623969,0.6791171477079796,354008105215000,5969782550,52002,27.83,1.14,2131,2.44,1444,1349.739990234375,4.072999954223633,278,반도체,Listed,0.0
2024-10-14,59500,61200,59400,60800,20886249,2.5295109612141653,362962779040000,5969782550,52002,28.53,1.17,2131,2.38,1444,1357.27001953125,4.0980000495910645,278,반도체,Listed,0.0
2024-10-15,61100,61400,60100,61000,22715239,0.3289473684210526,364156735550000,5969782550,52002,28.63,1.17,2131,2.37,1444,1363.1800537109375,4.038000106811523,278,반도체,Listed,0.0
2024-10-16,59400,60000,59200,59500,23303268,-2.459016393442623,355202061725000,5969782550,52002,27.92,1.14,2131,2.43,1444,1364.199951171875,4.015999794006348,278,반도체,Listed,0.0
2024-10-17,59400,60100,59100,59700,23372873,0.33613445378151263,356396018235000,5969782550,52002,28.02,1.15,2131,2.42,1444,1370.050048828125,4.0960001945495605,278,반도체,Listed,0.0
2024-10-18,59900,60100,59100,59200,14420260,-0.8375209380234505,353411126960000,5969782550,52002,27.78,1.14,2131,2.44,1444,1370.050048828125,4.072999954223633,278,반도체,Listed,0.0
2024-10-21,59000,59600,58500,59000,18514905,-0.33783783783783783,352217170450000,5969782550,52002,27.69,1.13,2131,2.45,1444,1376.5,4.182000160217285,278,반도체,Listed,0.0
2024-10-22,58800,58900,57700,57700,27582527,-2.2033898305084745,344456453135000,5969782550,52002,27.08,1.11,2131,2.5,1444,1376.6300048828125,4.203999996185303,278,반도체,Listed,0.0
2024-10-23,57500,60000,57100,59100,27300780,2.4263431542461005,352814148705000,5969782550,52002,27.73,1.14,2131,2.44,1444,1377.3399658203125,4.242000102996826,278,반도체,Listed,0.0
2024-10-24,58200,58500,56600,56600,31499922,-4.230118443316413,337889692330000,5969782550,52002,26.56,1.09,2131,2.55,1444,1376.3199462890625,4.199999809265137,278,반도체,Listed,0.0
2024-10-25,56000,56900,55800,55900,25829315,-1.2367491166077738,333710844545000,5969782550,52002,26.23,1.07,2131,2.58,1444,1376.3199462890625,4.23199987411499,278,반도체,Listed,0.0
2024-10-28,55700,58500,55700,58100,27775009,3.9355992844364938,346844366155000,5969782550,52002,27.26,1.12,2131,2.49,1444,1387.6600341796875,4.2779998779296875,278,반도체,Listed,0.0
2024-10-29,58000,59600,57300,59600,28369314,2.5817555938037864,355799039980000,5969782550,52002,27.97,1.15,2131,2.42,1444,1381.969970703125,4.27400016784668,278,반도체,Listed,0.0
2024-10-30,59100,59800,58600,59100,19838511,-0.8389261744966443,352814148705000,5969782550,52002,27.73,1.14,2131,2.44,1444,1383.1800537109375,4.265999794006348,278,반도체,Listed,0.0
2024-10-31,58500,61200,58300,59200,35809196,0.1692047377326565,353411126960000,5969782550,52002,27.78,1.14,2131,2.44,1444,1378.5699462890625,4.283999919891357,278,반도체,Listed,0.0
2024-11-01,59000,59600,58100,58300,19083180,-1.5202702702702704,348038322665000,5969782550,52002,27.36,1.12,2131,2.48,1444,1372.9300537109375,4.361000061035156,278,반도체,Listed,0.0
2024-11-04,58600,59400,58400,58700,15586947,0.6861063464837049,350426235685000,5969782550,52002,27.55,1.13,2131,2.46,1444,1379.3399658203125,4.309000015258789,278,반도체,Listed,0.0
2024-11-05,57800,58100,57200,57600,17484474,-1.8739352640545146,343859474880000,5969782550,52002,27.03,1.11,2131,2.51,1444,1372.8599853515625,4.289000034332275,278,반도체,Listed,0.0
2024-11-06,57600,58000,56300,57300,22092218,-0.5208333333333333,342068540115000,5969782550,52002,26.89,1.1,2131,2.52,1444,1378.0,4.426000118255615,278,반도체,Listed,0.0
2024-11-07,56900,58100,56800,57500,17043102,0.34904013961605584,343262496625000,5969782550,52002,26.98,1.11,2131,2.51,1444,1399.800048828125,4.341000080108643,278,반도체,Listed,0.0
2024-11-08,58000,58300,57000,57000,13877396,-0.8695652173913043,340277605350000,5969782550,52002,26.75,1.1,2131,2.53,1444,1372.0799560546875,4.306000232696533,278,반도체,Listed,0.0
2024-11-11,56700,56800,55000,55000,29811326,-3.508771929824561,328338040250000,5969782550,52002,25.81,1.06,2131,2.63,1444,1397.199951171875,4.308000087738037,278,반도체,Listed,0.0
2024-11-12,54600,54600,53000,53000,37962881,-3.6363636363636362,316398475150000,5969782550,52002,24.87,1.02,2131,2.72,1444,1400.550048828125,4.432000160217285,278,반도체,Listed,0.0
2024-11-13,52000,53000,50500,50600,52527995,-4.528301886792453,302070997030000,5969782550,52002,23.74,0.97,2131,2.85,1444,1406.6500244140625,4.451000213623047,278,반도체,Listed,0.0
2024-11-14,50200,51800,49900,49900,48510715,-1.383399209486166,297892149245000,5969782550,52002,23.42,0.96,2131,2.89,1444,1399.0,4.418000221252441,278,반도체,Listed,0.0
2024-11-15,50300,54200,50300,53500,46774485,7.214428857715431,319383366425000,5969782550,52002,25.11,1.03,2131,2.7,1444,1400.8299560546875,4.427999973297119,278,반도체,Listed,0.0
2024-11-18,57000,57500,55900,56700,48095234,5.981308411214954,338486670585000,5969782550,52002,26.61,1.09,2131,2.55,1444,1394.3499755859375,4.414000034332275,278,반도체,Listed,0.0
2024-11-19,56500,57500,55900,56300,31539632,-0.7054673721340388,336098757565000,5969782550,52002,26.42,1.08,2131,2.56,1444,1389.5,4.379000186920166,278,반도체,Listed,0.0
2024-11-20,56100,56500,54800,55300,20864667,-1.7761989342806392,330128975015000,5969782550,52002,25.95,1.06,2131,2.61,1444,1392.1600341796875,4.406000137329102,278,반도체,Listed,0.0
2024-11-21,54900,56900,54700,56400,19096850,1.9891500904159132,336695735820000,5969782550,52002,26.47,1.08,2131,2.56,1444,1397.6199951171875,4.432000160217285,278,반도체,Listed,0.0
2024-11-22,56000,56700,55900,56000,15281543,-0.7092198581560284,334307822800000,5969782550,52002,26.28,1.08,2131,2.58,1444,1399.5999755859375,4.409999847412109,278,반도체,Listed,0.0
2024-11-25,57400,57900,56700,57900,36237325,3.392857142857143,345650409645000,5969782550,52002,27.17,1.11,2131,2.49,1444,1403.510009765625,4.264999866485596,278,반도체,Listed,0.0
2024-11-26,57900,58900,57500,58300,23209405,0.690846286701209,348038322665000,5969782550,52002,27.36,1.12,2131,2.48,1444,1395.56005859375,4.302000045776367,278,반도체,Listed,0.0
2024-11-27,57700,57800,56000,56300,21808387,-3.430531732418525,336098757565000,5969782550,52002,26.42,1.08,2131,2.56,1444,1395.27001953125,4.242000102996826,278,반도체,Listed,0.0
2024-11-28,56000,56400,55200,55500,20001134,-1.4209591474245116,331322931525000,5969782550,52002,26.04,1.07,2131,2.6,1444,1388.469970703125,4.242000102996826,278,반도체,Listed,0.0
2024-11-29,55100,55300,53800,54200,24513531,-2.3423423423423424,323562214210000,5969782550,52002,25.43,1.04,2131,2.66,1444,1393.300048828125,4.177999973297119,278,반도체,Listed,0.0
2024-12-02,54300,54400,53100,53600,22044867,-1.107011070110701,319980344680000,5969782550,52002,25.15,1.03,2131,2.69,1444,1399.8599853515625,4.196000099182129,278,반도체,Listed,0.0
2024-12-03,53100,54400,53100,53600,23374603,0.0,319980344680000,5969782550,52002,25.15,1.03,2131,2.69,1444,1401.06005859375,4.2230000495910645,278,반도체,Listed,0.0
2024-12-04,52000,53400,52000,53100,29004766,-0.9328358208955223,316995453405000,5969782550,52002,24.92,1.02,2131,2.72,1444,1411.6700439453125,4.179999828338623,278,반도체,Listed,0.0
2024-12-05,53200,54400,53200,53700,23588277,1.1299435028248588,320577322935000,5969782550,52002,25.2,1.03,2131,2.69,1444,1410.800048828125,4.179999828338623,278,반도체,Listed,0.0
2024-12-06,53900,54400,52700,54100,22861874,0.74487895716946,322965235955000,5969782550,52002,25.39,1.04,2131,2.67,1444,1399.989990234375,4.151000022888184,278,반도체,Listed,0.0
2024-12-09,53500,54600,53200,53400,26227680,-1.2939001848428837,318786388170000,5969782550,52002,25.06,1.03,2131,2.7,1444,1424.219970703125,4.198999881744385,278,반도체,Listed,0.0
2024-12-10,54500,54500,53700,54000,20783970,1.1235955056179776,322368257700000,5969782550,52002,25.34,1.04,2131,2.67,1444,1426.5999755859375,4.2210001945495605,278,반도체,Listed,0.0
2024-12-11,53600,54200,53400,54000,14565947,0.0,322368257700000,5969782550,52002,25.34,1.04,2131,2.67,1444,1433.949951171875,4.270999908447266,278,반도체,Listed,0.0
2024-12-12,54000,56500,53900,55900,33476698,3.5185185185185186,333710844545000,5969782550,52002,26.23,1.07,2131,2.58,1444,1429.1500244140625,4.323999881744385,278,반도체,Listed,0.0
2024-12-13,55800,56300,55500,56100,15908823,0.35778175313059035,334904801055000,5969782550,52002,26.33,1.08,2131,2.57,1444,1427.8599853515625,4.39900016784668,278,반도체,Listed,0.0
2024-12-16,56300,56600,55200,55600,15277277,-0.8912655971479502,331919909780000,5969782550,52002,26.09,1.07,2131,2.6,1444,1434.449951171875,4.396999835968018,278,반도체,Listed,0.0
2024-12-17,54700,55200,54000,54200,20215230,-2.5179856115107913,323562214210000,5969782550,52002,25.43,1.04,2131,2.66,1444,1431.3499755859375,4.385000228881836,278,반도체,Listed,0.0
2024-12-18,54100,55400,54000,54900,13698937,1.2915129151291513,327741061995000,5969782550,52002,25.76,1.06,2131,2.63,1444,1436.4200439453125,4.49399995803833,278,반도체,Listed,0.0
2024-12-19,53500,53800,53100,53100,22481925,-3.278688524590164,316995453405000,5969782550,52002,24.92,1.02,2131,2.72,1444,1451.5,4.570000171661377,278,반도체,Listed,0.0
2024-12-20,52700,53100,51900,53000,24674774,-0.18832391713747645,316398475150000,5969782550,52002,24.87,1.02,2131,2.72,1444,1437.449951171875,4.52400016784668,278,반도체,Listed,0.0
2024-12-23,53400,54000,53300,53500,13672650,0.9433962264150944,319383366425000,5969782550,52002,25.11,1.03,2131,2.7,1444,1445.4200439453125,4.598999977111816,278,반도체,Listed,0.0
2024-12-24,53700,54500,53600,54400,11634677,1.6822429906542056,324756170720000,5969782550,52002,25.53,1.05,2131,2.65,1444,1442.699951171875,4.591000080108643,278,반도체,Listed,0.0
2024-12-26,54500,54600,53500,53600,10517075,-1.4705882352941175,319980344680000,5969782550,52002,25.15,1.03,2131,2.69,1444,1457.6099853515625,4.578999996185303,278,반도체,Listed,0.0
2024-12-27,53500,54100,53200,53700,10747196,0.18656716417910446,320577322935000,5969782550,52002,25.2,1.03,2131,2.69,1444,1466.989990234375,4.61899995803833,278,반도체,Listed,0.0
2024-12-30,53300,54000,53100,53200,12624702,-0.931098696461825,317592431660000,5969782550,52002,24.96,1.02,2131,2.71,1444,1472.800048828125,4.545000076293945,278,반도체,Listed,0.0
2025-01-02,52700,53600,52300,53400,16630538,0.37593984962406013,318786388170000,5969782550,52002,25.06,1.03,2131,2.7,1444,1473.52001953125,4.574999809265137,278,반도체,Listed,0.0
2025-01-03,52800,55100,52800,54400,19318046,1.8726591760299627,324756170720000,5969782550,52002,25.53,1.05,2131,2.65,1444,1471.6500244140625,4.5960001945495605,278,반도체,Listed,0.0
2025-01-06,54400,56200,54300,55900,19034284,2.7573529411764706,333710844545000,5969782550,52002,26.23,1.07,2131,2.58,1444,1465.530029296875,4.618000030517578,278,반도체,Listed,0.0
2025-01-07,56800,57300,55400,55400,17030235,-0.8944543828264758,330725953270000,5969782550,52002,26.0,1.07,2131,2.61,1444,1459.449951171875,4.683000087738037,278,반도체,Listed,0.0
2025-01-08,54800,57500,54700,57300,26593553,3.429602888086643,342068540115000,5969782550,52002,26.89,1.1,2131,2.52,1444,1451.8800048828125,4.692999839782715,278,반도체,Listed,0.0
2025-01-09,57600,57700,56100,56100,24490592,-2.094240837696335,334904801055000,5969782550,52002,26.33,1.08,2131,2.57,1444,1457.969970703125,4.692999839782715,278,반도체,Listed,0.0
2025-01-10,56100,56500,55200,55300,16059223,-1.4260249554367201,330128975015000,5969782550,52002,25.95,1.06,2131,2.61,1444,1455.22998046875,4.776000022888184,278,반도체,Listed,0.0
2025-01-13,54600,55000,54100,54100,16868600,-2.1699819168173597,322965235955000,5969782550,52002,25.39,1.04,2131,2.67,1444,1472.25,4.802999973297119,278,반도체,Listed,0.0
2025-01-14,54200,54600,53700,53900,17465926,-0.36968576709796674,321771279445000,5969782550,52002,25.29,1.04,2131,2.68,1444,1458.8900146484375,4.788000106811523,278,반도체,Listed,0.0
2025-01-15,54100,54700,53500,53700,18625025,-0.3710575139146568,320577322935000,5969782550,52002,25.2,1.03,2131,2.69,1444,1460.43994140625,4.6529998779296875,278,반도체,Listed,0.0
2025-01-16,54200,55000,54100,54300,18627298,1.1173184357541899,324159192465000,5969782550,52002,25.48,1.04,2131,2.66,1444,1437.219970703125,4.605999946594238,278,반도체,Listed,0.0
2025-01-17,53800,54100,53200,53700,18805344,-1.1049723756906076,320577322935000,5969782550,52002,25.2,1.03,2131,2.69,1444,1453.3199462890625,4.609000205993652,278,반도체,Listed,0.0
2025-01-20,53600,53900,53300,53400,11822531,-0.5586592178770949,318786388170000,5969782550,52002,25.06,1.03,2131,2.7,1444,1457.3800048828125,4.609000205993652,278,반도체,Listed,0.0
2025-01-21,53700,54300,53300,53500,13535702,0.18726591760299627,319383366425000,5969782550,52002,25.11,1.03,2131,2.7,1444,1435.530029296875,4.573999881744385,278,반도체,Listed,0.0
2025-01-22,53400,54400,53100,54300,18341991,1.4953271028037385,324159192465000,5969782550,52002,25.48,1.04,2131,2.66,1444,1425.7900390625,4.598999977111816,278,반도체,Listed,0.0
2025-01-23,53700,54100,53500,53700,15588067,-1.1049723756906076,320577322935000,5969782550,52002,25.2,1.03,2131,2.69,1444,1434.3399658203125,4.638000011444092,278,반도체,Listed,0.0
2025-01-24,53600,53800,53200,53700,11867631,0.0,320577322935000,5969782550,52002,25.2,1.03,2131,2.69,1444,1433.9300537109375,4.625999927520752,278,반도체,Listed,0.0
2025-01-31,52200,53000,51700,52400,42186279,-2.4208566108007448,312816605620000,5969782550,52002,24.59,1.01,2131,2.76,1444,1441.6600341796875,4.568999767303467,278,반도체,Listed,0.0
2025-02-03,51100,51400,50800,51000,32344897,-2.6717557251908395,304458910050000,5969782550,52002,23.93,0.98,2131,2.83,1444,1456.780029296875,4.543000221252441,278,반도체,Listed,0.0
2025-02-04,51600,53600,51500,52700,27214851,3.3333333333333335,314607540385000,5969782550,52002,24.73,1.01,2131,2.74,1444,1459.050048828125,4.513000011444092,278,반도체,Listed,0.0
2025-02-05,53600,53800,52800,52900,15974885,0.3795066413662239,315801496895000,5969782550,52002,24.82,1.02,2131,2.73,1444,1450.1600341796875,4.421999931335449,278,반도체,Listed,0.0
2025-02-06,53400,54000,53200,54000,16466025,2.0793950850661624,322368257700000,5969782550,52002,25.34,1.04,2131,2.67,1444,1443.8900146484375,4.440000057220459,278,반도체,Listed,0.0
2025-02-07,53900,54200,53600,53700,14476866,-0.5555555555555556,320577322935000,5969782550,52002,25.2,1.03,2131,2.69,1444,1442.1500244140625,4.486999988555908,278,반도체,Listed,0.0
2025-02-10,53000,55900,52900,55600,27577591,3.5381750465549344,331919909780000,5969782550,52002,26.09,1.07,2131,2.6,1444,1450.6199951171875,4.493000030517578,278,반도체,Listed,0.0
2025-02-11,55500,56300,55000,55700,24596196,0.1798561151079137,332516888035000,5969782550,52002,26.14,1.07,2131,2.59,1444,1453.2099609375,4.5370001792907715,278,반도체,Listed,0.0
2025-02-12,55100,55900,54500,55800,26428596,0.17953321364452424,333113866290000,5969782550,52002,26.18,1.07,2131,2.59,1444,1450.75,4.63700008392334,278,반도체,Listed,0.0
2025-02-13,56100,56400,55600,55800,22448377,0.0,333113866290000,5969782550,52002,26.18,1.07,2131,2.59,1444,1452.1199951171875,4.525000095367432,278,반도체,Listed,0.0
2025-02-14,56000,57300,56000,56000,23979779,0.35842293906810035,334307822800000,5969782550,52002,26.28,1.08,2131,2.58,1444,1438.739990234375,4.4720001220703125,278,반도체,Listed,0.0
2025-02-17,56100,56500,55700,56000,11916027,0.0,334307822800000,5969782550,52002,26.28,1.08,2131,2.58,1444,1432.5999755859375,4.4720001220703125,278,반도체,Listed,0.0
2025-02-18,56200,57200,55900,56900,22131007,1.607142857142857,339680627095000,5969782550,52002,26.7,1.09,2131,2.54,1444,1441.2900390625,4.544000148773193,278,반도체,Listed,0.0
2025-02-19,57400,58900,57300,58700,25395151,3.163444639718805,350426235685000,5969782550,52002,27.55,1.13,2131,2.46,1444,1440.0799560546875,4.534999847412109,278,반도체,Listed,0.0
2025-02-20,59100,59100,58100,58400,21589059,-0.5110732538330494,348635300920000,5969782550,52002,27.4,1.12,2131,2.47,1444,1439.97998046875,4.5,278,반도체,Listed,0.0
2025-02-21,58400,58500,57100,58200,22198428,-0.3424657534246575,347441344410000,5969782550,52002,27.31,1.12,2131,2.48,1444,1431.699951171875,4.420000076293945,278,반도체,Listed,0.0
2025-02-24,57300,57700,57200,57300,14138471,-1.5463917525773196,342068540115000,5969782550,52002,26.89,1.1,2131,2.52,1444,1434.2900390625,4.39300012588501,278,반도체,Listed,0.0
2025-02-25,56600,57800,56500,57200,14625181,-0.17452006980802792,341471561860000,5969782550,52002,26.84,1.1,2131,2.52,1444,1428.6500244140625,4.297999858856201,278,반도체,Listed,0.0
2025-02-26,57000,57100,56100,56600,18117091,-1.048951048951049,337889692330000,5969782550,52002,26.56,1.09,2131,2.55,1444,1429.5,4.249000072479248,278,반도체,Listed,0.0
2025-02-27,56500,57100,56200,56300,14975356,-0.5300353356890459,336098757565000,5969782550,52002,26.42,1.08,2131,2.56,1444,1434.4200439453125,4.284999847412109,278,반도체,Listed,0.0
2025-02-28,55400,55700,54500,54500,28036698,-3.197158081705151,325353148975000,5969782550,52002,25.57,1.05,2131,2.65,1444,1449.8599853515625,4.230999946594238,278,반도체,Listed,0.0
2025-03-04,53900,55000,53800,54500,18553933,0.0,325353148975000,5969782550,52002,25.57,1.05,2131,2.65,1444,1457.9300537109375,4.210000038146973,278,반도체,Listed,0.0
2025-03-05,55100,55400,54000,54000,16578817,-0.9174311926605505,322368257700000,5969782550,52002,25.34,1.04,2131,2.67,1444,1452.8499755859375,4.264999866485596,278,반도체,Listed,0.0
2025-03-06,54100,54500,54000,54300,12258101,0.5555555555555556,321436339164600,5919637922,52002,25.48,1.04,2131,2.66,1444,1443.030029296875,4.285999774932861,278,반도체,Listed,0.0
2025-03-07,53500,54200,53400,53700,14274992,-1.1049723756906076,317884556411400,5919637922,52002,25.2,1.03,2131,2.69,1444,1446.5,4.316999912261963,278,반도체,Listed,0.0
2025-03-10,53500,54800,53500,53700,12921670,0.0,317884556411400,5919637922,52002,25.2,1.03,2131,2.69,1444,1446.260009765625,4.2129998207092285,278,반도체,Listed,0.0
2025-03-11,52500,54100,52500,53600,17740891,-0.186219739292365,317292592619200,5919637922,52002,25.15,1.03,2131,2.69,1444,1457.030029296875,4.288000106811523,278,반도체,Listed,0.0
2025-03-12,53800,55300,53600,54900,17973221,2.425373134328358,324988121917800,5919637922,52002,25.76,1.06,2131,2.63,1444,1451.02001953125,4.317999839782715,278,반도체,Listed,0.0
2025-03-13,55800,55900,54200,54700,24132151,-0.36429872495446264,323804194333400,5919637922,52002,25.67,1.05,2131,2.64,1444,1448.75,4.27400016784668,278,반도체,Listed,0.0
2025-03-14,54500,55100,54400,54700,10845154,0.0,323804194333400,5919637922,52002,25.67,1.05,2131,2.64,1444,1453.22998046875,4.308000087738037,278,반도체,Listed,0.0
2025-03-17,55500,57800,55400,57600,35559021,5.301645338208409,340971144307200,5919637922,52002,27.03,1.11,2131,2.51,1444,1449.050048828125,4.306000232696533,278,반도체,Listed,0.0
2025-03-18,58800,59000,57300,57600,28138594,0.0,340971144307200,5919637922,52002,27.03,1.11,2131,2.51,1444,1442.489990234375,4.281000137329102,278,반도체,Listed,0.0
2025-03-19,57400,59200,57400,58500,29421759,1.5625,346298818437000,5919637922,52002,27.45,1.12,2131,2.47,1444,1448.93994140625,4.25600004196167,278,반도체,Listed,0.0
2025-03-20,59200,60300,58500,60200,34989004,2.905982905982906,356362202904400,5919637922,52002,28.25,1.16,2131,2.4,1444,1443.3900146484375,4.232999801635742,278,반도체,Listed,0.0
2025-03-21,60900,61700,60400,61700,40155612,2.4916943521594686,365241659787400,5919637922,52002,28.95,1.19,2131,2.34,1444,1465.8199462890625,4.251999855041504,278,반도체,Listed,0.0
2025-03-24,61200,61600,60500,60500,14088094,-1.9448946515397085,358138094281000,5919637922,52002,28.39,1.16,2131,2.39,1444,1464.780029296875,4.330999851226807,278,반도체,Listed,0.0
2025-03-25,60900,61100,59500,59800,17259455,-1.1570247933884297,353994347735600,5919637922,52002,28.06,1.15,2131,2.41,1444,1466.27001953125,4.307000160217285,278,반도체,Listed,0.0
2025-03-26,59800,61400,59700,61400,16431645,2.6755852842809364,363465768410800,5919637922,52002,28.81,1.18,2131,2.35,1444,1462.0899658203125,4.3379998207092285,278,반도체,Listed,0.0
2025-03-27,60900,62000,60800,61800,20389790,0.6514657980456027,365833623579600,5919637922,52002,29.0,1.19,2131,2.34,1444,1465.6800537109375,4.36899995803833,278,반도체,Listed,0.0
2025-03-28,60700,61100,60000,60200,16282514,-2.5889967637540456,356362202904400,5919637922,52002,28.25,1.16,2131,2.4,1444,1461.8900146484375,4.255000114440918,278,반도체,Listed,0.0
2025-03-31,59500,59700,57800,57800,17633494,-3.9867109634551494,342155071891600,5919637922,52002,27.12,1.11,2131,2.5,1444,1471.9599609375,4.245999813079834,278,반도체,Listed,0.0
2025-04-01,58700,59600,57900,58800,13841706,1.7301038062283738,348074709813600,5919637922,52002,27.59,1.13,2131,2.46,1444,1469.969970703125,4.156000137329102,278,반도체,Listed,0.0
2025-04-02,58800,59400,58300,58800,14402297,0.0,348074709813600,5919637922,52002,27.59,1.13,2131,2.46,1444,1466.0400390625,4.196000099182129,278,반도체,Listed,0.0
2025-04-03,56900,57800,56900,57600,19508076,-2.0408163265306123,340971144307200,5919637922,52002,27.03,1.11,2131,2.51,1444,1450.6800537109375,4.054999828338623,278,반도체,Listed,0.0
2025-04-04,56200,58200,55700,56100,23527139,-2.604166666666667,332091687424200,5919637922,52002,26.33,1.08,2131,2.57,1444,1450.6800537109375,3.984999895095825,278,반도체,Listed,0.0
2025-04-07,53300,54100,53100,53200,31998883,-5.169340463458111,314924737450400,5919637922,52002,24.96,1.02,2131,2.71,1444,1469.949951171875,4.15500020980835,278,반도체,Listed,0.0
2025-04-08,55000,55300,53300,53500,25532845,0.5639097744360901,316700628827000,5919637922,52002,25.11,1.03,2131,2.7,1444,1486.1300048828125,4.26200008392334,278,반도체,Listed,0.0
2025-04-09,53300,54300,52900,53000,20576960,-0.9345794392523363,313740809866000,5919637922,52002,24.87,1.02,2131,2.72,1444,1443.949951171875,4.400000095367432,278,반도체,Listed,0.0
2025-04-10,56600,56700,55000,56400,22948172,6.415094339622642,333867578800800,5919637922,52002,26.47,1.08,2131,2.56,1444,1452.0400390625,4.394000053405762,278,반도체,Listed,0.0
2025-04-11,55600,55700,54800,55200,13930480,-2.127659574468085,326764013294400,5919637922,52002,25.9,1.06,2131,2.62,1444,1452.0400390625,4.493000030517578,278,반도체,Listed,0.0
2025-04-14,56300,56700,55800,56200,12852613,1.8115942028985508,332683651216400,5919637922,52002,26.37,1.08,2131,2.57,1444,1419.4200439453125,4.363999843597412,278,반도체,Listed,0.0
2025-04-15,56300,57100,56200,56600,8998640,0.7117437722419928,335051506385200,5919637922,52002,26.56,1.09,2131,2.55,1444,1427.02001953125,4.322999954223633,278,반도체,Listed,0.0
2025-04-16,56000,56200,54500,54700,14437025,-3.356890459363958,323804194333400,5919637922,52002,25.67,1.05,2131,2.64,1444,1414.22998046875,4.2789998054504395,278,반도체,Listed,0.0
2025-04-17,54700,55300,54500,55100,10867069,0.7312614259597806,326172049502200,5919637922,52002,25.86,1.06,2131,2.62,1444,1414.22998046875,4.333000183105469,278,반도체,Listed,0.0
2025-04-18,55300,55600,54900,55300,5848342,0.3629764065335753,327355977086600,5919637922,52002,25.95,1.06,2131,2.61,1444,1414.22998046875,4.333000183105469,278,반도체,Listed,0.0
2025-04-21,55200,56000,55100,55400,5941847,0.18083182640144665,327947940878800,5919637922,52002,26.0,1.07,2131,2.61,1444,1421.6400146484375,4.40500020980835,278,반도체,Listed,0.0
2025-04-22,54900,55500,54700,55000,9532469,-0.7220216606498195,325580085710000,5919637922,52002,25.81,1.06,2131,2.63,1444,1429.219970703125,4.388999938964844,278,반도체,Listed,0.0
2025-04-23,56000,56100,55500,55700,11148692,1.2727272727272727,329723832255400,5919637922,52002,26.14,1.07,2131,2.59,1444,1426.449951171875,4.38700008392334,278,반도체,Listed,0.0
2025-04-24,55600,55800,55200,55700,10580377,0.0,329723832255400,5919637922,52002,26.14,1.07,2131,2.59,1444,1430.06005859375,4.304999828338623,278,반도체,Listed,0.0
2025-04-25,56400,56400,55600,55700,12183303,0.0,329723832255400,5919637922,52002,26.14,1.07,2131,2.59,1444,1430.06005859375,4.265999794006348,278,반도체,Listed,0.0
2025-04-28,55800,55900,55500,55800,9341518,0.17953321364452424,330315796047600,5919637922,52002,26.18,1.07,2131,2.59,1444,1435.8800048828125,4.216000080108643,278,반도체,Listed,0.0
2025-04-29,55700,56500,55600,55800,10295518,0.0,330315796047600,5919637922,52002,26.18,1.07,2131,2.59,1444,1431.1600341796875,4.172999858856201,278,반도체,Listed,0.0
2025-04-30,55900,56000,55300,55500,13014189,-0.5376344086021506,328539904671000,5919637922,52002,26.04,1.07,2131,2.6,1444,1423.75,4.177000045776367,278,반도체,Listed,0.0
2025-05-02,55000,55500,54200,54300,22454204,-2.1621621621621623,321436339164600,5919637922,57951,10.97,0.94,4950,2.66,1446,1435.0999755859375,4.322000026702881,278,반도체,Listed,0.0
2025-05-07,54500,55000,54300,54600,17136991,0.5524861878453038,323212230541200,5919637922,57951,11.03,0.94,4950,2.65,1446,1397.2900390625,4.275000095367432,278,반도체,Listed,0.0
2025-05-08,55100,55500,54500,54600,16320532,0.0,323212230541200,5919637922,57951,11.03,0.94,4950,2.65,1446,1403.8499755859375,4.373000144958496,278,반도체,Listed,0.0
2025-05-09,54700,55000,54400,54800,7814322,0.3663003663003663,324396158125600,5919637922,57951,11.07,0.95,4950,2.64,1446,1403.8499755859375,4.375,278,반도체,Listed,0.0
2025-05-12,55200,57600,55000,57600,15414702,5.109489051094891,340971144307200,5919637922,57951,11.64,0.99,4950,2.51,1446,1416.030029296875,4.456999778747559,278,반도체,Listed,0.0
2025-05-13,57700,58200,56800,56900,16842801,-1.215277777777778,336827397761800,5919637922,57951,11.49,0.98,4950,2.54,1446,1416.0,4.499000072479248,278,반도체,Listed,0.0
2025-05-14,57500,57900,57000,57400,12468089,0.8787346221441126,339787216722800,5919637922,57951,11.6,0.99,4950,2.52,1446,1407.3299560546875,4.5279998779296875,278,반도체,Listed,0.0
2025-05-15,57400,58600,57100,57300,13139736,-0.17421602787456447,339195252930600,5919637922,57951,11.58,0.99,4950,2.52,1446,1397.02001953125,4.454999923706055,278,반도체,Listed,0.0
2025-05-16,57400,57500,56700,56800,10385352,-0.8726003490401396,336235433969600,5919637922,57951,11.47,0.98,4950,2.55,1446,1397.02001953125,4.440999984741211,278,반도체,Listed,0.0
2025-05-19,56400,56400,55500,55800,9802105,-1.7605633802816902,330315796047600,5919637922,57951,11.27,0.96,4950,2.59,1446,1388.550048828125,4.474999904632568,278,반도체,Listed,0.0
2025-05-20,56200,56700,55700,55900,9080577,0.17921146953405018,330907759839800,5919637922,57951,11.29,0.96,4950,2.59,1446,1392.72998046875,4.480999946594238,278,반도체,Listed,0.0
2025-05-21,56200,56600,55700,55700,7794181,-0.35778175313059035,329723832255400,5919637922,57951,11.25,0.96,4950,2.6,1446,1373.8599853515625,4.5960001945495605,278,반도체,Listed,0.0
2025-05-22,55300,55500,54500,54700,15254278,-1.7953321364452424,323804194333400,5919637922,57951,11.05,0.94,4950,2.64,1446,1381.3399658203125,4.552999973297119,278,반도체,Listed,0.0
2025-05-23,55000,55200,54100,54200,11247115,-0.9140767824497258,320844375372400,5919637922,57951,10.95,0.94,4950,2.67,1446,1381.3399658203125,4.508999824523926,278,반도체,Listed,0.0
2025-05-26,53900,55000,53700,54700,10901337,0.9225092250922509,323804194333400,5919637922,57951,11.05,0.94,4950,2.64,1446,1368.0999755859375,4.508999824523926,278,반도체,Listed,0.0
2025-05-27,54200,54500,53800,53900,13439520,-1.4625228519195612,319068483995800,5919637922,57951,10.89,0.93,4950,2.68,1446,1374.800048828125,4.434000015258789,278,반도체,Listed,0.0
2025-05-28,54300,56100,54200,55900,17516283,3.710575139146568,330907759839800,5919637922,57951,11.29,0.96,4950,2.59,1446,1373.5999755859375,4.4770002365112305,278,반도체,Listed,0.0
2025-05-29,56200,56400,55600,56100,12936810,0.35778175313059035,332091687424200,5919637922,57951,11.33,0.97,4950,2.58,1446,1370.4100341796875,4.423999786376953,278,반도체,Listed,0.0
2025-05-30,56200,57200,55800,56200,26219683,0.17825311942959002,332683651216400,5919637922,57951,11.35,0.97,4950,2.57,1446,1370.4100341796875,4.415999889373779,278,반도체,Listed,0.0
2025-06-02,56300,57300,56200,56800,12870515,1.0676156583629894,336235433969600,5919637922,57951,11.47,0.98,4950,2.55,1446,1376.0699462890625,4.461999893188477,278,반도체,Listed,0.0
2025-06-04,57200,57900,56800,57800,19649983,1.7605633802816902,342155071891600,5919637922,57951,11.68,1.0,4950,2.5,1446,1361.0899658203125,4.364999771118164,278,반도체,Listed,0.0
2025-06-05,58100,59900,57900,59100,23266027,2.249134948096886,349850601190200,5919637922,57951,11.94,1.02,4950,2.45,1446,1354.550048828125,4.394000053405762,278,반도체,Listed,0.0
2025-06-09,60400,60400,59500,59800,19609659,1.1844331641285957,353994347735600,5919637922,57951,12.08,1.03,4950,2.42,1446,1353.8499755859375,4.48199987411499,278,반도체,Listed,0.0
2025-06-10,60000,60100,58800,59200,15305760,-1.0033444816053512,350442564982400,5919637922,57951,11.96,1.02,4950,2.44,1446,1363.8800048828125,4.473999977111816,278,반도체,Listed,0.0
2025-06-11,59500,60100,59400,59900,13610734,1.1824324324324325,354586311527800,5919637922,57951,12.1,1.03,4950,2.41,1446,1365.68994140625,4.4120001792907715,278,반도체,Listed,0.0
2025-06-12,59700,60000,59300,59500,17755115,-0.667779632721202,352218456359000,5919637922,57951,12.02,1.03,4950,2.43,1446,1349.7900390625,4.35699987411499,278,반도체,Listed,0.0
2025-06-13,60200,60200,57700,58300,20705979,-2.0168067226890756,345114890852600,5919637922,57951,11.78,1.01,4950,2.48,1446,1349.7900390625,4.423999786376953,278,반도체,Listed,0.0
2025-06-16,58000,58100,56900,57200,22200872,-1.8867924528301887,338603289138400,5919637922,57951,11.56,0.99,4950,2.53,1446,1357.780029296875,4.452000141143799,278,반도체,Listed,0.0
2025-06-17,57800,59800,57400,58100,28637003,1.5734265734265735,343930963268200,5919637922,57951,11.74,1.0,4950,2.49,1446,1380.5,4.39300012588501,278,반도체,Listed,0.0
2025-06-18,58000,59800,57900,59800,17620705,2.9259896729776247,353994347735600,5919637922,57951,12.08,1.03,4950,2.42,1446,1370.75,4.396999835968018,278,반도체,Listed,0.0
2025-06-19,60500,60600,59000,59200,16876278,-1.0033444816053512,350442564982400,5919637922,57951,11.96,1.02,4950,2.44,1446,1374.8900146484375,4.396999835968018,278,반도체,Listed,0.0
2025-06-20,59400,59800,59100,59500,18072251,0.5067567567567568,352218456359000,5919637922,57951,12.02,1.03,4950,2.43,1446,1374.8900146484375,4.375,278,반도체,Listed,0.0
2025-06-23,58400,58500,57600,58000,16551694,-2.5210084033613445,343338999476000,5919637922,57951,11.72,1.0,4950,2.49,1446,1361.93994140625,4.320000171661377,278,반도체,Listed,0.0
2025-06-24,59400,60600,59300,60500,23737899,4.310344827586207,358138094281000,5919637922,57951,12.22,1.04,4950,2.39,1446,1353.780029296875,4.293000221252441,278,반도체,Listed,0.0
2025-06-25,61500,61600,60300,61300,23933612,1.322314049586777,362873804618600,5919637922,57951,12.38,1.06,4950,2.36,1446,1357.030029296875,4.293000221252441,278,반도체,Listed,0.0
2025-06-26,61300,61300,59900,60200,19402300,-1.794453507340946,356362202904400,5919637922,57951,12.16,1.04,4950,2.4,1446,1352.760009765625,4.252999782562256,278,반도체,Listed,0.0
2025-06-27,60100,61600,60000,60800,17340470,0.9966777408637874,359913985657600,5919637922,57951,12.28,1.05,4950,2.38,1446,1352.760009765625,4.2829999923706055,278,반도체,Listed,0.0
2025-06-30,61200,61200,59800,59800,17110294,-1.644736842105263,353994347735600,5919637922,57951,12.08,1.03,4950,2.42,1446,1348.5,4.230000019073486,278,반도체,Listed,0.0
2025-07-01,60400,61100,60200,60200,13650991,0.6688963210702341,356362202904400,5919637922,57951,12.16,1.04,4950,2.4,1446,1355.5899658203125,4.250999927520752,278,반도체,Listed,0.0
2025-07-02,60200,60900,59800,60800,15047951,0.9966777408637874,359913985657600,5919637922,57951,12.28,1.05,4950,2.38,1446,1354.75,4.293000221252441,278,반도체,Listed,0.0
2025-07-03,61300,63800,61100,63800,32040639,4.934210526315789,377672899423600,5919637922,57951,12.89,1.1,4950,2.27,1446,1357.0999755859375,4.3480000495910645,278,반도체,Listed,0.0
2025-07-04,64700,64700,63000,63300,23748959,-0.7836990595611284,374713080462600,5919637922,57951,12.79,1.09,4950,2.28,1446,1357.0999755859375,4.3480000495910645,278,반도체,Listed,0.0
2025-07-07,62900,63300,61700,61700,17164708,-2.527646129541864,365241659787400,5919637922,57951,12.46,1.06,4950,2.34,1446,1374.6400146484375,4.394999980926514,278,반도체,Listed,0.0
2025-07-08,61600,62400,61000,61400,20213724,-0.48622366288492713,363465768410800,5919637922,57951,12.4,1.06,4950,2.36,1446,1370.300048828125,4.414999961853027,278,반도체,Listed,0.0
2025-07-09,61400,61400,60200,60400,17533415,-1.6286644951140066,357546130488800,5919637922,57951,12.2,1.04,4950,2.39,1446,1373.0,4.3420000076293945,278,반도체,Listed,0.0
2025-07-10,60600,61200,60400,61000,14768473,0.9933774834437087,361097913242000,5919637922,57951,12.32,1.05,4950,2.37,1446,1372.6400146484375,4.3460001945495605,278,반도체,Listed,0.0
2025-07-11,61300,62800,61200,62600,19140650,2.622950819672131,370569333917200,5919637922,57951,12.65,1.08,4950,2.31,1446,1372.6400146484375,4.422999858856201,278,반도체,Listed,0.0
2025-07-14,62300,62600,61800,62500,13563846,-0.1597444089456869,369977370125000,5919637922,57951,12.63,1.08,4950,2.31,1446,1382.010009765625,4.427000045776367,278,반도체,Listed,0.0
2025-07-15,62300,63800,62000,63700,18442202,1.92,377080935631400,5919637922,57951,12.87,1.1,4950,2.27,1446,1386.449951171875,4.488999843597412,278,반도체,Listed,0.0
2025-07-16,63700,64700,63100,64700,23042660,1.5698587127158554,383000573553400,5919637922,57951,13.07,1.12,4950,2.23,1446,1384.9200439453125,4.454999923706055,278,반도체,Listed,0.0
2025-07-17,65900,66800,64400,66700,39448683,3.091190108191654,394839849397400,5919637922,57951,13.47,1.15,4950,2.17,1446,1391.5799560546875,4.4629998207092285,278,반도체,Listed,0.0
2025-07-18,67000,67800,66300,67100,23951531,0.5997001499250375,397207704566200,5919637922,57951,13.56,1.16,4950,2.15,1446,1391.5799560546875,4.432000160217285,278,반도체,Listed,0.0
2025-07-21,67400,68800,67200,67800,17723148,1.0432190760059614,401351451111600,5919637922,57951,13.7,1.17,4950,2.13,1446,1381.8199462890625,4.372000217437744,278,반도체,Listed,0.0
2025-07-22,68100,68500,65600,66000,20829006,-2.6548672566371683,390696102852000,5919637922,57951,13.33,1.14,4950,2.19,1446,1379.780029296875,4.335999965667725,278,반도체,Listed,0.0
2025-07-23,66200,66500,64900,66400,15687058,0.6060606060606061,393063958020800,5919637922,57951,13.41,1.15,4950,2.18,1446,1373.719970703125,4.388000011444092,278,반도체,Listed,0.0
2025-07-24,66500,66800,65900,66000,12660193,-0.6024096385542169,390696102852000,5919637922,57951,13.33,1.14,4950,2.19,1446,1372.0,4.4079999923706055,278,반도체,Listed,0.0
2025-07-25,65700,66300,65500,65900,8080910,-0.15151515151515152,390104139059800,5919637922,57951,13.31,1.14,4950,2.19,1446,1372.0,4.386000156402588,278,반도체,Listed,0.0
2025-07-28,68200,70400,67200,70400,35332500,6.828528072837632,416742509708800,5919637922,57951,14.22,1.21,4950,2.05,1446,1388.2900390625,4.420000076293945,278,반도체,Listed,0.0
2025-07-29,70800,70800,68800,70600,28190940,0.2840909090909091,417926437293200,5919637922,57951,14.26,1.22,4950,2.05,1446,1388.8599853515625,4.329999923706055,278,반도체,Listed,0.0
2025-07-30,71000,73700,70600,72600,34761444,2.8328611898017,429765713137200,5919637922,57951,14.67,1.25,4950,1.99,1446,1392.52001953125,4.375999927520752,278,반도체,Listed,0.0
2025-07-31,73000,74000,71000,71400,26568072,-1.6528925619834711,422662147630800,5919637922,57951,14.42,1.23,4950,2.03,1446,1391.510009765625,4.360000133514404,278,반도체,Listed,0.0
2025-08-01,70200,72000,68800,68900,24038534,-3.5014005602240896,407863052825800,5919637922,57951,13.92,1.19,4950,2.1,1446,1391.510009765625,4.21999979019165,278,반도체,Listed,0.0
2025-08-04,69500,70200,68700,69700,14780072,1.1611030478955007,412598763163400,5919637922,57951,14.08,1.2,4950,2.07,1446,1383.5899658203125,4.199999809265137,278,반도체,Listed,0.0
2025-08-05,71000,71500,69700,69900,14392903,0.2869440459110474,413782690747800,5919637922,57951,14.12,1.21,4950,2.07,1446,1386.5799560546875,4.196000099182129,278,반도체,Listed,0.0
2025-08-06,69200,69400,68300,68800,12542415,-1.5736766809728182,407271089033600,5919637922,57951,13.9,1.19,4950,2.1,1446,1384.3900146484375,4.21999979019165,278,반도체,Listed,0.0
2025-08-07,70800,71000,69700,70500,15008213,2.4709302325581395,417334473501000,5919637922,57951,14.24,1.22,4950,2.05,1446,1384.969970703125,4.24399995803833,278,반도체,Listed,0.0
2025-08-08,71000,72400,70700,71800,22241128,1.8439716312056738,425030002799600,5919637922,57951,14.51,1.24,4950,2.01,1446,1384.969970703125,4.284999847412109,278,반도체,Listed,0.0
2025-08-11,72000,72100,70800,71000,11354253,-1.1142061281337048,420294292462000,5919637922,57951,14.34,1.23,4950,2.04,1446,1389.7900390625,4.2729997634887695,278,반도체,Listed,0.0
2025-08-12,71100,72400,71100,71100,15797656,0.14084507042253522,420886256254200,5919637922,57951,14.36,1.23,4950,2.03,1446,1383.0899658203125,4.293000221252441,278,반도체,Listed,0.0
2025-08-13,71900,72100,71400,71900,12305742,1.1251758087201125,425621966591800,5919637922,57951,14.53,1.24,4950,2.01,1446,1378.780029296875,4.23799991607666,278,반도체,Listed,0.0
2025-08-14,71900,71900,71200,71600,11946122,-0.4172461752433936,423846075215200,5919637922,57951,14.46,1.24,4950,2.02,1446,1387.8699951171875,4.293000221252441,278,반도체,Listed,0.0
2025-08-18,71100,71200,70000,70000,13595591,-2.2346368715083798,414374654540000,5919637922,57951,14.14,1.21,4950,2.07,1446,1386.9100341796875,4.341000080108643,278,반도체,Listed,0.0
2025-08-19,70400,70700,69700,70000,10533082,0.0,414374654540000,5919637922,57951,14.14,1.21,4950,2.07,1446,1391.3399658203125,4.302000045776367,278,반도체,Listed,0.0
2025-08-20,70100,70700,69400,70500,17445516,0.7142857142857143,417334473501000,5919637922,57951,14.24,1.22,4950,2.05,1446,1396.9100341796875,4.296000003814697,278,반도체,Listed,0.0
2025-08-21,71500,71900,70600,70600,18843833,0.14184397163120568,417926437293200,5919637922,57951,14.26,1.22,4950,2.05,1446,1399.6099853515625,4.329999923706055,278,반도체,Listed,0.0
2025-08-22,71700,71800,70800,71400,9277432,1.13314447592068,422662147630800,5919637922,57951,14.42,1.23,4950,2.03,1446,1399.6099853515625,4.260000228881836,278,반도체,Listed,0.0
2025-08-25,71700,71800,71000,71500,10345178,0.1400560224089636,423254111423000,5919637922,57951,14.44,1.23,4950,2.02,1446,1389.050048828125,4.275000095367432,278,반도체,Listed,0.0
2025-08-26,70800,71100,70300,70300,14712519,-1.6783216783216783,416150545916600,5919637922,57951,14.2,1.21,4950,2.06,1446,1393.949951171875,4.257999897003174,278,반도체,Listed,0.0
2025-08-27,70100,70900,69800,70600,10523405,0.42674253200568996,417926437293200,5919637922,57951,14.26,1.22,4950,2.05,1446,1392.75,4.23799991607666,278,반도체,Listed,0.0
2025-08-28,70100,70400,69600,69600,11578024,-1.41643059490085,412006799371200,5919637922,57951,14.06,1.2,4950,2.08,1446,1384.4100341796875,4.206999778747559,278,반도체,Listed,0.0
2025-08-29,70100,70500,69700,69700,11682267,0.14367816091954022,412598763163400,5919637922,57951,14.08,1.2,4950,2.07,1446,1384.4100341796875,4.2270002365112305,278,반도체,Listed,0.0
2025-09-01,68400,68600,67500,67600,12002343,-3.012912482065997,400167523527200,5919637922,57951,13.66,1.17,4950,2.14,1446,1392.93994140625,4.2270002365112305,278,반도체,Listed,0.0
2025-09-02,67800,69500,67800,69100,10604028,2.2189349112426036,409046980410200,5919637922,57951,13.96,1.19,4950,2.09,1446,1394.5699462890625,4.2769999504089355,278,반도체,Listed,0.0
2025-09-03,69200,69800,68800,69800,10283009,1.0130246020260492,413190726955600,5919637922,57951,14.1,1.2,4950,2.07,1446,1389.6300048828125,4.210999965667725,278,반도체,Listed,0.0
2025-09-04,69500,70100,69300,70100,12284414,0.42979942693409745,414966618332200,5919637922,57951,14.16,1.21,4950,2.06,1446,1392.06005859375,4.176000118255615,278,반도체,Listed,0.0
2025-09-05,70300,70400,69500,69500,11526724,-0.8559201141226819,411414835579000,5919637922,57951,14.04,1.2,4950,2.08,1446,1392.06005859375,4.085999965667725,278,반도체,Listed,0.0
2025-09-08,69800,70500,69600,70100,9263135,0.8633093525179856,414966618332200,5919637922,57951,14.16,1.21,4950,2.06,1446,1385.719970703125,4.046000003814697,278,반도체,Listed,0.0
2025-09-09,70100,71500,70000,71500,14870245,1.9971469329529243,423254111423000,5919637922,57951,14.44,1.23,4950,2.02,1446,1387.25,4.073999881744385,278,반도체,Listed,0.0
2025-09-10,71800,72800,71600,72600,21928565,1.5384615384615385,429765713137200,5919637922,57951,14.67,1.25,4950,1.99,1446,1387.199951171875,4.0320000648498535,278,반도체,Listed,0.0
2025-09-11,73200,73600,72100,73400,20793501,1.1019283746556474,434501423474800,5919637922,57951,14.83,1.27,4950,1.97,1446,1389.5,4.011000156402588,278,반도체,Listed,0.0
2025-09-12,74600,75600,74200,75400,28219678,2.7247956403269753,446340699318800,5919637922,57951,15.23,1.3,4950,1.92,1446,1389.5,4.060999870300293,278,반도체,Listed,0.0
2025-09-15,77200,77600,75900,76500,19908805,1.4588859416445623,452852301033000,5919637922,57951,15.45,1.32,4950,1.89,1446,1385.010009765625,4.033999919891357,278,반도체,Listed,0.0
2025-09-16,76900,79500,76700,79400,28218265,3.7908496732026142,470019251006800,5919637922,57951,16.04,1.37,4950,1.82,1446,1377.6400146484375,4.026000022888184,278,반도체,Listed,0.0
2025-09-17,79100,79100,77100,78200,20856317,-1.5113350125944585,462915685500400,5919637922,57951,15.8,1.35,4950,1.85,1446,1378.68994140625,4.076000213623047,278,반도체,Listed,0.0
2025-09-18,79100,80500,78600,80500,25619035,2.941176470588235,476530852721000,5919637922,57951,16.26,1.39,4950,1.8,1446,1386.75,4.104000091552734,278,반도체,Listed,0.0
2025-09-19,81100,81200,79600,79700,20898386,-0.9937888198757764,471795142383400,5919637922,57951,16.1,1.38,4950,1.81,1446,1386.75,4.138999938964844,278,반도체,Listed,0.0
2025-09-22,81500,84000,81100,83500,27529656,4.767879548306149,494289766487000,5919637922,57951,16.87,1.44,4950,1.73,1446,1389.3900146484375,4.14300012588501,278,반도체,Listed,0.0
2025-09-23,85800,85900,83600,84700,23610263,1.437125748502994,501393331993400,5919637922,57951,17.11,1.46,4950,1.71,1446,1391.8499755859375,4.119999885559082,278,반도체,Listed,0.0
2025-09-24,84200,85500,83700,85400,18300997,0.8264462809917356,505537078538800,5919637922,57951,17.25,1.47,4950,1.69,1446,1403.6500244140625,4.146999835968018,278,반도체,Listed,0.0
2025-09-25,84400,86200,84100,86100,19665151,0.819672131147541,509680825084200,5919637922,57951,17.39,1.49,4950,1.68,1446,1408.9200439453125,4.171999931335449,278,반도체,Listed,0.0
2025-09-26,85000,85300,82400,83300,24071193,-3.2520325203252036,493105838902600,5919637922,57951,16.83,1.44,4950,1.74,1446,1408.9200439453125,4.186999797821045,278,반도체,Listed,0.0
2025-09-29,83300,85000,83200,84200,13069094,1.0804321728691477,498433513032400,5919637922,57951,17.01,1.45,4950,1.72,1446,1399.3299560546875,4.140999794006348,278,반도체,Listed,0.0
2025-09-30,84600,84900,83400,83900,16319061,-0.35629453681710216,496657621655800,5919637922,57951,16.95,1.45,4950,1.72,1446,1403.1500244140625,4.1479997634887695,278,반도체,Listed,0.0
2025-10-01,84900,86200,84700,86000,22039361,2.5029797377830754,509088861292000,5919637922,57951,17.37,1.48,4950,1.68,1446,1401.8199462890625,4.105999946594238,278,반도체,Listed,0.0
2025-10-02,89300,90300,88700,89000,49883028,3.488372093023256,526847775058000,5919637922,57951,17.98,1.54,4950,1.62,1446,1405.6300048828125,4.0879998207092285,278,반도체,Listed,0.0
2025-10-10,94000,94500,92700,94400,35269748,6.067415730337078,558813819836800,5919637922,57951,19.07,1.63,4950,1.53,1446,1421.510009765625,4.051000118255615,278,반도체,Listed,0.0
2025-10-13,91300,93400,90700,93300,23883308,-1.1652542372881356,552302218122600,5919637922,57951,18.85,1.61,4950,1.55,1446,1426.0699462890625,4.051000118255615,278,반도체,Listed,0.0
2025-10-14,95300,96000,90200,91600,35545235,-1.822079314040729,542238833655200,5919637922,57951,18.51,1.58,4950,1.58,1446,1429.4300537109375,4.021999835968018,278,반도체,Listed,0.0
2025-10-15,92300,95300,92100,95000,21050111,3.711790393013101,562365602590000,5919637922,57951,19.19,1.64,4950,1.52,1446,1420.0899658203125,4.046000003814697,278,반도체,Listed,0.0
2025-10-16,95300,97700,95000,97700,28141060,2.8421052631578947,578348624979400,5919637922,57951,19.74,1.69,4950,1.48,1446,1415.719970703125,3.9760000705718994,278,반도체,Listed,0.0
2025-10-17,97200,99100,96700,97900,22730809,0.2047082906857728,579532552563800,5919637922,57951,19.78,1.69,4950,1.48,1446,1415.719970703125,4.006999969482422,278,반도체,Listed,0.0
2025-10-20,97900,98300,96000,98100,17589756,0.20429009193054137,580716480148200,5919637922,57951,19.82,1.69,4950,1.47,1446,1419.739990234375,3.9860000610351562,278,반도체,Listed,0.0
2025-10-21,98500,99900,97300,97500,22803830,-0.6116207951070336,577164697395000,5919637922,57951,19.7,1.68,4950,1.48,1446,1430.739990234375,3.9630000591278076,278,반도체,Listed,0.0
2025-10-22,97100,98600,95500,98600,15937611,1.1282051282051282,583676299109200,5919637922,57951,19.92,1.7,4950,1.47,1446,1430.4000244140625,3.953000068664551,278,반도체,Listed,0.0
2025-10-23,96800,98500,96300,96500,18488581,-2.129817444219067,571245059473000,5919637922,57951,19.49,1.67,4950,1.5,1446,1435.8399658203125,3.990999937057495,278,반도체,Listed,0.0
2025-10-24,97900,99000,97700,98800,18801925,2.383419689119171,584860226693600,5919637922,57951,19.96,1.7,4950,1.46,1446,1435.8399658203125,3.996999979019165,278,반도체,Listed,0.0
2025-10-27,101300,102000,100600,102000,22169970,3.2388663967611335,603803068044000,5919637922,57951,20.61,1.76,4950,1.42,1446,1436.969970703125,3.996999979019165,278,반도체,Listed,0.0
2025-10-28,100900,101000,99100,99500,20002282,-2.450980392156863,589003973239000,5919637922,57951,20.1,1.72,4950,1.45,1446,1430.969970703125,3.9830000400543213,278,반도체,Listed,0.0
2025-10-29,100200,101000,99100,100500,20899788,1.0050251256281406,594923611161000,5919637922,57951,20.3,1.73,4950,1.44,1446,1425.969970703125,4.058000087738037,278,반도체,Listed,0.0
2025-10-30,102400,105800,102000,104100,34570017,3.582089552238806,616234307680200,5919637922,57951,21.03,1.8,4950,1.39,1446,1424.010009765625,4.0929999351501465,278,반도체,Listed,0.0
2025-10-31,105000,108600,103300,107500,54824564,3.266090297790586,636361076615000,5919637922,57951,21.72,1.86,4950,1.35,1446,1424.02001953125,4.10099983215332,278,반도체,Listed,0.0
2025-11-03,106900,111500,106500,111100,30110066,3.3488372093023258,657671773134200,5919637922,57951,22.44,1.92,4950,1.3,1446,1427.1700439453125,4.105999946594238,278,반도체,Listed,0.0
2025-11-04,111800,112400,104900,104900,30450281,-5.5805580558055805,620970018017800,5919637922,57951,21.19,1.81,4950,1.38,1446,1428.969970703125,4.089000225067139,278,반도체,Listed,0.0
2025-11-05,101000,102000,96700,100600,44843020,-4.0991420400381315,595515574953200,5919637922,57951,20.32,1.74,4950,1.44,1446,1439.81005859375,4.1570000648498535,278,반도체,Listed,0.0
2025-11-06,103700,103800,98800,99200,28655689,-1.3916500994035785,587228081862400,5919637922,57951,20.04,1.71,4950,1.46,1446,1439.739990234375,4.0929999351501465,278,반도체,Listed,0.0
2025-11-07,96400,100300,96300,97900,22908083,-1.310483870967742,579532552563800,5919637922,57951,19.78,1.69,4950,1.48,1446,1447.9000244140625,4.0929999351501465,278,반도체,Listed,0.0
2025-11-10,98600,101000,97900,100600,23842327,2.7579162410623086,595515574953200,5919637922,57951,20.32,1.74,4950,1.44,1446,1454.0,4.110000133514404,278,반도체,Listed,0.0
2025-11-11,103700,106000,102000,103500,27742542,2.8827037773359843,612682524927000,5919637922,57951,20.91,1.79,4950,1.4,1446,1456.0899658203125,4.119999885559082,278,반도체,Listed,0.0
2025-11-12,103000,103900,101600,103100,19413497,-0.3864734299516908,610314669758200,5919637922,57951,20.83,1.78,4950,1.4,1446,1459.8399658203125,4.065000057220459,278,반도체,Listed,0.0
2025-11-13,102500,104200,102300,102800,20838741,-0.2909796314258002,608538778381600,5919637922,57951,20.77,1.77,4950,1.41,1446,1468.02001953125,4.111999988555908,278,반도체,Listed,0.0
2025-11-14,99000,99600,97200,97200,21806342,-5.447470817120623,575388806018400,5919637922,57951,19.64,1.68,4950,1.49,1446,1468.7099609375,4.1479997634887695,278,반도체,Listed,0.0
2025-11-17,99800,101000,99500,100600,17192584,3.4979423868312756,595515574953200,5919637922,57951,20.32,1.74,4950,1.44,1446,1446.530029296875,4.132999897003174,278,반도체,Listed,0.0
2025-11-18,99800,100900,97500,97800,18684068,-2.783300198807157,578940588771600,5919637922,57951,19.76,1.69,4950,1.48,1446,1461.68994140625,4.123000144958496,278,반도체,Listed,0.0
2025-11-19,97100,97500,94600,96500,18993346,-1.329243353783231,571245059473000,5919637922,57951,19.49,1.67,4950,1.5,1446,1456.550048828125,4.132999897003174,278,반도체,Listed,0.0
2025-11-20,100900,102900,99500,100600,25360435,4.248704663212435,595515574953200,5919637922,57951,20.32,1.74,4950,1.44,1446,1466.1300048828125,4.105999946594238,278,반도체,Listed,0.0
2025-11-21,95600,96800,94500,94800,23103574,-5.7654075546719685,561181675005600,5919637922,57951,19.15,1.64,4950,1.53,1446,1473.25,4.063000202178955,278,반도체,Listed,0.0
2025-11-24,97800,99000,96200,96700,29831172,2.0042194092827006,572428987057400,5919637922,57951,19.54,1.67,4950,1.5,1446,1467.72998046875,4.038000106811523,278,반도체,Listed,0.0
2025-11-25,101400,101400,97800,99300,16110054,2.688728024819028,587820045654600,5919637922,57951,20.06,1.71,4950,1.46,1446,1474.8599853515625,4.001999855041504,278,반도체,Listed,0.0
2025-11-26,100500,102900,99300,102800,21314975,3.5246727089627394,608538778381600,5919637922,57951,20.77,1.77,4950,1.41,1446,1464.9200439453125,3.997999906539917,278,반도체,Listed,0.0
2025-11-27,104100,105500,102700,103500,16453004,0.6809338521400778,612682524927000,5919637922,57951,20.91,1.79,4950,1.4,1446,1470.5899658203125,3.997999906539917,278,반도체,Listed,0.0
2025-11-28,103800,103800,100500,100500,15292277,-2.898550724637681,594923611161000,5919637922,57951,20.3,1.73,4950,1.44,1446,1461.4000244140625,4.017000198364258,278,반도체,Listed,0.0
2025-12-01,102000,102800,99900,100800,10905526,0.2985074626865672,596699502537600,5919637922,57951,20.36,1.74,4950,1.43,1446,1465.6199951171875,4.0960001945495605,278,반도체,Listed,0.0
2025-12-02,101200,103500,101000,103400,13649487,2.579365079365079,612090561134800,5919637922,57951,20.89,1.78,4950,1.4,1446,1470.1700439453125,4.085999965667725,278,반도체,Listed,0.0
2025-12-03,104700,105500,104000,104500,14697927,1.0638297872340425,618602162849000,5919637922,57951,21.11,1.8,4950,1.38,1446,1467.3599853515625,4.057000160217285,278,반도체,Listed,0.0
2025-12-04,103900,105100,103200,105100,11931145,0.5741626794258373,622153945602200,5919637922,57951,21.23,1.81,4950,1.38,1446,1465.030029296875,4.107999801635742,278,반도체,Listed,0.0
2025-12-05,105300,108400,104600,108400,19739076,3.139866793529972,641688750744800,5919637922,57951,21.9,1.87,4950,1.33,1446,1473.3599853515625,4.138999938964844,278,반도체,Listed,0.0
