날짜,open,high,low,close,volume,amount,market_cap,shares_out,bps,per,pbr,eps,div_rate,div_amount,usdkrw,us10y_yield,theme_code,theme_name,listing_status,kr10y_yield
2015-01-02,47950,48400,47650,47750,1155944,0.0,34762112928750,728002365,18399,11.8,2.6,4045,0.0,0,1093.5999755859375,2.122999906539917,278,반도체,Listed,0.0
2015-01-05,48050,48400,47500,47650,1409146,-0.20942408376963353,34689312692250,728002365,18399,11.78,2.59,4045,0.0,0,1111.0,2.0390000343322754,278,반도체,Listed,0.0
2015-01-06,47000,47600,46900,47500,1661196,-0.3147953830010493,34580112337500,728002365,18399,11.74,2.58,4045,0.0,0,1108.5,1.9630000591278076,278,반도체,Listed,0.0
2015-01-07,46700,47600,46700,47400,1821266,-0.21052631578947367,34507312101000,728002365,18399,11.72,2.58,4045,0.0,0,1097.300048828125,1.9539999961853027,278,반도체,Listed,0.0
2015-01-08,48250,50000,47900,49950,5006675,5.379746835443038,36363718131750,728002365,18399,12.35,2.71,4045,0.0,0,1097.800048828125,2.0160000324249268,278,반도체,Listed,0.0
2015-01-09,50700,51400,49700,49700,3313929,-0.5005005005005005,36181717540500,728002365,18399,12.29,2.7,4045,0.0,0,1094.300048828125,1.9709999561309814,278,반도체,Listed,0.0
2015-01-12,50000,50500,49450,50300,1709997,1.2072434607645874,36618518959500,728002365,18399,12.44,2.73,4045,0.0,0,1081.800048828125,1.9119999408721924,278,반도체,Listed,0.0
2015-01-13,48500,49650,48500,49000,3047952,-2.584493041749503,35672115885000,728002365,18399,12.11,2.66,4045,0.0,0,1081.4000244140625,1.8899999856948853,278,반도체,Listed,0.0
2015-01-14,48900,49850,48850,48900,2241954,-0.20408163265306123,35599315648500,728002365,18399,12.09,2.66,4045,0.0,0,1077.0999755859375,1.8370000123977661,278,반도체,Listed,0.0
2015-01-15,48900,49500,48850,49500,1468474,1.2269938650306749,36036117067500,728002365,18399,12.24,2.69,4045,0.0,0,1082.0,1.774999976158142,278,반도체,Listed,0.0
2015-01-16,48450,48900,47250,47450,4820176,-4.141414141414142,34543712219250,728002365,18399,11.73,2.58,4045,0.0,0,1075.5,1.815000057220459,278,반도체,Listed,0.0
2015-01-19,47500,47950,46800,47000,3180759,-0.9483667017913594,34216111155000,728002365,18399,11.62,2.55,4045,0.0,0,1078.0,1.815000057220459,278,반도체,Listed,0.0
2015-01-20,47250,47650,46800,47050,2211331,0.10638297872340426,34252511273250,728002365,18399,11.63,2.56,4045,0.0,0,1079.0999755859375,1.8070000410079956,278,반도체,Listed,0.0
2015-01-21,47500,48200,47400,48050,2156709,2.1253985122210417,34980513638250,728002365,18399,11.88,2.61,4045,0.0,0,1086.699951171875,1.8530000448226929,278,반도체,Listed,0.0
2015-01-22,48100,48450,47000,47000,2905955,-2.18522372528616,34216111155000,728002365,18399,11.62,2.55,4045,0.0,0,1081.9000244140625,1.8960000276565552,278,반도체,Listed,0.0
2015-01-23,47600,47750,47200,47500,1572903,1.0638297872340425,34580112337500,728002365,18399,11.74,2.58,4045,0.0,0,1084.699951171875,1.8170000314712524,278,반도체,Listed,0.0
2015-01-26,47250,48300,47000,48250,1410144,1.5789473684210527,35126114111250,728002365,18399,11.93,2.62,4045,0.0,0,1084.5,1.8279999494552612,278,반도체,Listed,0.0
2015-01-27,49350,49350,48800,49150,2292330,1.865284974093264,35781316239750,728002365,18399,12.15,2.67,4045,0.0,0,1079.300048828125,1.8250000476837158,278,반도체,Listed,0.0
2015-01-28,49150,49300,48200,49200,2333159,0.10172939979654119,35817716358000,728002365,18399,12.16,2.67,4045,0.0,0,1076.699951171875,1.7239999771118164,278,반도체,Listed,0.0
2015-01-29,48500,49200,47300,47400,5020783,-3.6585365853658534,34507312101000,728002365,18399,11.72,2.58,4045,0.0,0,1084.4000244140625,1.7510000467300415,278,반도체,Listed,0.0
2015-01-30,48000,48000,47300,47650,2743159,0.5274261603375527,34689312692250,728002365,18399,11.78,2.59,4045,0.0,0,1098.800048828125,1.6749999523162842,278,반도체,Listed,0.0
2015-02-02,47300,47600,46350,46600,3258140,-2.2035676810073452,33924910209000,728002365,18399,11.52,2.53,4045,0.0,0,1099.0,1.6729999780654907,278,반도체,Listed,0.0
2015-02-03,46450,47450,46450,46700,2513399,0.2145922746781116,33997710445500,728002365,18399,11.55,2.54,4045,0.0,0,1098.0999755859375,1.7799999713897705,278,반도체,Listed,0.0
2015-02-04,47400,47450,47000,47300,1823018,1.284796573875803,34434511864500,728002365,18399,11.69,2.57,4045,0.0,0,1091.300048828125,1.7970000505447388,278,반도체,Listed,0.0
2015-02-05,47300,47400,46300,47150,1984849,-0.3171247357293869,34325311509750,728002365,18399,11.66,2.56,4045,0.0,0,1087.5999755859375,1.815000057220459,278,반도체,Listed,0.0
2015-02-06,47100,47200,45200,45500,4547785,-3.4994697773064685,33124107607500,728002365,18399,11.25,2.47,4045,0.0,0,1084.800048828125,1.937999963760376,278,반도체,Listed,0.0
2015-02-09,45300,45950,45000,45200,2741040,-0.6593406593406593,32905706898000,728002365,18399,11.17,2.46,4045,0.0,0,1096.699951171875,1.9479999542236328,278,반도체,Listed,0.0
2015-02-10,45250,45800,45050,45150,2254222,-0.11061946902654868,32869306779750,728002365,18399,11.16,2.45,4045,0.0,0,1094.0999755859375,1.9910000562667847,278,반도체,Listed,0.0
2015-02-11,45900,47050,45650,46850,3231887,3.7652270210409746,34106910800250,728002365,18399,11.58,2.55,4045,0.0,0,1097.5999755859375,1.9880000352859497,278,반도체,Listed,0.0
2015-02-12,47450,47500,46600,46650,1903965,-0.42689434364994666,33961310327250,728002365,18399,11.53,2.54,4045,0.0,0,1105.699951171875,1.9859999418258667,278,반도체,Listed,0.0
2015-02-13,47000,47450,46750,47050,1354556,0.857449088960343,34252511273250,728002365,18399,11.63,2.56,4045,0.0,0,1101.199951171875,2.0209999084472656,278,반도체,Listed,0.0
2015-02-16,47550,47550,47200,47500,1534022,0.9564293304994688,34580112337500,728002365,18399,11.74,2.58,4045,0.0,0,1095.4000244140625,2.0209999084472656,278,반도체,Listed,0.0
2015-02-17,47350,47450,46300,46450,1677139,-2.2105263157894735,33815709854250,728002365,18399,11.48,2.52,4045,0.0,0,1100.199951171875,2.1449999809265137,278,반도체,Listed,0.0
2015-02-23,46500,47200,46400,47200,2273267,1.6146393972012916,34361711628000,728002365,18399,11.67,2.57,4045,0.0,0,1109.0999755859375,2.059000015258789,278,반도체,Listed,0.0
2015-02-24,47900,47900,47200,47600,1880503,0.847457627118644,34652912574000,728002365,18399,11.77,2.59,4045,0.0,0,1107.699951171875,1.9880000352859497,278,반도체,Listed,0.0
2015-02-25,47200,47400,46400,46500,2633709,-2.3109243697478994,33852109972500,728002365,18399,11.5,2.53,4045,0.0,0,1111.300048828125,1.968999981880188,278,반도체,Listed,0.0
2015-02-26,46750,47200,46450,47100,1938544,1.2903225806451613,34288911391500,728002365,18399,11.64,2.56,4045,0.0,0,1098.6800537109375,2.0160000324249268,278,반도체,Listed,0.0
2015-02-27,47000,47300,46250,46600,2344677,-1.0615711252653928,33924910209000,728002365,18399,11.52,2.53,4045,0.0,0,1100.6700439453125,2.002000093460083,278,반도체,Listed,0.0
2015-03-02,46850,46900,46300,46850,2246166,0.5364806866952789,34106910800250,728002365,18399,11.58,2.55,4045,0.0,0,1099.010009765625,2.0840001106262207,278,반도체,Listed,0.0
2015-03-03,47150,47500,46650,47300,2100433,0.96051227321238,34434511864500,728002365,18399,11.69,2.57,4045,0.0,0,1100.5899658203125,2.121999979019165,278,반도체,Listed,0.0
2015-03-04,47300,47300,45700,45900,4160256,-2.9598308668076108,33415308553500,728002365,18399,11.35,2.49,4045,0.0,0,1094.9599609375,2.122999906539917,278,반도체,Listed,0.0
2015-03-05,45650,46100,45250,45500,2214809,-0.8714596949891068,33124107607500,728002365,18399,11.25,2.47,4045,0.0,0,1099.25,2.111999988555908,278,반도체,Listed,0.0
2015-03-06,46050,46400,45950,46200,1877771,1.5384615384615385,33633709263000,728002365,18399,11.42,2.51,4045,0.0,0,1099.8900146484375,2.240000009536743,278,반도체,Listed,0.0
2015-03-09,45450,45750,44850,45100,3175721,-2.380952380952381,32832906661500,728002365,18399,11.15,2.45,4045,0.0,0,1108.81005859375,2.194999933242798,278,반도체,Listed,0.0
2015-03-10,45200,45500,43100,44150,5232109,-2.106430155210643,32141304414750,728002365,18399,10.91,2.4,4045,0.0,0,1113.5,2.125999927520752,278,반도체,Listed,0.0
2015-03-11,43500,44000,43150,43400,4527681,-1.698754246885617,31595302641000,728002365,18399,10.73,2.36,4045,0.0,0,1124.8599853515625,2.1089999675750732,278,반도체,Listed,0.0
2015-03-12,43400,44100,43250,43250,3929253,-0.3456221198156682,31486102286250,728002365,18399,10.69,2.35,4045,0.0,0,1128.97998046875,2.0959999561309814,278,반도체,Listed,0.0
2015-03-13,43350,44150,43350,44100,1962212,1.9653179190751446,32104904296500,728002365,18399,10.9,2.4,4045,0.0,0,1123.02001953125,2.111999988555908,278,반도체,Listed,0.0
2015-03-16,44400,46000,44400,45800,4031380,3.8548752834467117,33342508317000,728002365,18399,11.32,2.49,4045,0.0,0,1136.219970703125,2.0980000495910645,278,반도체,Listed,0.0
2015-03-17,46100,46450,45850,46250,2790117,0.9825327510917031,33670109381250,728002365,18399,11.43,2.51,4045,0.0,0,1129.0,2.058000087738037,278,반도체,Listed,0.0
2015-03-18,46250,46400,45600,46250,2790286,0.0,33670109381250,728002365,18399,11.43,2.51,4045,0.0,0,1127.1600341796875,1.9509999752044678,278,반도체,Listed,0.0
2015-03-19,46950,47000,46300,46400,1983215,0.3243243243243243,33779309736000,728002365,18399,11.47,2.52,4045,0.0,0,1109.8900146484375,1.9769999980926514,278,반도체,Listed,0.0
2015-03-20,46450,46850,45850,46850,1948819,0.9698275862068966,34106910800250,728002365,18399,11.58,2.55,4045,0.0,0,1119.300048828125,1.9299999475479126,278,반도체,Listed,0.0
2015-03-23,47100,48200,47050,48150,3781841,2.774813233724653,35053313874750,728002365,18399,11.9,2.62,4045,0.0,0,1111.780029296875,1.9149999618530273,278,반도체,Listed,0.0
2015-03-24,47700,48200,47550,48000,2155547,-0.3115264797507788,34944113520000,728002365,18399,11.87,2.61,4045,0.0,0,1103.4300537109375,1.878000020980835,278,반도체,Listed,0.0
2015-03-25,48000,48350,47850,48300,1830867,0.625,35162514229500,728002365,18399,11.94,2.63,4045,0.0,0,1101.6700439453125,1.9199999570846558,278,반도체,Listed,0.0
2015-03-26,47250,47500,46550,47000,4469503,-2.691511387163561,34216111155000,728002365,18399,11.62,2.55,4045,0.0,0,1098.97998046875,2.006999969482422,278,반도체,Listed,0.0
2015-03-27,46150,46400,45400,45800,4492231,-2.553191489361702,33342508317000,728002365,18399,11.32,2.49,4045,0.0,0,1102.949951171875,1.9479999542236328,278,반도체,Listed,0.0
2015-03-30,46000,46350,45100,45500,2776997,-0.6550218340611353,33124107607500,728002365,18399,11.25,2.47,4045,0.0,0,1105.5,1.9630000591278076,278,반도체,Listed,0.0
2015-03-31,46300,46350,45450,45550,2399612,0.10989010989010989,33160507725750,728002365,18399,11.26,2.48,4045,0.0,0,1107.0999755859375,1.934000015258789,278,반도체,Listed,0.0
2015-04-01,45950,46200,44900,45000,2051147,-1.2074643249176729,32760106425000,728002365,18399,11.12,2.45,4045,0.0,0,1097.8699951171875,1.8680000305175781,278,반도체,Listed,0.0
2015-04-02,44550,45350,44100,44800,3148519,-0.4444444444444444,32614505952000,728002365,18399,11.08,2.43,4045,0.0,0,1089.1199951171875,1.9040000438690186,278,반도체,Listed,0.0
2015-04-03,44300,44800,44000,44200,2834100,-1.3392857142857142,32177704533000,728002365,18399,10.93,2.4,4045,0.0,0,1089.1199951171875,1.9040000438690186,278,반도체,Listed,0.0
2015-04-06,44450,45100,44250,44750,2068077,1.244343891402715,32578105833750,728002365,18399,11.06,2.43,4045,0.0,0,1089.1199951171875,1.9040000438690186,278,반도체,Listed,0.0
2015-04-07,45000,45050,43500,43950,3691912,-1.7877094972067038,31995703941750,728002365,18399,10.87,2.39,4045,0.0,0,1092.3199462890625,1.8930000066757202,278,반도체,Listed,0.0
2015-04-08,43900,44150,42450,42600,5694496,-3.0716723549488054,31012900749000,728002365,18399,10.53,2.32,4045,0.0,0,1090.1500244140625,1.8949999809265137,278,반도체,Listed,0.0
2015-04-09,42000,42550,41550,41900,5892744,-1.643192488262911,30503299093500,728002365,18399,10.36,2.28,4045,0.0,0,1093.7900390625,1.9579999446868896,278,반도체,Listed,0.0
2015-04-10,42850,43800,42700,43600,6518647,4.05727923627685,31740903114000,728002365,18399,10.78,2.37,4045,0.0,0,1093.7900390625,1.9509999752044678,278,반도체,Listed,0.0
2015-04-13,44400,44500,43800,44200,3362917,1.3761467889908259,32177704533000,728002365,18399,10.93,2.4,4045,0.0,0,1099.8900146484375,1.9390000104904175,278,반도체,Listed,0.0
2015-04-14,44250,44400,43700,44000,2134645,-0.4524886877828055,32032104060000,728002365,18399,10.88,2.39,4045,0.0,0,1090.300048828125,1.9040000438690186,278,반도체,Listed,0.0
2015-04-15,44000,44500,44000,44300,2146331,0.6818181818181818,32250504769500,728002365,18399,10.95,2.41,4045,0.0,0,1093.6199951171875,1.899999976158142,278,반도체,Listed,0.0
2015-04-16,44750,44900,44150,44500,2096120,0.4514672686230248,32396105242500,728002365,18399,11.0,2.42,4045,0.0,0,1082.5899658203125,1.878000020980835,278,반도체,Listed,0.0
2015-04-17,44700,44750,44050,44550,2153757,0.11235955056179776,32432505360750,728002365,18399,11.01,2.42,4045,0.0,0,1082.5899658203125,1.850000023841858,278,반도체,Listed,0.0
2015-04-20,44100,44400,43600,44250,2355455,-0.6734006734006733,32214104651250,728002365,18399,10.94,2.41,4045,0.0,0,1081.1800537109375,1.8949999809265137,278,반도체,Listed,0.0
2015-04-21,44600,45500,44250,45150,3270598,2.0338983050847457,32869306779750,728002365,18399,11.16,2.45,4045,0.0,0,1081.3199462890625,1.9160000085830688,278,반도체,Listed,0.0
2015-04-22,45700,46100,45250,45250,3816002,0.22148394241417496,32942107016250,728002365,18399,11.19,2.46,4045,0.0,0,1083.0,1.972000002861023,278,반도체,Listed,0.0
2015-04-23,46400,46800,45650,45800,4995010,1.2154696132596685,33342508317000,728002365,18399,11.32,2.49,4045,0.0,0,1080.02001953125,1.9470000267028809,278,반도체,Listed,0.0
2015-04-24,46700,47250,46500,47200,4400132,3.056768558951965,34361711628000,728002365,18399,11.67,2.57,4045,0.0,0,1080.02001953125,1.9170000553131104,278,반도체,Listed,0.0
2015-04-27,47300,47500,45400,45800,3688453,-2.9661016949152543,33342508317000,728002365,18399,11.32,2.49,4045,0.0,0,1067.81005859375,1.9240000247955322,278,반도체,Listed,0.0
2015-04-28,46150,46950,45700,46950,2311231,2.5109170305676853,34179711036750,728002365,18399,11.61,2.55,4045,0.0,0,1062.8499755859375,1.9730000495910645,278,반도체,Listed,0.0
2015-04-29,47050,47400,46300,46900,2422884,-0.10649627263045794,34143310918500,728002365,18399,11.59,2.55,4045,0.0,0,1068.969970703125,2.0350000858306885,278,반도체,Listed,0.0
2015-04-30,46900,46900,45650,46150,2419318,-1.5991471215351813,33597309144750,728002365,18399,11.41,2.51,4045,0.0,0,1075.06005859375,2.0460000038146973,278,반도체,Listed,0.0
2015-05-04,46500,47100,46400,46800,2239896,1.4084507042253522,34070510682000,728002365,24775,8.01,1.89,5842,0.64,300,1078.75,2.134999990463257,278,반도체,Listed,0.0
2015-05-06,46300,46350,45000,45300,3291950,-3.205128205128205,32978507134500,728002365,24775,7.75,1.83,5842,0.66,300,1078.6700439453125,2.240000009536743,278,반도체,Listed,0.0
2015-05-07,44850,46000,44550,45900,2142745,1.3245033112582782,33415308553500,728002365,24775,7.86,1.85,5842,0.65,300,1091.8900146484375,2.184000015258789,278,반도체,Listed,0.0
2015-05-08,45300,46300,45050,45950,1695019,0.10893246187363835,33451708671750,728002365,24775,7.87,1.85,5842,0.65,300,1091.8900146484375,2.1500000953674316,278,반도체,Listed,0.0
2015-05-11,46100,46700,46000,46300,1592730,0.7616974972796519,33706509499500,728002365,24775,7.93,1.87,5842,0.65,300,1095.949951171875,2.2739999294281006,278,반도체,Listed,0.0
2015-05-12,46300,47250,46000,46050,2364231,-0.5399568034557235,33524508908250,728002365,24775,7.88,1.86,5842,0.65,300,1092.3800048828125,2.259999990463257,278,반도체,Listed,0.0
2015-05-13,46100,46150,45200,45250,1896100,-1.737242128121607,32942107016250,728002365,24775,7.75,1.83,5842,0.66,300,1091.4000244140625,2.2820000648498535,278,반도체,Listed,0.0
2015-05-14,45650,46050,45200,45550,1889682,0.6629834254143646,33160507725750,728002365,24775,7.8,1.84,5842,0.66,300,1088.239990234375,2.239000082015991,278,반도체,Listed,0.0
2015-05-15,45750,45950,45200,45300,1215027,-0.5488474204171241,32978507134500,728002365,24775,7.75,1.83,5842,0.66,300,1088.239990234375,2.1410000324249268,278,반도체,Listed,0.0
2015-05-18,45100,45450,44400,45450,2195599,0.33112582781456956,33087707489250,728002365,24775,7.78,1.83,5842,0.66,300,1088.239990234375,2.2279999256134033,278,반도체,Listed,0.0
2015-05-19,45650,46150,45500,46100,1510095,1.4301430143014302,33560909026500,728002365,24775,7.89,1.86,5842,0.65,300,1093.5,2.26200008392334,278,반도체,Listed,0.0
2015-05-20,46500,46900,46400,46850,1784488,1.6268980477223427,34106910800250,728002365,24775,8.02,1.89,5842,0.64,300,1095.4100341796875,2.250999927520752,278,반도체,Listed,0.0
2015-05-21,47000,47500,46200,46350,1880002,-1.0672358591248665,33742909617750,728002365,24775,7.93,1.87,5842,0.65,300,1091.47998046875,2.184999942779541,278,반도체,Listed,0.0
2015-05-22,46750,47850,46350,47850,3953338,3.2362459546925564,34834913165250,728002365,24775,8.19,1.93,5842,0.63,300,1091.47998046875,2.2149999141693115,278,반도체,Listed,0.0
2015-05-26,48500,49150,47800,48000,3594626,0.3134796238244514,34944113520000,728002365,24775,8.22,1.94,5842,0.63,300,1105.8699951171875,2.13700008392334,278,반도체,Listed,0.0
2015-05-27,48000,48800,47500,48450,3441135,0.9375,35271714584250,728002365,24775,8.29,1.96,5842,0.62,300,1107.4200439453125,2.134999990463257,278,반도체,Listed,0.0
2015-05-28,49450,50000,49150,49650,5512264,2.476780185758514,36145317422250,728002365,24775,8.5,2.0,5842,0.6,300,1107.0,2.130000114440918,278,반도체,Listed,0.0
2015-05-29,49350,51300,49200,51100,6512595,2.920443101711984,37200920851500,728002365,24775,8.75,2.06,5842,0.59,300,1107.0,2.0950000286102295,278,반도체,Listed,0.0
2015-06-01,50600,50900,49550,50600,4623131,-0.9784735812133072,36836919669000,728002365,24775,8.66,2.04,5842,0.59,300,1113.800048828125,2.191999912261963,278,반도체,Listed,0.0
2015-06-02,50700,51500,50300,51200,2173205,1.185770750988142,37273721088000,728002365,24775,8.76,2.07,5842,0.59,300,1106.530029296875,2.2660000324249268,278,반도체,Listed,0.0
2015-06-03,51000,51700,49600,49800,2724813,-2.734375,36254517777000,728002365,24775,8.52,2.01,5842,0.6,300,1105.68994140625,2.365999937057495,278,반도체,Listed,0.0
2015-06-04,49500,49600,48100,48300,3262007,-3.0120481927710845,35162514229500,728002365,24775,8.27,1.95,5842,0.62,300,1111.699951171875,2.306999921798706,278,반도체,Listed,0.0
2015-06-05,48300,49550,48150,49050,2134371,1.5527950310559007,35708516003250,728002365,24775,8.4,1.98,5842,0.61,300,1111.699951171875,2.4019999504089355,278,반도체,Listed,0.0
2015-06-08,48600,48800,48000,48050,1954503,-2.038735983690112,34980513638250,728002365,24775,8.22,1.94,5842,0.62,300,1117.1099853515625,2.38100004196167,278,반도체,Listed,0.0
2015-06-09,47750,48300,47200,48000,2168902,-0.10405827263267431,34944113520000,728002365,24775,8.22,1.94,5842,0.63,300,1119.0799560546875,2.4170000553131104,278,반도체,Listed,0.0
2015-06-10,48000,48000,47500,47500,2649918,-1.0416666666666665,34580112337500,728002365,24775,8.13,1.92,5842,0.63,300,1108.719970703125,2.4779999256134033,278,반도체,Listed,0.0
2015-06-11,47800,47900,47050,47100,2696182,-0.8421052631578947,34288911391500,728002365,24775,8.06,1.9,5842,0.64,300,1110.4000244140625,2.382999897003174,278,반도체,Listed,0.0
2015-06-12,47750,47800,46450,46550,2307036,-1.167728237791932,33888510090750,728002365,24775,7.97,1.88,5842,0.64,300,1110.4000244140625,2.384999990463257,278,반도체,Listed,0.0
2015-06-15,46550,47100,46050,46150,1775422,-0.8592910848549946,33597309144750,728002365,24775,7.9,1.86,5842,0.65,300,1114.530029296875,2.3580000400543213,278,반도체,Listed,0.0
2015-06-16,45250,45300,44200,44200,6161260,-4.225352112676056,32177704533000,728002365,24775,7.57,1.78,5842,0.68,300,1116.77001953125,2.318000078201294,278,반도체,Listed,0.0
2015-06-17,44250,45250,44250,44950,3461566,1.6968325791855203,32723706306750,728002365,24775,7.69,1.81,5842,0.67,300,1111.5899658203125,2.305999994277954,278,반도체,Listed,0.0
2015-06-18,44900,44950,44300,44300,2225236,-1.4460511679644048,32250504769500,728002365,24775,7.58,1.79,5842,0.68,300,1103.25,2.3510000705718994,278,반도체,Listed,0.0
2015-06-19,44350,44550,43500,43550,3858378,-1.6930022573363432,31704502995750,728002365,24775,7.45,1.76,5842,0.69,300,1103.25,2.2669999599456787,278,반도체,Listed,0.0
2015-06-22,43800,44150,43550,43850,2843715,0.6888633754305395,31922903705250,728002365,24775,7.51,1.77,5842,0.68,300,1098.780029296875,2.359999895095825,278,반도체,Listed,0.0
2015-06-23,44350,44600,44000,44150,2676531,0.6841505131128849,32141304414750,728002365,24775,7.56,1.78,5842,0.68,300,1103.969970703125,2.4089999198913574,278,반도체,Listed,0.0
2015-06-24,44250,44250,43150,43350,2694795,-1.8120045300113252,31558902522750,728002365,24775,7.42,1.75,5842,0.69,300,1107.9200439453125,2.371000051498413,278,반도체,Listed,0.0
2015-06-25,43100,43400,42800,43100,3270655,-0.5767012687427913,31376901931500,728002365,24775,7.38,1.74,5842,0.7,300,1109.93994140625,2.3929998874664307,278,반도체,Listed,0.0
2015-06-26,41550,42250,41550,42000,7935060,-2.5522041763341066,30576099330000,728002365,24775,7.19,1.7,5842,0.71,300,1109.93994140625,2.4760000705718994,278,반도체,Listed,0.0
2015-06-29,41000,43050,40600,42600,4892150,1.4285714285714286,31012900749000,728002365,24775,7.29,1.72,5842,0.7,300,1118.219970703125,2.3310000896453857,278,반도체,Listed,0.0
2015-06-30,42650,42800,41950,42300,2598797,-0.7042253521126761,30794500039500,728002365,24775,7.24,1.71,5842,0.71,300,1117.56005859375,2.3350000381469727,278,반도체,Listed,0.0
2015-07-01,42800,43200,42250,42800,2126825,1.1820330969267139,31158501222000,728002365,24775,7.33,1.73,5842,0.7,300,1122.9300537109375,2.4179999828338623,278,반도체,Listed,0.0
2015-07-02,43000,43000,42000,42100,2592544,-1.6355140186915886,30648899566500,728002365,24775,7.21,1.7,5842,0.71,300,1120.949951171875,2.3929998874664307,278,반도체,Listed,0.0
2015-07-03,42700,43100,42200,42650,2903385,1.3064133016627077,31049300867250,728002365,24775,7.3,1.72,5842,0.7,300,1120.949951171875,2.3929998874664307,278,반도체,Listed,0.0
2015-07-06,42000,42050,40350,40750,4533535,-4.4548651817116065,29666096373750,728002365,24775,6.98,1.64,5842,0.74,300,1124.22998046875,2.2780001163482666,278,반도체,Listed,0.0
2015-07-07,41200,41850,41000,41350,3183795,1.4723926380368098,30102897792750,728002365,24775,7.08,1.67,5842,0.73,300,1132.9300537109375,2.2309999465942383,278,반도체,Listed,0.0
2015-07-08,41100,41300,40750,40900,3335846,-1.0882708585247884,29775296728500,728002365,24775,7.0,1.65,5842,0.73,300,1134.43994140625,2.2060000896453857,278,반도체,Listed,0.0
2015-07-09,40400,41050,39600,40950,3018029,0.12224938875305623,29811696846750,728002365,24775,7.01,1.65,5842,0.73,300,1131.030029296875,2.3010001182556152,278,반도체,Listed,0.0
2015-07-10,41250,41300,40350,40850,2738522,-0.2442002442002442,29738896610250,728002365,24775,6.99,1.65,5842,0.73,300,1131.030029296875,2.4170000553131104,278,반도체,Listed,0.0
2015-07-13,41450,41850,40500,40550,3707444,-0.7343941248470013,29520495900750,728002365,24775,6.94,1.64,5842,0.74,300,1134.8199462890625,2.430000066757202,278,반도체,Listed,0.0
2015-07-14,40600,40650,37800,37850,15180511,-6.658446362515413,27554889515250,728002365,24775,6.48,1.53,5842,0.79,300,1141.3699951171875,2.3989999294281006,278,반도체,Listed,0.0
2015-07-15,38400,39400,38350,39300,8281669,3.830911492734478,28610492944500,728002365,24775,6.73,1.59,5842,0.76,300,1144.9200439453125,2.3499999046325684,278,반도체,Listed,0.0
2015-07-16,39000,39500,38650,39450,2373825,0.38167938931297707,28719693299250,728002365,24775,6.75,1.59,5842,0.76,300,1145.1500244140625,2.3519999980926514,278,반도체,Listed,0.0
2015-07-17,39500,40500,38700,39950,3352178,1.2674271229404308,29083694481750,728002365,24775,6.84,1.61,5842,0.75,300,1145.1500244140625,2.3489999771118164,278,반도체,Listed,0.0
2015-07-20,40150,40350,38650,38650,2535208,-3.254067584480601,28137291407250,728002365,24775,6.62,1.56,5842,0.78,300,1154.550048828125,2.371999979019165,278,반도체,Listed,0.0
2015-07-21,38950,39350,38500,39050,2531422,1.034928848641656,28428492353250,728002365,24775,6.68,1.58,5842,0.77,300,1146.8599853515625,2.3399999141693115,278,반도체,Listed,0.0
2015-07-22,39000,39000,37750,38200,3986610,-2.176696542893726,27809690343000,728002365,24775,6.54,1.54,5842,0.79,300,1155.530029296875,2.322000026702881,278,반도체,Listed,0.0
2015-07-23,40000,40300,38600,39000,8215778,2.094240837696335,28392092235000,728002365,24775,6.68,1.57,5842,0.77,300,1160.260009765625,2.2769999504089355,278,반도체,Listed,0.0
2015-07-24,39250,39450,38500,38550,3411382,-1.153846153846154,28064491170750,728002365,24775,6.6,1.56,5842,0.78,300,1160.260009765625,2.2709999084472656,278,반도체,Listed,0.0
2015-07-27,38500,38850,36850,37250,4142170,-3.372243839169909,27118088096250,728002365,24775,6.38,1.5,5842,0.81,300,1165.030029296875,2.2279999256134033,278,반도체,Listed,0.0
2015-07-28,36500,37650,36500,37100,3657208,-0.4026845637583893,27008887741500,728002365,24775,6.35,1.5,5842,0.81,300,1159.52001953125,2.25,278,반도체,Listed,0.0
2015-07-29,37450,37600,36800,37000,3040352,-0.2695417789757413,26936087505000,728002365,24775,6.33,1.49,5842,0.81,300,1160.0699462890625,2.2790000438690186,278,반도체,Listed,0.0
2015-07-30,36550,36800,34050,34500,9328208,-6.756756756756757,25116081592500,728002365,24775,5.91,1.39,5842,0.87,300,1170.77001953125,2.2679998874664307,278,반도체,Listed,0.0
2015-07-31,34800,37100,34750,37100,7074785,7.536231884057972,27008887741500,728002365,24775,6.35,1.5,5842,0.81,300,1170.77001953125,2.2049999237060547,278,반도체,Listed,0.0
2015-08-03,36500,37100,35500,35950,5481242,-3.0997304582210243,26171685021750,728002365,24775,6.15,1.45,5842,0.83,300,1168.699951171875,2.1500000953674316,278,반도체,Listed,0.0
2015-08-04,35450,37950,35450,37250,4060733,3.616133518776078,27118088096250,728002365,24775,6.38,1.5,5842,0.81,300,1167.1300048828125,2.2109999656677246,278,반도체,Listed,0.0
2015-08-05,37850,38300,37000,37300,3330999,0.1342281879194631,27154488214500,728002365,24775,6.38,1.51,5842,0.8,300,1171.93994140625,2.2679998874664307,278,반도체,Listed,0.0
2015-08-06,37750,37750,36050,36100,3888988,-3.2171581769436997,26280885376500,728002365,24775,6.18,1.46,5842,0.83,300,1161.530029296875,2.2339999675750732,278,반도체,Listed,0.0
2015-08-07,35650,36450,35050,36200,3381532,0.2770083102493075,26353685613000,728002365,24775,6.2,1.46,5842,0.83,300,1161.530029296875,2.174999952316284,278,반도체,Listed,0.0
2015-08-10,36200,36400,35750,36300,1336480,0.2762430939226519,26426485849500,728002365,24775,6.21,1.47,5842,0.83,300,1157.050048828125,2.23799991607666,278,반도체,Listed,0.0
2015-08-11,36300,37200,36100,36100,2890084,-0.5509641873278237,26280885376500,728002365,24775,6.18,1.46,5842,0.83,300,1177.280029296875,2.13700008392334,278,반도체,Listed,0.0
2015-08-12,35600,36400,35400,35800,2824462,-0.8310249307479225,26062484667000,728002365,24775,6.13,1.45,5842,0.84,300,1173.0,2.130000114440918,278,반도체,Listed,0.0
2015-08-13,35900,36900,35850,36900,2748437,3.072625698324022,26863287268500,728002365,24775,6.32,1.49,5842,0.81,300,1176.449951171875,2.188999891281128,278,반도체,Listed,0.0
2015-08-17,37300,37400,35650,35650,3808016,-3.387533875338753,25953284312250,728002365,24775,6.1,1.44,5842,0.84,300,1181.5799560546875,2.1500000953674316,278,반도체,Listed,0.0
2015-08-18,35800,36400,34700,35050,4706366,-1.6830294530154277,25516482893250,728002365,24775,6.0,1.41,5842,0.86,300,1184.449951171875,2.196000099182129,278,반도체,Listed,0.0
2015-08-19,34500,34800,32650,33000,8813242,-5.848787446504993,24024078045000,728002365,24775,5.65,1.33,5842,0.91,300,1181.2099609375,2.128999948501587,278,반도체,Listed,0.0
2015-08-20,33050,33550,32850,33050,4588759,0.15151515151515152,24060478163250,728002365,24775,5.66,1.33,5842,0.91,300,1182.530029296875,2.0840001106262207,278,반도체,Listed,0.0
2015-08-21,31400,32250,31400,32000,6084203,-3.177004538577912,23296075680000,728002365,24775,5.48,1.29,5842,0.94,300,1182.530029296875,2.053999900817871,278,반도체,Listed,0.0
2015-08-24,31600,32350,30300,31050,8593829,-2.96875,22604473433250,728002365,24775,5.31,1.25,5842,0.97,300,1189.5799560546875,1.996999979019165,278,반도체,Listed,0.0
2015-08-25,31300,33950,31300,33500,11821629,7.890499194847021,24388079227500,728002365,24775,5.73,1.35,5842,0.9,300,1189.1600341796875,2.132999897003174,278,반도체,Listed,0.0
2015-08-26,33500,34200,32850,33450,6534943,-0.1492537313432836,24351679109250,728002365,24775,5.73,1.35,5842,0.9,300,1181.1600341796875,2.171999931335449,278,반도체,Listed,0.0
2015-08-27,34200,35500,34150,35500,7063277,6.128550074738415,25844083957500,728002365,24775,6.08,1.43,5842,0.85,300,1171.989990234375,2.1679999828338623,278,반도체,Listed,0.0
2015-08-28,36550,37700,36300,36900,7382006,3.943661971830986,26863287268500,728002365,24775,6.32,1.49,5842,0.81,300,1171.989990234375,2.186000108718872,278,반도체,Listed,0.0
2015-08-31,36850,36850,35650,35800,4408499,-2.9810298102981028,26062484667000,728002365,24775,6.13,1.45,5842,0.84,300,1180.949951171875,2.200000047683716,278,반도체,Listed,0.0
2015-09-01,35150,35450,34200,34400,6442285,-3.910614525139665,25043281356000,728002365,24775,5.89,1.39,5842,0.87,300,1177.280029296875,2.171999931335449,278,반도체,Listed,0.0
2015-09-02,33500,34600,33350,34350,4161070,-0.14534883720930233,25006881237750,728002365,24775,5.88,1.39,5842,0.87,300,1182.1600341796875,2.193000078201294,278,반도체,Listed,0.0
2015-09-03,34850,35700,34700,35400,4222565,3.056768558951965,25771283721000,728002365,24775,6.06,1.43,5842,0.85,300,1189.1199951171875,2.1679999828338623,278,반도체,Listed,0.0
2015-09-04,35500,35950,34650,34850,2438126,-1.5536723163841808,25370882420250,728002365,24775,5.97,1.41,5842,0.86,300,1189.1199951171875,2.128000020980835,278,반도체,Listed,0.0
2015-09-07,34800,35100,34300,34750,1624613,-0.2869440459110474,25298082183750,728002365,24775,5.95,1.4,5842,0.86,300,1201.18994140625,2.128000020980835,278,반도체,Listed,0.0
2015-09-08,35000,35100,34600,34750,1494929,0.0,25298082183750,728002365,24775,5.95,1.4,5842,0.86,300,1193.0,2.194000005722046,278,반도체,Listed,0.0
2015-09-09,35800,36500,35650,36000,3035809,3.597122302158273,26208085140000,728002365,24775,6.16,1.45,5842,0.83,300,1190.3399658203125,2.180999994277954,278,반도체,Listed,0.0
2015-09-10,35400,35950,35400,35950,3079224,-0.1388888888888889,26171685021750,728002365,24775,6.15,1.45,5842,0.83,300,1180.5999755859375,2.2219998836517334,278,반도체,Listed,0.0
2015-09-11,35450,35750,35000,35000,3242067,-2.642559109874826,25480082775000,728002365,24775,5.99,1.41,5842,0.86,300,1180.5999755859375,2.183000087738037,278,반도체,Listed,0.0
2015-09-14,35300,35450,34350,34600,2163452,-1.1428571428571428,25188881829000,728002365,24775,5.92,1.4,5842,0.87,300,1182.0,2.180000066757202,278,반도체,Listed,0.0
2015-09-15,34500,34600,33350,33600,3880824,-2.8901734104046244,24460879464000,728002365,24775,5.75,1.36,5842,0.89,300,1176.81005859375,2.2809998989105225,278,반도체,Listed,0.0
2015-09-16,33800,35350,33800,35100,3876376,4.464285714285714,25552883011500,728002365,24775,6.01,1.42,5842,0.85,300,1169.199951171875,2.302999973297119,278,반도체,Listed,0.0
2015-09-17,35750,36450,35350,36150,4734065,2.9914529914529915,26317285494750,728002365,24775,6.19,1.46,5842,0.83,300,1164.8900146484375,2.2170000076293945,278,반도체,Listed,0.0
2015-09-18,36400,36450,35450,35750,3267741,-1.1065006915629323,26026084548750,728002365,24775,6.12,1.44,5842,0.84,300,1164.8900146484375,2.130000114440918,278,반도체,Listed,0.0
2015-09-21,35200,35250,34700,34800,2538367,-2.6573426573426575,25334482302000,728002365,24775,5.96,1.4,5842,0.86,300,1176.47998046875,2.2139999866485596,278,반도체,Listed,0.0
2015-09-22,34900,35150,34700,34900,2004067,0.28735632183908044,25407282538500,728002365,24775,5.97,1.41,5842,0.86,300,1182.5400390625,2.125,278,반도체,Listed,0.0
2015-09-23,34500,35250,34350,34700,1641929,-0.5730659025787965,25261682065500,728002365,24775,5.94,1.4,5842,0.86,300,1192.4100341796875,2.1440000534057617,278,반도체,Listed,0.0
2015-09-24,34900,34950,33600,33850,4172759,-2.4495677233429394,24642880055250,728002365,24775,5.79,1.37,5842,0.89,300,1188.93994140625,2.119999885559082,278,반도체,Listed,0.0
2015-09-25,33750,34400,33400,34350,2813254,1.4771048744460855,25006881237750,728002365,24775,5.88,1.39,5842,0.87,300,1188.93994140625,2.1679999828338623,278,반도체,Listed,0.0
2015-09-30,33700,33800,33350,33550,4158644,-2.3289665211062593,24424479345750,728002365,24775,5.74,1.35,5842,0.89,300,1183.8399658203125,2.059999942779541,278,반도체,Listed,0.0
2015-10-01,33750,33950,33500,33700,3667742,0.44709388971684055,24533679700500,728002365,24775,5.77,1.36,5842,0.89,300,1177.0999755859375,2.0420000553131104,278,반도체,Listed,0.0
2015-10-02,34200,34750,33800,34550,3052650,2.522255192878338,25152481710750,728002365,24775,5.91,1.39,5842,0.87,300,1177.0999755859375,1.9889999628067017,278,반도체,Listed,0.0
2015-10-05,35250,35950,35100,35350,4367169,2.3154848046309695,25734883602750,728002365,24775,6.05,1.43,5842,0.85,300,1159.5699462890625,2.055999994277954,278,반도체,Listed,0.0
2015-10-06,36300,37200,36250,37200,5944141,5.233380480905233,27081687978000,728002365,24775,6.37,1.5,5842,0.81,300,1159.3199462890625,2.0350000858306885,278,반도체,Listed,0.0
2015-10-07,37050,37700,36800,37300,3879936,0.2688172043010753,27154488214500,728002365,24775,6.38,1.51,5842,0.8,300,1156.75,2.062000036239624,278,반도체,Listed,0.0
2015-10-08,38000,38100,36600,37550,3824312,0.6702412868632708,27336488805750,728002365,24775,6.43,1.52,5842,0.8,300,1150.9000244140625,2.1080000400543213,278,반도체,Listed,0.0
2015-10-12,37550,37550,36700,36850,2519174,-1.8641810918774968,26826887150250,728002365,24775,6.31,1.49,5842,0.81,300,1142.2099609375,2.0899999141693115,278,반도체,Listed,0.0
2015-10-13,36800,37150,35800,36000,2961513,-2.3066485753052914,26208085140000,728002365,24775,6.16,1.45,5842,0.83,300,1148.0699462890625,2.055000066757202,278,반도체,Listed,0.0
2015-10-14,36300,37050,35900,36400,3720738,1.1111111111111112,26499286086000,728002365,24775,6.23,1.47,5842,0.82,300,1135.75,1.9809999465942383,278,반도체,Listed,0.0
2015-10-15,35950,36800,35850,36750,2943506,0.9615384615384616,26754086913750,728002365,24775,6.29,1.48,5842,0.82,300,1121.0400390625,2.0230000019073486,278,반도체,Listed,0.0
2015-10-16,36900,37050,36000,36100,1899386,-1.7687074829931975,26280885376500,728002365,24775,6.18,1.46,5842,0.83,300,1121.0400390625,2.0230000019073486,278,반도체,Listed,0.0
2015-10-19,36150,36200,35600,35750,1967828,-0.9695290858725761,26026084548750,728002365,24775,6.12,1.44,5842,0.84,300,1130.3699951171875,2.0280001163482666,278,반도체,Listed,0.0
2015-10-20,36000,36150,35250,35700,2686193,-0.13986013986013987,25989684430500,728002365,24775,6.11,1.44,5842,0.84,300,1129.469970703125,2.071000099182129,278,반도체,Listed,0.0
2015-10-21,35000,35000,33600,33650,9957394,-5.742296918767507,24497279582250,728002365,24775,5.76,1.36,5842,0.89,300,1138.0400390625,2.0299999713897705,278,반도체,Listed,0.0
2015-10-22,33200,33450,31850,31950,10914420,-5.052005943536404,23259675561750,728002365,24775,5.47,1.29,5842,0.94,300,1128.6700439453125,2.0250000953674316,278,반도체,Listed,0.0
2015-10-23,32400,32950,32050,32100,6341772,0.4694835680751174,23368875916500,728002365,24775,5.49,1.3,5842,0.93,300,1128.6700439453125,2.0829999446868896,278,반도체,Listed,0.0
2015-10-26,32350,33100,32300,32900,3326112,2.4922118380062304,23951277808500,728002365,24775,5.63,1.33,5842,0.91,300,1134.010009765625,2.058000087738037,278,반도체,Listed,0.0
2015-10-27,32100,32650,32050,32150,3535671,-2.2796352583586628,23405276034750,728002365,24775,5.5,1.3,5842,0.93,300,1128.739990234375,2.0280001163482666,278,반도체,Listed,0.0
2015-10-28,32150,32450,31400,31450,4322506,-2.177293934681182,22895674379250,728002365,24775,5.38,1.27,5842,0.95,300,1134.02001953125,2.0920000076293945,278,반도체,Listed,0.0
2015-10-29,31700,32150,31300,31450,4273016,0.0,22895674379250,728002365,24775,5.38,1.27,5842,0.95,300,1143.5999755859375,2.1730000972747803,278,반도체,Listed,0.0
2015-10-30,31150,31200,30450,30700,4640184,-2.384737678855326,22349672605500,728002365,24775,5.26,1.24,5842,0.98,300,1139.8599853515625,2.1510000228881836,278,반도체,Listed,0.0
2015-11-02,30700,32250,30400,32150,4493014,4.723127035830619,23405276034750,728002365,24775,5.5,1.3,5842,0.93,300,1139.1600341796875,2.187000036239624,278,반도체,Listed,0.0
2015-11-03,32500,33000,31550,31900,4453120,-0.7776049766718507,23223275443500,728002365,24775,5.46,1.29,5842,0.94,300,1136.6199951171875,2.2200000286102295,278,반도체,Listed,0.0
2015-11-04,32500,32700,32100,32600,3276995,2.19435736677116,23732877099000,728002365,24775,5.58,1.32,5842,0.92,300,1127.800048828125,2.2300000190734863,278,반도체,Listed,0.0
2015-11-05,32350,32700,32200,32650,1928001,0.15337423312883436,23769277217250,728002365,24775,5.59,1.32,5842,0.92,300,1133.1600341796875,2.244999885559082,278,반도체,Listed,0.0
2015-11-06,32350,32400,31050,31200,5219855,-4.44104134762634,22713673788000,728002365,24775,5.34,1.26,5842,0.96,300,1136.3599853515625,2.3329999446868896,278,반도체,Listed,0.0
2015-11-09,30900,31300,30400,31250,3563095,0.16025641025641024,22750073906250,728002365,24775,5.35,1.26,5842,0.96,300,1150.780029296875,2.3420000076293945,278,반도체,Listed,0.0
2015-11-10,30850,31350,30600,31150,2724051,-0.32,22677273669750,728002365,24775,5.33,1.26,5842,0.96,300,1157.1099853515625,2.322000026702881,278,반도체,Listed,0.0
2015-11-11,30700,31200,30550,31000,2898877,-0.4815409309791332,22568073315000,728002365,24775,5.31,1.25,5842,0.97,300,1157.06005859375,2.3380000591278076,278,반도체,Listed,0.0
2015-11-12,30950,31000,30700,30700,1537585,-0.967741935483871,22349672605500,728002365,24775,5.26,1.24,5842,0.98,300,1153.6600341796875,2.319000005722046,278,반도체,Listed,0.0
2015-11-13,30500,31600,30500,31150,1962129,1.4657980456026058,22677273669750,728002365,24775,5.33,1.26,5842,0.96,300,1157.260009765625,2.2799999713897705,278,반도체,Listed,0.0
2015-11-16,30600,30950,30500,30500,2351453,-2.086677367576244,22204072132500,728002365,24775,5.22,1.23,5842,0.98,300,1168.3399658203125,2.2730000019073486,278,반도체,Listed,0.0
2015-11-17,31050,31150,30600,30600,1935683,0.32786885245901637,22276872369000,728002365,24775,5.24,1.24,5842,0.98,300,1167.0899658203125,2.260999917984009,278,반도체,Listed,0.0
2015-11-18,30600,30800,30050,30550,3137103,-0.16339869281045752,22240472250750,728002365,24775,5.23,1.23,5842,0.98,300,1168.5,2.2690000534057617,278,반도체,Listed,0.0
2015-11-19,30800,31600,30700,31200,2525784,2.127659574468085,22713673788000,728002365,24775,5.34,1.26,5842,0.96,300,1164.4599609375,2.247999906539917,278,반도체,Listed,0.0
2015-11-20,31500,31750,31000,31000,2097039,-0.641025641025641,22568073315000,728002365,24775,5.31,1.25,5842,0.97,300,1153.68994140625,2.26200008392334,278,반도체,Listed,0.0
2015-11-23,31150,31250,30600,30650,2430154,-1.129032258064516,22313272487250,728002365,24775,5.25,1.24,5842,0.98,300,1152.6199951171875,2.25,278,반도체,Listed,0.0
2015-11-24,30600,30850,30100,30200,3308696,-1.468189233278956,21985671423000,728002365,24775,5.17,1.22,5842,0.99,300,1157.0899658203125,2.243000030517578,278,반도체,Listed,0.0
2015-11-25,30400,32000,30400,31900,6941459,5.629139072847682,23223275443500,728002365,24775,5.46,1.29,5842,0.94,300,1145.0,2.2320001125335693,278,반도체,Listed,0.0
2015-11-26,32400,34150,32250,32750,13223992,2.664576802507837,23842077453750,728002365,24775,5.61,1.32,5842,0.92,300,1143.050048828125,2.2320001125335693,278,반도체,Listed,0.0
2015-11-27,33200,33600,32000,32000,3890920,-2.2900763358778624,23296075680000,728002365,24775,5.48,1.29,5842,0.94,300,1146.8599853515625,2.2249999046325684,278,반도체,Listed,0.0
2015-11-30,32050,32650,31600,31600,3917877,-1.25,23004874734000,728002365,24775,5.41,1.28,5842,0.95,300,1154.8299560546875,2.2179999351501465,278,반도체,Listed,0.0
2015-12-01,31650,31650,30900,31350,3752942,-0.7911392405063291,22822874142750,728002365,24775,5.37,1.27,5842,0.96,300,1158.239990234375,2.1549999713897705,278,반도체,Listed,0.0
2015-12-02,31550,31900,31200,31200,2731791,-0.4784688995215311,22713673788000,728002365,24775,5.34,1.26,5842,0.96,300,1153.9000244140625,2.177999973297119,278,반도체,Listed,0.0
2015-12-03,31050,31350,30850,31150,1730137,-0.16025641025641024,22677273669750,728002365,24775,5.33,1.26,5842,0.96,300,1160.760009765625,2.3299999237060547,278,반도체,Listed,0.0
2015-12-04,30700,31450,30600,31200,2125421,0.16051364365971107,22713673788000,728002365,24775,5.34,1.26,5842,0.96,300,1152.27001953125,2.2750000953674316,278,반도체,Listed,0.0
2015-12-07,31450,31700,30700,30700,2238378,-1.6025641025641024,22349672605500,728002365,24775,5.26,1.24,5842,0.98,300,1161.6400146484375,2.2249999046325684,278,반도체,Listed,0.0
2015-12-08,30500,30750,30050,30200,2483443,-1.6286644951140066,21985671423000,728002365,24775,5.17,1.22,5842,0.99,300,1174.4100341796875,2.23799991607666,278,반도체,Listed,0.0
2015-12-09,30100,30550,30100,30250,1524501,0.16556291390728478,22022071541250,728002365,24775,5.18,1.22,5842,0.99,300,1178.5899658203125,2.2079999446868896,278,반도체,Listed,0.0
2015-12-10,30200,30550,30050,30300,3145787,0.1652892561983471,22058471659500,728002365,24775,5.19,1.22,5842,0.99,300,1179.719970703125,2.239000082015991,278,반도체,Listed,0.0
2015-12-11,30200,30550,29600,29850,2725258,-1.4851485148514851,21730870595250,728002365,24775,5.11,1.2,5842,1.01,300,1177.2900390625,2.1389999389648438,278,반도체,Listed,0.0
2015-12-14,29000,29350,28550,29000,3669577,-2.8475711892797317,21112068585000,728002365,24775,4.96,1.17,5842,1.03,300,1185.5799560546875,2.2249999046325684,278,반도체,Listed,0.0
2015-12-15,29050,29600,28800,29400,2006190,1.3793103448275863,21403269531000,728002365,24775,5.03,1.19,5842,1.02,300,1183.6500244140625,2.2679998874664307,278,반도체,Listed,0.0
2015-12-16,30050,30500,29900,30400,2601080,3.4013605442176873,22131271896000,728002365,24775,5.2,1.23,5842,0.99,300,1172.739990234375,2.2869999408721924,278,반도체,Listed,0.0
2015-12-17,30250,30550,29800,30250,2210682,-0.4934210526315789,22022071541250,728002365,24775,5.18,1.22,5842,0.99,300,1170.050048828125,2.23799991607666,278,반도체,Listed,0.0
2015-12-18,29800,30700,29800,30600,2854920,1.1570247933884297,22276872369000,728002365,24775,5.24,1.24,5842,0.98,300,1183.06005859375,2.1989998817443848,278,반도체,Listed,0.0
2015-12-21,30450,30800,30250,30500,1576561,-0.32679738562091504,22204072132500,728002365,24775,5.22,1.23,5842,0.98,300,1180.4300537109375,2.197000026702881,278,반도체,Listed,0.0
2015-12-22,31000,32200,30800,32200,6861264,5.573770491803279,23441676153000,728002365,24775,5.51,1.3,5842,0.93,300,1173.6099853515625,2.239000082015991,278,반도체,Listed,0.0
2015-12-23,32100,33000,31900,32700,5331047,1.5527950310559007,23805677335500,728002365,24775,5.6,1.32,5842,0.92,300,1169.1099853515625,2.2639999389648438,278,반도체,Listed,0.0
2015-12-24,32950,33150,31700,31700,3624175,-3.058103975535168,23077674970500,728002365,24775,5.43,1.28,5842,0.95,300,1172.1600341796875,2.243000030517578,278,반도체,Listed,0.0
2015-12-28,31750,31850,30900,30900,2535636,-2.5236593059936907,22495273078500,728002365,24775,5.29,1.25,5842,0.97,300,1167.8800048828125,2.2249999046325684,278,반도체,Listed,0.0
2015-12-29,30900,31550,30800,31200,1965713,0.9708737864077669,22713673788000,728002365,24775,5.34,1.26,5842,0.96,300,1165.8499755859375,2.306999921798706,278,반도체,Listed,0.0
2015-12-30,31100,31450,30550,30750,1801261,-1.4423076923076923,22386072723750,728002365,24775,5.26,1.24,5842,0.98,300,1169.449951171875,2.302999973297119,278,반도체,Listed,0.0
2016-01-04,30550,30750,30150,30150,1878039,-1.951219512195122,21949271304750,728002365,24775,5.16,1.22,5842,1.0,300,1174.1099853515625,2.244999885559082,278,반도체,Listed,0.0
2016-01-05,30500,31200,30350,30600,2482905,1.4925373134328357,22276872369000,728002365,24775,5.24,1.24,5842,0.98,300,1187.3599853515625,2.247999906539917,278,반도체,Listed,0.0
2016-01-06,30600,30900,30300,30750,2461593,0.49019607843137253,22386072723750,728002365,24775,5.26,1.24,5842,0.98,300,1188.719970703125,2.177000045776367,278,반도체,Listed,0.0
2016-01-07,30400,30750,30200,30200,2424880,-1.788617886178862,21985671423000,728002365,24775,5.17,1.22,5842,0.99,300,1198.739990234375,2.1530001163482666,278,반도체,Listed,0.0
2016-01-08,29800,30100,29550,29700,3967121,-1.6556291390728477,21621670240500,728002365,24775,5.08,1.2,5842,1.01,300,1195.3900146484375,2.130000114440918,278,반도체,Listed,0.0
2016-01-11,29400,29500,28600,28650,5358223,-3.535353535353535,20857267757250,728002365,24775,4.9,1.16,5842,1.05,300,1205.93994140625,2.1579999923706055,278,반도체,Listed,0.0
2016-01-12,28600,28900,27700,27800,4418384,-2.966841186736475,20238465747000,728002365,24775,4.76,1.12,5842,1.08,300,1202.719970703125,2.1019999980926514,278,반도체,Listed,0.0
2016-01-13,28100,28450,28000,28100,3481523,1.079136690647482,20456866456500,728002365,24775,4.81,1.13,5842,1.07,300,1208.5,2.065999984741211,278,반도체,Listed,0.0
2016-01-14,27300,27900,27200,27900,3957935,-0.7117437722419928,20311265983500,728002365,24775,4.78,1.13,5842,1.08,300,1210.3299560546875,2.0980000495910645,278,반도체,Listed,0.0
2016-01-15,27950,28300,26800,26800,5431851,-3.942652329749104,19510463382000,728002365,24775,4.59,1.08,5842,1.12,300,1206.43994140625,2.0329999923706055,278,반도체,Listed,0.0
2016-01-18,25900,27000,25800,26700,3658921,-0.3731343283582089,19437663145500,728002365,24775,4.57,1.08,5842,1.12,300,1212.81005859375,2.0329999923706055,278,반도체,Listed,0.0
2016-01-19,26700,28300,26700,28300,4291742,5.992509363295881,20602466929500,728002365,24775,4.84,1.14,5842,1.06,300,1208.8399658203125,2.0350000858306885,278,반도체,Listed,0.0
2016-01-20,28050,28100,26750,26800,4186899,-5.30035335689046,19510463382000,728002365,24775,4.59,1.08,5842,1.12,300,1205.75,1.9839999675750732,278,반도체,Listed,0.0
2016-01-21,26600,27250,26600,26600,2840628,-0.7462686567164178,19364862909000,728002365,24775,4.55,1.07,5842,1.13,300,1207.25,2.0190000534057617,278,반도체,Listed,0.0
2016-01-22,27200,27600,27000,27150,2361216,2.0676691729323307,19765264209750,728002365,24775,4.65,1.1,5842,1.1,300,1202.0699462890625,2.0480000972747803,278,반도체,Listed,0.0
2016-01-25,27550,28200,27300,28000,2977310,3.1307550644567224,20384066220000,728002365,24775,4.79,1.13,5842,1.07,300,1195.5699462890625,2.0220000743865967,278,반도체,Listed,0.0
2016-01-26,28000,29100,27750,27850,5351814,-0.5357142857142857,20274865865250,728002365,24775,4.77,1.12,5842,1.08,300,1197.3599853515625,1.99399995803833,278,반도체,Listed,0.0
2016-01-27,28100,28350,27250,27650,3205822,-0.718132854578097,20129265392250,728002365,24775,4.73,1.12,5842,1.08,300,1196.780029296875,2.000999927520752,278,반도체,Listed,0.0
2016-01-28,27450,27750,26850,27650,3035447,0.0,20129265392250,728002365,24775,4.73,1.12,5842,1.08,300,1206.6800537109375,1.9850000143051147,278,반도체,Listed,0.0
2016-01-29,27250,27350,26950,27300,2898720,-1.2658227848101267,19874464564500,728002365,24775,4.67,1.1,5842,1.1,300,1205.6300048828125,1.930999994277954,278,반도체,Listed,0.0
2016-02-01,28100,28650,27700,28400,4767927,4.029304029304029,20675267166000,728002365,24775,4.86,1.15,5842,1.06,300,1206.1099853515625,1.965999960899353,278,반도체,Listed,0.0
2016-02-02,28450,28800,28150,28450,2865209,0.17605633802816903,20711667284250,728002365,24775,4.87,1.15,5842,1.05,300,1200.9599609375,1.8639999628067017,278,반도체,Listed,0.0
2016-02-03,27600,27850,27200,27450,2705269,-3.5149384885764503,19983664919250,728002365,24775,4.7,1.11,5842,1.09,300,1211.5,1.88100004196167,278,반도체,Listed,0.0
2016-02-04,27700,28150,27600,28100,2459305,2.3679417122040074,20456866456500,728002365,24775,4.81,1.13,5842,1.07,300,1199.699951171875,1.8639999628067017,278,반도체,Listed,0.0
2016-02-05,28100,28350,27900,28100,1484771,0.0,20456866456500,728002365,24775,4.81,1.13,5842,1.07,300,1190.8499755859375,1.8480000495910645,278,반도체,Listed,0.0
2016-02-11,27000,27400,26950,27150,2468082,-3.3807829181494666,19765264209750,728002365,24775,4.65,1.1,5842,1.1,300,1187.949951171875,1.6440000534057617,278,반도체,Listed,0.0
2016-02-12,26850,27750,26850,27350,2429857,0.7366482504604052,19910864682750,728002365,24775,4.68,1.1,5842,1.1,300,1197.449951171875,1.7480000257492065,278,반도체,Listed,0.0
2016-02-15,27750,28200,27500,27700,2162111,1.2797074954296161,20165665510500,728002365,24775,4.74,1.12,5842,1.08,300,1205.0,1.7480000257492065,278,반도체,Listed,0.0
2016-02-16,27850,29000,27800,28900,3851681,4.332129963898916,21039268348500,728002365,24775,4.95,1.17,5842,1.04,300,1211.25,1.777999997138977,278,반도체,Listed,0.0
2016-02-17,29250,30300,29150,30050,6106318,3.9792387543252596,21876471068250,728002365,24775,5.14,1.21,5842,1.0,300,1215.8499755859375,1.819000005722046,278,반도체,Listed,0.0
2016-02-18,30550,30850,29800,30200,2972873,0.49916805324459235,21985671423000,728002365,24775,5.17,1.22,5842,0.99,300,1224.050048828125,1.7589999437332153,278,반도체,Listed,0.0
2016-02-19,29950,30050,29250,29600,2336536,-1.9867549668874174,21548870004000,728002365,24775,5.07,1.19,5842,1.01,300,1227.4000244140625,1.7480000257492065,278,반도체,Listed,0.0
2016-02-22,29400,30000,29400,29900,1366180,1.0135135135135136,21767270713500,728002365,24775,5.12,1.21,5842,1.0,300,1231.8699951171875,1.7660000324249268,278,반도체,Listed,0.0
2016-02-23,30100,30600,30000,30400,2123648,1.6722408026755853,22131271896000,728002365,24775,5.2,1.23,5842,0.99,300,1220.949951171875,1.7450000047683716,278,반도체,Listed,0.0
2016-02-24,31050,31250,30600,30900,3480563,1.644736842105263,22495273078500,728002365,24775,5.29,1.25,5842,0.97,300,1229.949951171875,1.7419999837875366,278,반도체,Listed,0.0
2016-02-25,31400,31500,30650,30800,2527297,-0.3236245954692557,22422472842000,728002365,24775,5.27,1.24,5842,0.97,300,1231.4000244140625,1.6970000267028809,278,반도체,Listed,0.0
2016-02-26,31000,31100,30450,30800,1282277,0.0,22422472842000,728002365,24775,5.27,1.24,5842,0.97,300,1232.3499755859375,1.7619999647140503,278,반도체,Listed,0.0
2016-02-29,30800,30900,29600,30000,2989861,-2.5974025974025974,21840070950000,728002365,24775,5.14,1.21,5842,1.0,300,1241.1300048828125,1.7400000095367432,278,반도체,Listed,0.0
2016-03-02,31050,31300,30650,30950,3567312,3.166666666666667,22531673196750,728002365,24775,5.3,1.25,5842,0.97,300,1225.1500244140625,1.8480000495910645,278,반도체,Listed,0.0
2016-03-03,31550,32000,31100,31950,3898363,3.231017770597738,23259675561750,728002365,24775,5.47,1.29,5842,0.94,300,1224.5,1.8300000429153442,278,반도체,Listed,0.0
2016-03-04,31800,32100,31550,31900,1913316,-0.1564945226917058,23223275443500,728002365,24775,5.46,1.29,5842,0.94,300,1210.030029296875,1.8830000162124634,278,반도체,Listed,0.0
2016-03-07,32150,32250,31500,31900,3487206,0.0,23223275443500,728002365,24775,5.46,1.29,5842,0.94,300,1196.5,1.9019999504089355,278,반도체,Listed,0.0
2016-03-08,31200,31500,30300,30500,4616147,-4.38871473354232,22204072132500,728002365,24775,5.22,1.23,5842,0.98,300,1198.75,1.8320000171661377,278,반도체,Listed,0.0
2016-03-09,29900,30550,29650,30550,3503375,0.16393442622950818,22240472250750,728002365,24775,5.23,1.23,5842,0.98,300,1208.1800537109375,1.8919999599456787,278,반도체,Listed,0.0
2016-03-10,30550,30650,30150,30300,2734070,-0.8183306055646482,22058471659500,728002365,24775,5.19,1.22,5842,0.99,300,1208.1500244140625,1.9290000200271606,278,반도체,Listed,0.0
2016-03-11,29900,30850,29900,30700,2117430,1.3201320132013201,22349672605500,728002365,24775,5.26,1.24,5842,0.98,300,1203.949951171875,1.9769999980926514,278,반도체,Listed,0.0
2016-03-14,31100,31100,30250,30350,2062549,-1.1400651465798046,22094871777750,728002365,24775,5.2,1.23,5842,0.99,300,1185.9000244140625,1.9630000591278076,278,반도체,Listed,0.0
2016-03-15,30350,30550,29750,29900,2078857,-1.4827018121911038,21767270713500,728002365,24775,5.12,1.21,5842,1.0,300,1185.75,1.9589999914169312,278,반도체,Listed,0.0
2016-03-16,29900,29950,29050,29200,2902896,-2.341137123745819,21257669058000,728002365,24775,5.0,1.18,5842,1.03,300,1191.969970703125,1.937999963760376,278,반도체,Listed,0.0
2016-03-17,29350,29750,29100,29250,2768278,0.17123287671232876,21294069176250,728002365,24775,5.01,1.18,5842,1.03,300,1175.8499755859375,1.902999997138977,278,반도체,Listed,0.0
2016-03-18,29500,29900,29250,29450,2864640,0.6837606837606838,21439669649250,728002365,24775,5.04,1.19,5842,1.02,300,1152.75,1.871000051498413,278,반도체,Listed,0.0
2016-03-21,29800,29850,29300,29550,1783055,0.3395585738539898,21512469885750,728002365,24775,5.06,1.19,5842,1.02,300,1162.300048828125,1.9229999780654907,278,반도체,Listed,0.0
2016-03-22,29700,30200,29550,30200,2546366,2.199661590524535,21985671423000,728002365,24775,5.17,1.22,5842,0.99,300,1159.0999755859375,1.934999942779541,278,반도체,Listed,0.0
2016-03-23,30100,30450,29850,30250,1868041,0.16556291390728478,22022071541250,728002365,24775,5.18,1.22,5842,0.99,300,1154.800048828125,1.875,278,반도체,Listed,0.0
2016-03-24,29850,29900,29350,29450,3587082,-2.644628099173554,21439669649250,728002365,24775,5.04,1.19,5842,1.02,300,1166.1500244140625,1.899999976158142,278,반도체,Listed,0.0
2016-03-25,29450,29500,28900,29150,1978956,-1.0186757215619695,21221268939750,728002365,24775,4.99,1.18,5842,1.03,300,1166.1500244140625,1.899999976158142,278,반도체,Listed,0.0
2016-03-28,29000,29050,28150,28550,2795412,-2.0583190394511153,20784467520750,728002365,24775,4.89,1.15,5842,1.05,300,1166.1500244140625,1.8700000047683716,278,반도체,Listed,0.0
2016-03-29,28850,29150,28700,28900,2343876,1.2259194395796849,21039268348500,728002365,24775,4.95,1.17,5842,1.04,300,1156.0799560546875,1.8140000104904175,278,반도체,Listed,0.0
2016-03-30,29150,29500,28650,28650,3512889,-0.8650519031141869,20857267757250,728002365,24775,4.9,1.16,5842,1.05,300,1140.22998046875,1.8300000429153442,278,반도체,Listed,0.0
2016-03-31,28700,28850,28000,28150,4336581,-1.7452006980802792,20493266574750,728002365,24775,4.82,1.14,5842,1.07,300,1140.800048828125,1.7860000133514404,278,반도체,Listed,0.0
2016-04-01,28450,28500,28050,28200,2991431,0.17761989342806395,20529666693000,728002365,24775,4.83,1.14,5842,1.06,300,1140.800048828125,1.7920000553131104,278,반도체,Listed,0.0
2016-04-04,28100,28150,27800,27900,2823088,-1.0638297872340425,20311265983500,728002365,24775,4.78,1.13,5842,1.08,300,1148.6300048828125,1.7790000438690186,278,반도체,Listed,0.0
2016-04-05,27900,28100,27600,27850,2032745,-0.17921146953405018,20274865865250,728002365,24775,4.77,1.12,5842,1.08,300,1158.5,1.7269999980926514,278,반도체,Listed,0.0
2016-04-06,27550,27850,27450,27500,2410844,-1.2567324955116697,20020065037500,728002365,24775,4.71,1.11,5842,1.09,300,1153.1500244140625,1.7549999952316284,278,반도체,Listed,0.0
2016-04-07,27450,27450,26750,26900,4588396,-2.181818181818182,19583263618500,728002365,24775,4.6,1.09,5842,1.12,300,1156.1500244140625,1.690999984741211,278,반도체,Listed,0.0
2016-04-08,26950,27800,26900,27800,3718690,3.3457249070631967,20238465747000,728002365,24775,4.76,1.12,5842,1.08,300,1156.1500244140625,1.7200000286102295,278,반도체,Listed,0.0
2016-04-11,27600,27700,27150,27150,2425426,-2.338129496402878,19765264209750,728002365,24775,4.65,1.1,5842,1.1,300,1140.5,1.7239999771118164,278,반도체,Listed,0.0
2016-04-12,27200,27550,27100,27150,1850577,0.0,19765264209750,728002365,24775,4.65,1.1,5842,1.1,300,1140.050048828125,1.781000018119812,278,반도체,Listed,0.0
2016-04-14,27600,27850,27250,27250,4761215,0.3683241252302026,19838064446250,728002365,24775,4.66,1.1,5842,1.1,300,1151.5999755859375,1.781000018119812,278,반도체,Listed,0.0
2016-04-15,27450,27800,27350,27650,2785108,1.4678899082568808,20129265392250,728002365,24775,4.73,1.12,5842,1.08,300,1151.5999755859375,1.7519999742507935,278,반도체,Listed,0.0
2016-04-18,28000,28150,27200,27200,3861103,-1.62748643761302,19801664328000,728002365,24775,4.66,1.1,5842,1.1,300,1141.5999755859375,1.7730000019073486,278,반도체,Listed,0.0
2016-04-19,27500,27550,27350,27450,1843729,0.9191176470588236,19983664919250,728002365,24775,4.7,1.11,5842,1.09,300,1125.8499755859375,1.7829999923706055,278,반도체,Listed,0.0
2016-04-20,27500,28000,27500,27550,3231788,0.36429872495446264,20056465155750,728002365,24775,4.72,1.11,5842,1.09,300,1130.0999755859375,1.8539999723434448,278,반도체,Listed,0.0
2016-04-21,27700,27950,27500,27550,2999400,0.0,20056465155750,728002365,24775,4.72,1.11,5842,1.09,300,1138.25,1.8700000047683716,278,반도체,Listed,0.0
2016-04-22,27450,27800,27350,27500,1556764,-0.18148820326678766,20020065037500,728002365,24775,4.71,1.11,5842,1.09,300,1138.25,1.8880000114440918,278,반도체,Listed,0.0
2016-04-25,27650,27800,27350,27500,1506644,0.0,20020065037500,728002365,24775,4.71,1.11,5842,1.09,300,1148.52001953125,1.9019999504089355,278,반도체,Listed,0.0
2016-04-26,27550,29200,27550,29150,7750203,6.0,21221268939750,728002365,24775,4.99,1.18,5842,1.03,300,1144.8800048828125,1.930999994277954,278,반도체,Listed,0.0
2016-04-27,29300,29750,29000,29150,6213757,0.0,21221268939750,728002365,24775,4.99,1.18,5842,1.03,300,1146.0999755859375,1.8600000143051147,278,반도체,Listed,0.0
2016-04-28,29100,29150,27850,27900,6766879,-4.288164665523156,20311265983500,728002365,24775,4.78,1.13,5842,1.08,300,1134.0,1.8380000591278076,278,반도체,Listed,0.0
2016-04-29,27700,28250,27500,28150,2878692,0.8960573476702508,20493266574750,728002365,24775,4.82,1.14,5842,1.07,300,1134.0,1.819000005722046,278,반도체,Listed,0.0
2016-05-02,27950,28300,27750,27850,1306092,-1.0657193605683837,20274865865250,728002365,29377,4.64,0.95,6002,1.8,500,1135.5,1.8650000095367432,278,반도체,Listed,0.0
2016-05-03,27950,28100,27650,27650,1373116,-0.718132854578097,20129265392250,728002365,29377,4.61,0.94,6002,1.81,500,1149.97998046875,1.7999999523162842,278,반도체,Listed,0.0
2016-05-04,27450,27500,26500,26650,4388484,-3.616636528028933,19401263027250,728002365,29377,4.44,0.91,6002,1.88,500,1164.75,1.784000039100647,278,반도체,Listed,0.0
2016-05-09,26150,26550,25700,25750,5291220,-3.377110694183865,18746060898750,728002365,29377,4.29,0.88,6002,1.94,500,1173.050048828125,1.7599999904632568,278,반도체,Listed,0.0
2016-05-10,25750,26400,25750,26400,2564593,2.524271844660194,19219262436000,728002365,29377,4.4,0.9,6002,1.89,500,1169.3299560546875,1.7599999904632568,278,반도체,Listed,0.0
2016-05-11,26500,26550,26100,26200,1735332,-0.7575757575757576,19073661963000,728002365,29377,4.37,0.89,6002,1.91,500,1162.9000244140625,1.7369999885559082,278,반도체,Listed,0.0
2016-05-12,26050,26250,25850,26100,1759282,-0.38167938931297707,19000861726500,728002365,29377,4.35,0.89,6002,1.92,500,1167.4000244140625,1.7569999694824219,278,반도체,Listed,0.0
2016-05-13,26100,26250,25900,26100,1849910,0.0,19000861726500,728002365,29377,4.35,0.89,6002,1.92,500,1167.4000244140625,1.7050000429153442,278,반도체,Listed,0.0
2016-05-16,26100,26300,25900,26100,1337159,0.0,19000861726500,728002365,29377,4.35,0.89,6002,1.92,500,1176.449951171875,1.753000020980835,278,반도체,Listed,0.0
2016-05-17,26250,26300,25900,25900,1545947,-0.7662835249042145,18855261253500,728002365,29377,4.32,0.88,6002,1.93,500,1173.3299560546875,1.7589999437332153,278,반도체,Listed,0.0
2016-05-18,25800,26400,25650,26200,2474774,1.1583011583011582,19073661963000,728002365,29377,4.37,0.89,6002,1.91,500,1186.8499755859375,1.8799999952316284,278,반도체,Listed,0.0
2016-05-19,26750,26900,26400,26600,4367007,1.5267175572519083,19364862909000,728002365,29377,4.43,0.91,6002,1.88,500,1185.449951171875,1.8450000286102295,278,반도체,Listed,0.0
2016-05-20,26600,26650,26250,26300,2245019,-1.1278195488721803,19146462199500,728002365,29377,4.38,0.9,6002,1.9,500,1185.449951171875,1.8489999771118164,278,반도체,Listed,0.0
2016-05-23,26800,27450,26650,27200,4534043,3.4220532319391634,19801664328000,728002365,29377,4.53,0.93,6002,1.84,500,1181.550048828125,1.8380000591278076,278,반도체,Listed,0.0
2016-05-24,27350,27350,26700,26850,2428278,-1.2867647058823528,19546863500250,728002365,29377,4.47,0.91,6002,1.86,500,1185.550048828125,1.8589999675750732,278,반도체,Listed,0.0
2016-05-25,27450,27450,26950,27050,2250906,0.74487895716946,19692463973250,728002365,29377,4.51,0.92,6002,1.85,500,1178.8499755859375,1.8700000047683716,278,반도체,Listed,0.0
2016-05-26,27150,27200,26850,27000,1938084,-0.18484288354898337,19656063855000,728002365,29377,4.5,0.92,6002,1.85,500,1177.949951171875,1.8229999542236328,278,반도체,Listed,0.0
2016-05-27,27200,28750,27150,28650,7719656,6.111111111111111,20857267757250,728002365,29377,4.77,0.98,6002,1.75,500,1177.949951171875,1.8509999513626099,278,반도체,Listed,0.0
2016-05-30,28850,29400,28650,29000,5492886,1.2216404886561953,21112068585000,728002365,29377,4.83,0.99,6002,1.72,500,1198.449951171875,1.8509999513626099,278,반도체,Listed,0.0
2016-05-31,28650,29000,28200,28700,5414611,-1.0344827586206897,20893667875500,728002365,29377,4.78,0.98,6002,1.74,500,1187.739990234375,1.8339999914169312,278,반도체,Listed,0.0
2016-06-01,28850,29000,28400,28500,3630711,-0.6968641114982579,20748067402500,728002365,29377,4.75,0.97,6002,1.75,500,1190.1500244140625,1.8459999561309814,278,반도체,Listed,0.0
2016-06-02,28600,29050,28000,28050,3443745,-1.5789473684210527,20420466338250,728002365,29377,4.67,0.95,6002,1.78,500,1184.300048828125,1.8109999895095825,278,반도체,Listed,0.0
2016-06-03,28150,28450,27400,27600,3680988,-1.6042780748663104,20092865274000,728002365,29377,4.6,0.94,6002,1.81,500,1184.300048828125,1.7039999961853027,278,반도체,Listed,0.0
2016-06-07,27700,28750,27650,28650,4435065,3.804347826086957,20857267757250,728002365,29377,4.77,0.98,6002,1.75,500,1154.5,1.7130000591278076,278,반도체,Listed,0.0
2016-06-08,29050,29300,28450,28550,3940058,-0.34904013961605584,20784467520750,728002365,29377,4.76,0.97,6002,1.75,500,1150.25,1.7059999704360962,278,반도체,Listed,0.0
2016-06-09,28700,29400,28650,29000,5336122,1.5761821366024518,21112068585000,728002365,29377,4.83,0.99,6002,1.72,500,1156.199951171875,1.6799999475479126,278,반도체,Listed,0.0
2016-06-10,29150,29200,28700,29000,2413698,0.0,21112068585000,728002365,29377,4.83,0.99,6002,1.72,500,1156.199951171875,1.6390000581741333,278,반도체,Listed,0.0
2016-06-13,28650,28700,28000,28350,2607031,-2.2413793103448274,20638867047750,728002365,29377,4.72,0.97,6002,1.76,500,1170.1500244140625,1.6160000562667847,278,반도체,Listed,0.0
2016-06-14,28150,29300,28150,29050,3490535,2.4691358024691357,21148468703250,728002365,29377,4.84,0.99,6002,1.72,500,1173.3900146484375,1.6109999418258667,278,반도체,Listed,0.0
2016-06-15,29350,30150,29300,29950,5751526,3.098106712564544,21803670831750,728002365,29377,4.99,1.02,6002,1.67,500,1166.699951171875,1.5959999561309814,278,반도체,Listed,0.0
2016-06-16,30250,30400,29350,29650,3687253,-1.001669449081803,21585270122250,728002365,29377,4.94,1.01,6002,1.69,500,1169.5799560546875,1.5640000104904175,278,반도체,Listed,0.0
2016-06-17,30000,30000,28750,29000,2891783,-2.1922428330522767,21112068585000,728002365,29377,4.83,0.99,6002,1.72,500,1169.5799560546875,1.6180000305175781,278,반도체,Listed,0.0
2016-06-20,29800,30050,29050,30050,4501015,3.620689655172414,21876471068250,728002365,29377,5.01,1.02,6002,1.66,500,1159.3499755859375,1.6699999570846558,278,반도체,Listed,0.0
2016-06-21,30050,30150,29550,29800,2376833,-0.8319467554076538,21694470477000,728002365,29377,4.97,1.01,6002,1.68,500,1151.5999755859375,1.6970000267028809,278,반도체,Listed,0.0
2016-06-22,30200,30950,30000,30950,5122638,3.859060402684564,22531673196750,728002365,29377,5.16,1.05,6002,1.62,500,1149.9000244140625,1.684999942779541,278,반도체,Listed,0.0
2016-06-23,30900,31800,30850,31750,7147499,2.5848142164781907,23114075088750,728002365,29377,5.29,1.08,6002,1.57,500,1141.260009765625,1.7389999628067017,278,반도체,Listed,0.0
2016-06-24,32800,33100,30450,31800,16852175,0.15748031496062992,23150475207000,728002365,29377,5.3,1.08,6002,1.57,500,1141.260009765625,1.5789999961853027,278,반도체,Listed,0.0
2016-06-27,31350,32050,31050,32050,6146337,0.7861635220125787,23332475798250,728002365,29377,5.34,1.09,6002,1.56,500,1177.6500244140625,1.4600000381469727,278,반도체,Listed,0.0
2016-06-28,31150,31600,30650,31150,5072467,-2.80811232449298,22677273669750,728002365,29377,5.19,1.06,6002,1.61,500,1165.3800048828125,1.4609999656677246,278,반도체,Listed,0.0
2016-06-29,31800,32200,31700,31800,3801424,2.086677367576244,23150475207000,728002365,29377,5.3,1.08,6002,1.57,500,1152.1500244140625,1.4769999980926514,278,반도체,Listed,0.0
2016-06-30,32000,32550,31700,32400,4558372,1.8867924528301887,23587276626000,728002365,29377,5.4,1.1,6002,1.54,500,1151.25,1.4880000352859497,278,반도체,Listed,0.0
2016-07-01,31800,32700,31600,32150,5289586,-0.7716049382716049,23405276034750,728002365,29377,5.36,1.09,6002,1.56,500,1151.25,1.4559999704360962,278,반도체,Listed,0.0
2016-07-04,32250,32900,32050,32750,3192033,1.8662519440124419,23842077453750,728002365,29377,5.46,1.11,6002,1.53,500,1151.4000244140625,1.4559999704360962,278,반도체,Listed,0.0
2016-07-05,32650,32650,31850,31850,2577231,-2.7480916030534353,23186875325250,728002365,29377,5.31,1.08,6002,1.57,500,1154.949951171875,1.3669999837875366,278,반도체,Listed,0.0
2016-07-06,31100,31350,30300,30600,6314347,-3.924646781789639,22276872369000,728002365,29377,5.1,1.04,6002,1.63,500,1155.25,1.3849999904632568,278,반도체,Listed,0.0
2016-07-07,30750,31350,30600,30650,2715183,0.16339869281045752,22313272487250,728002365,29377,5.11,1.04,6002,1.63,500,1155.6500244140625,1.3869999647140503,278,반도체,Listed,0.0
2016-07-08,30700,31250,30550,31050,2424460,1.3050570962479608,22604473433250,728002365,29377,5.17,1.06,6002,1.61,500,1155.6500244140625,1.3660000562667847,278,반도체,Listed,0.0
2016-07-11,31750,32300,31650,32000,3938161,3.059581320450886,23296075680000,728002365,29377,5.33,1.09,6002,1.56,500,1148.0699462890625,1.434000015258789,278,반도체,Listed,0.0
2016-07-12,32250,32300,31550,32000,2523664,0.0,23296075680000,728002365,29377,5.33,1.09,6002,1.56,500,1141.0,1.5130000114440918,278,반도체,Listed,0.0
2016-07-13,32700,32950,32450,32650,3779418,2.03125,23769277217250,728002365,29377,5.44,1.11,6002,1.53,500,1142.6500244140625,1.468000054359436,278,반도체,Listed,0.0
2016-07-14,32500,33300,32450,33050,3145494,1.2251148545176112,24060478163250,728002365,29377,5.51,1.13,6002,1.51,500,1129.25,1.531000018119812,278,반도체,Listed,0.0
2016-07-15,33300,33500,32650,32700,2580255,-1.059001512859304,23805677335500,728002365,29377,5.45,1.11,6002,1.53,500,1129.25,1.593999981880188,278,반도체,Listed,0.0
2016-07-18,32900,33100,32500,32750,1515167,0.1529051987767584,23842077453750,728002365,29377,5.46,1.11,6002,1.53,500,1133.050048828125,1.5870000123977661,278,반도체,Listed,0.0
2016-07-19,32900,33000,31950,32450,2340759,-0.9160305343511451,23623676744250,728002365,29377,5.41,1.1,6002,1.54,500,1139.199951171875,1.5579999685287476,278,반도체,Listed,0.0
2016-07-20,32300,32400,31850,32100,1775583,-1.078582434514638,23368875916500,728002365,29377,5.35,1.09,6002,1.56,500,1140.949951171875,1.5800000429153442,278,반도체,Listed,0.0
2016-07-21,32400,32800,32100,32150,1879147,0.1557632398753894,23405276034750,728002365,29377,5.36,1.09,6002,1.56,500,1136.050048828125,1.565000057220459,278,반도체,Listed,0.0
2016-07-22,32150,32150,31200,32000,2442893,-0.46656298600311047,23296075680000,728002365,29377,5.33,1.09,6002,1.56,500,1136.050048828125,1.5700000524520874,278,반도체,Listed,0.0
2016-07-25,32300,32650,32150,32500,2147590,1.5625,23660076862500,728002365,29377,5.41,1.11,6002,1.54,500,1141.530029296875,1.5709999799728394,278,반도체,Listed,0.0
2016-07-26,32400,32400,31100,32050,5028045,-1.3846153846153846,23332475798250,728002365,29377,5.34,1.09,6002,1.56,500,1134.550048828125,1.562999963760376,278,반도체,Listed,0.0
2016-07-27,32600,33450,32550,33450,4762165,4.368174726989079,24351679109250,728002365,29377,5.57,1.14,6002,1.49,500,1129.050048828125,1.5149999856948853,278,반도체,Listed,0.0
2016-07-28,33150,33550,33000,33550,3586965,0.29895366218236175,24424479345750,728002365,29377,5.59,1.14,6002,1.49,500,1123.3499755859375,1.5110000371932983,278,반도체,Listed,0.0
2016-07-29,33550,34400,33450,34400,4660512,2.533532041728763,25043281356000,728002365,29377,5.73,1.17,6002,1.45,500,1123.3499755859375,1.4579999446868896,278,반도체,Listed,0.0
2016-08-01,34700,35300,34600,34850,3274413,1.308139534883721,25370882420250,728002365,29377,5.81,1.19,6002,1.43,500,1105.449951171875,1.496000051498413,278,반도체,Listed,0.0
2016-08-02,34600,34700,33650,33750,2123735,-3.1563845050215207,24570079818750,728002365,29377,5.62,1.15,6002,1.48,500,1111.8399658203125,1.5369999408721924,278,반도체,Listed,0.0
2016-08-03,33300,34400,33000,33550,2698841,-0.5925925925925926,24424479345750,728002365,29377,5.59,1.14,6002,1.49,500,1113.449951171875,1.5420000553131104,278,반도체,Listed,0.0
2016-08-04,33950,34200,33350,33650,1477680,0.29806259314456035,24497279582250,728002365,29377,5.61,1.15,6002,1.49,500,1109.949951171875,1.503000020980835,278,반도체,Listed,0.0
2016-08-05,34300,34900,33950,34800,2830058,3.4175334323922733,25334482302000,728002365,29377,5.8,1.18,6002,1.44,500,1109.949951171875,1.5820000171661377,278,반도체,Listed,0.0
2016-08-08,35150,35250,34400,34950,2157854,0.43103448275862066,25443682656750,728002365,29377,5.82,1.19,6002,1.43,500,1104.6500244140625,1.5829999446868896,278,반도체,Listed,0.0
2016-08-09,34850,35200,34450,35050,2112078,0.28612303290414876,25516482893250,728002365,29377,5.84,1.19,6002,1.43,500,1099.9000244140625,1.5449999570846558,278,반도체,Listed,0.0
2016-08-10,34900,35000,33650,33800,3193311,-3.566333808844508,24606479937000,728002365,29377,5.63,1.15,6002,1.48,500,1094.25,1.5089999437332153,278,반도체,Listed,0.0
2016-08-11,33700,34800,33450,34800,2980478,2.9585798816568047,25334482302000,728002365,29377,5.8,1.18,6002,1.44,500,1095.949951171875,1.5729999542236328,278,반도체,Listed,0.0
2016-08-12,34450,35100,34200,34350,2437735,-1.293103448275862,25006881237750,728002365,29377,5.72,1.17,6002,1.46,500,1095.949951171875,1.5149999856948853,278,반도체,Listed,0.0
2016-08-16,34950,34950,33700,33700,2883043,-1.8922852983988356,24533679700500,728002365,29377,5.61,1.15,6002,1.48,500,1094.030029296875,1.5759999752044678,278,반도체,Listed,0.0
2016-08-17,33750,33900,32900,33550,2083372,-0.44510385756676557,24424479345750,728002365,29377,5.59,1.14,6002,1.49,500,1104.5,1.5609999895095825,278,반도체,Listed,0.0
2016-08-18,33550,34250,33550,34150,1855081,1.7883755588673622,24861280764750,728002365,29377,5.69,1.16,6002,1.46,500,1106.9599609375,1.5360000133514404,278,반도체,Listed,0.0
2016-08-19,34400,35400,34200,35400,4683750,3.6603221083455346,25771283721000,728002365,29377,5.9,1.21,6002,1.41,500,1106.9599609375,1.5779999494552612,278,반도체,Listed,0.0
2016-08-22,35500,36050,35250,36000,4149396,1.694915254237288,26208085140000,728002365,29377,6.0,1.23,6002,1.39,500,1122.5699462890625,1.5390000343322754,278,반도체,Listed,0.0
2016-08-23,36250,36300,35550,35600,3014421,-1.1111111111111112,25916884194000,728002365,29377,5.93,1.21,6002,1.4,500,1119.3900146484375,1.5529999732971191,278,반도체,Listed,0.0
2016-08-24,35900,35950,35300,35750,1689924,0.42134831460674155,26026084548750,728002365,29377,5.96,1.22,6002,1.4,500,1119.7900390625,1.559000015258789,278,반도체,Listed,0.0
2016-08-25,35100,35750,34900,35700,1568516,-0.13986013986013987,25989684430500,728002365,29377,5.95,1.22,6002,1.4,500,1114.1300048828125,1.5770000219345093,278,반도체,Listed,0.0
2016-08-26,35850,36350,35750,36250,2635343,1.5406162464985995,26390085731250,728002365,29377,6.04,1.23,6002,1.38,500,1114.1300048828125,1.6349999904632568,278,반도체,Listed,0.0
2016-08-29,35350,36400,35300,36250,2782441,0.0,26390085731250,728002365,29377,6.04,1.23,6002,1.38,500,1118.3299560546875,1.565999984741211,278,반도체,Listed,0.0
2016-08-30,36800,36950,35550,36300,2766460,0.13793103448275862,26426485849500,728002365,29377,6.05,1.24,6002,1.38,500,1118.3800048828125,1.5700000524520874,278,반도체,Listed,0.0
2016-08-31,36400,36450,35750,36450,2832970,0.4132231404958678,26535686204250,728002365,29377,6.07,1.24,6002,1.37,500,1114.43994140625,1.5679999589920044,278,반도체,Listed,0.0
2016-09-01,36400,36400,35700,36100,1713669,-0.9602194787379973,26280885376500,728002365,29377,6.01,1.23,6002,1.39,500,1116.5999755859375,1.5700000524520874,278,반도체,Listed,0.0
2016-09-02,36100,36700,35950,36650,1828390,1.5235457063711912,26681286677250,728002365,29377,6.11,1.25,6002,1.36,500,1116.5999755859375,1.5959999561309814,278,반도체,Listed,0.0
2016-09-05,36900,37500,36850,37500,2337575,2.3192360163710775,27300088687500,728002365,29377,6.25,1.28,6002,1.33,500,1103.4300537109375,1.5959999561309814,278,반도체,Listed,0.0
2016-09-06,37750,38000,37350,38000,2123160,1.3333333333333335,27664089870000,728002365,29377,6.33,1.29,6002,1.32,500,1094.5899658203125,1.5429999828338623,278,반도체,Listed,0.0
2016-09-07,38200,38800,37900,37900,3786844,-0.2631578947368421,27591289633500,728002365,29377,6.31,1.29,6002,1.32,500,1088.800048828125,1.5410000085830688,278,반도체,Listed,0.0
2016-09-08,37900,38700,37900,38700,3698781,2.1108179419525066,28173691525500,728002365,29377,6.45,1.32,6002,1.29,500,1097.3900146484375,1.6160000562667847,278,반도체,Listed,0.0
2016-09-09,38550,39000,38350,38950,2748415,0.6459948320413437,28355692116750,728002365,29377,6.49,1.33,6002,1.28,500,1097.3900146484375,1.6720000505447388,278,반도체,Listed,0.0
2016-09-12,37500,38300,37000,37000,4885896,-5.006418485237484,26936087505000,728002365,29377,6.16,1.26,6002,1.35,500,1107.4599609375,1.6720000505447388,278,반도체,Listed,0.0
2016-09-13,37600,38300,37500,37800,3928646,2.1621621621621623,27518489397000,728002365,29377,6.3,1.29,6002,1.32,500,1126.530029296875,1.7339999675750732,278,반도체,Listed,0.0
2016-09-19,38700,39450,38250,39200,5283684,3.7037037037037033,28537692708000,728002365,29377,6.53,1.33,6002,1.28,500,1118.43994140625,1.6959999799728394,278,반도체,Listed,0.0
2016-09-20,39200,39450,38750,39250,2594490,0.12755102040816327,28574092826250,728002365,29377,6.54,1.34,6002,1.27,500,1116.1500244140625,1.687999963760376,278,반도체,Listed,0.0
2016-09-21,39000,39150,38650,39150,1731450,-0.25477707006369427,28501292589750,728002365,29377,6.52,1.33,6002,1.28,500,1104.3699951171875,1.6679999828338623,278,반도체,Listed,0.0
2016-09-22,39800,39800,39150,39400,3214630,0.6385696040868455,28683293181000,728002365,29377,6.56,1.34,6002,1.27,500,1101.989990234375,1.6319999694824219,278,반도체,Listed,0.0
2016-09-23,39550,39650,39050,39350,2095120,-0.12690355329949238,28646893062750,728002365,29377,6.56,1.34,6002,1.27,500,1101.989990234375,1.6150000095367432,278,반도체,Listed,0.0
2016-09-26,39350,39500,38800,39500,1669862,0.3811944091486658,28756093417500,728002365,29377,6.58,1.34,6002,1.27,500,1107.4599609375,1.5889999866485596,278,반도체,Listed,0.0
2016-09-27,39400,41150,39150,41150,4001505,4.177215189873418,29957297319750,728002365,29377,6.86,1.4,6002,1.22,500,1095.9000244140625,1.555999994277954,278,반도체,Listed,0.0
2016-09-28,41300,42000,40950,41200,4189804,0.12150668286755771,29993697438000,728002365,29377,6.86,1.4,6002,1.21,500,1091.0799560546875,1.5670000314712524,278,반도체,Listed,0.0
2016-09-29,40600,40750,40150,40200,3976705,-2.4271844660194173,29265695073000,728002365,29377,6.7,1.37,6002,1.24,500,1101.6199951171875,1.5570000410079956,278,반도체,Listed,0.0
2016-09-30,39750,40950,39600,40200,3764773,0.0,29265695073000,728002365,29377,6.7,1.37,6002,1.24,500,1101.6199951171875,1.6080000400543213,278,반도체,Listed,0.0
2016-10-04,41500,41800,41000,41800,3639803,3.9800995024875623,30430498857000,728002365,29377,6.96,1.42,6002,1.2,500,1115.3599853515625,1.6829999685287476,278,반도체,Listed,0.0
2016-10-05,42150,42950,41200,42600,4387312,1.9138755980861244,31012900749000,728002365,29377,7.1,1.45,6002,1.17,500,1113.1800537109375,1.715999960899353,278,반도체,Listed,0.0
2016-10-06,43100,43150,42400,42550,2815496,-0.11737089201877934,30976500630750,728002365,29377,7.09,1.45,6002,1.18,500,1114.8900146484375,1.7419999837875366,278,반도체,Listed,0.0
2016-10-07,42700,42700,41900,42200,2637734,-0.8225616921269095,30721699803000,728002365,29377,7.03,1.44,6002,1.18,500,1114.8900146484375,1.7359999418258667,278,반도체,Listed,0.0
2016-10-10,42200,42500,41200,41300,2916252,-2.132701421800948,30066497674500,728002365,29377,6.88,1.41,6002,1.21,500,1106.6199951171875,1.7230000495910645,278,반도체,Listed,0.0
2016-10-11,41300,42000,41100,41300,2810503,0.0,30066497674500,728002365,29377,6.88,1.41,6002,1.21,500,1123.6800537109375,1.7589999437332153,278,반도체,Listed,0.0
2016-10-12,41000,41900,41000,41250,3521492,-0.12106537530266344,30030097556250,728002365,29377,6.87,1.4,6002,1.21,500,1123.81005859375,1.777999997138977,278,반도체,Listed,0.0
2016-10-13,41450,41700,40950,40950,3638071,-0.7272727272727273,29811696846750,728002365,29377,6.82,1.39,6002,1.22,500,1128.1199951171875,1.7380000352859497,278,반도체,Listed,0.0
2016-10-14,41300,41900,41200,41550,2708972,1.465201465201465,30248498265750,728002365,29377,6.92,1.41,6002,1.2,500,1128.1199951171875,1.7940000295639038,278,반도체,Listed,0.0
2016-10-17,41750,42300,41400,42300,2314725,1.8050541516245486,30794500039500,728002365,29377,7.05,1.44,6002,1.18,500,1135.6300048828125,1.7660000324249268,278,반도체,Listed,0.0
2016-10-18,42200,42300,41300,41650,2559222,-1.5366430260047281,30321298502250,728002365,29377,6.94,1.42,6002,1.2,500,1124.6199951171875,1.7489999532699585,278,반도체,Listed,0.0
2016-10-19,41150,41450,39850,40050,5033246,-3.8415366146458583,29156494718250,728002365,29377,6.67,1.36,6002,1.25,500,1119.6099853515625,1.7519999742507935,278,반도체,Listed,0.0
2016-10-20,40250,40300,38850,40050,5423960,0.0,29156494718250,728002365,29377,6.67,1.36,6002,1.25,500,1130.22998046875,1.746999979019165,278,반도체,Listed,0.0
2016-10-21,39500,41000,39500,40950,2436212,2.247191011235955,29811696846750,728002365,29377,6.82,1.39,6002,1.22,500,1130.22998046875,1.7400000095367432,278,반도체,Listed,0.0
2016-10-24,41000,41150,39850,40150,2211109,-1.9536019536019535,29229294954750,728002365,29377,6.69,1.37,6002,1.25,500,1134.3800048828125,1.7630000114440918,278,반도체,Listed,0.0
2016-10-25,40350,41650,40200,41050,4469224,2.2415940224159403,29884497083250,728002365,29377,6.84,1.4,6002,1.22,500,1129.0999755859375,1.7580000162124634,278,반도체,Listed,0.0
2016-10-26,41300,42900,41300,42900,6364037,4.506699147381242,31231301458500,728002365,29377,7.15,1.46,6002,1.17,500,1137.3299560546875,1.7899999618530273,278,반도체,Listed,0.0
2016-10-27,42900,43600,42600,43000,4814197,0.2331002331002331,31304101695000,728002365,29377,7.16,1.46,6002,1.16,500,1146.52001953125,1.843000054359436,278,반도체,Listed,0.0
2016-10-28,42700,42950,42100,42450,2251179,-1.2790697674418605,30903700394250,728002365,29377,7.07,1.45,6002,1.18,500,1146.52001953125,1.8450000286102295,278,반도체,Listed,0.0
2016-10-31,42500,42900,41000,41000,3297943,-3.415783274440518,29848096965000,728002365,29377,6.83,1.4,6002,1.22,500,1146.699951171875,1.8339999914169312,278,반도체,Listed,0.0
2016-11-01,41700,42350,41600,42000,3173446,2.4390243902439024,30576099330000,728002365,29377,7.0,1.43,6002,1.19,500,1143.3299560546875,1.8200000524520874,278,반도체,Listed,0.0
2016-11-02,41250,41400,40450,41000,2822651,-2.380952380952381,29848096965000,728002365,29377,6.83,1.4,6002,1.22,500,1145.469970703125,1.7990000247955322,278,반도체,Listed,0.0
2016-11-03,40900,41700,40700,41150,2580396,0.3658536585365854,29957297319750,728002365,29377,6.86,1.4,6002,1.22,500,1145.1700439453125,1.812000036239624,278,반도체,Listed,0.0
2016-11-04,41150,41400,40850,41200,2600930,0.12150668286755771,29993697438000,728002365,29377,6.86,1.4,6002,1.21,500,1143.4200439453125,1.7829999923706055,278,반도체,Listed,0.0
2016-11-07,41800,42050,41200,41500,2033220,0.7281553398058253,30212098147500,728002365,29377,6.91,1.41,6002,1.2,500,1141.449951171875,1.8279999494552612,278,반도체,Listed,0.0
2016-11-08,42100,42150,41250,41500,1882987,0.0,30212098147500,728002365,29377,6.91,1.41,6002,1.2,500,1140.550048828125,1.8619999885559082,278,반도체,Listed,0.0
2016-11-09,41650,41750,38700,39650,5779291,-4.457831325301205,28865293772250,728002365,29377,6.61,1.35,6002,1.26,500,1127.8599853515625,2.072000026702881,278,반도체,Listed,0.0
2016-11-10,41000,41050,40500,41000,2520434,3.4047919293820934,29848096965000,728002365,29377,6.83,1.4,6002,1.22,500,1156.280029296875,2.117000102996826,278,반도체,Listed,0.0
2016-11-11,40000,40450,39550,39850,2962651,-2.804878048780488,29010894245250,728002365,29377,6.64,1.36,6002,1.25,500,1164.949951171875,2.117000102996826,278,반도체,Listed,0.0
2016-11-14,40000,40450,39700,39700,1589911,-0.37641154328732745,28901693890500,728002365,29377,6.61,1.35,6002,1.26,500,1164.4000244140625,2.2219998836517334,278,반도체,Listed,0.0
2016-11-15,39700,40400,39500,39700,2030086,0.0,28901693890500,728002365,29377,6.61,1.35,6002,1.26,500,1167.760009765625,2.23799991607666,278,반도체,Listed,0.0
2016-11-16,40450,41000,40250,40850,2101878,2.8967254408060454,29738896610250,728002365,29377,6.81,1.39,6002,1.22,500,1166.68994140625,2.2230000495910645,278,반도체,Listed,0.0
2016-11-17,41500,41900,41200,41900,2383464,2.570379436964504,30503299093500,728002365,29377,6.98,1.43,6002,1.19,500,1169.0699462890625,2.2760000228881836,278,반도체,Listed,0.0
2016-11-18,42300,42400,41700,42000,3331134,0.23866348448687352,30576099330000,728002365,29377,7.0,1.43,6002,1.19,500,1179.1500244140625,2.3350000381469727,278,반도체,Listed,0.0
2016-11-21,41800,41900,40650,40750,1883627,-2.976190476190476,29666096373750,728002365,29377,6.79,1.39,6002,1.23,500,1180.75,2.3389999866485596,278,반도체,Listed,0.0
2016-11-22,41250,42800,41200,42700,3306186,4.785276073619632,31085700985500,728002365,29377,7.11,1.45,6002,1.17,500,1179.1800537109375,2.321000099182129,278,반도체,Listed,0.0
2016-11-23,43000,43900,42550,43050,4047443,0.819672131147541,31340501813250,728002365,29377,7.17,1.47,6002,1.16,500,1167.9300537109375,2.3570001125335693,278,반도체,Listed,0.0
2016-11-24,43350,43850,42500,42650,1789745,-0.9291521486643438,31049300867250,728002365,29377,7.11,1.45,6002,1.17,500,1180.8599853515625,2.3570001125335693,278,반도체,Listed,0.0
2016-11-25,43050,43300,42250,42600,1328958,-0.11723329425556857,31012900749000,728002365,29377,7.1,1.45,6002,1.17,500,1181.050048828125,2.371999979019165,278,반도체,Listed,0.0
2016-11-28,42400,43250,42100,42600,1513215,0.0,31012900749000,728002365,29377,7.1,1.45,6002,1.17,500,1172.699951171875,2.319999933242798,278,반도체,Listed,0.0
2016-11-29,42400,43100,41800,42400,1777480,-0.4694835680751174,30867300276000,728002365,29377,7.06,1.44,6002,1.18,500,1169.7099609375,2.302000045776367,278,반도체,Listed,0.0
2016-11-30,42900,43800,42650,42900,4325524,1.179245283018868,31231301458500,728002365,29377,7.15,1.46,6002,1.17,500,1167.8599853515625,2.368000030517578,278,반도체,Listed,0.0
2016-12-01,43000,44400,43000,44200,3491185,3.0303030303030303,32177704533000,728002365,29377,7.36,1.5,6002,1.13,500,1178.1300048828125,2.440999984741211,278,반도체,Listed,0.0
2016-12-02,43350,44500,43300,44400,4244113,0.4524886877828055,32323305006000,728002365,29377,7.4,1.51,6002,1.13,500,1167.699951171875,2.390000104904175,278,반도체,Listed,0.0
2016-12-05,44050,44600,43800,44400,1703219,0.0,32323305006000,728002365,29377,7.4,1.51,6002,1.13,500,1169.5999755859375,2.38700008392334,278,반도체,Listed,0.0
2016-12-06,44700,45500,44600,45200,3099065,1.8018018018018018,32905706898000,728002365,29377,7.53,1.54,6002,1.11,500,1166.989990234375,2.3959999084472656,278,반도체,Listed,0.0
2016-12-07,45750,45800,45200,45250,1984369,0.11061946902654868,32942107016250,728002365,29377,7.54,1.54,6002,1.1,500,1170.550048828125,2.3469998836517334,278,반도체,Listed,0.0
2016-12-08,46200,46650,46100,46250,3313157,2.209944751381215,33670109381250,728002365,29377,7.71,1.57,6002,1.08,500,1157.5,2.38700008392334,278,반도체,Listed,0.0
2016-12-09,46450,46750,45450,45500,3003326,-1.6216216216216217,33124107607500,728002365,29377,7.58,1.55,6002,1.1,500,1162.25,2.4639999866485596,278,반도체,Listed,0.0
2016-12-12,45750,45850,44850,45300,1440589,-0.43956043956043955,32978507134500,728002365,29377,7.55,1.54,6002,1.1,500,1169.949951171875,2.4790000915527344,278,반도체,Listed,0.0
2016-12-13,44700,45700,44700,44950,1822952,-0.772626931567329,32723706306750,728002365,29377,7.49,1.53,6002,1.11,500,1164.6500244140625,2.4809999465942383,278,반도체,Listed,0.0
2016-12-14,45350,46100,45350,45850,2010708,2.0022246941045605,33378908435250,728002365,29377,7.64,1.56,6002,1.09,500,1163.5899658203125,2.5250000953674316,278,반도체,Listed,0.0
2016-12-15,45850,46050,45000,45600,1828843,-0.5452562704471101,33196907844000,728002365,29377,7.6,1.55,6002,1.1,500,1179.1600341796875,2.5799999237060547,278,반도체,Listed,0.0
2016-12-16,45800,46450,45700,46400,2100809,1.7543859649122806,33779309736000,728002365,29377,7.73,1.58,6002,1.08,500,1184.4300537109375,2.5969998836517334,278,반도체,Listed,0.0
2016-12-19,46250,46300,45050,45150,1997194,-2.693965517241379,32869306779750,728002365,29377,7.52,1.54,6002,1.11,500,1186.0,2.5420000553131104,278,반도체,Listed,0.0
2016-12-20,45400,45550,44950,45150,1110753,0.0,32869306779750,728002365,29377,7.52,1.54,6002,1.11,500,1186.949951171875,2.568000078201294,278,반도체,Listed,0.0
2016-12-21,45500,45750,45000,45000,1662010,-0.33222591362126247,32760106425000,728002365,29377,7.5,1.53,6002,1.11,500,1191.469970703125,2.5460000038146973,278,반도체,Listed,0.0
2016-12-22,46000,46650,45150,45500,4045912,1.1111111111111112,33124107607500,728002365,29377,7.58,1.55,6002,1.1,500,1193.3499755859375,2.552999973297119,278,반도체,Listed,0.0
2016-12-23,46200,46400,45950,46300,2982024,1.7582417582417582,33706509499500,728002365,29377,7.71,1.58,6002,1.08,500,1205.0999755859375,2.5429999828338623,278,반도체,Listed,0.0
2016-12-26,46200,46600,45250,45650,1603230,-1.4038876889848813,33233307962250,728002365,29377,7.61,1.55,6002,1.1,500,1199.550048828125,2.5429999828338623,278,반도체,Listed,0.0
2016-12-27,45550,45950,45400,45650,1175619,0.0,33233307962250,728002365,29377,7.61,1.55,6002,1.1,500,1199.550048828125,2.562999963760376,278,반도체,Listed,0.0
2016-12-28,45350,45750,45100,45350,1296254,-0.6571741511500547,33014907252750,728002365,29377,7.56,1.54,6002,1.1,500,1206.47998046875,2.50600004196167,278,반도체,Listed,0.0
2016-12-29,45150,45200,44600,44700,1808856,-1.4332965821389196,32541705715500,728002365,29377,7.45,1.52,6002,1.12,500,1210.3399658203125,2.4769999980926514,278,반도체,Listed,0.0
2017-01-02,44750,46000,44600,45800,1547681,2.460850111856823,33342508317000,728002365,29377,7.63,1.56,6002,1.09,500,1205.449951171875,2.446000099182129,278,반도체,Listed,0.0
2017-01-03,46200,47300,46200,47250,2655477,3.1659388646288207,34398111746250,728002365,29377,7.87,1.61,6002,1.06,500,1202.9300537109375,2.450000047683716,278,반도체,Listed,0.0
2017-01-04,47000,47150,46200,46500,2722599,-1.5873015873015872,33852109972500,728002365,29377,7.75,1.58,6002,1.08,500,1206.010009765625,2.4519999027252197,278,반도체,Listed,0.0
2017-01-05,47000,47500,46850,46950,2377163,0.967741935483871,34179711036750,728002365,29377,7.82,1.6,6002,1.06,500,1194.47998046875,2.368000030517578,278,반도체,Listed,0.0
2017-01-06,47700,48450,47600,48000,3166843,2.2364217252396164,34944113520000,728002365,29377,8.0,1.63,6002,1.04,500,1180.6300048828125,2.4179999828338623,278,반도체,Listed,0.0
2017-01-09,48500,49750,48200,49550,3871999,3.229166666666667,36072517185750,728002365,29377,8.26,1.69,6002,1.01,500,1201.0999755859375,2.375999927520752,278,반도체,Listed,0.0
2017-01-10,49850,50200,49200,49750,2561968,0.4036326942482341,36218117658750,728002365,29377,8.29,1.69,6002,1.01,500,1202.52001953125,2.378999948501587,278,반도체,Listed,0.0
2017-01-11,50000,51900,50000,51600,4360058,3.7185929648241203,37564922034000,728002365,29377,8.6,1.76,6002,0.97,500,1200.5999755859375,2.369999885559082,278,반도체,Listed,0.0
2017-01-12,51600,51600,50400,50600,5060622,-1.937984496124031,36836919669000,728002365,29377,8.43,1.72,6002,0.99,500,1187.1600341796875,2.3610000610351562,278,반도체,Listed,0.0
2017-01-13,49850,50700,49850,50300,4219771,-0.592885375494071,36618518959500,728002365,29377,8.38,1.71,6002,0.99,500,1174.719970703125,2.380000114440918,278,반도체,Listed,0.0
2017-01-16,50100,50300,48800,49300,4974924,-1.9880715705765408,35890516594500,728002365,29377,8.21,1.68,6002,1.01,500,1174.050048828125,2.380000114440918,278,반도체,Listed,0.0
2017-01-17,49300,50200,49250,49300,2309955,0.0,35890516594500,728002365,29377,8.21,1.68,6002,1.01,500,1182.1700439453125,2.3269999027252197,278,반도체,Listed,0.0
2017-01-18,48950,49400,48300,48850,2974091,-0.9127789046653144,35562915530250,728002365,29377,8.14,1.66,6002,1.02,500,1160.030029296875,2.3889999389648438,278,반도체,Listed,0.0
2017-01-19,49550,50100,49100,49600,2332268,1.5353121801432956,36108917304000,728002365,29377,8.26,1.69,6002,1.01,500,1176.7900390625,2.4590001106262207,278,반도체,Listed,0.0
2017-01-20,49700,50100,49150,49150,1943195,-0.9072580645161291,35781316239750,728002365,29377,8.19,1.67,6002,1.02,500,1173.75,2.4670000076293945,278,반도체,Listed,0.0
2017-01-23,49950,51000,49900,50800,4148659,3.3570701932858595,36982520142000,728002365,29377,8.46,1.73,6002,0.98,500,1173.300048828125,2.4030001163482666,278,반도체,Listed,0.0
2017-01-24,51300,52000,51100,51600,3449130,1.574803149606299,37564922034000,728002365,29377,8.6,1.76,6002,0.97,500,1162.6500244140625,2.4709999561309814,278,반도체,Listed,0.0
2017-01-25,52200,52500,51600,51700,2715809,0.1937984496124031,37637722270500,728002365,29377,8.61,1.76,6002,0.97,500,1168.030029296875,2.5230000019073486,278,반도체,Listed,0.0
2017-01-26,52500,53500,52400,53300,4517114,3.0947775628626695,38802526054500,728002365,29377,8.88,1.81,6002,0.94,500,1161.260009765625,2.507999897003174,278,반도체,Listed,0.0
2017-01-31,53300,54500,52700,53700,4118790,0.7504690431519699,39093727000500,728002365,29377,8.95,1.83,6002,0.93,500,1169.2099609375,2.4509999752044678,278,반도체,Listed,0.0
2017-02-01,54300,54900,53700,54000,2813046,0.5586592178770949,39312127710000,728002365,29377,9.0,1.84,6002,0.93,500,1149.25,2.4739999771118164,278,반도체,Listed,0.0
2017-02-02,53500,54000,52700,52800,3486140,-2.2222222222222223,38438524872000,728002365,29377,8.8,1.8,6002,0.95,500,1151.949951171875,2.4700000286102295,278,반도체,Listed,0.0
2017-02-03,52500,53700,51800,53700,3718619,1.7045454545454544,39093727000500,728002365,29377,8.95,1.83,6002,0.93,500,1142.699951171875,2.490999937057495,278,반도체,Listed,0.0
2017-02-06,54200,54400,53300,53700,1897002,0.0,39093727000500,728002365,29377,8.95,1.83,6002,0.93,500,1137.760009765625,2.4130001068115234,278,반도체,Listed,0.0
2017-02-07,53800,54500,53100,53300,2405891,-0.74487895716946,38802526054500,728002365,29377,8.88,1.81,6002,0.94,500,1132.7099609375,2.3889999389648438,278,반도체,Listed,0.0
2017-02-08,53700,54600,52400,54600,3552260,2.4390243902439024,39748929129000,728002365,29377,9.1,1.86,6002,0.92,500,1142.0999755859375,2.3510000705718994,278,반도체,Listed,0.0
2017-02-09,53100,53700,52500,52700,6547266,-3.47985347985348,38365724635500,728002365,29377,8.78,1.79,6002,0.95,500,1144.6199951171875,2.3949999809265137,278,반도체,Listed,0.0
2017-02-10,52000,52200,50000,50000,9120878,-5.1233396584440225,36400118250000,728002365,29377,8.33,1.7,6002,1.0,500,1149.9100341796875,2.4089999198913574,278,반도체,Listed,0.0
2017-02-13,49550,51000,49500,50700,4124290,1.4000000000000001,36909719905500,728002365,29377,8.45,1.73,6002,0.99,500,1145.1800537109375,2.434000015258789,278,반도체,Listed,0.0
2017-02-14,51100,51600,48100,48450,8593878,-4.437869822485207,35271714584250,728002365,29377,8.07,1.65,6002,1.03,500,1148.699951171875,2.4700000286102295,278,반도체,Listed,0.0
2017-02-15,48300,48700,47550,47900,8725221,-1.1351909184726523,34871313283500,728002365,29377,7.98,1.63,6002,1.04,500,1137.9599609375,2.502000093460083,278,반도체,Listed,0.0
2017-02-16,48350,49600,48200,49600,4840918,3.549060542797495,36108917304000,728002365,29377,8.26,1.69,6002,1.01,500,1133.0999755859375,2.450000047683716,278,반도체,Listed,0.0
2017-02-17,50400,51100,50200,50400,4927937,1.6129032258064515,36691319196000,728002365,29377,8.4,1.72,6002,0.99,500,1141.0799560546875,2.424999952316284,278,반도체,Listed,0.0
2017-02-20,50900,51000,49600,49900,2265276,-0.992063492063492,36327318013500,728002365,29377,8.31,1.7,6002,1.0,500,1149.5999755859375,2.424999952316284,278,반도체,Listed,0.0
2017-02-21,49950,51000,49350,50900,2227708,2.004008016032064,37055320378500,728002365,29377,8.48,1.73,6002,0.98,500,1143.9599609375,2.427000045776367,278,반도체,Listed,0.0
2017-02-22,51600,51700,50600,50600,2678429,-0.5893909626719057,36836919669000,728002365,29377,8.43,1.72,6002,0.99,500,1141.1800537109375,2.4179999828338623,278,반도체,Listed,0.0
2017-02-23,50000,50400,49050,50200,3374139,-0.7905138339920948,36545718723000,728002365,29377,8.36,1.71,6002,1.0,500,1137.949951171875,2.388000011444092,278,반도체,Listed,0.0
2017-02-24,49850,50000,47400,47500,7707747,-5.378486055776892,34580112337500,728002365,29377,7.91,1.62,6002,1.05,500,1131.81005859375,2.316999912261963,278,반도체,Listed,0.0
2017-02-27,46850,47000,45650,46000,7604699,-3.1578947368421053,33488108790000,728002365,29377,7.66,1.57,6002,1.09,500,1130.449951171875,2.36899995803833,278,반도체,Listed,0.0
2017-02-28,46600,47600,46200,46700,5588155,1.5217391304347827,33997710445500,728002365,29377,7.78,1.59,6002,1.07,500,1133.93994140625,2.3580000400543213,278,반도체,Listed,0.0
2017-03-02,46850,47850,46800,47700,7093071,2.141327623126338,34725712810500,728002365,29377,7.95,1.62,6002,1.05,500,1139.5699462890625,2.489000082015991,278,반도체,Listed,0.0
2017-03-03,47650,48250,46700,47100,3937032,-1.257861635220126,34288911391500,728002365,29377,7.85,1.6,6002,1.06,500,1149.9000244140625,2.492000102996826,278,반도체,Listed,0.0
2017-03-06,47600,49400,47550,49350,5045970,4.777070063694268,35926916712750,728002365,29377,8.22,1.68,6002,1.01,500,1151.969970703125,2.49399995803833,278,반도체,Listed,0.0
2017-03-07,49100,49300,48050,48800,3439908,-1.1144883485309016,35526515412000,728002365,29377,8.13,1.66,6002,1.02,500,1154.25,2.510999917984009,278,반도체,Listed,0.0
2017-03-08,48800,49300,47900,48000,3728263,-1.639344262295082,34944113520000,728002365,29377,8.0,1.63,6002,1.04,500,1149.4100341796875,2.552000045776367,278,반도체,Listed,0.0
2017-03-09,48200,48850,48000,48000,2957372,0.0,34944113520000,728002365,29377,8.0,1.63,6002,1.04,500,1153.6199951171875,2.5980000495910645,278,반도체,Listed,0.0
2017-03-10,48100,49550,47500,49200,3849912,2.5,35817716358000,728002365,29377,8.2,1.67,6002,1.02,500,1159.280029296875,2.5820000171661377,278,반도체,Listed,0.0
2017-03-13,49550,51100,49300,51000,4948062,3.6585365853658534,37128120615000,728002365,29377,8.5,1.74,6002,0.98,500,1145.9599609375,2.6080000400543213,278,반도체,Listed,0.0
2017-03-14,51800,51900,50300,50300,4024138,-1.3725490196078431,36618518959500,728002365,29377,8.38,1.71,6002,0.99,500,1147.550048828125,2.5950000286102295,278,반도체,Listed,0.0
2017-03-15,49350,49500,48550,48800,4688787,-2.982107355864811,35526515412000,728002365,29377,8.13,1.66,6002,1.02,500,1148.219970703125,2.507999897003174,278,반도체,Listed,0.0
2017-03-16,49350,49650,48500,49150,3458839,0.7172131147540983,35781316239750,728002365,29377,8.19,1.67,6002,1.02,500,1127.4000244140625,2.5220000743865967,278,반도체,Listed,0.0
2017-03-17,48400,48400,46600,46750,8098258,-4.883011190233978,34034110563750,728002365,29377,7.79,1.59,6002,1.07,500,1127.010009765625,2.500999927520752,278,반도체,Listed,0.0
2017-03-20,46950,47650,46550,47600,3929405,1.8181818181818181,34652912574000,728002365,29377,7.93,1.62,6002,1.05,500,1126.6500244140625,2.4730000495910645,278,반도체,Listed,0.0
2017-03-21,47900,48250,47000,47550,3720816,-0.10504201680672269,34616512455750,728002365,29377,7.92,1.62,6002,1.05,500,1113.75,2.436000108718872,278,반도체,Listed,0.0
2017-03-22,47000,48800,47000,48650,4157526,2.3133543638275498,35417315057250,728002365,29377,8.11,1.66,6002,1.03,500,1122.780029296875,2.3959999084472656,278,반도체,Listed,0.0
2017-03-23,48950,49300,48150,48450,2473925,-0.41109969167523125,35271714584250,728002365,29377,8.07,1.65,6002,1.03,500,1116.4100341796875,2.4179999828338623,278,반도체,Listed,0.0
2017-03-24,50000,50200,49300,49500,5174622,2.1671826625387,36036117067500,728002365,29377,8.25,1.68,6002,1.01,500,1121.22998046875,2.4000000953674316,278,반도체,Listed,0.0
2017-03-27,50000,51100,49950,50700,5607032,2.4242424242424243,36909719905500,728002365,29377,8.45,1.73,6002,0.99,500,1111.0999755859375,2.372999906539917,278,반도체,Listed,0.0
2017-03-28,51200,51300,50000,50800,2862493,0.19723865877712032,36982520142000,728002365,29377,8.46,1.73,6002,0.98,500,1115.5,2.4089999198913574,278,반도체,Listed,0.0
2017-03-29,51000,52200,50800,51300,4154277,0.984251968503937,37346521324500,728002365,29377,8.55,1.75,6002,0.97,500,1109.949951171875,2.385999917984009,278,반도체,Listed,0.0
2017-03-30,51100,51500,50200,50900,2204243,-0.7797270955165692,37055320378500,728002365,29377,8.48,1.73,6002,0.98,500,1117.02001953125,2.4159998893737793,278,반도체,Listed,0.0
2017-03-31,50800,50800,49900,50500,2682196,-0.7858546168958742,36764119432500,728002365,29377,8.41,1.72,6002,0.99,500,1117.02001953125,2.3959999084472656,278,반도체,Listed,0.0
2017-04-03,50800,51900,50700,51800,2361892,2.5742574257425743,37710522507000,728002365,29377,8.63,1.76,6002,0.97,500,1116.22998046875,2.3499999046325684,278,반도체,Listed,0.0
2017-04-04,52100,52200,50800,51000,2192884,-1.5444015444015444,37128120615000,728002365,29377,8.5,1.74,6002,0.98,500,1124.0999755859375,2.3499999046325684,278,반도체,Listed,0.0
2017-04-05,50600,51000,49950,50300,2758658,-1.3725490196078431,36618518959500,728002365,29377,8.38,1.71,6002,0.99,500,1127.0999755859375,2.3570001125335693,278,반도체,Listed,0.0
2017-04-06,50300,50500,49100,49400,2991825,-1.7892644135188867,35963316831000,728002365,29377,8.23,1.68,6002,1.01,500,1130.0,2.3429999351501465,278,반도체,Listed,0.0
2017-04-07,49450,49800,48700,49800,2645476,0.8097165991902834,36254517777000,728002365,29377,8.3,1.7,6002,1.0,500,1130.0,2.372999906539917,278,반도체,Listed,0.0
2017-04-10,49700,49750,48950,49000,1824895,-1.6064257028112447,35672115885000,728002365,29377,8.16,1.67,6002,1.02,500,1142.030029296875,2.3610000610351562,278,반도체,Listed,0.0
2017-04-11,48550,49350,48400,48850,2384127,-0.30612244897959184,35562915530250,728002365,29377,8.14,1.66,6002,1.02,500,1144.5899658203125,2.2980000972747803,278,반도체,Listed,0.0
2017-04-12,48800,49200,48550,49000,1694663,0.3070624360286591,35672115885000,728002365,29377,8.16,1.67,6002,1.02,500,1133.4300537109375,2.2960000038146973,278,반도체,Listed,0.0
2017-04-13,49100,50200,48650,49750,2367158,1.530612244897959,36218117658750,728002365,29377,8.29,1.69,6002,1.01,500,1135.0,2.2320001125335693,278,반도체,Listed,0.0
2017-04-14,49750,50700,49450,49800,2845128,0.10050251256281408,36254517777000,728002365,29377,8.3,1.7,6002,1.0,500,1135.0,2.2320001125335693,278,반도체,Listed,0.0
2017-04-17,50200,50300,49100,49200,2002100,-1.2048192771084338,35817716358000,728002365,29377,8.2,1.67,6002,1.02,500,1131.800048828125,2.252000093460083,278,반도체,Listed,0.0
2017-04-18,49600,50400,49300,50200,1899560,2.0325203252032518,36545718723000,728002365,29377,8.36,1.71,6002,1.0,500,1141.6800537109375,2.178999900817871,278,반도체,Listed,0.0
2017-04-19,50300,50400,49850,49850,1587172,-0.697211155378486,36290917895250,728002365,29377,8.31,1.7,6002,1.0,500,1141.8900146484375,2.2019999027252197,278,반도체,Listed,0.0
2017-04-20,49750,51700,49700,51400,3573280,3.1093279839518555,37419321561000,728002365,29377,8.56,1.75,6002,0.97,500,1137.1099853515625,2.240999937057495,278,반도체,Listed,0.0
2017-04-21,51800,52500,51300,52000,3834454,1.1673151750972763,37856122980000,728002365,29377,8.66,1.77,6002,0.96,500,1137.1099853515625,2.236999988555908,278,반도체,Listed,0.0
2017-04-24,52700,53200,52100,52400,3158545,0.7692307692307693,38147323926000,728002365,29377,8.73,1.78,6002,0.95,500,1133.8399658203125,2.2730000019073486,278,반도체,Listed,0.0
2017-04-25,52800,52800,51300,52400,5312931,0.0,38147323926000,728002365,29377,8.73,1.78,6002,0.95,500,1125.469970703125,2.3269999027252197,278,반도체,Listed,0.0
2017-04-26,53100,54200,53000,53700,5609007,2.480916030534351,39093727000500,728002365,29377,8.95,1.83,6002,0.93,500,1131.800048828125,2.311000108718872,278,반도체,Listed,0.0
2017-04-27,53800,53900,52700,53600,2743963,-0.186219739292365,39020926764000,728002365,29377,8.93,1.82,6002,0.93,500,1129.93994140625,2.2960000038146973,278,반도체,Listed,0.0
2017-04-28,53600,54700,53400,54000,3573387,0.7462686567164178,39312127710000,728002365,29377,9.0,1.84,6002,0.93,500,1129.93994140625,2.2820000648498535,278,반도체,Listed,0.0
2017-05-02,55300,55900,54800,55400,4347745,2.5925925925925926,40331331021000,728002365,32990,13.24,1.68,4184,1.08,600,1127.760009765625,2.2960000038146973,278,반도체,Listed,0.0
2017-05-04,55900,55900,55000,55900,2780438,0.9025270758122743,40695332203500,728002365,32990,13.36,1.69,4184,1.07,600,1134.93994140625,2.3559999465942383,278,반도체,Listed,0.0
2017-05-08,56000,57000,55700,56900,3818771,1.7889087656529516,41423334568500,728002365,32990,13.6,1.72,4184,1.05,600,1132.6500244140625,2.375999927520752,278,반도체,Listed,0.0
2017-05-10,57400,58100,55200,55600,4766870,-2.2847100175746924,40476931494000,728002365,32990,13.29,1.69,4184,1.08,600,1130.0400390625,2.4140000343322754,278,반도체,Listed,0.0
2017-05-11,56000,56400,54800,56400,3509393,1.4388489208633095,41059333386000,728002365,32990,13.48,1.71,4184,1.06,600,1123.1600341796875,2.4000000953674316,278,반도체,Listed,0.0
2017-05-12,56400,56400,55100,55300,2303244,-1.950354609929078,40258530784500,728002365,32990,13.22,1.68,4184,1.08,600,1123.1600341796875,2.3350000381469727,278,반도체,Listed,0.0
2017-05-15,55300,56100,55300,55600,1542366,0.5424954792043399,40476931494000,728002365,32990,13.29,1.69,4184,1.08,600,1117.4300537109375,2.3380000591278076,278,반도체,Listed,0.0
2017-05-16,56200,56800,55200,55300,2546047,-0.539568345323741,40258530784500,728002365,32990,13.22,1.68,4184,1.08,600,1115.0,2.3289999961853027,278,반도체,Listed,0.0
2017-05-17,55400,55700,54400,54700,2485465,-1.0849909584086799,39821729365500,728002365,32990,13.07,1.66,4184,1.1,600,1120.949951171875,2.2160000801086426,278,반도체,Listed,0.0
2017-05-18,53600,55700,53400,55700,3494997,1.8281535648994516,40549731730500,728002365,32990,13.31,1.69,4184,1.08,600,1128.4100341796875,2.2330000400543213,278,반도체,Listed,0.0
2017-05-19,55100,55600,54200,54200,2860160,-2.6929982046678633,39457728183000,728002365,32990,12.95,1.64,4184,1.11,600,1128.4100341796875,2.244999885559082,278,반도체,Listed,0.0
2017-05-22,54900,56000,54800,56000,2544180,3.3210332103321036,40768132440000,728002365,32990,13.38,1.7,4184,1.07,600,1114.780029296875,2.253999948501587,278,반도체,Listed,0.0
2017-05-23,56400,56500,55000,55100,2410542,-1.607142857142857,40112930311500,728002365,32990,13.17,1.67,4184,1.09,600,1124.5699462890625,2.2850000858306885,278,반도체,Listed,0.0
2017-05-24,55700,56500,55600,55800,2324952,1.2704174228675136,40622531967000,728002365,32990,13.34,1.69,4184,1.08,600,1118.3800048828125,2.2660000324249268,278,반도체,Listed,0.0
2017-05-25,56400,56400,55400,55800,1996135,0.0,40622531967000,728002365,32990,13.34,1.69,4184,1.08,600,1119.56005859375,2.255000114440918,278,반도체,Listed,0.0
2017-05-26,56000,57100,56000,57100,3145737,2.3297491039426523,41568935041500,728002365,32990,13.65,1.73,4184,1.05,600,1119.56005859375,2.25,278,반도체,Listed,0.0
2017-05-29,57700,58800,57100,57900,3294700,1.4010507880910683,42151336933500,728002365,32990,13.84,1.76,4184,1.04,600,1122.8399658203125,2.25,278,반도체,Listed,0.0
2017-05-30,58200,58400,56600,57400,2368225,-0.8635578583765112,41787335751000,728002365,32990,13.72,1.74,4184,1.05,600,1123.9000244140625,2.2170000076293945,278,반도체,Listed,0.0
2017-05-31,57400,57900,56500,57000,3314659,-0.6968641114982579,41496134805000,728002365,32990,13.62,1.73,4184,1.05,600,1119.02001953125,2.196000099182129,278,반도체,Listed,0.0
2017-06-01,56700,56900,56100,56400,2006611,-1.0526315789473684,41059333386000,728002365,32990,13.48,1.71,4184,1.06,600,1121.0400390625,2.2170000076293945,278,반도체,Listed,0.0
2017-06-02,56900,57500,56400,57100,2481215,1.2411347517730498,41568935041500,728002365,32990,13.65,1.73,4184,1.05,600,1121.0400390625,2.1589999198913574,278,반도체,Listed,0.0
2017-06-05,57200,57200,55900,56100,2525078,-1.7513134851138354,40840932676500,728002365,32990,13.41,1.7,4184,1.07,600,1116.949951171875,2.181999921798706,278,반도체,Listed,0.0
2017-06-07,55900,56900,55400,56500,3040030,0.7130124777183601,41132133622500,728002365,32990,13.5,1.71,4184,1.06,600,1123.1400146484375,2.177999973297119,278,반도체,Listed,0.0
2017-06-08,56500,57000,56200,56700,3943311,0.35398230088495575,41277734095500,728002365,32990,13.55,1.72,4184,1.06,600,1121.510009765625,2.194000005722046,278,반도체,Listed,0.0
2017-06-09,56700,58400,56500,58300,4799560,2.821869488536155,42442537879500,728002365,32990,13.93,1.77,4184,1.03,600,1121.510009765625,2.1989998817443848,278,반도체,Listed,0.0
2017-06-12,57200,57900,56800,57500,2650404,-1.3722126929674099,41860135987500,728002365,32990,13.74,1.74,4184,1.04,600,1130.489990234375,2.2130000591278076,278,반도체,Listed,0.0
2017-06-13,57700,58900,56900,58800,3431811,2.2608695652173916,42806539062000,728002365,32990,14.05,1.78,4184,1.02,600,1126.550048828125,2.2070000171661377,278,반도체,Listed,0.0
2017-06-14,59200,60000,58800,59300,4441904,0.8503401360544218,43170540244500,728002365,32990,14.17,1.8,4184,1.01,600,1118.9000244140625,2.138000011444092,278,반도체,Listed,0.0
2017-06-15,59300,61000,59300,60600,4549233,2.1922428330522767,44116943319000,728002365,32990,14.48,1.84,4184,0.99,600,1129.93994140625,2.1619999408721924,278,반도체,Listed,0.0
2017-06-16,61100,61600,59900,60500,3932203,-0.16501650165016502,44044143082500,728002365,32990,14.46,1.83,4184,0.99,600,1129.93994140625,2.1570000648498535,278,반도체,Listed,0.0
2017-06-19,61300,63200,61300,62800,5315543,3.8016528925619832,45718548522000,728002365,32990,15.01,1.9,4184,0.96,600,1135.72998046875,2.190000057220459,278,반도체,Listed,0.0
2017-06-20,64700,65400,63700,64000,6519471,1.910828025477707,46592151360000,728002365,32990,15.3,1.94,4184,0.94,600,1140.8499755859375,2.1530001163482666,278,반도체,Listed,0.0
2017-06-21,63300,66300,62900,64800,5650669,1.25,47174553252000,728002365,32990,15.49,1.96,4184,0.93,600,1142.5,2.1549999713897705,278,반도체,Listed,0.0
2017-06-22,66500,66500,64500,65000,4977159,0.30864197530864196,47320153725000,728002365,32990,15.54,1.97,4184,0.92,600,1139.050048828125,2.1530001163482666,278,반도체,Listed,0.0
2017-06-23,64500,65400,63500,65000,3189590,0.0,47320153725000,728002365,32990,15.54,1.97,4184,0.92,600,1139.050048828125,2.1440000534057617,278,반도체,Listed,0.0
2017-06-26,65000,67500,65000,67500,3516630,3.8461538461538463,49140159637500,728002365,32990,16.13,2.05,4184,0.89,600,1133.0799560546875,2.13700008392334,278,반도체,Listed,0.0
2017-06-27,68200,69600,67000,69200,4951341,2.5185185185185186,50377763658000,728002365,32990,16.54,2.1,4184,0.87,600,1139.9599609375,2.197999954223633,278,반도체,Listed,0.0
2017-06-28,68100,69200,66800,67200,5520578,-2.8901734104046244,48921758928000,728002365,32990,16.06,2.04,4184,0.89,600,1137.699951171875,2.2209999561309814,278,반도체,Listed,0.0
2017-06-29,67900,68800,67100,68500,3702501,1.9345238095238095,49868162002500,728002365,32990,16.37,2.08,4184,0.88,600,1146.1400146484375,2.2669999599456787,278,반도체,Listed,0.0
2017-06-30,67400,67800,67000,67400,3230282,-1.6058394160583942,49067359401000,728002365,32990,16.11,2.04,4184,0.89,600,1146.1400146484375,2.302000045776367,278,반도체,Listed,0.0
2017-07-03,66500,66900,65500,66300,3763473,-1.6320474777448073,48266556799500,728002365,32990,15.85,2.01,4184,0.9,600,1149.5799560546875,2.3459999561309814,278,반도체,Listed,0.0
2017-07-04,65900,67100,65300,65800,2895782,-0.7541478129713424,47902555617000,728002365,32990,15.73,1.99,4184,0.91,600,1149.199951171875,2.3459999561309814,278,반도체,Listed,0.0
2017-07-05,65600,68200,65300,68000,4557456,3.343465045592705,49504160820000,728002365,32990,16.25,2.06,4184,0.88,600,1152.8499755859375,2.3340001106262207,278,반도체,Listed,0.0
2017-07-06,69000,69400,67500,68100,4048922,0.14705882352941177,49576961056500,728002365,32990,16.28,2.06,4184,0.88,600,1156.3699951171875,2.369999885559082,278,반도체,Listed,0.0
2017-07-07,67600,68400,66100,66600,3242213,-2.2026431718061676,48484957509000,728002365,32990,15.92,2.02,4184,0.9,600,1156.3699951171875,2.3929998874664307,278,반도체,Listed,0.0
2017-07-10,67000,67500,65700,67300,2667048,1.0510510510510511,48994559164500,728002365,32990,16.09,2.04,4184,0.89,600,1153.81005859375,2.371000051498413,278,반도체,Listed,0.0
2017-07-11,67400,69000,66900,69000,3187332,2.526002971768202,50232163185000,728002365,32990,16.49,2.09,4184,0.87,600,1147.969970703125,2.361999988555908,278,반도체,Listed,0.0
2017-07-12,68700,69500,68400,68900,3462150,-0.14492753623188406,50159362948500,728002365,32990,16.47,2.09,4184,0.87,600,1137.1199951171875,2.3269999027252197,278,반도체,Listed,0.0
2017-07-13,69500,71900,69200,70600,5432312,2.467343976777939,51396966969000,728002365,32990,16.87,2.14,4184,0.85,600,1136.6300048828125,2.3480000495910645,278,반도체,Listed,0.0
2017-07-14,71400,72200,70700,71100,2931832,0.708215297450425,51760968151500,728002365,32990,16.99,2.16,4184,0.84,600,1136.6300048828125,2.319000005722046,278,반도체,Listed,0.0
2017-07-17,71800,71900,70200,71200,2804598,0.14064697609001406,51833768388000,728002365,32990,17.02,2.16,4184,0.84,600,1127.6600341796875,2.309000015258789,278,반도체,Listed,0.0
2017-07-18,70700,71800,70600,70800,2066194,-0.5617977528089888,51542567442000,728002365,32990,16.92,2.15,4184,0.85,600,1124.27001953125,2.263000011444092,278,반도체,Listed,0.0
2017-07-19,71200,71200,70000,71000,2009799,0.2824858757062147,51688167915000,728002365,32990,16.97,2.15,4184,0.85,600,1123.5,2.2679998874664307,278,반도체,Listed,0.0
2017-07-20,71400,71700,70800,71300,1647153,0.42253521126760557,51906568624500,728002365,32990,17.04,2.16,4184,0.84,600,1120.56005859375,2.2660000324249268,278,반도체,Listed,0.0
2017-07-21,70800,71300,70300,71200,1599111,-0.1402524544179523,51833768388000,728002365,32990,17.02,2.16,4184,0.84,600,1120.56005859375,2.2320001125335693,278,반도체,Listed,0.0
2017-07-24,71300,73000,71000,73000,3598173,2.528089887640449,53144172645000,728002365,32990,17.45,2.21,4184,0.82,600,1113.9000244140625,2.253999948501587,278,반도체,Listed,0.0
2017-07-25,72900,73000,70100,70400,6028435,-3.5616438356164384,51251366496000,728002365,32990,16.83,2.13,4184,0.85,600,1119.239990234375,2.3259999752044678,278,반도체,Listed,0.0
2017-07-26,69600,69900,66700,66800,9659618,-5.113636363636364,48630557982000,728002365,32990,15.97,2.02,4184,0.9,600,1111.8499755859375,2.2820000648498535,278,반도체,Listed,0.0
2017-07-27,66800,69500,66800,68400,6177375,2.3952095808383236,49795361766000,728002365,32990,16.35,2.07,4184,0.88,600,1115.510009765625,2.309999942779541,278,반도체,Listed,0.0
2017-07-28,67800,67900,64200,64600,8093780,-5.555555555555555,47028952779000,728002365,32990,15.44,1.96,4184,0.93,600,1115.510009765625,2.2890000343322754,278,반도체,Listed,0.0
2017-07-31,63700,66000,63700,66000,4769724,2.1671826625387,48048156090000,728002365,32990,15.77,2.0,4184,0.91,600,1118.72998046875,2.2920000553131104,278,반도체,Listed,0.0
2017-08-01,65300,66500,64700,65500,3744523,-0.7575757575757576,47684154907500,728002365,32990,15.65,1.99,4184,0.92,600,1120.3699951171875,2.250999927520752,278,반도체,Listed,0.0
2017-08-02,67900,68200,66600,68000,4161592,3.816793893129771,49504160820000,728002365,32990,16.25,2.06,4184,0.88,600,1122.0999755859375,2.26200008392334,278,반도체,Listed,0.0
2017-08-03,67900,67900,65200,65500,4992104,-3.6764705882352944,47684154907500,728002365,32990,15.65,1.99,4184,0.92,600,1127.25,2.2279999256134033,278,반도체,Listed,0.0
2017-08-04,65100,66100,63200,64000,5938549,-2.2900763358778624,46592151360000,728002365,32990,15.3,1.94,4184,0.94,600,1127.25,2.2669999599456787,278,반도체,Listed,0.0
2017-08-07,64000,65000,63700,64100,3518575,0.15625,46664951596500,728002365,32990,15.32,1.94,4184,0.94,600,1125.3499755859375,2.256999969482422,278,반도체,Listed,0.0
2017-08-08,64900,66400,64800,66300,4372768,3.43213728549142,48266556799500,728002365,32990,15.85,2.01,4184,0.9,600,1126.0699462890625,2.2829999923706055,278,반도체,Listed,0.0
2017-08-09,65400,65400,64000,64200,4037319,-3.167420814479638,46737751833000,728002365,32990,15.34,1.95,4184,0.93,600,1138.22998046875,2.240999937057495,278,반도체,Listed,0.0
2017-08-10,63700,64600,63200,64400,4474120,0.3115264797507788,46883352306000,728002365,32990,15.39,1.95,4184,0.93,600,1143.52001953125,2.2119998931884766,278,반도체,Listed,0.0
2017-08-11,62000,63000,61400,61400,6664578,-4.658385093167702,44699345211000,728002365,32990,14.67,1.86,4184,0.98,600,1143.52001953125,2.188999891281128,278,반도체,Listed,0.0
2017-08-14,63000,65100,62300,65100,5239246,6.026058631921824,47392953961500,728002365,32990,15.56,1.97,4184,0.92,600,1138.9200439453125,2.2190001010894775,278,반도체,Listed,0.0
2017-08-16,67200,67300,65800,66100,4714899,1.5360983102918586,48120956326500,728002365,32990,15.8,2.0,4184,0.91,600,1134.800048828125,2.2260000705718994,278,반도체,Listed,0.0
2017-08-17,66800,67300,66100,66400,3709768,0.45385779122541603,48339357036000,728002365,32990,15.87,2.01,4184,0.9,600,1140.47998046875,2.1989998817443848,278,반도체,Listed,0.0
2017-08-18,64900,67300,64800,67000,3130891,0.9036144578313252,48776158455000,728002365,32990,16.01,2.03,4184,0.9,600,1140.47998046875,2.194000005722046,278,반도체,Listed,0.0
2017-08-21,67300,67800,66600,67200,2570150,0.2985074626865672,48921758928000,728002365,32990,16.06,2.04,4184,0.89,600,1137.9300537109375,2.180000066757202,278,반도체,Listed,0.0
2017-08-22,67400,68200,67200,68200,2208365,1.488095238095238,49649761293000,728002365,32990,16.3,2.07,4184,0.88,600,1131.1600341796875,2.2149999141693115,278,반도체,Listed,0.0
2017-08-23,69000,69000,67600,68000,3072911,-0.2932551319648094,49504160820000,728002365,32990,16.25,2.06,4184,0.88,600,1125.449951171875,2.1710000038146973,278,반도체,Listed,0.0
2017-08-24,68200,68700,67500,68100,2333347,0.14705882352941177,49576961056500,728002365,32990,16.28,2.06,4184,0.88,600,1127.280029296875,2.194000005722046,278,반도체,Listed,0.0
2017-08-25,68300,68400,67600,68400,1862764,0.4405286343612335,49795361766000,728002365,32990,16.35,2.07,4184,0.88,600,1127.280029296875,2.1689999103546143,278,반도체,Listed,0.0
2017-08-28,68000,68100,67100,67900,1843458,-0.7309941520467835,49431360583500,728002365,32990,16.23,2.06,4184,0.88,600,1118.010009765625,2.1589999198913574,278,반도체,Listed,0.0
2017-08-29,67300,67900,66400,67600,2967906,-0.4418262150220913,49212959874000,728002365,32990,16.16,2.05,4184,0.89,600,1124.1400146484375,2.135999917984009,278,반도체,Listed,0.0
2017-08-30,68300,68900,68100,68500,2118742,1.3313609467455623,49868162002500,728002365,32990,16.37,2.08,4184,0.88,600,1123.3299560546875,2.1429998874664307,278,반도체,Listed,0.0
2017-08-31,68900,69300,68200,68600,2054717,0.145985401459854,49940962239000,728002365,32990,16.4,2.08,4184,0.87,600,1123.5400390625,2.121000051498413,278,반도체,Listed,0.0
2017-09-01,69000,69200,67700,68700,2304425,0.1457725947521866,50013762475500,728002365,32990,16.42,2.08,4184,0.87,600,1123.5400390625,2.1570000648498535,278,반도체,Listed,0.0
2017-09-04,66600,68600,66600,68100,3234465,-0.8733624454148471,49576961056500,728002365,32990,16.28,2.06,4184,0.88,600,1132.1300048828125,2.1570000648498535,278,반도체,Listed,0.0
2017-09-05,68600,70100,67900,69900,4026248,2.643171806167401,50887365313500,728002365,32990,16.71,2.12,4184,0.86,600,1131.6500244140625,2.069999933242798,278,반도체,Listed,0.0
2017-09-06,69900,71900,69700,71700,4476200,2.575107296137339,52197769570500,728002365,32990,17.14,2.17,4184,0.84,600,1131.52001953125,2.1080000400543213,278,반도체,Listed,0.0
2017-09-07,71600,72800,71200,71400,3877849,-0.41841004184100417,51979368861000,728002365,32990,17.07,2.16,4184,0.84,600,1127.030029296875,2.061000108718872,278,반도체,Listed,0.0
2017-09-08,72000,72800,71500,72600,2868673,1.680672268907563,52852971699000,728002365,32990,17.35,2.2,4184,0.83,600,1127.030029296875,2.061000108718872,278,반도체,Listed,0.0
2017-09-11,73600,74200,73200,73800,3321612,1.6528925619834711,53726574537000,728002365,32990,17.64,2.24,4184,0.81,600,1129.4300537109375,2.125,278,반도체,Listed,0.0
2017-09-12,74800,74900,73500,74700,3676865,1.2195121951219512,54381776665500,728002365,32990,17.85,2.26,4184,0.8,600,1127.5999755859375,2.1710000038146973,278,반도체,Listed,0.0
2017-09-13,75000,77400,74300,75700,5682708,1.3386880856760375,55109779030500,728002365,32990,18.09,2.29,4184,0.79,600,1130.1300048828125,2.194999933242798,278,반도체,Listed,0.0
2017-09-14,76300,76800,75700,76800,3366621,1.453104359313078,55910581632000,728002365,32990,18.36,2.33,4184,0.78,600,1133.1800537109375,2.197000026702881,278,반도체,Listed,0.0
2017-09-15,76100,77500,76000,77200,2725277,0.5208333333333333,56201782578000,728002365,32990,18.45,2.34,4184,0.78,600,1133.1800537109375,2.2019999027252197,278,반도체,Listed,0.0
2017-09-18,78200,80000,77700,79700,3638325,3.2383419689119166,58021788490500,728002365,32990,19.05,2.42,4184,0.75,600,1128.8199462890625,2.2290000915527344,278,반도체,Listed,0.0
2017-09-19,80100,80500,78500,79200,3934389,-0.6273525721455459,57657787308000,728002365,32990,18.93,2.4,4184,0.76,600,1130.3599853515625,2.243000030517578,278,반도체,Listed,0.0
2017-09-20,79300,81200,78400,80700,5268665,1.893939393939394,58749790855500,728002365,32990,19.29,2.45,4184,0.74,600,1131.1800537109375,2.2769999504089355,278,반도체,Listed,0.0
2017-09-21,81100,83400,80400,83100,6961713,2.973977695167286,60496996531500,728002365,32990,19.86,2.52,4184,0.72,600,1130.3499755859375,2.2780001163482666,278,반도체,Listed,0.0
2017-09-22,82900,84300,82000,83100,5970218,0.0,60496996531500,728002365,32990,19.86,2.52,4184,0.72,600,1130.3499755859375,2.26200008392334,278,반도체,Listed,0.0
2017-09-25,83600,86300,83600,86300,4656285,3.850782190132371,62826604099500,728002365,32990,20.63,2.62,4184,0.7,600,1133.8199462890625,2.2200000286102295,278,반도체,Listed,0.0
2017-09-26,84100,85100,81000,82100,11035272,-4.866743916570105,59768994166500,728002365,32990,19.62,2.49,4184,0.73,600,1136.719970703125,2.2290000915527344,278,반도체,Listed,0.0
2017-09-27,83100,83800,81400,82400,5029200,0.3654080389768575,59987394876000,728002365,32990,19.69,2.5,4184,0.73,600,1145.280029296875,2.309000015258789,278,반도체,Listed,0.0
2017-09-28,84500,85500,82500,83200,4817018,0.9708737864077669,60569796768000,728002365,32990,19.89,2.52,4184,0.72,600,1145.93994140625,2.309000015258789,278,반도체,Listed,0.0
2017-09-29,83300,84300,82200,82900,3579139,-0.3605769230769231,60351396058500,728002365,32990,19.81,2.51,4184,0.72,600,1145.93994140625,2.3259999752044678,278,반도체,Listed,0.0
2017-10-10,86300,90000,85300,88700,7956055,6.996381182147165,64573809775500,728002365,32990,21.2,2.69,4184,0.68,600,1133.8599853515625,2.3450000286102295,278,반도체,Listed,0.0
2017-10-11,89900,90300,88100,89100,5500820,0.4509582863585118,64865010721500,728002365,32990,21.3,2.7,4184,0.67,600,1131.489990234375,2.3450000286102295,278,반도체,Listed,0.0
2017-10-12,89200,89900,88100,88500,4313702,-0.6734006734006733,64428209302500,728002365,32990,21.15,2.68,4184,0.68,600,1132.06005859375,2.322999954223633,278,반도체,Listed,0.0
2017-10-13,88500,88500,85600,86100,6101810,-2.711864406779661,62681003626500,728002365,32990,20.58,2.61,4184,0.7,600,1132.06005859375,2.2799999713897705,278,반도체,Listed,0.0
2017-10-16,86100,87100,82800,84200,6985619,-2.2067363530778166,61297799133000,728002365,32990,20.12,2.55,4184,0.71,600,1127.0799560546875,2.306999921798706,278,반도체,Listed,0.0
2017-10-17,85700,86600,83500,83500,6802500,-0.831353919239905,60788197477500,728002365,32990,19.96,2.53,4184,0.72,600,1129.93994140625,2.2980000972747803,278,반도체,Listed,0.0
2017-10-18,83200,83300,80000,80900,9070685,-3.1137724550898205,58895391328500,728002365,32990,19.34,2.45,4184,0.74,600,1131.4000244140625,2.3389999866485596,278,반도체,Listed,0.0
2017-10-19,79900,81800,79000,79000,7675978,-2.3485784919653896,57512186835000,728002365,32990,18.88,2.39,4184,0.76,600,1127.8900146484375,2.321000099182129,278,반도체,Listed,0.0
2017-10-20,79800,82400,79600,81200,6911051,2.7848101265822782,59113792038000,728002365,32990,19.41,2.46,4184,0.74,600,1127.8900146484375,2.38100004196167,278,반도체,Listed,0.0
2017-10-23,82600,84700,82100,84700,5388391,4.310344827586207,61661800315500,728002365,32990,20.24,2.57,4184,0.71,600,1129.02001953125,2.375999927520752,278,반도체,Listed,0.0
2017-10-24,84000,84200,81600,81800,5236092,-3.4238488783943333,59550593457000,728002365,32990,19.55,2.48,4184,0.73,600,1129.72998046875,2.4059998989105225,278,반도체,Listed,0.0
2017-10-25,82100,82600,80300,81700,3914170,-0.12224938875305623,59477793220500,728002365,32990,19.53,2.48,4184,0.73,600,1126.469970703125,2.444000005722046,278,반도체,Listed,0.0
2017-10-26,80000,82000,78500,78700,7528077,-3.6719706242350063,57293786125500,728002365,32990,18.81,2.39,4184,0.76,600,1128.489990234375,2.4519999027252197,278,반도체,Listed,0.0
2017-10-27,78100,78700,76500,78400,8929263,-0.3811944091486658,57075385416000,728002365,32990,18.74,2.38,4184,0.77,600,1128.489990234375,2.427999973297119,278,반도체,Listed,0.0
2017-10-30,79600,81300,79100,79800,5883529,1.7857142857142856,58094588727000,728002365,32990,19.07,2.42,4184,0.75,600,1125.4599609375,2.369999885559082,278,반도체,Listed,0.0
2017-10-31,80000,82700,79200,82200,6620890,3.007518796992481,59841794403000,728002365,32990,19.65,2.49,4184,0.73,600,1123.449951171875,2.375999927520752,278,반도체,Listed,0.0
2017-11-01,86000,86000,84000,85300,7067296,3.7712895377128954,62098601734500,728002365,32990,20.39,2.59,4184,0.7,600,1117.72998046875,2.375999927520752,278,반도체,Listed,0.0
2017-11-02,85000,85100,83200,83400,4464960,-2.2274325908558033,60715397241000,728002365,32990,19.93,2.53,4184,0.72,600,1109.949951171875,2.3469998836517334,278,반도체,Listed,0.0
2017-11-03,83400,84500,81900,84400,4050123,1.1990407673860912,61443399606000,728002365,32990,20.17,2.56,4184,0.71,600,1111.7099609375,2.3429999351501465,278,반도체,Listed,0.0
2017-11-06,83600,84100,83000,83500,3131468,-1.066350710900474,60788197477500,728002365,32990,19.96,2.53,4184,0.72,600,1114.800048828125,2.319999933242798,278,반도체,Listed,0.0
2017-11-07,82800,83300,82200,82400,2993945,-1.3173652694610778,59987394876000,728002365,32990,19.69,2.5,4184,0.73,600,1113.75,2.306999921798706,278,반도체,Listed,0.0
2017-11-08,82100,84400,81800,83200,3396387,0.9708737864077669,60569796768000,728002365,32990,19.89,2.52,4184,0.72,600,1112.52001953125,2.325000047683716,278,반도체,Listed,0.0
2017-11-09,83200,83500,81600,82400,3748489,-0.9615384615384616,59987394876000,728002365,32990,19.69,2.5,4184,0.73,600,1113.1099853515625,2.3310000896453857,278,반도체,Listed,0.0
2017-11-10,81300,82800,81000,82000,2357772,-0.48543689320388345,59696193930000,728002365,32990,19.6,2.49,4184,0.73,600,1116.8499755859375,2.4000000953674316,278,반도체,Listed,0.0
2017-11-13,82000,83100,81800,82300,2955651,0.3658536585365854,59914594639500,728002365,32990,19.67,2.49,4184,0.73,600,1118.31005859375,2.4000000953674316,278,반도체,Listed,0.0
2017-11-14,83000,84500,82900,83400,3399976,1.336573511543135,60715397241000,728002365,32990,19.93,2.53,4184,0.72,600,1119.4599609375,2.38100004196167,278,반도체,Listed,0.0
2017-11-15,83800,84200,81900,82000,3207872,-1.6786570743405276,59696193930000,728002365,32990,19.6,2.49,4184,0.73,600,1115.77001953125,2.3350000381469727,278,반도체,Listed,0.0
2017-11-16,82300,82800,81200,82500,3053355,0.6097560975609756,60060195112500,728002365,32990,19.72,2.5,4184,0.73,600,1115.77001953125,2.3610000610351562,278,반도체,Listed,0.0
2017-11-17,83300,84800,83000,83000,4339090,0.6060606060606061,60424196295000,728002365,32990,19.84,2.52,4184,0.72,600,1096.3900146484375,2.3540000915527344,278,반도체,Listed,0.0
2017-11-20,83300,83300,81800,82100,2988991,-1.0843373493975903,59768994166500,728002365,32990,19.62,2.49,4184,0.73,600,1092.56005859375,2.371999979019165,278,반도체,Listed,0.0
2017-11-21,83200,85000,82800,85000,5540888,3.5322777101096223,61880201025000,728002365,32990,20.32,2.58,4184,0.71,600,1096.0,2.36299991607666,278,반도체,Listed,0.0
2017-11-22,86500,87700,86100,86800,4592670,2.1176470588235294,63190605282000,728002365,32990,20.75,2.63,4184,0.69,600,1091.260009765625,2.322000026702881,278,반도체,Listed,0.0
2017-11-23,86200,86300,84500,84700,2840382,-2.4193548387096775,61661800315500,728002365,32990,20.24,2.57,4184,0.71,600,1085.31005859375,2.322000026702881,278,반도체,Listed,0.0
2017-11-24,84500,85400,83900,85100,2073899,0.47225501770956313,61953001261500,728002365,32990,20.34,2.58,4184,0.71,600,1082.5899658203125,2.3399999141693115,278,반도체,Listed,0.0
2017-11-27,86000,86700,82000,83100,7105679,-2.3501762632197414,60496996531500,728002365,32990,19.86,2.52,4184,0.72,600,1084.949951171875,2.328000068664551,278,반도체,Listed,0.0
2017-11-28,82900,83600,81200,82600,4083144,-0.601684717208183,60132995349000,728002365,32990,19.74,2.5,4184,0.73,600,1090.06005859375,2.3380000591278076,278,반도체,Listed,0.0
2017-11-29,82900,83000,82100,82400,2418748,-0.24213075060532688,59987394876000,728002365,32990,19.69,2.5,4184,0.73,600,1083.449951171875,2.375999927520752,278,반도체,Listed,0.0
2017-11-30,77000,79600,76800,76800,11213748,-6.796116504854369,55910581632000,728002365,32990,18.36,2.33,4184,0.78,600,1080.6600341796875,2.4170000553131104,278,반도체,Listed,0.0
2017-12-01,77200,78800,77100,77400,4340592,0.78125,56347383051000,728002365,32990,18.5,2.35,4184,0.78,600,1087.22998046875,2.361999988555908,278,반도체,Listed,0.0
2017-12-04,77600,79200,76800,79100,4115752,2.1963824289405682,57584987071500,728002365,32990,18.91,2.4,4184,0.76,600,1082.510009765625,2.378999948501587,278,반도체,Listed,0.0
2017-12-05,77600,79300,77100,77900,3736568,-1.5170670037926675,56711384233500,728002365,32990,18.62,2.36,4184,0.77,600,1085.22998046875,2.3559999465942383,278,반도체,Listed,0.0
2017-12-06,78700,79500,77200,77500,3934238,-0.5134788189987163,56420183287500,728002365,32990,18.52,2.35,4184,0.77,600,1085.22998046875,2.3299999237060547,278,반도체,Listed,0.0
2017-12-07,78300,78300,75600,76000,5166136,-1.935483870967742,55328179740000,728002365,32990,18.16,2.3,4184,0.79,600,1092.5699462890625,2.375999927520752,278,반도체,Listed,0.0
2017-12-08,77500,78900,76900,78700,3660716,3.552631578947368,57293786125500,728002365,32990,18.81,2.39,4184,0.76,600,1092.43994140625,2.382999897003174,278,반도체,Listed,0.0
2017-12-11,79000,79500,78000,78700,2493176,0.0,57293786125500,728002365,32990,18.81,2.39,4184,0.76,600,1091.8199462890625,2.384999990463257,278,반도체,Listed,0.0
2017-12-12,79000,79000,77100,77800,3746347,-1.1435832274459974,56638583997000,728002365,32990,18.59,2.36,4184,0.77,600,1087.8299560546875,2.4030001163482666,278,반도체,Listed,0.0
2017-12-13,77400,77500,76200,76800,3485920,-1.2853470437017995,55910581632000,728002365,32990,18.36,2.33,4184,0.78,600,1091.260009765625,2.3489999771118164,278,반도체,Listed,0.0
2017-12-14,77200,77600,76000,76000,5552560,-1.0416666666666665,55328179740000,728002365,32990,18.16,2.3,4184,0.79,600,1084.1800537109375,2.3459999561309814,278,반도체,Listed,0.0
2017-12-15,77100,77400,75600,75700,3374982,-0.39473684210526316,55109779030500,728002365,32990,18.09,2.29,4184,0.79,600,1087.8199462890625,2.3550000190734863,278,반도체,Listed,0.0
2017-12-18,76200,77300,75900,77200,3237589,1.9815059445178336,56201782578000,728002365,32990,18.45,2.34,4184,0.78,600,1089.030029296875,2.3919999599456787,278,반도체,Listed,0.0
2017-12-19,78400,80800,78200,80200,6782210,3.8860103626943006,58385789673000,728002365,32990,19.17,2.43,4184,0.75,600,1085.3800048828125,2.4630000591278076,278,반도체,Listed,0.0
2017-12-20,80900,81600,79900,80100,4375810,-0.12468827930174563,58312989436500,728002365,32990,19.14,2.43,4184,0.75,600,1084.199951171875,2.496999979019165,278,반도체,Listed,0.0
2017-12-21,80200,80600,76900,77000,4831110,-3.870162297128589,56056182105000,728002365,32990,18.4,2.33,4184,0.78,600,1079.9599609375,2.4809999465942383,278,반도체,Listed,0.0
2017-12-22,76400,77400,76300,76700,3382954,-0.38961038961038963,55837781395500,728002365,32990,18.33,2.32,4184,0.78,600,1080.2099609375,2.484999895095825,278,반도체,Listed,0.0
2017-12-26,76600,76900,74000,74000,6253943,-3.5202086049543677,53872175010000,728002365,32990,17.69,2.24,4184,0.81,600,1076.3599853515625,2.4670000076293945,278,반도체,Listed,0.0
2017-12-27,75400,76400,74400,75100,4291492,1.4864864864864866,54672977611500,728002365,32990,17.95,2.28,4184,0.8,600,1075.0400390625,2.4140000343322754,278,반도체,Listed,0.0
2017-12-28,75400,76700,75200,76500,2825939,1.8641810918774968,55692180922500,728002365,32990,18.28,2.32,4184,0.78,600,1073.550048828125,2.431999921798706,278,반도체,Listed,0.0
2018-01-02,77300,77300,76200,76600,2014838,0.130718954248366,55764981159000,728002365,32990,18.31,2.32,4184,0.78,600,1065.219970703125,2.4649999141693115,278,반도체,Listed,0.0
2018-01-03,78100,78800,77300,77700,3097644,1.4360313315926894,56565783760500,728002365,32990,18.57,2.36,4184,0.77,600,1062.5400390625,2.447000026702881,278,반도체,Listed,0.0
2018-01-04,78700,79700,77100,77100,3729328,-0.7722007722007722,56128982341500,728002365,32990,18.43,2.34,4184,0.78,600,1063.93994140625,2.453000068664551,278,반도체,Listed,0.0
2018-01-05,78400,79400,78300,79300,3395065,2.853437094682231,57730587544500,728002365,32990,18.95,2.4,4184,0.76,600,1061.0799560546875,2.4760000705718994,278,반도체,Listed,0.0
2018-01-08,79500,80000,77400,78200,2960495,-1.3871374527112232,56929784943000,728002365,32990,18.69,2.37,4184,0.77,600,1060.5,2.4800000190734863,278,반도체,Listed,0.0
2018-01-09,78300,78900,76300,76900,3343874,-1.6624040920716114,55983381868500,728002365,32990,18.38,2.33,4184,0.78,600,1067.68994140625,2.5460000038146973,278,반도체,Listed,0.0
2018-01-10,76700,76700,72500,72900,9123901,-5.201560468140442,53071372408500,728002365,32990,17.42,2.21,4184,0.82,600,1071.739990234375,2.549999952316284,278,반도체,Listed,0.0
2018-01-11,73200,73800,72000,72600,3777867,-0.411522633744856,52852971699000,728002365,32990,17.35,2.2,4184,0.83,600,1069.6700439453125,2.5309998989105225,278,반도체,Listed,0.0
2018-01-12,73300,74500,72000,74400,5659087,2.479338842975207,54163375956000,728002365,32990,17.78,2.26,4184,0.81,600,1065.1400146484375,2.552000045776367,278,반도체,Listed,0.0
2018-01-15,73700,74100,72500,72700,3541267,-2.28494623655914,52925771935500,728002365,32990,17.38,2.2,4184,0.83,600,1055.800048828125,2.552000045776367,278,반도체,Listed,0.0
2018-01-16,72700,74700,72700,74400,4383229,2.3383768913342506,54163375956000,728002365,32990,17.78,2.26,4184,0.81,600,1061.8199462890625,2.5439999103546143,278,반도체,Listed,0.0
2018-01-17,74400,75000,73700,74100,3256624,-0.4032258064516129,53944975246500,728002365,32990,17.71,2.25,4184,0.81,600,1062.4599609375,2.578000068664551,278,반도체,Listed,0.0
2018-01-18,75800,76800,74600,75200,6199800,1.484480431848853,54745777848000,728002365,32990,17.97,2.28,4184,0.8,600,1066.56005859375,2.6110000610351562,278,반도체,Listed,0.0
2018-01-19,75300,75800,73000,73300,3898397,-2.5265957446808507,53362573354500,728002365,32990,17.52,2.22,4184,0.82,600,1069.68994140625,2.63700008392334,278,반도체,Listed,0.0
2018-01-22,72800,72800,70700,71100,5610463,-3.0013642564802185,51760968151500,728002365,32990,16.99,2.16,4184,0.84,600,1066.3599853515625,2.6649999618530273,278,반도체,Listed,0.0
2018-01-23,71800,72200,70900,71300,4671451,0.2812939521800281,51906568624500,728002365,32990,17.04,2.16,4184,0.84,600,1068.81005859375,2.624000072479248,278,반도체,Listed,0.0
2018-01-24,71600,73200,71500,72400,3802939,1.5427769985974753,52707371226000,728002365,32990,17.3,2.19,4184,0.83,600,1072.760009765625,2.6540000438690186,278,반도체,Listed,0.0
2018-01-25,73400,76200,72300,75800,8758929,4.696132596685083,55182579267000,728002365,32990,18.12,2.3,4184,0.79,600,1064.4000244140625,2.621000051498413,278,반도체,Listed,0.0
2018-01-26,76400,76400,74200,75500,4296170,-0.395778364116095,54964178557500,728002365,32990,18.04,2.29,4184,0.79,600,1064.8900146484375,2.6619999408721924,278,반도체,Listed,0.0
2018-01-29,76500,77000,75000,75300,3618328,-0.26490066225165565,54818578084500,728002365,32990,18.0,2.28,4184,0.8,600,1063.1300048828125,2.6989998817443848,278,반도체,Listed,0.0
2018-01-30,74300,74600,73100,73100,5443314,-2.921646746347941,53216972881500,728002365,32990,17.47,2.22,4184,0.82,600,1069.7900390625,2.7260000705718994,278,반도체,Listed,0.0
2018-01-31,72200,74500,72200,73500,5800892,0.5471956224350205,53508173827500,728002365,32990,17.57,2.23,4184,0.82,600,1072.5400390625,2.7200000286102295,278,반도체,Listed,0.0
2018-02-01,74900,75200,74000,74400,2987816,1.2244897959183674,54163375956000,728002365,32990,17.78,2.26,4184,0.81,600,1069.02001953125,2.7730000019073486,278,반도체,Listed,0.0
2018-02-02,74500,74600,71800,72200,4343077,-2.956989247311828,52561770753000,728002365,32990,17.26,2.19,4184,0.83,600,1071.1800537109375,2.8540000915527344,278,반도체,Listed,0.0
2018-02-05,70200,70900,69800,70200,4058439,-2.7700831024930745,51105766023000,728002365,32990,16.78,2.13,4184,0.85,600,1090.010009765625,2.7939999103546143,278,반도체,Listed,0.0
2018-02-06,69100,71300,68200,70200,5679965,0.0,51105766023000,728002365,32990,16.78,2.13,4184,0.85,600,1093.300048828125,2.7679998874664307,278,반도체,Listed,0.0
2018-02-07,73700,73800,70800,71100,6007913,1.282051282051282,51760968151500,728002365,32990,16.99,2.16,4184,0.84,600,1079.260009765625,2.8440001010894775,278,반도체,Listed,0.0
2018-02-08,71900,74200,71600,73900,5586858,3.938115330520394,53799374773500,728002365,32990,17.66,2.24,4184,0.81,600,1089.4200439453125,2.8510000705718994,278,반도체,Listed,0.0
2018-02-09,72100,74200,72000,73400,5118112,-0.6765899864682002,53435373591000,728002365,32990,17.54,2.22,4184,0.82,600,1095.8599853515625,2.8289999961853027,278,반도체,Listed,0.0
2018-02-12,73700,74700,73400,74500,3317876,1.4986376021798364,54236176192500,728002365,32990,17.81,2.26,4184,0.81,600,1083.1700439453125,2.8570001125335693,278,반도체,Listed,0.0
2018-02-13,75900,77800,75800,77700,7814367,4.295302013422819,56565783760500,728002365,32990,18.57,2.36,4184,0.77,600,1082.6099853515625,2.8399999141693115,278,반도체,Listed,0.0
2018-02-14,78400,79500,77000,77600,3943628,-0.1287001287001287,56492983524000,728002365,32990,18.55,2.35,4184,0.77,600,1083.77001953125,2.9130001068115234,278,반도체,Listed,0.0
2018-02-19,78900,79000,76100,76500,3350577,-1.4175257731958764,55692180922500,728002365,32990,18.28,2.32,4184,0.78,600,1065.6300048828125,2.877000093460083,278,반도체,Listed,0.0
2018-02-20,76400,76500,75200,75500,2507719,-1.3071895424836601,54964178557500,728002365,32990,18.04,2.29,4184,0.79,600,1066.7099609375,2.8929998874664307,278,반도체,Listed,0.0
2018-02-21,75800,77200,75800,76900,2653870,1.8543046357615895,55983381868500,728002365,32990,18.38,2.33,4184,0.78,600,1072.5400390625,2.943000078201294,278,반도체,Listed,0.0
2018-02-22,76100,77400,75700,75900,1879461,-1.3003901170351104,55255379503500,728002365,32990,18.14,2.3,4184,0.79,600,1074.8599853515625,2.9170000553131104,278,반도체,Listed,0.0
2018-02-23,76100,77600,76000,77300,2404473,1.844532279314888,56274582814500,728002365,32990,18.48,2.34,4184,0.78,600,1080.0799560546875,2.871000051498413,278,반도체,Listed,0.0
2018-02-26,78300,78500,77200,77500,2327486,0.258732212160414,56420183287500,728002365,32990,18.52,2.35,4184,0.77,600,1075.0,2.8589999675750732,278,반도체,Listed,0.0
2018-02-27,78700,79200,78400,78700,3395415,1.5483870967741935,57293786125500,728002365,32990,18.81,2.39,4184,0.76,600,1069.699951171875,2.9079999923706055,278,반도체,Listed,0.0
2018-02-28,78600,79200,76600,76800,3102987,-2.41423125794155,55910581632000,728002365,32990,18.36,2.33,4184,0.78,600,1079.3900146484375,2.868000030517578,278,반도체,Listed,0.0
2018-03-02,76300,77800,75900,77400,2673152,0.78125,56347383051000,728002365,32990,18.5,2.35,4184,0.78,600,1081.949951171875,2.8570001125335693,278,반도체,Listed,0.0
2018-03-05,77500,78900,77100,78300,3415061,1.1627906976744187,57002585179500,728002365,32990,18.71,2.37,4184,0.77,600,1079.2099609375,2.88100004196167,278,반도체,Listed,0.0
2018-03-06,80100,82500,80000,82400,7588369,5.236270753512133,59987394876000,728002365,32990,19.69,2.5,4184,0.73,600,1076.6600341796875,2.877000093460083,278,반도체,Listed,0.0
2018-03-07,83600,83900,82400,82700,4992841,0.3640776699029126,60205795585500,728002365,32990,19.77,2.51,4184,0.73,600,1063.1600341796875,2.882999897003174,278,반도체,Listed,0.0
2018-03-08,83900,84300,81800,83500,4440076,0.9673518742442563,60788197477500,728002365,32990,19.96,2.53,4184,0.72,600,1066.1500244140625,2.865999937057495,278,반도체,Listed,0.0
2018-03-09,84400,85900,83100,83300,5159197,-0.23952095808383234,60642597004500,728002365,32990,19.91,2.53,4184,0.72,600,1073.4599609375,2.8940000534057617,278,반도체,Listed,0.0
2018-03-12,84900,85600,84300,84900,2744795,1.9207683073229291,61807400788500,728002365,32990,20.29,2.57,4184,0.71,600,1064.050048828125,2.869999885559082,278,반도체,Listed,0.0
2018-03-13,88000,90000,87600,90000,8775741,6.007067137809187,65520212850000,728002365,32990,21.51,2.73,4184,0.67,600,1063.8599853515625,2.8480000495910645,278,반도체,Listed,0.0
2018-03-14,89300,90900,89200,90700,5939290,0.7777777777777778,66029814505500,728002365,32990,21.68,2.75,4184,0.66,600,1066.4000244140625,2.816999912261963,278,반도체,Listed,0.0
2018-03-15,90300,90500,88600,89600,4106667,-1.2127894156560088,65229011904000,728002365,32990,21.41,2.72,4184,0.67,600,1062.550048828125,2.8259999752044678,278,반도체,Listed,0.0
2018-03-16,88500,89900,87200,89800,5006430,0.2232142857142857,65374612377000,728002365,32990,21.46,2.72,4184,0.67,600,1068.75,2.8480000495910645,278,반도체,Listed,0.0
2018-03-19,90200,91500,89500,89900,3743718,0.11135857461024498,65447412613500,728002365,32990,21.49,2.73,4184,0.67,600,1070.2099609375,2.8450000286102295,278,반도체,Listed,0.0
2018-03-20,88900,89700,88000,89600,3083666,-0.33370411568409347,65229011904000,728002365,32990,21.41,2.72,4184,0.67,600,1072.1600341796875,2.878999948501587,278,반도체,Listed,0.0
2018-03-21,89600,90300,88000,88400,2942484,-1.3392857142857142,64355409066000,728002365,32990,21.13,2.68,4184,0.68,600,1070.550048828125,2.9070000648498535,278,반도체,Listed,0.0
2018-03-22,88800,89300,88000,88600,2698169,0.22624434389140274,64501009539000,728002365,32990,21.18,2.69,4184,0.68,600,1063.9599609375,2.8320000171661377,278,반도체,Listed,0.0
2018-03-23,85100,86400,82800,83100,7310739,-6.207674943566591,60496996531500,728002365,32990,19.86,2.52,4184,0.72,600,1079.9000244140625,2.8299999237060547,278,반도체,Listed,0.0
2018-03-26,82300,84000,81000,84000,6121334,1.083032490974729,61152198660000,728002365,32990,20.08,2.55,4184,0.71,600,1074.300048828125,2.8429999351501465,278,반도체,Listed,0.0
2018-03-27,84700,84800,80100,81400,7184488,-3.0952380952380953,59259392511000,728002365,32990,19.46,2.47,4184,0.74,600,1074.1199951171875,2.7860000133514404,278,반도체,Listed,0.0
2018-03-28,79900,82200,79600,80300,4820673,-1.3513513513513513,58458589909500,728002365,32990,19.19,2.43,4184,0.75,600,1063.4100341796875,2.7750000953674316,278,반도체,Listed,0.0
2018-03-29,80800,81300,79600,80300,3618849,0.0,58458589909500,728002365,32990,19.19,2.43,4184,0.75,600,1062.0,2.740999937057495,278,반도체,Listed,0.0
2018-03-30,81200,83300,81100,81300,3681673,1.2453300124533,59186592274500,728002365,32990,19.43,2.46,4184,0.74,600,1062.0,2.740999937057495,278,반도체,Listed,0.0
2018-04-02,81700,82800,81100,81300,2342407,0.0,59186592274500,728002365,32990,19.43,2.46,4184,0.74,600,1056.1600341796875,2.7320001125335693,278,반도체,Listed,0.0
2018-04-03,80300,81800,78700,81800,3553815,0.6150061500615006,59550593457000,728002365,32990,19.55,2.48,4184,0.73,600,1053.72998046875,2.7839999198913574,278,반도체,Listed,0.0
2018-04-04,82500,83000,80000,80400,2964537,-1.7114914425427872,58531390146000,728002365,32990,19.22,2.44,4184,0.75,600,1057.4300537109375,2.7880001068115234,278,반도체,Listed,0.0
2018-04-05,82200,83200,81200,82900,3255356,3.109452736318408,60351396058500,728002365,32990,19.81,2.51,4184,0.72,600,1061.6400146484375,2.8320000171661377,278,반도체,Listed,0.0
2018-04-06,80000,80600,79300,80300,5693281,-3.1363088057901085,58458589909500,728002365,32990,19.19,2.43,4184,0.75,600,1061.6400146484375,2.7750000953674316,278,반도체,Listed,0.0
2018-04-09,80000,81200,79300,80600,3231256,0.37359900373599003,58676990619000,728002365,32990,19.26,2.44,4184,0.74,600,1068.77001953125,2.7860000133514404,278,반도체,Listed,0.0
2018-04-10,80000,80800,79200,80400,2924054,-0.24813895781637718,58531390146000,728002365,32990,19.22,2.44,4184,0.75,600,1063.3800048828125,2.796999931335449,278,반도체,Listed,0.0
2018-04-11,82400,82400,81000,81200,3053453,0.9950248756218906,59113792038000,728002365,32990,19.41,2.46,4184,0.74,600,1065.75,2.7899999618530273,278,반도체,Listed,0.0
2018-04-12,81900,85100,81500,84000,5725102,3.4482758620689653,61152198660000,728002365,32990,20.08,2.55,4184,0.71,600,1069.97998046875,2.8340001106262207,278,반도체,Listed,0.0
2018-04-13,85000,85900,83900,84200,3032369,0.2380952380952381,61297799133000,728002365,32990,20.12,2.55,4184,0.71,600,1069.97998046875,2.8289999961853027,278,반도체,Listed,0.0
2018-04-16,84200,84700,83400,84000,1489091,-0.23752969121140144,61152198660000,728002365,32990,20.08,2.55,4184,0.71,600,1069.52001953125,2.8320000171661377,278,반도체,Listed,0.0
2018-04-17,83900,84000,82300,82800,2501282,-1.4285714285714286,60278595822000,728002365,32990,19.79,2.51,4184,0.72,600,1066.0899658203125,2.813999891281128,278,반도체,Listed,0.0
2018-04-18,84100,85400,83700,84600,3375376,2.1739130434782608,61589000079000,728002365,32990,20.22,2.56,4184,0.71,600,1064.0699462890625,2.867000102996826,278,반도체,Listed,0.0
2018-04-19,85800,88200,85300,87900,5901782,3.900709219858156,63991407883500,728002365,32990,21.01,2.66,4184,0.68,600,1066.239990234375,2.9140000343322754,278,반도체,Listed,0.0
2018-04-20,85900,86300,84000,84400,4590640,-3.981797497155859,61443399606000,728002365,32990,20.17,2.56,4184,0.71,600,1066.239990234375,2.9509999752044678,278,반도체,Listed,0.0
2018-04-23,83400,85300,83300,84400,3002461,0.0,61443399606000,728002365,32990,20.17,2.56,4184,0.71,600,1080.1800537109375,2.9730000495910645,278,반도체,Listed,0.0
2018-04-24,83300,83400,80400,82100,6804182,-2.7251184834123223,59768994166500,728002365,32990,19.62,2.49,4184,0.73,600,1076.75,2.9830000400543213,278,반도체,Listed,0.0
2018-04-25,81600,83000,80900,82400,3845661,0.3654080389768575,59987394876000,728002365,32990,19.69,2.5,4184,0.73,600,1081.1700439453125,3.0239999294281006,278,반도체,Listed,0.0
2018-04-26,83800,87100,83300,86500,7551747,4.975728155339806,62972204572500,728002365,32990,20.67,2.62,4184,0.69,600,1076.7900390625,2.990000009536743,278,반도체,Listed,0.0
2018-04-27,88500,88800,86800,87100,4961867,0.6936416184971098,63409005991500,728002365,32990,20.82,2.64,4184,0.69,600,1076.7900390625,2.9570000171661377,278,반도체,Listed,0.0
2018-04-30,85400,85700,84000,84500,4653153,-2.9850746268656714,61516199842500,728002365,32990,20.2,2.56,4184,0.71,600,1069.449951171875,2.936000108718872,278,반도체,Listed,0.0
2018-05-02,85900,86000,82900,83100,5444240,-1.6568047337278107,60496996531500,728002365,46449,5.51,1.79,15073,1.2,1000,1078.81005859375,2.9639999866485596,278,반도체,Listed,0.0
2018-05-03,83200,83900,82800,82900,2362792,-0.24067388688327318,60351396058500,728002365,46449,5.5,1.78,15073,1.21,1000,1074.1199951171875,2.946000099182129,278,반도체,Listed,0.0
2018-05-04,83500,84100,82600,83000,2696141,0.12062726176115801,60424196295000,728002365,46449,5.51,1.79,15073,1.2,1000,1074.1199951171875,2.944000005722046,278,반도체,Listed,0.0
2018-05-08,84500,85300,83200,83500,2979605,0.6024096385542169,60788197477500,728002365,46449,5.54,1.8,15073,1.2,1000,1077.56005859375,2.9690001010894775,278,반도체,Listed,0.0
2018-05-09,84300,84700,83100,83400,2284106,-0.11976047904191617,60715397241000,728002365,46449,5.53,1.8,15073,1.2,1000,1077.97998046875,3.003999948501587,278,반도체,Listed,0.0
2018-05-10,85400,85800,84500,85800,3274963,2.877697841726619,62462602917000,728002365,46449,5.69,1.85,15073,1.17,1000,1064.3699951171875,2.9709999561309814,278,반도체,Listed,0.0
2018-05-11,86600,86800,85400,86100,2107047,0.34965034965034963,62681003626500,728002365,46449,5.71,1.85,15073,1.16,1000,1064.3699951171875,2.9709999561309814,278,반도체,Listed,0.0
2018-05-14,86100,86300,84500,85400,1959236,-0.8130081300813009,62171401971000,728002365,46449,5.67,1.84,15073,1.17,1000,1069.1600341796875,2.994999885559082,278,반도체,Listed,0.0
2018-05-15,86000,86000,83900,84600,2239370,-0.936768149882904,61589000079000,728002365,46449,5.61,1.82,15073,1.18,1000,1078.8599853515625,3.0799999237060547,278,반도체,Listed,0.0
2018-05-16,85000,87000,84800,87000,3040180,2.8368794326241136,63336205755000,728002365,46449,5.77,1.87,15073,1.15,1000,1076.489990234375,3.0950000286102295,278,반도체,Listed,0.0
2018-05-17,88400,88700,86000,86700,2864278,-0.3448275862068966,63117805045500,728002365,46449,5.75,1.87,15073,1.15,1000,1080.9100341796875,3.1089999675750732,278,반도체,Listed,0.0
2018-05-18,87200,88000,85400,87900,2187789,1.384083044982699,63991407883500,728002365,46449,5.83,1.89,15073,1.14,1000,1080.9100341796875,3.066999912261963,278,반도체,Listed,0.0
2018-05-21,88400,89400,87400,89100,3262983,1.3651877133105803,64865010721500,728002365,46449,5.91,1.92,15073,1.12,1000,1076.510009765625,3.065000057220459,278,반도체,Listed,0.0
2018-05-23,91900,95500,91500,95300,10378915,6.958473625140292,69378625384500,728002365,46449,6.32,2.05,15073,1.05,1000,1074.7900390625,3.003000020980835,278,반도체,Listed,0.0
2018-05-24,95300,95900,94600,94600,3220029,-0.7345225603357817,68869023729000,728002365,46449,6.28,2.04,15073,1.06,1000,1079.22998046875,2.9809999465942383,278,반도체,Listed,0.0
2018-05-25,94300,97700,93900,95200,4145819,0.6342494714587738,69305825148000,728002365,46449,6.32,2.05,15073,1.05,1000,1079.22998046875,2.930999994277954,278,반도체,Listed,0.0
2018-05-28,94600,95600,93700,94500,2505786,-0.7352941176470588,68796223492500,728002365,46449,6.27,2.03,15073,1.06,1000,1073.1700439453125,2.930999994277954,278,반도체,Listed,0.0
2018-05-29,94600,96100,93500,94800,2733549,0.31746031746031744,69014624202000,728002365,46449,6.29,2.04,15073,1.05,1000,1083.9300537109375,2.7679998874664307,278,반도체,Listed,0.0
2018-05-30,94800,95700,92800,95000,3808299,0.21097046413502107,69160224675000,728002365,46449,6.3,2.05,15073,1.05,1000,1075.030029296875,2.8420000076293945,278,반도체,Listed,0.0
2018-05-31,94500,94700,92800,93400,5996671,-1.6842105263157894,67995420891000,728002365,46449,6.2,2.01,15073,1.07,1000,1079.949951171875,2.822000026702881,278,반도체,Listed,0.0
2018-06-01,90800,92200,89600,91400,4790644,-2.141327623126338,66539416161000,728002365,46449,6.06,1.97,15073,1.09,1000,1079.949951171875,2.8949999809265137,278,반도체,Listed,0.0
2018-06-04,91000,92400,89700,89800,3141036,-1.75054704595186,65374612377000,728002365,46449,5.96,1.93,15073,1.11,1000,1070.530029296875,2.937000036239624,278,반도체,Listed,0.0
2018-06-05,89800,91300,89800,91000,2758383,1.3363028953229399,66248215215000,728002365,46449,6.04,1.96,15073,1.1,1000,1070.2900390625,2.9189999103546143,278,반도체,Listed,0.0
2018-06-07,92700,92700,90600,90900,2754947,-0.10989010989010989,66175414978500,728002365,46449,6.03,1.96,15073,1.1,1000,1071.3299560546875,2.933000087738037,278,반도체,Listed,0.0
2018-06-08,91000,91000,87600,88400,4579508,-2.7502750275027505,64355409066000,728002365,46449,5.86,1.9,15073,1.13,1000,1071.3299560546875,2.937000036239624,278,반도체,Listed,0.0
2018-06-11,88800,90200,88100,89200,2535933,0.904977375565611,64937810958000,728002365,46449,5.92,1.92,15073,1.12,1000,1076.3800048828125,2.9570000171661377,278,반도체,Listed,0.0
2018-06-12,89900,90100,88200,88400,1876012,-0.8968609865470852,64355409066000,728002365,46449,5.86,1.9,15073,1.13,1000,1079.25,2.9570000171661377,278,반도체,Listed,0.0
2018-06-14,88300,88300,86300,86300,4646948,-2.3755656108597285,62826604099500,728002365,46449,5.73,1.86,15073,1.16,1000,1090.77001953125,2.946000099182129,278,반도체,Listed,0.0
2018-06-15,87400,87800,86100,87000,2945006,0.8111239860950173,63336205755000,728002365,46449,5.77,1.87,15073,1.15,1000,1090.77001953125,2.9240000247955322,278,반도체,Listed,0.0
2018-06-18,86800,86900,82300,84000,4723914,-3.4482758620689653,61152198660000,728002365,46449,5.57,1.81,15073,1.19,1000,1104.1600341796875,2.9260001182556152,278,반도체,Listed,0.0
2018-06-19,84100,86100,83700,84100,3824878,0.11904761904761905,61224998896500,728002365,46449,5.58,1.81,15073,1.19,1000,1111.1199951171875,2.8929998874664307,278,반도체,Listed,0.0
2018-06-20,85800,88100,85000,87800,4183210,4.399524375743162,63918607647000,728002365,46449,5.82,1.89,15073,1.14,1000,1107.719970703125,2.927999973297119,278,반도체,Listed,0.0
2018-06-21,88900,89300,87500,88500,3274612,0.7972665148063782,64428209302500,728002365,46449,5.87,1.91,15073,1.13,1000,1109.6300048828125,2.8970000743865967,278,반도체,Listed,0.0
2018-06-22,87300,89500,86700,89500,2569978,1.1299435028248588,65156211667500,728002365,46449,5.94,1.93,15073,1.12,1000,1109.6300048828125,2.9000000953674316,278,반도체,Listed,0.0
2018-06-25,88800,88800,84600,84800,4420542,-5.251396648044693,61734600552000,728002365,46449,5.63,1.83,15073,1.18,1000,1114.030029296875,2.875,278,반도체,Listed,0.0
2018-06-26,82500,84800,82400,84300,5518522,-0.589622641509434,61370599369500,728002365,46449,5.59,1.81,15073,1.19,1000,1117.5999755859375,2.880000114440918,278,반도체,Listed,0.0
2018-06-27,85700,86400,85200,85200,3798356,1.0676156583629894,62025801498000,728002365,46449,5.65,1.83,15073,1.17,1000,1122.780029296875,2.8269999027252197,278,반도체,Listed,0.0
2018-06-28,83000,84000,82500,83500,3838303,-1.9953051643192488,60788197477500,728002365,46449,5.54,1.8,15073,1.2,1000,1120.5400390625,2.8469998836517334,278,반도체,Listed,0.0
2018-06-29,83500,85700,83400,85700,3003603,2.6347305389221556,62389802680500,728002365,46449,5.69,1.85,15073,1.17,1000,1120.5400390625,2.8489999771118164,278,반도체,Listed,0.0
2018-07-02,85000,86000,83400,83700,2033542,-2.3337222870478413,60933797950500,728002365,46449,5.55,1.8,15073,1.19,1000,1118.1700439453125,2.865999937057495,278,반도체,Listed,0.0
2018-07-03,85000,86500,84500,86100,2817592,2.867383512544803,62681003626500,728002365,46449,5.71,1.85,15073,1.16,1000,1113.3399658203125,2.8380000591278076,278,반도체,Listed,0.0
2018-07-04,87800,87800,84400,85000,2744382,-1.2775842044134729,61880201025000,728002365,46449,5.64,1.83,15073,1.18,1000,1114.31005859375,2.8380000591278076,278,반도체,Listed,0.0
2018-07-05,85000,87300,85000,86200,2059342,1.411764705882353,62753803863000,728002365,46449,5.72,1.86,15073,1.16,1000,1117.760009765625,2.8399999141693115,278,반도체,Listed,0.0
2018-07-06,86200,86200,83600,85300,3482186,-1.0440835266821344,62098601734500,728002365,46449,5.66,1.84,15073,1.17,1000,1117.760009765625,2.8310000896453857,278,반도체,Listed,0.0
2018-07-09,85300,87600,85300,87600,2127205,2.6963657678780772,63773007174000,728002365,46449,5.81,1.89,15073,1.14,1000,1112.47998046875,2.859999895095825,278,반도체,Listed,0.0
2018-07-10,88400,88600,86700,87300,2002682,-0.3424657534246575,63554606464500,728002365,46449,5.79,1.88,15073,1.15,1000,1112.56005859375,2.872999906539917,278,반도체,Listed,0.0
2018-07-11,86500,87600,85900,86800,2037358,-0.572737686139748,63190605282000,728002365,46449,5.76,1.87,15073,1.15,1000,1127.1700439453125,2.8420000076293945,278,반도체,Listed,0.0
2018-07-12,86800,87000,85400,85600,3032951,-1.3824884792626728,62317002444000,728002365,46449,5.68,1.84,15073,1.17,1000,1122.6500244140625,2.8529999256134033,278,반도체,Listed,0.0
2018-07-13,86500,90100,86500,88800,4535954,3.7383177570093453,64646610012000,728002365,46449,5.89,1.91,15073,1.13,1000,1122.6500244140625,2.8310000896453857,278,반도체,Listed,0.0
2018-07-16,88700,89300,87800,89300,1896459,0.5630630630630631,65010611194500,728002365,46449,5.92,1.92,15073,1.12,1000,1126.9000244140625,2.8580000400543213,278,반도체,Listed,0.0
2018-07-17,90100,90200,88500,88600,1570129,-0.7838745800671892,64501009539000,728002365,46449,5.88,1.91,15073,1.13,1000,1125.550048828125,2.864000082015991,278,반도체,Listed,0.0
2018-07-18,89700,91000,89100,89300,1937496,0.7900677200902935,65010611194500,728002365,46449,5.92,1.92,15073,1.12,1000,1131.0899658203125,2.875,278,반도체,Listed,0.0
2018-07-19,90400,91200,90300,90300,2383489,1.1198208286674132,65738613559500,728002365,46449,5.99,1.94,15073,1.11,1000,1134.47998046875,2.8469998836517334,278,반도체,Listed,0.0
2018-07-20,89700,90000,87200,87900,3726334,-2.6578073089700998,63991407883500,728002365,46449,5.83,1.89,15073,1.14,1000,1134.47998046875,2.8949999809265137,278,반도체,Listed,0.0
2018-07-23,86300,86400,81200,81700,7076375,-7.053469852104664,59477793220500,728002365,46449,5.42,1.76,15073,1.22,1000,1132.449951171875,2.9649999141693115,278,반도체,Listed,0.0
2018-07-24,82500,83800,81700,83600,4023740,2.3255813953488373,60860997714000,728002365,46449,5.55,1.8,15073,1.2,1000,1127.97998046875,2.9489998817443848,278,반도체,Listed,0.0
2018-07-25,83400,84000,80200,80500,4154596,-3.7081339712918657,58604190382500,728002365,46449,5.34,1.73,15073,1.24,1000,1115.75,2.936000108718872,278,반도체,Listed,0.0
2018-07-26,81300,83800,78600,83100,6218102,3.229813664596273,60496996531500,728002365,46449,5.51,1.79,15073,1.2,1000,1123.1500244140625,2.9749999046325684,278,반도체,Listed,0.0
2018-07-27,83700,86400,83100,86100,4943923,3.6101083032490973,62681003626500,728002365,46449,5.71,1.85,15073,1.16,1000,1123.1500244140625,2.9600000381469727,278,반도체,Listed,0.0
2018-07-30,86200,86400,85100,85900,2301941,-0.23228803716608595,62535403153500,728002365,46449,5.7,1.85,15073,1.16,1000,1116.6700439453125,2.9749999046325684,278,반도체,Listed,0.0
2018-07-31,85200,86300,84500,86300,2804543,0.46565774155995343,62826604099500,728002365,46449,5.73,1.86,15073,1.16,1000,1112.199951171875,2.9639999866485596,278,반도체,Listed,0.0
2018-08-01,85900,86400,85100,85600,2265008,-0.8111239860950173,62317002444000,728002365,46449,5.68,1.84,15073,1.17,1000,1118.5999755859375,3.003000020980835,278,반도체,Listed,0.0
2018-08-02,85000,85600,82900,83200,3373964,-2.803738317757009,60569796768000,728002365,46449,5.52,1.79,15073,1.2,1000,1128.1500244140625,2.9860000610351562,278,반도체,Listed,0.0
2018-08-03,84000,84100,83100,83300,1928574,0.1201923076923077,60642597004500,728002365,46449,5.53,1.79,15073,1.2,1000,1128.1500244140625,2.953000068664551,278,반도체,Listed,0.0
2018-08-06,82200,82300,79300,79400,5910100,-4.68187274909964,57803387781000,728002365,46449,5.27,1.71,15073,1.26,1000,1125.4000244140625,2.937999963760376,278,반도체,Listed,0.0
2018-08-07,80100,80800,79700,80700,3288142,1.63727959697733,58749790855500,728002365,46449,5.35,1.74,15073,1.24,1000,1116.25,2.9730000495910645,278,반도체,Listed,0.0
2018-08-08,81500,81600,79400,79800,2804784,-1.1152416356877324,58094588727000,728002365,46449,5.29,1.72,15073,1.25,1000,1115.949951171875,2.9709999561309814,278,반도체,Listed,0.0
2018-08-09,80100,80300,77500,78000,5587662,-2.2556390977443606,56784184470000,728002365,46449,5.17,1.68,15073,1.28,1000,1121.8900146484375,2.934999942779541,278,반도체,Listed,0.0
2018-08-10,77200,77600,74600,75100,6785694,-3.717948717948718,54672977611500,728002365,46449,4.98,1.62,15073,1.33,1000,1121.8900146484375,2.8570001125335693,278,반도체,Listed,0.0
2018-08-13,74300,75700,74100,75400,3734794,0.3994673768308922,54891378321000,728002365,46449,5.0,1.62,15073,1.33,1000,1135.969970703125,2.877000093460083,278,반도체,Listed,0.0
2018-08-14,75900,76600,75500,75900,3206407,0.6631299734748011,55255379503500,728002365,46449,5.04,1.63,15073,1.32,1000,1126.75,2.8949999809265137,278,반도체,Listed,0.0
2018-08-16,73500,75400,72500,74700,5550888,-1.5810276679841897,54381776665500,728002365,46449,4.96,1.61,15073,1.34,1000,1126.239990234375,2.871000051498413,278,반도체,Listed,0.0
2018-08-17,74400,75500,74100,74500,2647963,-0.2677376171352075,54236176192500,728002365,46449,4.94,1.6,15073,1.34,1000,1126.239990234375,2.872999906539917,278,반도체,Listed,0.0
2018-08-20,74700,75400,74400,74700,2048829,0.2684563758389262,54381776665500,728002365,46449,4.96,1.61,15073,1.34,1000,1116.8800048828125,2.822999954223633,278,반도체,Listed,0.0
2018-08-21,74800,78700,74400,78400,5663191,4.953145917001338,57075385416000,728002365,46449,5.2,1.69,15073,1.28,1000,1116.0999755859375,2.8440001010894775,278,반도체,Listed,0.0
2018-08-22,79300,80900,78200,79800,5295710,1.7857142857142856,58094588727000,728002365,46449,5.29,1.72,15073,1.25,1000,1117.5,2.822999954223633,278,반도체,Listed,0.0
2018-08-23,80300,81300,79300,81100,3272130,1.6290726817042605,59040991801500,728002365,46449,5.38,1.75,15073,1.23,1000,1126.1500244140625,2.821000099182129,278,반도체,Listed,0.0
2018-08-24,80400,82200,79600,81800,3612709,0.8631319358816275,59550593457000,728002365,46449,5.43,1.76,15073,1.22,1000,1126.1500244140625,2.8259999752044678,278,반도체,Listed,0.0
2018-08-27,82100,83800,81600,83500,3070598,2.078239608801956,60788197477500,728002365,46449,5.54,1.8,15073,1.2,1000,1108.22998046875,2.8480000495910645,278,반도체,Listed,0.0
2018-08-28,84100,84300,81900,82400,4466308,-1.3173652694610778,59987394876000,728002365,46449,5.47,1.77,15073,1.21,1000,1106.8800048828125,2.884000062942505,278,반도체,Listed,0.0
2018-08-29,82500,83300,81600,82800,2330703,0.48543689320388345,60278595822000,728002365,46449,5.49,1.78,15073,1.21,1000,1108.449951171875,2.884000062942505,278,반도체,Listed,0.0
2018-08-30,82200,83500,81500,82700,2337573,-0.12077294685990338,60205795585500,728002365,46449,5.49,1.78,15073,1.21,1000,1115.449951171875,2.859999895095825,278,반도체,Listed,0.0
2018-08-31,81800,83000,81800,83000,2303812,0.36275695284159615,60424196295000,728002365,46449,5.51,1.79,15073,1.2,1000,1115.449951171875,2.8529999256134033,278,반도체,Listed,0.0
2018-09-03,82200,82800,80500,80600,2618619,-2.891566265060241,58676990619000,728002365,46449,5.35,1.74,15073,1.24,1000,1113.5,2.8529999256134033,278,반도체,Listed,0.0
2018-09-04,80600,81600,80200,81200,1903734,0.7444168734491315,59113792038000,728002365,46449,5.39,1.75,15073,1.23,1000,1121.300048828125,2.9019999504089355,278,반도체,Listed,0.0
2018-09-05,80600,81000,79900,80000,2627619,-1.477832512315271,58240189200000,728002365,46449,5.31,1.72,15073,1.25,1000,1118.0999755859375,2.9019999504089355,278,반도체,Listed,0.0
2018-09-06,78300,78900,77400,78800,4516654,-1.5,57366586362000,728002365,46449,5.23,1.7,15073,1.27,1000,1124.699951171875,2.878999948501587,278,반도체,Listed,0.0
2018-09-07,74500,76200,74100,75900,8388278,-3.6802030456852792,55255379503500,728002365,46449,5.04,1.63,15073,1.32,1000,1124.699951171875,2.941999912261963,278,반도체,Listed,0.0
2018-09-10,75900,77100,75500,76500,4167711,0.7905138339920948,55692180922500,728002365,46449,5.08,1.65,15073,1.31,1000,1136.77001953125,2.937000036239624,278,반도체,Listed,0.0
2018-09-11,76400,77800,76300,76600,3197796,0.130718954248366,55764981159000,728002365,46449,5.08,1.65,15073,1.31,1000,1125.300048828125,2.9769999980926514,278,반도체,Listed,0.0
2018-09-12,76200,76200,74700,75100,4330147,-1.95822454308094,54672977611500,728002365,46449,4.98,1.62,15073,1.33,1000,1125.75,2.9630000591278076,278,반도체,Listed,0.0
2018-09-13,74300,75200,73900,74500,5257563,-0.7989347536617843,54236176192500,728002365,46449,4.94,1.6,15073,1.34,1000,1120.550048828125,2.9630000591278076,278,반도체,Listed,0.0
2018-09-14,76100,77800,76000,77700,4124842,4.295302013422819,56565783760500,728002365,46449,5.15,1.67,15073,1.29,1000,1120.550048828125,2.99399995803833,278,반도체,Listed,0.0
2018-09-17,78000,78200,76700,77200,2252063,-0.6435006435006435,56201782578000,728002365,46449,5.12,1.66,15073,1.3,1000,1125.6199951171875,3.000999927520752,278,반도체,Listed,0.0
2018-09-18,76600,78300,76100,78000,2450163,1.0362694300518136,56784184470000,728002365,46449,5.17,1.68,15073,1.28,1000,1120.800048828125,3.0480000972747803,278,반도체,Listed,0.0
2018-09-19,79400,79700,78400,78800,2912259,1.0256410256410255,57366586362000,728002365,46449,5.23,1.7,15073,1.27,1000,1122.25,3.0829999446868896,278,반도체,Listed,0.0
2018-09-20,78600,79900,78000,79100,3392490,0.3807106598984772,57584987071500,728002365,46449,5.25,1.7,15073,1.26,1000,1116.4000244140625,3.078000068664551,278,반도체,Listed,0.0
2018-09-21,77100,77500,76300,76700,5678068,-3.034134007585335,55837781395500,728002365,46449,5.09,1.65,15073,1.3,1000,1116.4000244140625,3.068000078201294,278,반도체,Listed,0.0
2018-09-27,75900,75900,74700,75000,5841083,-2.216427640156454,54600177375000,728002365,46449,4.98,1.61,15073,1.33,1000,1112.31005859375,3.055999994277954,278,반도체,Listed,0.0
2018-09-28,75300,75900,73100,73100,5824873,-2.533333333333333,53216972881500,728002365,46449,4.85,1.57,15073,1.37,1000,1112.31005859375,3.055999994277954,278,반도체,Listed,0.0
2018-10-01,74300,74600,73200,73700,2970456,0.8207934336525308,53653774300500,728002365,46449,4.89,1.59,15073,1.36,1000,1112.25,3.0799999237060547,278,반도체,Listed,0.0
2018-10-02,73600,74000,71600,71700,4089558,-2.7137042062415198,52197769570500,728002365,46449,4.76,1.54,15073,1.39,1000,1117.5,3.055999994277954,278,반도체,Listed,0.0
2018-10-04,71700,72200,69800,70000,5778810,-2.3709902370990235,50960165550000,728002365,46449,4.64,1.51,15073,1.43,1000,1132.9000244140625,3.197000026702881,278,반도체,Listed,0.0
2018-10-05,69700,71100,69400,70300,5508014,0.4285714285714286,51178566259500,728002365,46449,4.66,1.51,15073,1.42,1000,1132.9000244140625,3.2249999046325684,278,반도체,Listed,0.0
2018-10-08,69500,71800,69400,71200,2856291,1.2802275960170697,51833768388000,728002365,46449,4.72,1.53,15073,1.4,1000,1133.199951171875,3.2330000400543213,278,반도체,Listed,0.0
2018-10-10,70300,71100,69800,70300,4161114,-1.2640449438202246,51178566259500,728002365,46449,4.66,1.51,15073,1.42,1000,1142.8499755859375,3.2249999046325684,278,반도체,Listed,0.0
2018-10-11,67600,70200,67500,69000,4936490,-1.849217638691323,50232163185000,728002365,46449,4.58,1.49,15073,1.45,1000,1134.300048828125,3.132999897003174,278,반도체,Listed,0.0
2018-10-12,69200,73200,69200,72400,4882184,4.9275362318840585,52707371226000,728002365,46449,4.8,1.56,15073,1.38,1000,1134.300048828125,3.1410000324249268,278,반도체,Listed,0.0
2018-10-15,71600,71700,69900,70300,3727297,-2.9005524861878453,51178566259500,728002365,46449,4.66,1.51,15073,1.42,1000,1135.1700439453125,3.1630001068115234,278,반도체,Listed,0.0
2018-10-16,70300,71000,69600,69700,2211661,-0.8534850640113799,50741764840500,728002365,46449,4.62,1.5,15073,1.43,1000,1122.1500244140625,3.1559998989105225,278,반도체,Listed,0.0
2018-10-17,71400,71700,70300,70400,2653053,1.0043041606886656,51251366496000,728002365,46449,4.67,1.52,15073,1.42,1000,1127.0999755859375,3.178999900817871,278,반도체,Listed,0.0
2018-10-18,69600,69900,68700,68700,2849229,-2.414772727272727,50013762475500,728002365,46449,4.56,1.48,15073,1.46,1000,1136.5999755859375,3.174999952316284,278,반도체,Listed,0.0
2018-10-19,68100,70900,67800,70800,2688930,3.056768558951965,51542567442000,728002365,46449,4.7,1.52,15073,1.41,1000,1136.5999755859375,3.197999954223633,278,반도체,Listed,0.0
2018-10-22,69600,70900,69600,70000,2377240,-1.1299435028248588,50960165550000,728002365,46449,4.64,1.51,15073,1.43,1000,1131.25,3.196000099182129,278,반도체,Listed,0.0
2018-10-23,69600,70000,68600,69100,3175869,-1.2857142857142856,50304963421500,728002365,46449,4.58,1.49,15073,1.45,1000,1136.6400146484375,3.1659998893737793,278,반도체,Listed,0.0
2018-10-24,69400,69600,65800,66700,5703361,-3.4732272069464547,48557757745500,728002365,46449,4.43,1.44,15073,1.5,1000,1137.56005859375,3.124000072479248,278,반도체,Listed,0.0
2018-10-25,64700,66000,63200,64700,5859332,-2.998500749625187,47101753015500,728002365,46449,4.29,1.39,15073,1.55,1000,1135.22998046875,3.135999917984009,278,반도체,Listed,0.0
2018-10-26,65100,67100,62900,67000,6211406,3.554868624420402,48776158455000,728002365,46449,4.45,1.44,15073,1.49,1000,1135.22998046875,3.0769999027252197,278,반도체,Listed,0.0
2018-10-29,66600,67800,64800,66800,4252977,-0.2985074626865672,48630557982000,728002365,46449,4.43,1.44,15073,1.5,1000,1139.5,3.0869998931884766,278,반도체,Listed,0.0
2018-10-30,66000,70900,65900,68200,6101533,2.095808383233533,49649761293000,728002365,46449,4.52,1.47,15073,1.47,1000,1142.0799560546875,3.109999895095825,278,반도체,Listed,0.0
2018-10-31,69300,70400,67600,68200,5038931,0.0,49649761293000,728002365,46449,4.52,1.47,15073,1.47,1000,1137.699951171875,3.1589999198913574,278,반도체,Listed,0.0
2018-11-01,68900,69600,67800,68300,3218076,0.1466275659824047,49722561529500,728002365,46449,4.53,1.47,15073,1.46,1000,1140.969970703125,3.1440000534057617,278,반도체,Listed,0.0
2018-11-02,70600,72800,69100,72600,5334082,6.295754026354319,52852971699000,728002365,46449,4.82,1.56,15073,1.38,1000,1129.050048828125,3.2139999866485596,278,반도체,Listed,0.0
2018-11-05,72000,72100,70100,70500,3389386,-2.8925619834710745,51324166732500,728002365,46449,4.68,1.52,15073,1.42,1000,1116.0999755859375,3.2009999752044678,278,반도체,Listed,0.0
2018-11-06,70500,70600,69100,70100,2624868,-0.5673758865248227,51032965786500,728002365,46449,4.65,1.51,15073,1.43,1000,1121.56005859375,3.2139999866485596,278,반도체,Listed,0.0
2018-11-07,70400,72300,70100,70800,3770119,0.9985734664764622,51542567442000,728002365,46449,4.7,1.52,15073,1.41,1000,1119.949951171875,3.2130000591278076,278,반도체,Listed,0.0
2018-11-08,72900,73300,72600,72900,3930969,2.9661016949152543,53071372408500,728002365,46449,4.84,1.57,15073,1.37,1000,1115.3699951171875,3.2339999675750732,278,반도체,Listed,0.0
2018-11-09,72400,73600,71900,72900,3414946,0.0,53071372408500,728002365,46449,4.84,1.57,15073,1.37,1000,1119.5699462890625,3.188999891281128,278,반도체,Listed,0.0
2018-11-12,72200,74500,71800,74500,3328433,2.194787379972565,54236176192500,728002365,46449,4.94,1.6,15073,1.34,1000,1130.949951171875,3.186000108718872,278,반도체,Listed,0.0
2018-11-13,72300,72500,69900,71900,4730929,-3.48993288590604,52343370043500,728002365,46449,4.77,1.55,15073,1.39,1000,1137.4599609375,3.1449999809265137,278,반도체,Listed,0.0
2018-11-14,71400,72100,70200,70400,2783377,-2.086230876216968,51251366496000,728002365,46449,4.67,1.52,15073,1.42,1000,1131.1300048828125,3.119999885559082,278,반도체,Listed,0.0
2018-11-15,70800,71800,70400,71800,1564647,1.9886363636363635,52270569807000,728002365,46449,4.76,1.55,15073,1.39,1000,1131.199951171875,3.118000030517578,278,반도체,Listed,0.0
2018-11-16,72600,72900,70000,70100,2894513,-2.3676880222841223,51032965786500,728002365,46449,4.65,1.51,15073,1.43,1000,1127.0,3.0739998817443848,278,반도체,Listed,0.0
2018-11-19,69600,70500,68900,69800,2303677,-0.42796005706134094,50814565077000,728002365,46449,4.63,1.5,15073,1.43,1000,1120.4000244140625,3.056999921798706,278,반도체,Listed,0.0
2018-11-20,67000,68200,67000,67500,3325563,-3.29512893982808,49140159637500,728002365,46449,4.48,1.45,15073,1.48,1000,1126.18994140625,3.0480000972747803,278,반도체,Listed,0.0
2018-11-21,66900,68300,66100,68100,3100596,0.8888888888888888,49576961056500,728002365,46449,4.52,1.47,15073,1.47,1000,1128.4000244140625,3.061000108718872,278,반도체,Listed,0.0
2018-11-22,68100,69700,68000,69300,1966126,1.762114537444934,50450563894500,728002365,46449,4.6,1.49,15073,1.44,1000,1137.31005859375,3.061000108718872,278,반도체,Listed,0.0
2018-11-23,69500,69700,68400,69300,1499166,0.0,50450563894500,728002365,46449,4.6,1.49,15073,1.44,1000,1135.5,3.053999900817871,278,반도체,Listed,0.0
2018-11-26,69200,71300,69000,70900,2361766,2.3088023088023086,51615367678500,728002365,46449,4.7,1.53,15073,1.41,1000,1133.5,3.072000026702881,278,반도체,Listed,0.0
2018-11-27,71100,71200,69700,70800,2293763,-0.14104372355430184,51542567442000,728002365,46449,4.7,1.52,15073,1.41,1000,1129.030029296875,3.055000066757202,278,반도체,Listed,0.0
2018-11-28,71000,72000,70700,71900,2441991,1.5536723163841808,52343370043500,728002365,46449,4.77,1.55,15073,1.39,1000,1130.3699951171875,3.0439999103546143,278,반도체,Listed,0.0
2018-11-29,73700,73700,71200,71500,3270078,-0.5563282336578581,52052169097500,728002365,46449,4.74,1.54,15073,1.4,1000,1121.1199951171875,3.0350000858306885,278,반도체,Listed,0.0
2018-11-30,71500,71600,68800,69600,4167055,-2.6573426573426575,50668964604000,728002365,46449,4.62,1.5,15073,1.44,1000,1117.02001953125,3.013000011444092,278,반도체,Listed,0.0
2018-12-03,71000,71100,69800,70500,2760290,1.293103448275862,51324166732500,728002365,46449,4.68,1.52,15073,1.42,1000,1117.1500244140625,2.992000102996826,278,반도체,Listed,0.0
2018-12-04,69900,70400,68400,69000,3222060,-2.127659574468085,50232163185000,728002365,46449,4.58,1.49,15073,1.45,1000,1108.300048828125,2.9240000247955322,278,반도체,Listed,0.0
2018-12-05,67200,68800,67200,68200,3008950,-1.1594202898550725,49649761293000,728002365,46449,4.52,1.47,15073,1.47,1000,1110.6300048828125,2.9240000247955322,278,반도체,Listed,0.0
2018-12-06,67800,68200,65700,66000,3902275,-3.225806451612903,48048156090000,728002365,46449,4.38,1.42,15073,1.52,1000,1111.6600341796875,2.875999927520752,278,반도체,Listed,0.0
2018-12-07,66700,67400,66600,66800,2590733,1.2121212121212122,48630557982000,728002365,46449,4.43,1.44,15073,1.5,1000,1119.5999755859375,2.8499999046325684,278,반도체,Listed,0.0
2018-12-10,65900,65900,64700,65500,2206084,-1.9461077844311379,47684154907500,728002365,46449,4.35,1.41,15073,1.53,1000,1122.699951171875,2.8559999465942383,278,반도체,Listed,0.0
2018-12-11,66000,66600,64800,64900,2457332,-0.9160305343511451,47247353488500,728002365,46449,4.31,1.4,15073,1.54,1000,1131.5,2.878999948501587,278,반도체,Listed,0.0
2018-12-12,65000,66200,64900,66200,2901875,2.0030816640986133,48193756563000,728002365,46449,4.39,1.43,15073,1.51,1000,1127.6199951171875,2.9059998989105225,278,반도체,Listed,0.0
2018-12-13,66300,66400,64800,65500,4062323,-1.0574018126888218,47684154907500,728002365,46449,4.35,1.41,15073,1.53,1000,1123.8499755859375,2.9110000133514404,278,반도체,Listed,0.0
2018-12-14,65200,65300,61200,61800,5617675,-5.648854961832061,44990546157000,728002365,46449,4.1,1.33,15073,1.62,1000,1127.02001953125,2.8910000324249268,278,반도체,Listed,0.0
2018-12-17,61600,62500,61000,62200,2506287,0.6472491909385114,45281747103000,728002365,46449,4.13,1.34,15073,1.61,1000,1131.6500244140625,2.8570001125335693,278,반도체,Listed,0.0
2018-12-18,61000,61900,60800,61100,3098206,-1.7684887459807075,44480944501500,728002365,46449,4.05,1.32,15073,1.64,1000,1128.1500244140625,2.825000047683716,278,반도체,Listed,0.0
2018-12-19,60800,61000,59700,60300,3561783,-1.309328968903437,43898542609500,728002365,46449,4.0,1.3,15073,1.66,1000,1125.0699462890625,2.7780001163482666,278,반도체,Listed,0.0
2018-12-20,59300,59400,58100,58600,4889709,-2.8192371475953566,42660938589000,728002365,46449,3.89,1.26,15073,1.71,1000,1128.1300048828125,2.7890000343322754,278,반도체,Listed,0.0
2018-12-21,58200,60500,58200,60000,3946994,2.3890784982935154,43680141900000,728002365,46449,3.98,1.29,15073,1.67,1000,1120.030029296875,2.7920000553131104,278,반도체,Listed,0.0
2018-12-24,59600,60700,59200,60400,2101703,0.6666666666666667,43971342846000,728002365,46449,4.01,1.3,15073,1.66,1000,1127.5,2.749000072479248,278,반도체,Listed,0.0
2018-12-26,59400,60800,59300,60100,2455060,-0.49668874172185434,43752942136500,728002365,46449,3.99,1.29,15073,1.66,1000,1122.6300048828125,2.796999931335449,278,반도체,Listed,0.0
2018-12-27,61600,61900,60600,61600,3047798,2.4958402662229617,44844945684000,728002365,46449,4.09,1.33,15073,1.62,1000,1123.52001953125,2.743000030517578,278,반도체,Listed,0.0
2018-12-28,61700,62300,60500,60500,1647462,-1.7857142857142856,44044143082500,728002365,46449,4.01,1.3,15073,1.65,1000,1119.5999755859375,2.7360000610351562,278,반도체,Listed,0.0
2019-01-02,61300,61400,60000,60600,1934295,0.1652892561983471,44116943319000,728002365,46449,4.02,1.3,15073,1.65,1000,1113.800048828125,2.6610000133514404,278,반도체,Listed,0.0
2019-01-03,60200,60300,57500,57700,3337621,-4.785478547854786,42005736460500,728002365,46449,3.83,1.24,15073,1.73,1000,1122.1800537109375,2.553999900817871,278,반도체,Listed,0.0
2019-01-04,57500,58500,56700,58300,3388087,1.0398613518197575,42442537879500,728002365,46449,3.87,1.26,15073,1.72,1000,1124.1199951171875,2.6589999198913574,278,반도체,Listed,0.0
2019-01-07,59000,59700,58400,58700,2273750,0.6861063464837049,42733738825500,728002365,46449,3.89,1.26,15073,1.7,1000,1114.4000244140625,2.681999921798706,278,반도체,Listed,0.0
2019-01-08,57900,60500,57600,59200,3062192,0.8517887563884157,43097740008000,728002365,46449,3.93,1.27,15073,1.69,1000,1116.4000244140625,2.7160000801086426,278,반도체,Listed,0.0
2019-01-09,59600,63800,59400,63600,4928656,7.4324324324324325,46300950414000,728002365,46449,4.22,1.37,15073,1.57,1000,1121.050048828125,2.7279999256134033,278,반도체,Listed,0.0
2019-01-10,64100,65600,64000,65300,6034432,2.6729559748427674,47538554434500,728002365,46449,4.33,1.41,15073,1.53,1000,1118.6700439453125,2.7309999465942383,278,반도체,Listed,0.0
2019-01-11,65400,65900,64200,65100,2890639,-0.3062787136294028,47392953961500,728002365,46449,4.32,1.4,15073,1.54,1000,1116.550048828125,2.7009999752044678,278,반도체,Listed,0.0
2019-01-14,64300,65100,62000,62100,3282892,-4.6082949308755765,45208946866500,728002365,46449,4.12,1.34,15073,1.61,1000,1118.5999755859375,2.7100000381469727,278,반도체,Listed,0.0
2019-01-15,62200,64000,62200,64000,2413868,3.059581320450886,46592151360000,728002365,46449,4.25,1.38,15073,1.56,1000,1122.0,2.7109999656677246,278,반도체,Listed,0.0
2019-01-16,63800,64900,62700,64800,2478497,1.25,47174553252000,728002365,46449,4.3,1.4,15073,1.54,1000,1122.4000244140625,2.7309999465942383,278,반도체,Listed,0.0
2019-01-17,65500,66200,64600,64900,2830122,0.15432098765432098,47247353488500,728002365,46449,4.31,1.4,15073,1.54,1000,1118.77001953125,2.749000072479248,278,반도체,Listed,0.0
2019-01-18,65000,65700,63900,64600,2263599,-0.46224961479198773,47028952779000,728002365,46449,4.29,1.39,15073,1.55,1000,1120.550048828125,2.7839999198913574,278,반도체,Listed,0.0
2019-01-21,65900,67400,65000,67000,3977425,3.7151702786377707,48776158455000,728002365,46449,4.45,1.44,15073,1.49,1000,1125.7900390625,2.7839999198913574,278,반도체,Listed,0.0
2019-01-22,67900,68000,65700,66600,4047917,-0.5970149253731344,48484957509000,728002365,46449,4.42,1.43,15073,1.5,1000,1132.3699951171875,2.7300000190734863,278,반도체,Listed,0.0
2019-01-23,65500,67200,64800,66800,2825017,0.3003003003003003,48630557982000,728002365,46449,4.43,1.44,15073,1.5,1000,1130.1500244140625,2.755000114440918,278,반도체,Listed,0.0
2019-01-24,66900,70500,66900,70500,6914092,5.538922155688622,51324166732500,728002365,46449,4.68,1.52,15073,1.42,1000,1125.3299560546875,2.7119998931884766,278,반도체,Listed,0.0
2019-01-25,71600,74800,71100,74600,7163871,5.815602836879433,54308976429000,728002365,46449,4.95,1.61,15073,1.34,1000,1126.75,2.753000020980835,278,반도체,Listed,0.0
2019-01-28,74700,74900,71200,71800,4972189,-3.753351206434316,52270569807000,728002365,46449,4.76,1.55,15073,1.39,1000,1118.010009765625,2.74399995803833,278,반도체,Listed,0.0
2019-01-29,71400,73800,71000,73400,3368642,2.2284122562674096,53435373591000,728002365,46449,4.87,1.58,15073,1.36,1000,1119.699951171875,2.7119998931884766,278,반도체,Listed,0.0
2019-01-30,73500,76300,73000,75900,5304841,3.4059945504087197,55255379503500,728002365,46449,5.04,1.63,15073,1.32,1000,1117.8699951171875,2.694999933242798,278,반도체,Listed,0.0
2019-01-31,76900,77100,73700,73900,4447535,-2.635046113306983,53799374773500,728002365,46449,4.9,1.59,15073,1.35,1000,1109.0,2.634999990463257,278,반도체,Listed,0.0
2019-02-01,75400,76400,74700,75900,3349965,2.706359945872801,55255379503500,728002365,46449,5.04,1.63,15073,1.32,1000,1111.550048828125,2.690999984741211,278,반도체,Listed,0.0
2019-02-07,77500,78200,76600,76700,4249110,1.0540184453227932,55837781395500,728002365,46449,5.09,1.65,15073,1.3,1000,1121.6300048828125,2.6519999504089355,278,반도체,Listed,0.0
2019-02-08,75200,75500,73000,73500,4012485,-4.172099087353325,53508173827500,728002365,46449,4.88,1.58,15073,1.36,1000,1123.75,2.631999969482422,278,반도체,Listed,0.0
2019-02-11,73000,74100,72200,74100,3374192,0.8163265306122449,53944975246500,728002365,46449,4.92,1.6,15073,1.35,1000,1122.8800048828125,2.6610000133514404,278,반도체,Listed,0.0
2019-02-12,74100,76400,73900,75900,3526701,2.42914979757085,55255379503500,728002365,46449,5.04,1.63,15073,1.32,1000,1125.02001953125,2.684000015258789,278,반도체,Listed,0.0
2019-02-13,77300,77600,76100,76200,2378193,0.3952569169960474,55473780213000,728002365,46449,5.06,1.64,15073,1.31,1000,1120.300048828125,2.7079999446868896,278,반도체,Listed,0.0
2019-02-14,75800,77400,75100,77400,2313376,1.574803149606299,56347383051000,728002365,46449,5.14,1.67,15073,1.29,1000,1123.719970703125,2.6570000648498535,278,반도체,Listed,0.0
2019-02-15,76800,76900,73800,73800,4154616,-4.651162790697675,53726574537000,728002365,46449,4.9,1.59,15073,1.36,1000,1128.300048828125,2.6659998893737793,278,반도체,Listed,0.0
2019-02-18,74300,75300,74000,74700,1772434,1.2195121951219512,54381776665500,728002365,46449,4.96,1.61,15073,1.34,1000,1125.31005859375,2.6659998893737793,278,반도체,Listed,0.0
2019-02-19,74500,74800,73000,73700,1462071,-1.3386880856760375,53653774300500,728002365,46449,4.89,1.59,15073,1.36,1000,1124.280029296875,2.6470000743865967,278,반도체,Listed,0.0
2019-02-20,73700,76000,73600,75700,3134257,2.7137042062415198,55109779030500,728002365,46449,5.02,1.63,15073,1.32,1000,1121.4200439453125,2.6540000438690186,278,반도체,Listed,0.0
2019-02-21,75300,77200,74600,76700,2874589,1.321003963011889,55837781395500,728002365,46449,5.09,1.65,15073,1.3,1000,1121.719970703125,2.687999963760376,278,반도체,Listed,0.0
2019-02-22,75600,76700,75300,76700,1882653,0.0,55837781395500,728002365,46449,5.09,1.65,15073,1.3,1000,1124.1500244140625,2.6549999713897705,278,반도체,Listed,0.0
2019-02-25,77300,77600,74800,75400,2865712,-1.694915254237288,54891378321000,728002365,46449,5.0,1.62,15073,1.33,1000,1122.31005859375,2.6730000972747803,278,반도체,Listed,0.0
2019-02-26,75000,75900,74100,75200,2483512,-0.2652519893899204,54745777848000,728002365,46449,4.99,1.62,15073,1.33,1000,1117.199951171875,2.635999917984009,278,반도체,Listed,0.0
2019-02-27,75300,75700,73700,73700,2864044,-1.9946808510638299,53653774300500,728002365,46449,4.89,1.59,15073,1.36,1000,1114.300048828125,2.693000078201294,278,반도체,Listed,0.0
2019-02-28,72500,72600,69900,70000,7869451,-5.020352781546811,50960165550000,728002365,46449,4.64,1.51,15073,1.43,1000,1115.0999755859375,2.7109999656677246,278,반도체,Listed,0.0
2019-03-04,70300,71400,69900,70100,4931703,0.14285714285714285,51032965786500,728002365,46449,4.65,1.51,15073,1.43,1000,1126.81005859375,2.7219998836517334,278,반도체,Listed,0.0
2019-03-05,68300,70000,68300,69700,3465521,-0.5706134094151213,50741764840500,728002365,46449,4.62,1.5,15073,1.43,1000,1128.1500244140625,2.7219998836517334,278,반도체,Listed,0.0
2019-03-06,68500,69600,67400,68100,4958303,-2.295552367288379,49576961056500,728002365,46449,4.52,1.47,15073,1.47,1000,1126.199951171875,2.691999912261963,278,반도체,Listed,0.0
2019-03-07,67200,68900,67100,68100,3402570,0.0,49576961056500,728002365,46449,4.52,1.47,15073,1.47,1000,1127.0,2.635999917984009,278,반도체,Listed,0.0
2019-03-08,67900,68200,66200,66700,3571792,-2.0558002936857562,48557757745500,728002365,46449,4.43,1.44,15073,1.5,1000,1133.0699462890625,2.625,278,반도체,Listed,0.0
2019-03-11,67000,67800,66200,66600,2869008,-0.14992503748125938,48484957509000,728002365,46449,4.42,1.43,15073,1.5,1000,1134.06005859375,2.6429998874664307,278,반도체,Listed,0.0
2019-03-12,67700,68600,67500,67700,2753535,1.6516516516516515,49285760110500,728002365,46449,4.49,1.46,15073,1.48,1000,1130.77001953125,2.6050000190734863,278,반도체,Listed,0.0
2019-03-13,67700,67800,65900,66800,2851596,-1.329394387001477,48630557982000,728002365,46449,4.43,1.44,15073,1.5,1000,1127.27001953125,2.6110000610351562,278,반도체,Listed,0.0
2019-03-14,67400,67400,66400,67300,3107100,0.7485029940119761,48994559164500,728002365,46449,4.46,1.45,15073,1.49,1000,1129.5899658203125,2.630000114440918,278,반도체,Listed,0.0
2019-03-15,67400,68700,66700,68100,3645592,1.188707280832095,49576961056500,728002365,46449,4.52,1.47,15073,1.47,1000,1135.4200439453125,2.5929999351501465,278,반도체,Listed,0.0
2019-03-18,69200,69300,67300,67800,2158588,-0.4405286343612335,49358560347000,728002365,46449,4.5,1.46,15073,1.47,1000,1132.72998046875,2.6019999980926514,278,반도체,Listed,0.0
2019-03-19,67300,68000,66600,68000,2285169,0.2949852507374631,49504160820000,728002365,46449,4.51,1.46,15073,1.47,1000,1131.199951171875,2.614000082015991,278,반도체,Listed,0.0
2019-03-20,68400,70600,67600,70500,3642962,3.6764705882352944,51324166732500,728002365,46449,4.68,1.52,15073,1.42,1000,1129.719970703125,2.5350000858306885,278,반도체,Listed,0.0
2019-03-21,73500,76000,72600,75900,10030131,7.659574468085106,55255379503500,728002365,46449,5.04,1.63,15073,1.32,1000,1125.0,2.5369999408721924,278,반도체,Listed,0.0
2019-03-22,78900,78900,75900,76100,5286455,0.2635046113306983,55400979976500,728002365,46449,5.05,1.64,15073,1.31,1000,1127.77001953125,2.4549999237060547,278,반도체,Listed,0.0
2019-03-25,73700,74200,72600,72900,3752230,-4.204993429697766,53071372408500,728002365,46449,4.84,1.57,15073,1.37,1000,1135.1400146484375,2.4200000762939453,278,반도체,Listed,0.0
2019-03-26,72900,73300,71500,72700,2987678,-0.2743484224965706,52925771935500,728002365,46449,4.82,1.57,15073,1.38,1000,1133.8499755859375,2.4140000343322754,278,반도체,Listed,0.0
2019-03-27,71800,74100,71200,73400,2744175,0.9628610729023385,53435373591000,728002365,46449,4.87,1.58,15073,1.36,1000,1133.9300537109375,2.374000072479248,278,반도체,Listed,0.0
2019-03-28,72300,73600,71700,72300,2774932,-1.4986376021798364,52634570989500,728002365,46449,4.8,1.56,15073,1.38,1000,1138.5,2.3889999389648438,278,반도체,Listed,0.0
2019-03-29,72900,74900,72700,74200,3214170,2.627939142461964,54017775483000,728002365,46449,4.92,1.6,15073,1.35,1000,1134.3199462890625,2.4140000343322754,278,반도체,Listed,0.0
2019-04-01,75600,77100,75500,76600,3579070,3.234501347708895,55764981159000,728002365,46449,5.08,1.65,15073,1.31,1000,1132.6700439453125,2.496999979019165,278,반도체,Listed,0.0
2019-04-02,77900,78000,76100,76400,2719440,-0.26109660574412535,55619380686000,728002365,46449,5.07,1.64,15073,1.31,1000,1136.3900146484375,2.4809999465942383,278,반도체,Listed,0.0
2019-04-03,76800,79900,76500,79900,4674142,4.5811518324607325,58167388963500,728002365,46449,5.3,1.72,15073,1.25,1000,1133.530029296875,2.5169999599456787,278,반도체,Listed,0.0
2019-04-04,80400,81400,77800,78400,5436236,-1.877346683354193,57075385416000,728002365,46449,5.2,1.69,15073,1.28,1000,1134.300048828125,2.51200008392334,278,반도체,Listed,0.0
2019-04-05,78200,79300,77900,79000,2191720,0.7653061224489796,57512186835000,728002365,46449,5.24,1.7,15073,1.27,1000,1134.300048828125,2.500999927520752,278,반도체,Listed,0.0
2019-04-08,78900,79200,77600,77900,2663493,-1.3924050632911391,56711384233500,728002365,46449,5.17,1.68,15073,1.28,1000,1141.1099853515625,2.5190000534057617,278,반도체,Listed,0.0
2019-04-09,77700,78700,77400,77800,2322860,-0.12836970474967907,56638583997000,728002365,46449,5.16,1.67,15073,1.29,1000,1140.0999755859375,2.499000072479248,278,반도체,Listed,0.0
2019-04-10,76700,78800,76200,78600,2689591,1.0282776349614395,57220985889000,728002365,46449,5.21,1.69,15073,1.27,1000,1135.9000244140625,2.4769999980926514,278,반도체,Listed,0.0
2019-04-11,79200,79500,78000,78400,2614388,-0.2544529262086514,57075385416000,728002365,46449,5.2,1.69,15073,1.28,1000,1140.989990234375,2.503999948501587,278,반도체,Listed,0.0
2019-04-12,77400,78800,77400,78100,2317264,-0.3826530612244898,56856984706500,728002365,46449,5.18,1.68,15073,1.28,1000,1140.989990234375,2.559999942779541,278,반도체,Listed,0.0
2019-04-15,79000,79900,78600,79700,2019931,2.0486555697823303,58021788490500,728002365,46449,5.29,1.72,15073,1.25,1000,1133.199951171875,2.552999973297119,278,반도체,Listed,0.0
2019-04-16,79900,80800,79100,80400,2206997,0.8782936010037641,58531390146000,728002365,46449,5.33,1.73,15073,1.24,1000,1135.699951171875,2.5920000076293945,278,반도체,Listed,0.0
2019-04-17,81000,82300,80000,80200,2886956,-0.24875621890547264,58385789673000,728002365,46449,5.32,1.73,15073,1.25,1000,1130.199951171875,2.5920000076293945,278,반도체,Listed,0.0
2019-04-18,80800,81200,78500,79200,3295697,-1.2468827930174564,57657787308000,728002365,46449,5.25,1.71,15073,1.26,1000,1136.1099853515625,2.559999942779541,278,반도체,Listed,0.0
2019-04-19,80500,82400,80100,81800,3040186,3.2828282828282833,59550593457000,728002365,46449,5.43,1.76,15073,1.22,1000,1136.1099853515625,2.559999942779541,278,반도체,Listed,0.0
2019-04-22,81500,81800,79900,80500,1887109,-1.5892420537897312,58604190382500,728002365,46449,5.34,1.73,15073,1.24,1000,1140.0400390625,2.5899999141693115,278,반도체,Listed,0.0
2019-04-23,81000,81800,80400,81000,1779318,0.6211180124223602,58968191565000,728002365,46449,5.37,1.74,15073,1.23,1000,1142.0,2.569999933242798,278,반도체,Listed,0.0
2019-04-24,81500,81500,77500,78500,5318487,-3.0864197530864197,57148185652500,728002365,46449,5.21,1.69,15073,1.27,1000,1155.260009765625,2.5220000743865967,278,반도체,Listed,0.0
2019-04-25,78400,81500,78100,80200,5586360,2.1656050955414012,58385789673000,728002365,46449,5.32,1.73,15073,1.25,1000,1159.0,2.5339999198913574,278,반도체,Listed,0.0
2019-04-26,78500,79900,77600,78600,5183181,-1.99501246882793,57220985889000,728002365,46449,5.21,1.69,15073,1.27,1000,1159.0,2.505000114440918,278,반도체,Listed,0.0
2019-04-29,78700,80100,78200,80000,2987384,1.7811704834605597,58240189200000,728002365,46449,5.31,1.72,15073,1.25,1000,1158.7900390625,2.5360000133514404,278,반도체,Listed,0.0
2019-04-30,79400,80700,78100,79000,2960242,-1.25,57512186835000,728002365,46449,5.24,1.7,15073,1.27,1000,1163.260009765625,2.509000062942505,278,반도체,Listed,0.0
2019-05-02,79700,81200,79100,80700,3092434,2.151898734177215,58749790855500,728002365,64348,3.63,1.25,22255,1.86,1500,1166.1099853515625,2.552000045776367,278,반도체,Listed,0.0
2019-05-03,81100,81300,80300,80400,2481811,-0.37174721189591076,58531390146000,728002365,64348,3.61,1.25,22255,1.87,1500,1166.1099853515625,2.5309998989105225,278,반도체,Listed,0.0
2019-05-07,79200,80400,78700,79900,2700371,-0.6218905472636816,58167388963500,728002365,64348,3.59,1.24,22255,1.88,1500,1171.300048828125,2.447999954223633,278,반도체,Listed,0.0
2019-05-08,78700,80500,78000,80300,2731620,0.5006257822277848,58458589909500,728002365,64348,3.61,1.25,22255,1.87,1500,1172.18994140625,2.4820001125335693,278,반도체,Listed,0.0
2019-05-09,79600,79700,75200,76000,5939278,-5.354919053549191,55328179740000,728002365,64348,3.41,1.18,22255,1.97,1500,1179.18994140625,2.4570000171661377,278,반도체,Listed,0.0
2019-05-10,76100,76700,73400,74400,5702537,-2.1052631578947367,54163375956000,728002365,64348,3.34,1.16,22255,2.02,1500,1179.18994140625,2.4549999237060547,278,반도체,Listed,0.0
2019-05-13,73900,75000,72800,73500,3062929,-1.2096774193548387,53508173827500,728002365,64348,3.3,1.14,22255,2.04,1500,1187.1800537109375,2.4049999713897705,278,반도체,Listed,0.0
2019-05-14,72200,75100,71600,74600,3712697,1.4965986394557822,54308976429000,728002365,64348,3.35,1.16,22255,2.01,1500,1186.9300537109375,2.4189999103546143,278,반도체,Listed,0.0
2019-05-15,74800,75100,73900,74500,2056131,-0.13404825737265416,54236176192500,728002365,64348,3.35,1.16,22255,2.01,1500,1186.0400390625,2.378999948501587,278,반도체,Listed,0.0
2019-05-16,74400,75100,71600,71900,3467027,-3.48993288590604,52343370043500,728002365,64348,3.23,1.12,22255,2.09,1500,1190.489990234375,2.4049999713897705,278,반도체,Listed,0.0
2019-05-17,72500,73300,71400,71600,2412668,-0.4172461752433936,52124969334000,728002365,64348,3.22,1.11,22255,2.09,1500,1190.489990234375,2.3929998874664307,278,반도체,Listed,0.0
2019-05-20,71800,72800,70700,70900,1970694,-0.9776536312849162,51615367678500,728002365,64348,3.19,1.1,22255,2.12,1500,1193.3299560546875,2.4159998893737793,278,반도체,Listed,0.0
2019-05-21,70500,72200,69700,70300,3893536,-0.846262341325811,51178566259500,728002365,64348,3.16,1.09,22255,2.13,1500,1193.3299560546875,2.4260001182556152,278,반도체,Listed,0.0
2019-05-22,71300,71300,68500,68900,3128787,-1.991465149359886,50159362948500,728002365,64348,3.1,1.07,22255,2.18,1500,1188.800048828125,2.3929998874664307,278,반도체,Listed,0.0
2019-05-23,68400,69100,67300,68000,3108370,-1.3062409288824384,49504160820000,728002365,64348,3.06,1.06,22255,2.21,1500,1188.800048828125,2.2960000038146973,278,반도체,Listed,0.0
2019-05-24,67300,68600,67000,67600,3339145,-0.5882352941176471,49212959874000,728002365,64348,3.04,1.05,22255,2.22,1500,1188.800048828125,2.3239998817443848,278,반도체,Listed,0.0
2019-05-27,67900,68200,66400,66900,2214176,-1.0355029585798818,48703358218500,728002365,64348,3.01,1.04,22255,2.24,1500,1182.31005859375,2.3239998817443848,278,반도체,Listed,0.0
2019-05-28,67200,68300,65900,65900,12052399,-1.4947683109118086,47975355853500,728002365,64348,2.96,1.02,22255,2.28,1500,1187.5799560546875,2.2679998874664307,278,반도체,Listed,0.0
2019-05-29,65600,66700,64900,66100,6056903,0.30349013657056145,48120956326500,728002365,64348,2.97,1.03,22255,2.27,1500,1192.2099609375,2.2360000610351562,278,반도체,Listed,0.0
2019-05-30,66300,66900,65800,65900,3023108,-0.30257186081694404,47975355853500,728002365,64348,2.96,1.02,22255,2.28,1500,1188.3800048828125,2.2269999980926514,278,반도체,Listed,0.0
2019-05-31,65900,66900,64700,65300,3191350,-0.9104704097116844,47538554434500,728002365,64348,2.93,1.01,22255,2.3,1500,1188.3800048828125,2.1419999599456787,278,반도체,Listed,0.0
2019-06-03,65200,67200,64200,66600,4020572,1.9908116385911179,48484957509000,728002365,64348,2.99,1.03,22255,2.25,1500,1178.3499755859375,2.0810000896453857,278,반도체,Listed,0.0
2019-06-04,66500,66700,65100,65100,2892681,-2.2522522522522523,47392953961500,728002365,64348,2.93,1.01,22255,2.3,1500,1176.050048828125,2.11899995803833,278,반도체,Listed,0.0
2019-06-05,66900,67600,64900,65100,4832796,0.0,47392953961500,728002365,64348,2.93,1.01,22255,2.3,1500,1178.739990234375,2.122999906539917,278,반도체,Listed,0.0
2019-06-07,65200,66000,64600,65400,2355869,0.4608294930875576,47611354671000,728002365,64348,2.94,1.02,22255,2.29,1500,1177.0,2.0840001106262207,278,반도체,Listed,0.0
2019-06-10,66100,67000,65800,66800,3091757,2.1406727828746175,48630557982000,728002365,64348,3.0,1.04,22255,2.25,1500,1182.0999755859375,2.1429998874664307,278,반도체,Listed,0.0
2019-06-11,66900,67800,66700,67200,2429182,0.5988023952095809,48921758928000,728002365,64348,3.02,1.04,22255,2.23,1500,1177.97998046875,2.140000104904175,278,반도체,Listed,0.0
2019-06-12,66800,67100,65700,65700,2437640,-2.232142857142857,47829755380500,728002365,64348,2.95,1.02,22255,2.28,1500,1183.4300537109375,2.127000093460083,278,반도체,Listed,0.0
2019-06-13,64900,65100,63300,63500,5947811,-3.34855403348554,46228150177500,728002365,64348,2.85,0.99,22255,2.36,1500,1181.0799560546875,2.0910000801086426,278,반도체,Listed,0.0
2019-06-14,63200,64000,62600,63100,3686472,-0.6299212598425197,45936949231500,728002365,64348,2.84,0.98,22255,2.38,1500,1181.0799560546875,2.0929999351501465,278,반도체,Listed,0.0
2019-06-17,62800,63800,62400,63700,2435039,0.9508716323296356,46373750650500,728002365,64348,2.86,0.99,22255,2.35,1500,1185.3499755859375,2.0859999656677246,278,반도체,Listed,0.0
2019-06-18,63800,64200,63300,63400,1549497,-0.47095761381475665,46155349941000,728002365,64348,2.85,0.99,22255,2.37,1500,1173.5799560546875,2.059999942779541,278,반도체,Listed,0.0
2019-06-19,65800,67300,65200,67200,6230370,5.993690851735016,48921758928000,728002365,64348,3.02,1.04,22255,2.23,1500,1170.300048828125,2.0290000438690186,278,반도체,Listed,0.0
2019-06-20,67200,67400,66200,67300,2773637,0.1488095238095238,48994559164500,728002365,64348,3.02,1.05,22255,2.23,1500,1157.2099609375,2.000999927520752,278,반도체,Listed,0.0
2019-06-21,67100,67300,65900,65900,2403002,-2.080237741456166,47975355853500,728002365,64348,2.96,1.02,22255,2.28,1500,1157.2099609375,2.068000078201294,278,반도체,Listed,0.0
2019-06-24,65900,67400,65600,66900,2164462,1.5174506828528074,48703358218500,728002365,64348,3.01,1.04,22255,2.24,1500,1152.469970703125,2.0209999084472656,278,반도체,Listed,0.0
2019-06-25,66700,67400,66300,66700,1873766,-0.29895366218236175,48557757745500,728002365,64348,3.0,1.04,22255,2.25,1500,1155.7099609375,1.99399995803833,278,반도체,Listed,0.0
2019-06-26,68300,69600,67900,68900,5024201,3.2983508245877062,50159362948500,728002365,64348,3.1,1.07,22255,2.18,1500,1152.5,2.0490000247955322,278,반도체,Listed,0.0
2019-06-27,70100,71600,69700,70200,5361201,1.8867924528301887,51105766023000,728002365,64348,3.15,1.09,22255,2.14,1500,1155.510009765625,2.005000114440918,278,반도체,Listed,0.0
2019-06-28,70900,70900,68400,69500,3117569,-0.9971509971509971,50596164367500,728002365,64348,3.12,1.08,22255,2.16,1500,1155.510009765625,2.0,278,반도체,Listed,0.0
2019-07-01,71000,71000,69700,70000,3538183,0.7194244604316548,50960165550000,728002365,64348,3.15,1.09,22255,2.14,1500,1159.75,2.0339999198913574,278,반도체,Listed,0.0
2019-07-02,69700,71700,69100,71400,2495399,2.0,51979368861000,728002365,64348,3.21,1.11,22255,2.1,1500,1165.5799560546875,1.9759999513626099,278,반도체,Listed,0.0
2019-07-03,71100,71700,69000,69100,2790684,-3.221288515406162,50304963421500,728002365,64348,3.1,1.07,22255,2.17,1500,1168.8699951171875,1.9529999494552612,278,반도체,Listed,0.0
2019-07-04,69600,70700,69300,70200,1503707,1.5918958031837915,51105766023000,728002365,64348,3.15,1.09,22255,2.14,1500,1167.1300048828125,1.9529999494552612,278,반도체,Listed,0.0
2019-07-05,70300,71000,68400,68400,2043271,-2.564102564102564,49795361766000,728002365,64348,3.07,1.06,22255,2.19,1500,1167.1300048828125,2.0480000972747803,278,반도체,Listed,0.0
2019-07-08,66400,68000,66200,67400,2202260,-1.461988304093567,49067359401000,728002365,64348,3.03,1.05,22255,2.23,1500,1179.8499755859375,2.0339999198913574,278,반도체,Listed,0.0
2019-07-09,68400,70500,67900,69800,2912514,3.5608308605341246,50814565077000,728002365,64348,3.14,1.08,22255,2.15,1500,1181.47998046875,2.053999900817871,278,반도체,Listed,0.0
2019-07-10,71500,73400,71000,72900,4346179,4.441260744985674,53071372408500,728002365,64348,3.28,1.13,22255,2.06,1500,1175.530029296875,2.061000108718872,278,반도체,Listed,0.0
2019-07-11,74000,75500,74000,75500,5111929,3.5665294924554183,54964178557500,728002365,64348,3.39,1.17,22255,1.99,1500,1174.0799560546875,2.119999885559082,278,반도체,Listed,0.0
2019-07-12,75600,75800,74400,74700,2638271,-1.0596026490066226,54381776665500,728002365,64348,3.36,1.16,22255,2.01,1500,1174.0799560546875,2.1059999465942383,278,반도체,Listed,0.0
2019-07-15,74500,76500,74400,76200,2122090,2.0080321285140563,55473780213000,728002365,64348,3.42,1.18,22255,1.97,1500,1178.4300537109375,2.0920000076293945,278,반도체,Listed,0.0
2019-07-16,74800,76500,74800,76100,2450278,-0.13123359580052493,55400979976500,728002365,64348,3.42,1.18,22255,1.97,1500,1177.8800048828125,2.121999979019165,278,반도체,Listed,0.0
2019-07-17,74600,75200,74000,74600,2805672,-1.971090670170828,54308976429000,728002365,64348,3.35,1.16,22255,2.01,1500,1178.68994140625,2.061000108718872,278,반도체,Listed,0.0
2019-07-18,74300,75200,73900,74700,1902110,0.13404825737265416,54381776665500,728002365,64348,3.36,1.16,22255,2.01,1500,1170.77001953125,2.0380001068115234,278,반도체,Listed,0.0
2019-07-19,75900,77000,75600,76800,2635348,2.8112449799196786,55910581632000,728002365,64348,3.45,1.19,22255,1.95,1500,1170.77001953125,2.0480000972747803,278,반도체,Listed,0.0
2019-07-22,77800,79200,77000,78400,3213786,2.083333333333333,57075385416000,728002365,64348,3.52,1.22,22255,1.91,1500,1174.760009765625,2.0429999828338623,278,반도체,Listed,0.0
2019-07-23,79700,80700,78200,78800,4814941,0.5102040816326531,57366586362000,728002365,64348,3.54,1.22,22255,1.9,1500,1176.800048828125,2.0739998817443848,278,반도체,Listed,0.0
2019-07-24,78800,80200,77100,77600,3562342,-1.5228426395939088,56492983524000,728002365,64348,3.49,1.21,22255,1.93,1500,1176.550048828125,2.049999952316284,278,반도체,Listed,0.0
2019-07-25,79700,80400,77700,79200,3963383,2.0618556701030926,57657787308000,728002365,64348,3.56,1.23,22255,1.89,1500,1182.3900146484375,2.0739998817443848,278,반도체,Listed,0.0
2019-07-26,78100,80300,78000,79800,3095260,0.7575757575757576,58094588727000,728002365,64348,3.59,1.24,22255,1.88,1500,1182.3900146484375,2.0810000896453857,278,반도체,Listed,0.0
2019-07-29,79000,79400,76500,77000,2616782,-3.508771929824561,56056182105000,728002365,64348,3.46,1.2,22255,1.95,1500,1181.8499755859375,2.055000066757202,278,반도체,Listed,0.0
2019-07-30,78200,80000,77700,78900,2371300,2.4675324675324677,57439386598500,728002365,64348,3.55,1.23,22255,1.9,1500,1180.6500244140625,2.061000108718872,278,반도체,Listed,0.0
2019-07-31,78000,79100,75300,76900,3712241,-2.5348542458808616,55983381868500,728002365,64348,3.46,1.2,22255,1.95,1500,1186.31005859375,2.0209999084472656,278,반도체,Listed,0.0
2019-08-01,75300,78700,75300,77700,3397831,1.0403120936280885,56565783760500,728002365,64348,3.49,1.21,22255,1.93,1500,1194.75,1.8940000534057617,278,반도체,Listed,0.0
2019-08-02,75400,76800,74900,76100,4845952,-2.0592020592020592,55400979976500,728002365,64348,3.42,1.18,22255,1.97,1500,1194.75,1.8550000190734863,278,반도체,Listed,0.0
2019-08-05,75500,76000,74900,75400,2889902,-0.9198423127463863,54891378321000,728002365,64348,3.39,1.17,22255,1.99,1500,1216.6500244140625,1.7350000143051147,278,반도체,Listed,0.0
2019-08-06,73100,73900,71900,72000,5008247,-4.509283819628647,52416170280000,728002365,64348,3.24,1.12,22255,2.08,1500,1212.530029296875,1.7389999628067017,278,반도체,Listed,0.0
2019-08-07,72000,74300,72000,73300,2692841,1.8055555555555554,53362573354500,728002365,64348,3.29,1.14,22255,2.05,1500,1212.22998046875,1.684000015258789,278,반도체,Listed,0.0
2019-08-08,73600,74500,72000,72300,2943206,-1.364256480218281,52634570989500,728002365,64348,3.25,1.12,22255,2.07,1500,1207.030029296875,1.715999960899353,278,반도체,Listed,0.0
2019-08-09,73200,74100,72300,73300,2100380,1.3831258644536653,53362573354500,728002365,64348,3.29,1.14,22255,2.05,1500,1207.030029296875,1.7339999675750732,278,반도체,Listed,0.0
2019-08-12,73700,75000,73500,74500,1254926,1.6371077762619373,54236176192500,728002365,64348,3.35,1.16,22255,2.01,1500,1217.6300048828125,1.6390000581741333,278,반도체,Listed,0.0
2019-08-13,74000,75100,73700,74500,1304708,0.0,54236176192500,728002365,64348,3.35,1.16,22255,2.01,1500,1204.72998046875,1.6799999475479126,278,반도체,Listed,0.0
2019-08-14,77200,77900,76200,76900,2561643,3.2214765100671143,55983381868500,728002365,64348,3.46,1.2,22255,1.95,1500,1215.6400146484375,1.5809999704360962,278,반도체,Listed,0.0
2019-08-16,75800,76400,75100,76400,2015785,-0.6501950585175552,55619380686000,728002365,64348,3.43,1.19,22255,1.96,1500,1211.5,1.5390000343322754,278,반도체,Listed,0.0
2019-08-19,77300,77500,74800,75100,1591728,-1.7015706806282722,54672977611500,728002365,64348,3.37,1.17,22255,2.0,1500,1210.530029296875,1.5980000495910645,278,반도체,Listed,0.0
2019-08-20,75500,76600,75100,76400,1694275,1.7310252996005324,55619380686000,728002365,64348,3.43,1.19,22255,1.96,1500,1205.280029296875,1.5609999895095825,278,반도체,Listed,0.0
2019-08-21,75900,76900,75500,75800,1898789,-0.7853403141361256,55182579267000,728002365,64348,3.41,1.18,22255,1.98,1500,1201.3199462890625,1.5770000219345093,278,반도체,Listed,0.0
2019-08-22,75300,76000,73800,73800,2309550,-2.638522427440633,53726574537000,728002365,64348,3.32,1.15,22255,2.03,1500,1208.56005859375,1.6100000143051147,278,반도체,Listed,0.0
2019-08-23,73500,75200,73400,74400,1695532,0.8130081300813009,54163375956000,728002365,64348,3.34,1.16,22255,2.02,1500,1208.56005859375,1.527999997138977,278,반도체,Listed,0.0
2019-08-26,72600,73000,71500,71800,2645491,-3.494623655913978,52270569807000,728002365,64348,3.23,1.12,22255,2.09,1500,1210.72998046875,1.5449999570846558,278,반도체,Listed,0.0
2019-08-27,72500,73700,72500,73000,2512610,1.6713091922005572,53144172645000,728002365,64348,3.28,1.13,22255,2.05,1500,1210.760009765625,1.4900000095367432,278,반도체,Listed,0.0
2019-08-28,73500,73700,72500,73300,1380522,0.410958904109589,53362573354500,728002365,64348,3.29,1.14,22255,2.05,1500,1211.3699951171875,1.465999960899353,278,반도체,Listed,0.0
2019-08-29,73500,74100,72000,73300,2050860,0.0,53362573354500,728002365,64348,3.29,1.14,22255,2.05,1500,1207.1600341796875,1.5160000324249268,278,반도체,Listed,0.0
2019-08-30,74600,78000,74600,77400,3839246,5.5934515688949515,56347383051000,728002365,64348,3.48,1.2,22255,1.94,1500,1207.1600341796875,1.50600004196167,278,반도체,Listed,0.0
2019-09-02,77000,78200,76500,77600,1431352,0.2583979328165375,56492983524000,728002365,64348,3.49,1.21,22255,1.93,1500,1212.77001953125,1.50600004196167,278,반도체,Listed,0.0
2019-09-03,77200,77600,76300,77000,1611563,-0.7731958762886598,56056182105000,728002365,64348,3.46,1.2,22255,1.95,1500,1210.47998046875,1.465999960899353,278,반도체,Listed,0.0
2019-09-04,77400,80000,77300,80000,2723541,3.896103896103896,58240189200000,728002365,64348,3.59,1.24,22255,1.88,1500,1202.68994140625,1.4589999914169312,278,반도체,Listed,0.0
2019-09-05,81400,83000,81200,83000,4068631,3.75,60424196295000,728002365,64348,3.73,1.29,22255,1.81,1500,1196.0,1.565000057220459,278,반도체,Listed,0.0
2019-09-06,84000,84000,81500,81900,2418057,-1.3253012048192772,59623393693500,728002365,64348,3.68,1.27,22255,1.83,1500,1196.0,1.5499999523162842,278,반도체,Listed,0.0
2019-09-09,83100,84600,82500,84300,2642174,2.93040293040293,61370599369500,728002365,64348,3.79,1.31,22255,1.78,1500,1190.8599853515625,1.621999979019165,278,반도체,Listed,0.0
2019-09-10,84200,84200,82700,83100,1761883,-1.4234875444839856,60496996531500,728002365,64348,3.73,1.29,22255,1.81,1500,1189.5,1.7020000219345093,278,반도체,Listed,0.0
2019-09-11,83400,84300,81300,82600,3650902,-0.601684717208183,60132995349000,728002365,64348,3.71,1.28,22255,1.82,1500,1189.800048828125,1.7330000400543213,278,반도체,Listed,0.0
2019-09-16,81000,81000,79000,79500,5174391,-3.753026634382567,57876188017500,728002365,64348,3.57,1.24,22255,1.89,1500,1183.2900390625,1.840999960899353,278,반도체,Listed,0.0
2019-09-17,80000,80400,79100,79400,2538780,-0.12578616352201258,57803387781000,728002365,64348,3.57,1.23,22255,1.89,1500,1185.6500244140625,1.812000036239624,278,반도체,Listed,0.0
2019-09-18,80100,80600,79500,80200,2706678,1.0075566750629723,58385789673000,728002365,64348,3.6,1.25,22255,1.87,1500,1189.550048828125,1.7860000133514404,278,반도체,Listed,0.0
2019-09-19,80600,82700,80300,82700,3612220,3.117206982543641,60205795585500,728002365,64348,3.72,1.29,22255,1.81,1500,1193.8599853515625,1.7740000486373901,278,반도체,Listed,0.0
2019-09-20,82800,83400,82100,82200,2447172,-0.6045949214026602,59841794403000,728002365,64348,3.69,1.28,22255,1.82,1500,1193.8599853515625,1.7549999952316284,278,반도체,Listed,0.0
2019-09-23,81900,83300,81900,82800,1413663,0.7299270072992701,60278595822000,728002365,64348,3.72,1.29,22255,1.81,1500,1193.010009765625,1.7079999446868896,278,반도체,Listed,0.0
2019-09-24,82500,83500,81400,83400,1662830,0.7246376811594203,60715397241000,728002365,64348,3.75,1.3,22255,1.8,1500,1193.93994140625,1.6349999904632568,278,반도체,Listed,0.0
2019-09-25,82200,82800,81500,81900,1644881,-1.7985611510791366,59623393693500,728002365,64348,3.68,1.27,22255,1.83,1500,1197.8900146484375,1.7319999933242798,278,반도체,Listed,0.0
2019-09-26,83000,83500,82500,83300,1734941,1.7094017094017095,60642597004500,728002365,64348,3.74,1.29,22255,1.8,1500,1198.6300048828125,1.684999942779541,278,반도체,Listed,0.0
2019-09-27,80200,81500,80100,81400,2625620,-2.2809123649459786,59259392511000,728002365,64348,3.66,1.26,22255,1.84,1500,1198.6300048828125,1.6749999523162842,278,반도체,Listed,0.0
2019-09-30,80600,82900,80400,82200,2442478,0.9828009828009828,59841794403000,728002365,64348,3.69,1.28,22255,1.82,1500,1198.0,1.6749999523162842,278,반도체,Listed,0.0
2019-10-01,81800,82500,81700,82000,2370210,-0.24330900243309003,59696193930000,728002365,64348,3.68,1.27,22255,1.83,1500,1201.68994140625,1.6440000534057617,278,반도체,Listed,0.0
2019-10-02,81600,81600,79500,79500,2188097,-3.048780487804878,57876188017500,728002365,64348,3.57,1.24,22255,1.89,1500,1203.5699462890625,1.5959999561309814,278,반도체,Listed,0.0
2019-10-04,78900,81300,78900,80300,2430603,1.0062893081761006,58458589909500,728002365,64348,3.61,1.25,22255,1.87,1500,1200.0799560546875,1.5149999856948853,278,반도체,Listed,0.0
2019-10-07,80700,81700,79800,80300,1229105,0.0,58458589909500,728002365,64348,3.61,1.25,22255,1.87,1500,1195.760009765625,1.5529999732971191,278,반도체,Listed,0.0
2019-10-08,80400,81100,79400,80900,1816880,0.7471980074719801,58895391328500,728002365,64348,3.64,1.26,22255,1.85,1500,1198.3699951171875,1.5369999408721924,278,반도체,Listed,0.0
2019-10-10,78900,79600,78100,79000,4389324,-2.3485784919653896,57512186835000,728002365,64348,3.55,1.23,22255,1.9,1500,1188.81005859375,1.6579999923706055,278,반도체,Listed,0.0
2019-10-11,79800,80500,79400,80000,2186536,1.2658227848101267,58240189200000,728002365,64348,3.59,1.24,22255,1.88,1500,1188.81005859375,1.7519999742507935,278,반도체,Listed,0.0
2019-10-14,82000,82300,80400,80500,1972409,0.625,58604190382500,728002365,64348,3.62,1.25,22255,1.86,1500,1182.300048828125,1.7330000400543213,278,반도체,Listed,0.0
2019-10-15,80700,81700,80500,81200,1518810,0.8695652173913043,59113792038000,728002365,64348,3.65,1.26,22255,1.85,1500,1183.9300537109375,1.7710000276565552,278,반도체,Listed,0.0
2019-10-16,82400,82700,81900,82400,2436269,1.477832512315271,59987394876000,728002365,64348,3.7,1.28,22255,1.82,1500,1184.8299560546875,1.7480000257492065,278,반도체,Listed,0.0
2019-10-17,82000,82200,80600,81000,1713942,-1.6990291262135921,58968191565000,728002365,64348,3.64,1.26,22255,1.85,1500,1177.27001953125,1.7569999694824219,278,반도체,Listed,0.0
2019-10-18,81500,81700,77300,77400,13625664,-4.444444444444445,56347383051000,728002365,64348,3.48,1.2,22255,1.94,1500,1177.27001953125,1.746999979019165,278,반도체,Listed,0.0
2019-10-21,77800,78400,77100,77500,2096581,0.12919896640826875,56420183287500,728002365,64348,3.48,1.2,22255,1.94,1500,1171.4000244140625,1.7920000553131104,278,반도체,Listed,0.0
2019-10-22,78900,79300,78200,79100,3453958,2.064516129032258,57584987071500,728002365,64348,3.55,1.23,22255,1.9,1500,1171.260009765625,1.7680000066757202,278,반도체,Listed,0.0
2019-10-23,78500,78600,77700,77700,5373911,-1.7699115044247788,56565783760500,728002365,64348,3.49,1.21,22255,1.93,1500,1169.699951171875,1.7589999437332153,278,반도체,Listed,0.0
2019-10-24,79900,80100,78700,80000,3076100,2.9601029601029603,58240189200000,728002365,64348,3.59,1.24,22255,1.88,1500,1174.25,1.7660000324249268,278,반도체,Listed,0.0
2019-10-25,82400,82900,81500,82900,4229200,3.6249999999999996,60351396058500,728002365,64348,3.73,1.29,22255,1.81,1500,1174.25,1.8009999990463257,278,반도체,Listed,0.0
2019-10-28,83400,84000,82600,82900,1977758,0.0,60351396058500,728002365,64348,3.73,1.29,22255,1.81,1500,1170.8199462890625,1.8530000448226929,278,반도체,Listed,0.0
2019-10-29,84000,84000,82900,83000,1645070,0.12062726176115801,60424196295000,728002365,64348,3.73,1.29,22255,1.81,1500,1166.760009765625,1.8350000381469727,278,반도체,Listed,0.0
2019-10-30,83400,83400,81000,81500,1927042,-1.8072289156626504,59332192747500,728002365,64348,3.66,1.27,22255,1.84,1500,1165.75,1.7979999780654907,278,반도체,Listed,0.0
2019-10-31,81900,83400,81600,82000,1978755,0.6134969325153374,59696193930000,728002365,64348,3.68,1.27,22255,1.83,1500,1163.699951171875,1.690999984741211,278,반도체,Listed,0.0
2019-11-01,82300,83200,81600,83100,1848046,1.3414634146341464,60496996531500,728002365,64348,3.73,1.29,22255,1.81,1500,1168.550048828125,1.7280000448226929,278,반도체,Listed,0.0
2019-11-04,84000,84900,83800,84700,2182879,1.9253910950661854,61661800315500,728002365,64348,3.81,1.32,22255,1.77,1500,1163.800048828125,1.7860000133514404,278,반도체,Listed,0.0
2019-11-05,85100,85400,84600,85100,1953720,0.47225501770956313,61953001261500,728002365,64348,3.82,1.32,22255,1.76,1500,1161.81005859375,1.8660000562667847,278,반도체,Listed,0.0
2019-11-06,84800,85200,83500,83500,2127745,-1.8801410105757932,60788197477500,728002365,64348,3.75,1.3,22255,1.8,1500,1155.199951171875,1.8140000104904175,278,반도체,Listed,0.0
2019-11-07,83700,84300,82800,83600,1594558,0.11976047904191617,60860997714000,728002365,64348,3.76,1.3,22255,1.79,1500,1160.0799560546875,1.9259999990463257,278,반도체,Listed,0.0
2019-11-08,84600,84600,82000,82300,2074339,-1.555023923444976,59914594639500,728002365,64348,3.7,1.28,22255,1.82,1500,1158.5999755859375,1.9329999685287476,278,반도체,Listed,0.0
2019-11-11,82500,82500,80700,81300,2174477,-1.2150668286755772,59186592274500,728002365,64348,3.65,1.26,22255,1.85,1500,1158.5999755859375,1.9429999589920044,278,반도체,Listed,0.0
2019-11-12,81900,83200,81300,83200,1555211,2.337023370233702,60569796768000,728002365,64348,3.74,1.29,22255,1.8,1500,1163.9000244140625,1.909000039100647,278,반도체,Listed,0.0
2019-11-13,83300,83600,82300,83400,1370289,0.2403846153846154,60715397241000,728002365,64348,3.75,1.3,22255,1.8,1500,1164.949951171875,1.8700000047683716,278,반도체,Listed,0.0
2019-11-14,83200,83800,82900,83400,1517137,0.0,60715397241000,728002365,64348,3.75,1.3,22255,1.8,1500,1169.8599853515625,1.815000057220459,278,반도체,Listed,0.0
2019-11-15,84200,85200,83400,85200,2394138,2.158273381294964,62025801498000,728002365,64348,3.83,1.32,22255,1.76,1500,1167.52001953125,1.8339999914169312,278,반도체,Listed,0.0
2019-11-18,86000,86500,84700,85500,1827506,0.35211267605633806,62244202207500,728002365,64348,3.84,1.33,22255,1.75,1500,1162.3299560546875,1.8079999685287476,278,반도체,Listed,0.0
2019-11-19,85400,86000,84600,85300,2260299,-0.23391812865497078,62098601734500,728002365,64348,3.83,1.33,22255,1.76,1500,1165.68994140625,1.7860000133514404,278,반도체,Listed,0.0
2019-11-20,84400,85200,82600,82700,3315169,-3.048065650644783,60205795585500,728002365,64348,3.72,1.29,22255,1.81,1500,1165.8199462890625,1.7380000352859497,278,반도체,Listed,0.0
2019-11-21,81700,82500,80500,80900,3346746,-2.176541717049577,58895391328500,728002365,64348,3.64,1.26,22255,1.85,1500,1168.260009765625,1.7719999551773071,278,반도체,Listed,0.0
2019-11-22,80900,82100,80700,81700,2089767,0.9888751545117428,59477793220500,728002365,64348,3.67,1.27,22255,1.84,1500,1175.22998046875,1.7740000486373901,278,반도체,Listed,0.0
2019-11-25,82300,83300,81500,81700,2602474,0.0,59477793220500,728002365,64348,3.67,1.27,22255,1.84,1500,1179.489990234375,1.7640000581741333,278,반도체,Listed,0.0
2019-11-26,82000,84100,82000,82300,4521090,0.7343941248470013,59914594639500,728002365,64348,3.7,1.28,22255,1.82,1500,1172.4100341796875,1.7400000095367432,278,반도체,Listed,0.0
2019-11-27,82400,83200,82000,82700,1326621,0.48602673147023084,60205795585500,728002365,64348,3.72,1.29,22255,1.81,1500,1172.5999755859375,1.7669999599456787,278,반도체,Listed,0.0
2019-11-28,83100,83800,82500,82800,1413983,0.12091898428053204,60278595822000,728002365,64348,3.72,1.29,22255,1.81,1500,1175.3599853515625,1.7669999599456787,278,반도체,Listed,0.0
2019-11-29,82500,82800,80700,80900,2139440,-2.2946859903381642,58895391328500,728002365,64348,3.64,1.26,22255,1.85,1500,1177.010009765625,1.7760000228881836,278,반도체,Listed,0.0
2019-12-02,80900,81800,80500,80500,1945991,-0.4944375772558714,58604190382500,728002365,64348,3.62,1.25,22255,1.86,1500,1181.469970703125,1.8359999656677246,278,반도체,Listed,0.0
2019-12-03,78100,79300,77300,78700,11657151,-2.236024844720497,57293786125500,728002365,64348,3.54,1.22,22255,1.91,1500,1183.7900390625,1.7089999914169312,278,반도체,Listed,0.0
2019-12-04,78000,78100,76800,77700,6164549,-1.2706480304955527,56565783760500,728002365,64348,3.49,1.21,22255,1.93,1500,1187.6300048828125,1.781000018119812,278,반도체,Listed,0.0
2019-12-05,79800,79900,78000,78800,3667358,1.4157014157014158,57366586362000,728002365,64348,3.54,1.22,22255,1.9,1500,1189.4599609375,1.7970000505447388,278,반도체,Listed,0.0
2019-12-06,79300,80800,79100,80600,3054204,2.284263959390863,58676990619000,728002365,64348,3.62,1.25,22255,1.86,1500,1187.97998046875,1.8420000076293945,278,반도체,Listed,0.0
2019-12-09,81300,81800,80700,80700,2290088,0.12406947890818859,58749790855500,728002365,64348,3.63,1.25,22255,1.86,1500,1186.1099853515625,1.8289999961853027,278,반도체,Listed,0.0
2019-12-10,79800,80900,79400,80700,1831960,0.0,58749790855500,728002365,64348,3.63,1.25,22255,1.86,1500,1188.6800537109375,1.8329999446868896,278,반도체,Listed,0.0
2019-12-11,80700,81000,80100,80600,2009331,-0.12391573729863693,58676990619000,728002365,64348,3.62,1.25,22255,1.86,1500,1189.0699462890625,1.7899999618530273,278,반도체,Listed,0.0
2019-12-12,82000,83500,82000,83400,5247299,3.4739454094292808,60715397241000,728002365,64348,3.75,1.3,22255,1.8,1500,1187.9300537109375,1.8969999551773071,278,반도체,Listed,0.0
2019-12-13,87200,88200,85800,87900,5831965,5.39568345323741,63991407883500,728002365,64348,3.95,1.37,22255,1.71,1500,1169.5899658203125,1.819000005722046,278,반도체,Listed,0.0
2019-12-16,87200,89400,87000,88600,2652685,0.7963594994311717,64501009539000,728002365,64348,3.98,1.38,22255,1.69,1500,1172.530029296875,1.8919999599456787,278,반도체,Listed,0.0
2019-12-17,91000,93800,90200,92800,5070618,4.740406320541761,67558619472000,728002365,64348,4.17,1.44,22255,1.62,1500,1167.4599609375,1.8890000581741333,278,반도체,Listed,0.0
2019-12-18,93400,94500,91800,93000,3434310,0.21551724137931033,67704219945000,728002365,64348,4.18,1.45,22255,1.61,1500,1162.780029296875,1.9240000247955322,278,반도체,Listed,0.0
2019-12-19,95400,96400,93400,93600,4938375,0.6451612903225806,68141021364000,728002365,64348,4.21,1.45,22255,1.6,1500,1164.3599853515625,1.9079999923706055,278,반도체,Listed,0.0
2019-12-20,94100,95100,93700,95000,2791176,1.4957264957264957,69160224675000,728002365,64348,4.27,1.48,22255,1.58,1500,1161.06005859375,1.9170000553131104,278,반도체,Listed,0.0
2019-12-23,95800,96200,94100,94600,1720279,-0.42105263157894735,68869023729000,728002365,64348,4.25,1.47,22255,1.59,1500,1159.300048828125,1.934999942779541,278,반도체,Listed,0.0
2019-12-24,95000,95600,93800,93800,1464093,-0.8456659619450317,68286621837000,728002365,64348,4.21,1.46,22255,1.6,1500,1161.5699462890625,1.909999966621399,278,반도체,Listed,0.0
2019-12-26,94000,95100,93500,94800,1559839,1.0660980810234542,69014624202000,728002365,64348,4.26,1.47,22255,1.58,1500,1159.75,1.9049999713897705,278,반도체,Listed,0.0
2019-12-27,94800,97000,94200,96000,2229470,1.2658227848101267,69888227040000,728002365,64348,4.31,1.49,22255,1.56,1500,1161.199951171875,1.8739999532699585,278,반도체,Listed,0.0
2019-12-30,95600,96300,94100,94100,1862634,-1.9791666666666665,68505022546500,728002365,64348,4.23,1.46,22255,1.59,1500,1160.6800537109375,1.8949999809265137,278,반도체,Listed,0.0
2020-01-02,96000,96200,94100,94700,2342070,0.6376195536663124,68941823965500,728002365,64348,4.26,1.47,22255,1.58,1500,1153.969970703125,1.8819999694824219,278,반도체,Listed,0.0
2020-01-03,96500,97900,94300,94500,3021380,-0.21119324181626187,68796223492500,728002365,64348,4.25,1.47,22255,1.59,1500,1157.1500244140625,1.7879999876022339,278,반도체,Listed,0.0
2020-01-06,93000,95300,92800,94300,2577573,-0.21164021164021166,68650623019500,728002365,64348,4.24,1.47,22255,1.59,1500,1165.8499755859375,1.8109999895095825,278,반도체,Listed,0.0
2020-01-07,94500,95400,94000,94000,2489429,-0.3181336161187699,68432222310000,728002365,64348,4.22,1.46,22255,1.6,1500,1167.4200439453125,1.8270000219345093,278,반도체,Listed,0.0
2020-01-08,96400,99500,95200,97400,7014748,3.6170212765957444,70907430351000,728002365,64348,4.38,1.51,22255,1.54,1500,1166.4599609375,1.8739999532699585,278,반도체,Listed,0.0
2020-01-09,98900,99000,97400,99000,3586413,1.642710472279261,72072234135000,728002365,64348,4.45,1.54,22255,1.52,1500,1161.260009765625,1.8580000400543213,278,반도체,Listed,0.0
2020-01-10,99100,99700,97900,98900,2867925,-0.10101010101010101,71999433898500,728002365,64348,4.44,1.54,22255,1.52,1500,1157.81005859375,1.8250000476837158,278,반도체,Listed,0.0
2020-01-13,99000,101000,98000,100500,2242008,1.6177957532861478,73164237682500,728002365,64348,4.52,1.56,22255,1.49,1500,1156.9300537109375,1.8480000495910645,278,반도체,Listed,0.0
2020-01-14,101500,103500,99900,100500,2913343,0.0,73164237682500,728002365,64348,4.52,1.56,22255,1.49,1500,1153.93994140625,1.8179999589920044,278,반도체,Listed,0.0
2020-01-15,99900,99900,98000,98200,2745625,-2.288557213930348,71489832243000,728002365,64348,4.41,1.53,22255,1.53,1500,1157.050048828125,1.7879999876022339,278,반도체,Listed,0.0
2020-01-16,97400,99400,97400,99200,2824804,1.0183299389002036,72217834608000,728002365,64348,4.46,1.54,22255,1.51,1500,1156.780029296875,1.809000015258789,278,반도체,Listed,0.0
2020-01-17,100500,101500,98800,99000,2246394,-0.20161290322580644,72072234135000,728002365,64348,4.45,1.54,22255,1.52,1500,1158.77001953125,1.8359999656677246,278,반도체,Listed,0.0
2020-01-20,100000,101000,99600,99900,1781639,0.9090909090909091,72727436263500,728002365,64348,4.49,1.55,22255,1.5,1500,1160.3599853515625,1.8359999656677246,278,반도체,Listed,0.0
2020-01-21,100500,100500,99000,99300,1483291,-0.6006006006006006,72290634844500,728002365,64348,4.46,1.54,22255,1.51,1500,1157.5699462890625,1.7690000534057617,278,반도체,Listed,0.0
2020-01-22,99000,101000,99000,101000,2257478,1.7119838872104733,73528238865000,728002365,64348,4.54,1.57,22255,1.49,1500,1168.739990234375,1.7690000534057617,278,반도체,Listed,0.0
2020-01-23,101000,101000,98200,98700,2780104,-2.277227722772277,71853833425500,728002365,64348,4.43,1.53,22255,1.52,1500,1163.72998046875,1.7400000095367432,278,반도체,Listed,0.0
2020-01-28,95500,96900,95000,96300,3630362,-2.43161094224924,70106627749500,728002365,64348,4.33,1.5,22255,1.56,1500,1176.72998046875,1.6410000324249268,278,반도체,Listed,0.0
2020-01-29,96900,99000,96700,97900,2741459,1.6614745586708204,71271431533500,728002365,64348,4.4,1.52,22255,1.53,1500,1174.280029296875,1.593999981880188,278,반도체,Listed,0.0
2020-01-30,97800,97800,93800,94000,3223436,-3.983656792645557,68432222310000,728002365,64348,4.22,1.46,22255,1.6,1500,1178.0799560546875,1.5579999685287476,278,반도체,Listed,0.0
2020-01-31,94500,97500,93500,93500,4597139,-0.5319148936170213,68068221127500,728002365,64348,4.2,1.45,22255,1.6,1500,1187.1199951171875,1.5199999809265137,278,반도체,Listed,0.0
2020-02-03,91800,95600,91500,94700,3725535,1.2834224598930482,68941823965500,728002365,64348,4.26,1.47,22255,1.58,1500,1194.8699951171875,1.5199999809265137,278,반도체,Listed,0.0
2020-02-04,94800,97500,94500,97100,3169743,2.534318901795143,70689029641500,728002365,64348,4.36,1.51,22255,1.54,1500,1189.3599853515625,1.6030000448226929,278,반도체,Listed,0.0
2020-02-05,99300,99300,96900,97700,2911995,0.6179196704428425,71125831060500,728002365,64348,4.39,1.52,22255,1.54,1500,1182.47998046875,1.6490000486373901,278,반도체,Listed,0.0
2020-02-06,98900,101000,98300,100500,2861441,2.865916069600819,73164237682500,728002365,64348,4.52,1.56,22255,1.49,1500,1183.4599609375,1.6440000534057617,278,반도체,Listed,0.0
2020-02-07,100000,100500,98400,99300,1827393,-1.1940298507462688,72290634844500,728002365,64348,4.46,1.54,22255,1.51,1500,1184.25,1.5779999494552612,278,반도체,Listed,0.0
2020-02-10,98000,99200,97400,98800,1825648,-0.5035246727089627,71926633662000,728002365,64348,4.44,1.54,22255,1.52,1500,1191.0899658203125,1.5470000505447388,278,반도체,Listed,0.0
2020-02-11,99900,100500,99000,99800,1820578,1.0121457489878543,72654636027000,728002365,64348,4.48,1.55,22255,1.5,1500,1185.6300048828125,1.590000033378601,278,반도체,Listed,0.0
2020-02-12,100500,101000,99100,100000,2616573,0.2004008016032064,72800236500000,728002365,64348,4.49,1.55,22255,1.5,1500,1180.719970703125,1.6299999952316284,278,반도체,Listed,0.0
2020-02-13,101000,103500,100500,102000,3519491,2.0,74256241230000,728002365,64348,4.58,1.59,22255,1.47,1500,1177.9599609375,1.6169999837875366,278,반도체,Listed,0.0
2020-02-14,101500,105000,101000,104500,1893163,2.450980392156863,76076247142500,728002365,64348,4.7,1.62,22255,1.44,1500,1183.469970703125,1.5880000591278076,278,반도체,Listed,0.0
2020-02-17,104500,106000,103500,105000,1190162,0.4784688995215311,76440248325000,728002365,64348,4.72,1.63,22255,1.43,1500,1182.1800537109375,1.5880000591278076,278,반도체,Listed,0.0
2020-02-18,104000,104500,101500,102000,2789667,-2.857142857142857,74256241230000,728002365,64348,4.58,1.59,22255,1.47,1500,1183.81005859375,1.555999994277954,278,반도체,Listed,0.0
2020-02-19,102500,103500,101000,103500,2315634,1.4705882352941175,75348244777500,728002365,64348,4.65,1.61,22255,1.45,1500,1189.9300537109375,1.5700000524520874,278,반도체,Listed,0.0
2020-02-20,104500,106000,102500,104000,3093782,0.4830917874396135,75712245960000,728002365,64348,4.67,1.62,22255,1.44,1500,1191.3699951171875,1.524999976158142,278,반도체,Listed,0.0
2020-02-21,101500,103500,101000,103000,4064719,-0.9615384615384616,74984243595000,728002365,64348,4.63,1.6,22255,1.46,1500,1204.4000244140625,1.4709999561309814,278,반도체,Listed,0.0
2020-02-24,100500,100500,98900,99500,5550758,-3.3980582524271843,72436235317500,728002365,64348,4.47,1.55,22255,1.51,1500,1205.77001953125,1.3769999742507935,278,반도체,Listed,0.0
2020-02-25,97800,99100,96400,98000,6594059,-1.507537688442211,71344231770000,728002365,64348,4.4,1.52,22255,1.53,1500,1217.6500244140625,1.3300000429153442,278,반도체,Listed,0.0
2020-02-26,95500,96100,94400,94600,6405409,-3.4693877551020407,68869023729000,728002365,64348,4.25,1.47,22255,1.59,1500,1214.550048828125,1.309999942779541,278,반도체,Listed,0.0
2020-02-27,94700,95300,92200,92800,4644449,-1.9027484143763214,67558619472000,728002365,64348,4.17,1.44,22255,1.62,1500,1211.3599853515625,1.2990000247955322,278,반도체,Listed,0.0
2020-02-28,91000,92200,87700,87900,8171939,-5.280172413793103,63991407883500,728002365,64348,3.95,1.37,22255,1.71,1500,1211.31005859375,1.1269999742507935,278,반도체,Listed,0.0
2020-03-02,90000,93100,88300,92100,6382279,4.778156996587031,67049017816500,728002365,64348,4.14,1.43,22255,1.63,1500,1200.0999755859375,1.0880000591278076,278,반도체,Listed,0.0
2020-03-03,95000,95100,92400,92800,5573006,0.760043431053203,67558619472000,728002365,64348,4.17,1.44,22255,1.62,1500,1188.280029296875,1.0099999904632568,278,반도체,Listed,0.0
2020-03-04,91300,95000,91300,94300,4984561,1.6163793103448276,68650623019500,728002365,64348,4.24,1.47,22255,1.59,1500,1186.3399658203125,0.9919999837875366,278,반도체,Listed,0.0
2020-03-05,95200,95900,93800,94900,4028776,0.6362672322375398,69087424438500,728002365,64348,4.26,1.47,22255,1.58,1500,1183.6800537109375,0.9259999990463257,278,반도체,Listed,0.0
2020-03-06,93300,94300,92000,92600,3281612,-2.423603793466807,67413018999000,728002365,64348,4.16,1.44,22255,1.62,1500,1187.469970703125,0.7059999704360962,278,반도체,Listed,0.0
2020-03-09,89500,89700,86400,86900,6196552,-6.155507559395248,63263405518500,728002365,64348,3.9,1.35,22255,1.73,1500,1187.699951171875,0.49900001287460327,278,반도체,Listed,0.0
2020-03-10,86900,89400,86600,89100,6579153,2.5316455696202533,64865010721500,728002365,64348,4.0,1.38,22255,1.68,1500,1199.9599609375,0.7480000257492065,278,반도체,Listed,0.0
2020-03-11,88200,88500,85100,85500,5226251,-4.040404040404041,62244202207500,728002365,64348,3.84,1.33,22255,1.75,1500,1184.699951171875,0.8199999928474426,278,반도체,Listed,0.0
2020-03-12,83800,84600,79600,82800,8191818,-3.1578947368421053,60278595822000,728002365,64348,3.72,1.29,22255,1.81,1500,1189.3900146484375,0.8489999771118164,278,반도체,Listed,0.0
2020-03-13,76900,84700,76000,82500,8160758,-0.36231884057971014,60060195112500,728002365,64348,3.71,1.28,22255,1.82,1500,1209.969970703125,0.9509999752044678,278,반도체,Listed,0.0
2020-03-16,83700,84800,80400,80600,5097762,-2.3030303030303028,58676990619000,728002365,64348,3.62,1.25,22255,1.86,1500,1210.800048828125,0.7279999852180481,278,반도체,Listed,0.0
2020-03-17,77500,83100,77000,80400,7107436,-0.24813895781637718,58531390146000,728002365,64348,3.61,1.25,22255,1.87,1500,1232.0400390625,0.996999979019165,278,반도체,Listed,0.0
2020-03-18,81600,82500,73000,73100,7949482,-9.07960199004975,53216972881500,728002365,64348,3.28,1.14,22255,2.05,1500,1237.989990234375,1.2660000324249268,278,반도체,Listed,0.0
2020-03-19,75500,75800,65800,69000,11140367,-5.60875512995896,50232163185000,728002365,64348,3.1,1.07,22255,2.17,1500,1255.3499755859375,1.11899995803833,278,반도체,Listed,0.0
2020-03-20,71800,76200,70100,74800,8750101,8.405797101449275,54454576902000,728002365,64348,3.36,1.16,22255,2.01,1500,1256.8800048828125,0.9380000233650208,278,반도체,Listed,0.0
2020-03-23,69700,71600,68000,69400,8192363,-7.219251336898395,50523364131000,728002365,64348,3.12,1.08,22255,2.16,1500,1253.949951171875,0.7639999985694885,278,반도체,Listed,0.0
2020-03-24,73000,78800,72100,78700,7247345,13.400576368876079,57293786125500,728002365,64348,3.54,1.22,22255,1.91,1500,1262.9300537109375,0.8159999847412109,278,반도체,Listed,0.0
2020-03-25,82000,84700,79800,84500,8787217,7.369758576874205,61516199842500,728002365,64348,3.8,1.31,22255,1.78,1500,1228.5999755859375,0.8579999804496765,278,반도체,Listed,0.0
2020-03-26,85000,87900,80400,80700,7895289,-4.497041420118343,58749790855500,728002365,64348,3.63,1.25,22255,1.86,1500,1231.0799560546875,0.8109999895095825,278,반도체,Listed,0.0
2020-03-27,85700,85700,80500,83300,8085695,3.2218091697645597,60642597004500,728002365,64348,3.74,1.29,22255,1.8,1500,1212.18994140625,0.7490000128746033,278,반도체,Listed,0.0
2020-03-30,81000,84900,80000,83700,5270037,0.4801920768307323,60933797950500,728002365,64348,3.76,1.3,22255,1.79,1500,1222.699951171875,0.6700000166893005,278,반도체,Listed,0.0
2020-03-31,84000,85500,82000,83300,5333479,-0.4778972520908005,60642597004500,728002365,64348,3.74,1.29,22255,1.8,1500,1216.6600341796875,0.6980000138282776,278,반도체,Listed,0.0
2020-04-01,82100,83200,78400,78400,6845675,-5.88235294117647,57075385416000,728002365,64348,3.52,1.22,22255,1.91,1500,1234.72998046875,0.6349999904632568,278,반도체,Listed,0.0
2020-04-02,78800,80000,76500,80000,5394371,2.0408163265306123,58240189200000,728002365,64348,3.59,1.24,22255,1.88,1500,1226.8499755859375,0.6269999742507935,278,반도체,Listed,0.0
2020-04-03,80000,80800,78500,79600,3755301,-0.5,57948988254000,728002365,64348,3.58,1.24,22255,1.88,1500,1226.8499755859375,0.5870000123977661,278,반도체,Listed,0.0
2020-04-06,81000,83300,80200,83100,5784159,4.396984924623116,60496996531500,728002365,64348,3.73,1.29,22255,1.81,1500,1223.0999755859375,0.6759999990463257,278,반도체,Listed,0.0
2020-04-07,86600,86700,83700,85800,6188649,3.2490974729241873,62462602917000,728002365,64348,3.86,1.33,22255,1.75,1500,1215.31005859375,0.7360000014305115,278,반도체,Listed,0.0
2020-04-08,85800,86500,84500,84500,3749575,-1.5151515151515151,61516199842500,728002365,64348,3.8,1.31,22255,1.78,1500,1214.75,0.7639999985694885,278,반도체,Listed,0.0
2020-04-09,86200,86500,84500,85000,3555538,0.591715976331361,61880201025000,728002365,64348,3.82,1.32,22255,1.76,1500,1209.510009765625,0.7289999723434448,278,반도체,Listed,0.0
2020-04-10,84000,84400,83000,84100,3675338,-1.0588235294117647,61224998896500,728002365,64348,3.78,1.31,22255,1.78,1500,1209.510009765625,0.7289999723434448,278,반도체,Listed,0.0
2020-04-13,83200,83400,81100,81400,3615318,-3.2104637336504163,59259392511000,728002365,64348,3.66,1.26,22255,1.84,1500,1213.9000244140625,0.7490000128746033,278,반도체,Listed,0.0
2020-04-14,82200,83700,81200,82300,3344109,1.1056511056511056,59914594639500,728002365,64348,3.7,1.28,22255,1.82,1500,1212.3800048828125,0.7519999742507935,278,반도체,Listed,0.0
2020-04-16,80600,82300,80600,81300,4470072,-1.2150668286755772,59186592274500,728002365,64348,3.65,1.26,22255,1.85,1500,1226.6400146484375,0.609000027179718,278,반도체,Listed,0.0
2020-04-17,83600,85900,83200,84100,6205624,3.4440344403444034,61224998896500,728002365,64348,3.78,1.31,22255,1.78,1500,1226.6400146484375,0.6539999842643738,278,반도체,Listed,0.0
2020-04-20,83900,83900,82000,82000,5027876,-2.4970273483947683,59696193930000,728002365,64348,3.68,1.27,22255,1.83,1500,1218.0999755859375,0.6259999871253967,278,반도체,Listed,0.0
2020-04-21,80600,82200,80200,81300,5090721,-0.853658536585366,59186592274500,728002365,64348,3.65,1.26,22255,1.85,1500,1230.8499755859375,0.5709999799728394,278,반도체,Listed,0.0
2020-04-22,80600,83900,80000,83900,5335787,3.198031980319803,61079398423500,728002365,64348,3.77,1.3,22255,1.79,1500,1231.3800048828125,0.6190000176429749,278,반도체,Listed,0.0
2020-04-23,85200,85200,82000,82600,6519481,-1.5494636471990464,60132995349000,728002365,64348,3.71,1.28,22255,1.82,1500,1232.449951171875,0.6129999756813049,278,반도체,Listed,0.0
2020-04-24,82000,82500,80800,81400,3193144,-1.4527845036319613,59259392511000,728002365,64348,3.66,1.26,22255,1.84,1500,1232.449951171875,0.5960000157356262,278,반도체,Listed,0.0
2020-04-27,81700,83200,81200,82600,3235430,1.4742014742014742,60132995349000,728002365,64348,3.71,1.28,22255,1.82,1500,1220.8699951171875,0.656000018119812,278,반도체,Listed,0.0
2020-04-28,82500,83900,82400,83400,3205535,0.9685230024213075,60715397241000,728002365,64348,3.75,1.3,22255,1.8,1500,1220.4000244140625,0.6100000143051147,278,반도체,Listed,0.0
2020-04-29,83500,84800,82900,83700,3750568,0.3597122302158274,60933797950500,728002365,64348,3.76,1.3,22255,1.79,1500,1210.7900390625,0.6269999742507935,278,반도체,Listed,0.0
2020-05-04,82900,82900,80800,81000,5280026,-3.225806451612903,58968191565000,728002365,65836,27.52,1.23,2943,1.23,1000,1222.449951171875,0.6370000243186951,278,반도체,Listed,0.0
2020-05-06,82000,82500,80900,82400,3351424,1.728395061728395,59987394876000,728002365,65836,28.0,1.25,2943,1.21,1000,1228.530029296875,0.7110000252723694,278,반도체,Listed,0.0
2020-05-07,82400,83400,81800,82400,2660512,0.0,59987394876000,728002365,65836,28.0,1.25,2943,1.21,1000,1218.6300048828125,0.6309999823570251,278,반도체,Listed,0.0
2020-05-08,83000,85500,83000,85000,5039635,3.1553398058252426,61880201025000,728002365,65836,28.88,1.29,2943,1.18,1000,1218.6300048828125,0.6819999814033508,278,반도체,Listed,0.0
2020-05-11,84500,85200,84100,84500,2800047,-0.5882352941176471,61516199842500,728002365,65836,28.71,1.28,2943,1.18,1000,1222.4000244140625,0.7260000109672546,278,반도체,Listed,0.0
2020-05-12,84500,86500,83200,85700,3574409,1.4201183431952662,62389802680500,728002365,65836,29.12,1.3,2943,1.17,1000,1225.6500244140625,0.6779999732971191,278,반도체,Listed,0.0
2020-05-13,83500,84100,83000,83600,5371416,-2.4504084014002334,60860997714000,728002365,65836,28.41,1.27,2943,1.2,1000,1226.550048828125,0.6489999890327454,278,반도체,Listed,0.0
2020-05-14,82200,82500,80600,80600,6409652,-3.588516746411483,58676990619000,728002365,65836,27.39,1.22,2943,1.24,1000,1225.4599609375,0.6190000176429749,278,반도체,Listed,0.0
2020-05-15,81500,82300,80700,81900,4168866,1.6129032258064515,59623393693500,728002365,65836,27.83,1.24,2943,1.22,1000,1225.4599609375,0.6399999856948853,278,반도체,Listed,0.0
2020-05-18,80400,81800,79200,81100,5294177,-0.9768009768009768,59040991801500,728002365,65836,27.56,1.23,2943,1.23,1000,1224.199951171875,0.7440000176429749,278,반도체,Listed,0.0
2020-05-19,82400,83200,81700,82700,4620614,1.972872996300863,60205795585500,728002365,65836,28.1,1.26,2943,1.21,1000,1224.3199462890625,0.7110000252723694,278,반도체,Listed,0.0
2020-05-20,81900,84200,81800,84100,3924403,1.6928657799274487,61224998896500,728002365,65836,28.58,1.28,2943,1.19,1000,1226.550048828125,0.6800000071525574,278,반도체,Listed,0.0
2020-05-21,84900,84900,83200,83400,2678953,-0.8323424494649228,60715397241000,728002365,65836,28.34,1.27,2943,1.2,1000,1233.3900146484375,0.6769999861717224,278,반도체,Listed,0.0
2020-05-22,83100,83300,81000,81300,3471700,-2.5179856115107913,59186592274500,728002365,65836,27.62,1.23,2943,1.23,1000,1233.3900146484375,0.6570000052452087,278,반도체,Listed,0.0
2020-05-25,81500,81800,80500,81400,2850294,0.12300123001230012,59259392511000,728002365,65836,27.66,1.24,2943,1.23,1000,1240.02001953125,0.6570000052452087,278,반도체,Listed,0.0
2020-05-26,80600,82100,80600,81900,3040122,0.6142506142506142,59623393693500,728002365,65836,27.83,1.24,2943,1.22,1000,1230.8699951171875,0.6980000138282776,278,반도체,Listed,0.0
2020-05-27,81100,82700,81000,81400,2946278,-0.6105006105006106,59259392511000,728002365,65836,27.66,1.24,2943,1.23,1000,1238.300048828125,0.6800000071525574,278,반도체,Listed,0.0
2020-05-28,84100,85400,82400,83900,9227823,3.0712530712530715,61079398423500,728002365,65836,28.51,1.27,2943,1.19,1000,1237.97998046875,0.7049999833106995,278,반도체,Listed,0.0
2020-05-29,82600,82700,81300,81500,6815185,-2.860548271752086,59332192747500,728002365,65836,27.69,1.24,2943,1.23,1000,1237.97998046875,0.6480000019073486,278,반도체,Listed,0.0
2020-06-01,82100,83700,82100,83600,4205357,2.5766871165644174,60860997714000,728002365,65836,28.41,1.27,2943,1.2,1000,1222.989990234375,0.6620000004768372,278,반도체,Listed,0.0
2020-06-02,82700,83600,82700,83300,3114162,-0.3588516746411483,60642597004500,728002365,65836,28.3,1.27,2943,1.2,1000,1219.1400146484375,0.6800000071525574,278,반도체,Listed,0.0
2020-06-03,83400,89200,83400,88700,11642239,6.482593037214886,64573809775500,728002365,65836,30.14,1.35,2943,1.13,1000,1215.8199462890625,0.7609999775886536,278,반도체,Listed,0.0
2020-06-04,90000,91600,87100,87700,6678244,-1.1273957158962795,63845807410500,728002365,65836,29.8,1.33,2943,1.14,1000,1215.3800048828125,0.8199999928474426,278,반도체,Listed,0.0
2020-06-05,88500,90800,87700,90400,4000557,3.0786773090079818,65811413796000,728002365,65836,30.72,1.37,2943,1.11,1000,1215.3800048828125,0.9039999842643738,278,반도체,Listed,0.0
2020-06-08,93000,93000,90600,91000,3789382,0.6637168141592921,66248215215000,728002365,65836,30.92,1.38,2943,1.1,1000,1195.72998046875,0.8840000033378601,278,반도체,Listed,0.0
2020-06-09,91000,92000,89100,89800,3410081,-1.3186813186813187,65374612377000,728002365,65836,30.51,1.36,2943,1.11,1000,1197.300048828125,0.8289999961853027,278,반도체,Listed,0.0
2020-06-10,89800,91100,89400,90800,3045250,1.1135857461024499,66102614742000,728002365,65836,30.85,1.38,2943,1.1,1000,1189.739990234375,0.7480000257492065,278,반도체,Listed,0.0
2020-06-11,89300,90300,87500,88500,5467344,-2.5330396475770924,64428209302500,728002365,65836,30.07,1.34,2943,1.13,1000,1204.760009765625,0.652999997138977,278,반도체,Listed,0.0
2020-06-12,84500,85800,84500,85200,4742329,-3.728813559322034,62025801498000,728002365,65836,28.95,1.29,2943,1.17,1000,1204.760009765625,0.6990000009536743,278,반도체,Listed,0.0
2020-06-15,84100,86500,82000,82000,4710114,-3.755868544600939,59696193930000,728002365,65836,27.86,1.25,2943,1.22,1000,1206.9000244140625,0.7020000219345093,278,반도체,Listed,0.0
2020-06-16,83400,85700,83300,85400,3518785,4.146341463414634,62171401971000,728002365,65836,29.02,1.3,2943,1.17,1000,1211.1500244140625,0.7559999823570251,278,반도체,Listed,0.0
2020-06-17,84800,87400,83500,86800,4160612,1.639344262295082,63190605282000,728002365,65836,29.49,1.32,2943,1.15,1000,1214.3499755859375,0.7329999804496765,278,반도체,Listed,0.0
2020-06-18,86100,86800,85400,86200,2484147,-0.6912442396313364,62753803863000,728002365,65836,29.29,1.31,2943,1.16,1000,1211.3599853515625,0.6940000057220459,278,반도체,Listed,0.0
2020-06-19,86500,87000,84500,85400,3216102,-0.9280742459396751,62171401971000,728002365,65836,29.02,1.3,2943,1.17,1000,1211.3599853515625,0.6970000267028809,278,반도체,Listed,0.0
2020-06-22,84400,85900,84300,84900,2167216,-0.5854800936768151,61807400788500,728002365,65836,28.85,1.29,2943,1.18,1000,1208.0,0.7039999961853027,278,반도체,Listed,0.0
2020-06-23,85600,86200,83900,84100,2955819,-0.9422850412249705,61224998896500,728002365,65836,28.58,1.28,2943,1.19,1000,1207.949951171875,0.7089999914169312,278,반도체,Listed,0.0
2020-06-24,84200,87400,84000,86000,4079834,2.2592152199762188,62608203390000,728002365,65836,29.22,1.31,2943,1.16,1000,1205.25,0.6840000152587891,278,반도체,Listed,0.0
2020-06-25,84300,85600,84000,84300,3397112,-1.9767441860465116,61370599369500,728002365,65836,28.64,1.28,2943,1.19,1000,1201.52001953125,0.6740000247955322,278,반도체,Listed,0.0
2020-06-26,86000,86100,84500,84600,2889494,0.3558718861209964,61589000079000,728002365,65836,28.75,1.29,2943,1.18,1000,1201.52001953125,0.6359999775886536,278,반도체,Listed,0.0
2020-06-29,84000,85300,83500,83600,2932433,-1.1820330969267139,60860997714000,728002365,65836,28.41,1.27,2943,1.2,1000,1198.489990234375,0.6359999775886536,278,반도체,Listed,0.0
2020-06-30,86200,87300,85000,85100,4983607,1.7942583732057416,61953001261500,728002365,65836,28.92,1.29,2943,1.18,1000,1198.3900146484375,0.652999997138977,278,반도체,Listed,0.0
2020-07-01,86800,87300,84900,85300,2382552,0.23501762632197415,62098601734500,728002365,65836,28.98,1.3,2943,1.17,1000,1200.699951171875,0.6819999814033508,278,반도체,Listed,0.0
2020-07-02,84800,85200,84000,84400,3295340,-1.0550996483001172,61443399606000,728002365,65836,28.68,1.28,2943,1.18,1000,1198.1700439453125,0.6690000295639038,278,반도체,Listed,0.0
2020-07-03,85000,85600,84500,85400,2195897,1.1848341232227488,62171401971000,728002365,65836,29.02,1.3,2943,1.17,1000,1198.1700439453125,0.6690000295639038,278,반도체,Listed,0.0
2020-07-06,86000,87000,85800,86000,2561766,0.702576112412178,62608203390000,728002365,65836,29.22,1.31,2943,1.16,1000,1190.9300537109375,0.6840000152587891,278,반도체,Listed,0.0
2020-07-07,87300,87300,84600,84800,3196352,-1.3953488372093024,61734600552000,728002365,65836,28.81,1.29,2943,1.18,1000,1195.699951171875,0.6499999761581421,278,반도체,Listed,0.0
2020-07-08,83800,84900,83600,83700,3523620,-1.2971698113207548,60933797950500,728002365,65836,28.44,1.27,2943,1.19,1000,1192.02001953125,0.652999997138977,278,반도체,Listed,0.0
2020-07-09,84200,84600,83000,83000,4002365,-0.8363201911589008,60424196295000,728002365,65836,28.2,1.26,2943,1.2,1000,1195.77001953125,0.6050000190734863,278,반도체,Listed,0.0
2020-07-10,83300,83500,82400,82800,2201557,-0.24096385542168677,60278595822000,728002365,65836,28.13,1.26,2943,1.21,1000,1195.77001953125,0.6330000162124634,278,반도체,Listed,0.0
2020-07-13,83100,83500,82500,83000,2080934,0.24154589371980675,60424196295000,728002365,65836,28.2,1.26,2943,1.2,1000,1203.780029296875,0.6399999856948853,278,반도체,Listed,0.0
2020-07-14,82600,82900,82000,82900,2048671,-0.12048192771084339,60351396058500,728002365,65836,28.17,1.26,2943,1.21,1000,1203.97998046875,0.6150000095367432,278,반도체,Listed,0.0
2020-07-15,83100,83900,82900,83000,3024429,0.12062726176115801,60424196295000,728002365,65836,28.2,1.26,2943,1.2,1000,1200.469970703125,0.6299999952316284,278,반도체,Listed,0.0
2020-07-16,83000,83100,82300,82700,2312310,-0.3614457831325301,60205795585500,728002365,65836,28.1,1.26,2943,1.21,1000,1204.22998046875,0.6119999885559082,278,반도체,Listed,0.0
2020-07-17,82700,83500,82600,82900,1579078,0.24183796856106407,60351396058500,728002365,65836,28.17,1.26,2943,1.21,1000,1204.22998046875,0.628000020980835,278,반도체,Listed,0.0
2020-07-20,82800,83000,82100,82200,2008624,-0.8443908323281062,59841794403000,728002365,65836,27.93,1.25,2943,1.22,1000,1200.030029296875,0.6200000047683716,278,반도체,Listed,0.0
2020-07-21,83400,84700,83000,84100,4181015,2.3114355231143553,61224998896500,728002365,65836,28.58,1.28,2943,1.19,1000,1192.739990234375,0.6069999933242798,278,반도체,Listed,0.0
2020-07-22,84100,84200,82900,83200,2876295,-1.070154577883472,60569796768000,728002365,65836,28.27,1.26,2943,1.2,1000,1197.22998046875,0.5950000286102295,278,반도체,Listed,0.0
2020-07-23,84000,84000,82300,82400,3591647,-0.9615384615384616,59987394876000,728002365,65836,28.0,1.25,2943,1.21,1000,1200.93994140625,0.5820000171661377,278,반도체,Listed,0.0
2020-07-24,82300,83700,82200,83700,3667416,1.5776699029126213,60933797950500,728002365,65836,28.44,1.27,2943,1.19,1000,1200.93994140625,0.5889999866485596,278,반도체,Listed,0.0
2020-07-27,83100,84000,82800,82800,2784652,-1.0752688172043012,60278595822000,728002365,65836,28.13,1.26,2943,1.21,1000,1195.9200439453125,0.609000027179718,278,반도체,Listed,0.0
2020-07-28,83900,83900,82700,83100,4538720,0.36231884057971014,60496996531500,728002365,65836,28.24,1.26,2943,1.2,1000,1199.3699951171875,0.5809999704360962,278,반도체,Listed,0.0
2020-07-29,82900,83800,82600,83200,3719681,0.12033694344163659,60569796768000,728002365,65836,28.27,1.26,2943,1.2,1000,1190.72998046875,0.5789999961853027,278,반도체,Listed,0.0
2020-07-30,83300,86400,83000,85300,6870841,2.5240384615384617,62098601734500,728002365,65836,28.98,1.3,2943,1.17,1000,1189.56005859375,0.5410000085830688,278,반도체,Listed,0.0
2020-07-31,85700,86000,82800,82800,4848989,-2.9308323563892147,60278595822000,728002365,65836,28.13,1.26,2943,1.21,1000,1189.56005859375,0.5360000133514404,278,반도체,Listed,0.0
2020-08-03,82400,82600,81500,81800,3483106,-1.2077294685990339,59550593457000,728002365,65836,27.79,1.24,2943,1.22,1000,1191.760009765625,0.5630000233650208,278,반도체,Listed,0.0
2020-08-04,81800,82500,81400,81600,3005937,-0.24449877750611246,59404992984000,728002365,65836,27.73,1.24,2943,1.23,1000,1192.25,0.5149999856948853,278,반도체,Listed,0.0
2020-08-05,81200,81300,80500,80700,4537005,-1.1029411764705883,58749790855500,728002365,65836,27.42,1.23,2943,1.24,1000,1185.1800537109375,0.5429999828338623,278,반도체,Listed,0.0
2020-08-06,80700,81900,80700,81100,3391939,0.49566294919454773,59040991801500,728002365,65836,27.56,1.23,2943,1.23,1000,1183.1700439453125,0.5360000133514404,278,반도체,Listed,0.0
2020-08-07,81200,81300,80000,80600,4946631,-0.6165228113440198,58676990619000,728002365,65836,27.39,1.22,2943,1.24,1000,1183.1700439453125,0.5619999766349792,278,반도체,Listed,0.0
2020-08-10,80100,81900,79800,81400,3277238,0.9925558312655087,59259392511000,728002365,65836,27.66,1.24,2943,1.23,1000,1185.18994140625,0.5740000009536743,278,반도체,Listed,0.0
2020-08-11,81700,82000,81000,81300,3234013,-0.12285012285012285,59186592274500,728002365,65836,27.62,1.23,2943,1.23,1000,1184.97998046875,0.6579999923706055,278,반도체,Listed,0.0
2020-08-12,81100,81300,80200,81000,3595828,-0.36900369003690037,58968191565000,728002365,65836,27.52,1.23,2943,1.23,1000,1182.75,0.6700000166893005,278,반도체,Listed,0.0
2020-08-13,81900,82000,80300,80700,4049387,-0.3703703703703704,58749790855500,728002365,65836,27.42,1.23,2943,1.24,1000,1184.1199951171875,0.7160000205039978,278,반도체,Listed,0.0
2020-08-14,80200,81100,80100,80200,2589552,-0.6195786864931847,58385789673000,728002365,65836,27.25,1.22,2943,1.25,1000,1184.1199951171875,0.7089999914169312,278,반도체,Listed,0.0
2020-08-18,80000,80200,78000,78100,4946279,-2.6184538653366585,56856984706500,728002365,65836,26.54,1.19,2943,1.28,1000,1183.6400146484375,0.6690000295639038,278,반도체,Listed,0.0
2020-08-19,77300,78000,75000,75000,8028305,-3.969270166453265,54600177375000,728002365,65836,25.48,1.14,2943,1.33,1000,1181.2099609375,0.675000011920929,278,반도체,Listed,0.0
2020-08-20,74400,74400,71300,71800,7260223,-4.266666666666667,52270569807000,728002365,65836,24.4,1.09,2943,1.39,1000,1184.2900390625,0.6439999938011169,278,반도체,Listed,0.0
2020-08-21,72800,77000,72500,74500,7700029,3.7604456824512535,54236176192500,728002365,65836,25.31,1.13,2943,1.34,1000,1184.2900390625,0.6399999856948853,278,반도체,Listed,0.0
2020-08-24,74600,77200,73700,75500,4298619,1.342281879194631,54964178557500,728002365,65836,25.65,1.15,2943,1.32,1000,1188.25,0.6460000276565552,278,반도체,Listed,0.0
2020-08-25,76300,77700,75400,77000,3473488,1.9867549668874174,56056182105000,728002365,65836,26.16,1.17,2943,1.3,1000,1186.4599609375,0.6819999814033508,278,반도체,Listed,0.0
2020-08-26,78000,79100,77100,78800,4741965,2.3376623376623376,57366586362000,728002365,65836,26.78,1.2,2943,1.27,1000,1183.8499755859375,0.6869999766349792,278,반도체,Listed,0.0
2020-08-27,80200,80200,78800,79100,4223450,0.3807106598984772,57584987071500,728002365,65836,26.88,1.2,2943,1.26,1000,1186.5799560546875,0.7459999918937683,278,반도체,Listed,0.0
2020-08-28,79500,79600,77700,77800,2511956,-1.643489254108723,56638583997000,728002365,65836,26.44,1.18,2943,1.29,1000,1186.5799560546875,0.7289999723434448,278,반도체,Listed,0.0
2020-08-31,78200,78800,75100,75100,5113128,-3.470437017994859,54672977611500,728002365,65836,25.52,1.14,2943,1.33,1000,1187.0400390625,0.6930000185966492,278,반도체,Listed,0.0
2020-09-01,75200,76500,75200,75200,2538676,0.13315579227696406,54745777848000,728002365,65836,25.55,1.14,2943,1.33,1000,1184.9200439453125,0.671999990940094,278,반도체,Listed,0.0
2020-09-02,75900,76400,74900,75500,2369360,0.39893617021276595,54964178557500,728002365,65836,25.65,1.15,2943,1.32,1000,1188.6500244140625,0.6510000228881836,278,반도체,Listed,0.0
2020-09-03,77700,79700,77200,78700,7002529,4.23841059602649,57293786125500,728002365,65836,26.74,1.2,2943,1.27,1000,1190.780029296875,0.621999979019165,278,반도체,Listed,0.0
2020-09-04,76400,79400,76100,78700,4582566,0.0,57293786125500,728002365,65836,26.74,1.2,2943,1.27,1000,1190.780029296875,0.7210000157356262,278,반도체,Listed,0.0
2020-09-07,78600,79500,77600,78400,2786930,-0.3811944091486658,57075385416000,728002365,65836,26.64,1.19,2943,1.28,1000,1186.81005859375,0.7210000157356262,278,반도체,Listed,0.0
2020-09-08,78700,80000,78200,79400,3380355,1.2755102040816326,57803387781000,728002365,65836,26.98,1.21,2943,1.26,1000,1189.239990234375,0.6840000152587891,278,반도체,Listed,0.0
2020-09-09,77900,78400,77200,77300,3918435,-2.644836272040302,56274582814500,728002365,65836,26.27,1.17,2943,1.29,1000,1184.3800048828125,0.703000009059906,278,반도체,Listed,0.0
2020-09-10,78000,78200,76600,76600,3541520,-0.9055627425614489,55764981159000,728002365,65836,26.03,1.16,2943,1.31,1000,1187.22998046875,0.6850000023841858,278,반도체,Listed,0.0
2020-09-11,76700,78500,76300,78400,2831262,2.3498694516971277,57075385416000,728002365,65836,26.64,1.19,2943,1.28,1000,1187.22998046875,0.6690000295639038,278,반도체,Listed,0.0
2020-09-14,79100,80100,78900,80000,4099644,2.0408163265306123,58240189200000,728002365,65836,27.18,1.22,2943,1.25,1000,1180.8399658203125,0.6710000038146973,278,반도체,Listed,0.0
2020-09-15,81300,82100,80200,81900,5899410,2.375,59623393693500,728002365,65836,27.83,1.24,2943,1.22,1000,1179.25,0.6790000200271606,278,반도체,Listed,0.0
2020-09-16,81700,82400,80500,81500,3119110,-0.4884004884004884,59332192747500,728002365,65836,27.69,1.24,2943,1.23,1000,1172.0699462890625,0.6869999766349792,278,반도체,Listed,0.0
2020-09-17,81900,82900,81200,82200,4055050,0.8588957055214724,59841794403000,728002365,65836,27.93,1.25,2943,1.22,1000,1168.6500244140625,0.6840000152587891,278,반도체,Listed,0.0
2020-09-18,82900,83900,82200,83700,5199334,1.824817518248175,60933797950500,728002365,65836,28.44,1.27,2943,1.19,1000,1168.6500244140625,0.6940000057220459,278,반도체,Listed,0.0
2020-09-21,83700,85000,83600,84500,4102947,0.955794504181601,61516199842500,728002365,65836,28.71,1.28,2943,1.18,1000,1163.8499755859375,0.6710000038146973,278,반도체,Listed,0.0
2020-09-22,84400,84800,80200,81300,4139983,-3.7869822485207103,59186592274500,728002365,65836,27.62,1.23,2943,1.23,1000,1162.5,0.6639999747276306,278,반도체,Listed,0.0
2020-09-23,82300,84800,80500,83600,4439085,2.8290282902829027,60860997714000,728002365,65836,28.41,1.27,2943,1.2,1000,1169.72998046875,0.6759999990463257,278,반도체,Listed,0.0
2020-09-24,82800,85400,82300,84300,6401560,0.8373205741626795,61370599369500,728002365,65836,28.64,1.28,2943,1.19,1000,1168.5,0.6660000085830688,278,반도체,Listed,0.0
2020-09-25,85800,85900,82200,82900,3205596,-1.6607354685646498,60351396058500,728002365,65836,28.17,1.26,2943,1.21,1000,1168.5,0.6589999794960022,278,반도체,Listed,0.0
2020-09-28,83400,83700,81300,82500,3154068,-0.48250904704463204,60060195112500,728002365,65836,28.03,1.25,2943,1.21,1000,1166.4100341796875,0.6629999876022339,278,반도체,Listed,0.0
2020-09-29,83100,84900,82200,84000,4707898,1.8181818181818181,61152198660000,728002365,65836,28.54,1.28,2943,1.19,1000,1167.8599853515625,0.6449999809265137,278,반도체,Listed,0.0
2020-10-05,83000,84100,82300,83200,3396894,-0.9523809523809524,60569796768000,728002365,65836,28.27,1.26,2943,1.2,1000,1156.0899658203125,0.7620000243186951,278,반도체,Listed,0.0
2020-10-06,84000,84200,82600,83000,2750145,-0.2403846153846154,60424196295000,728002365,65836,28.2,1.26,2943,1.2,1000,1163.8900146484375,0.7419999837875366,278,반도체,Listed,0.0
2020-10-07,82900,83700,82500,83400,2254356,0.48192771084337355,60715397241000,728002365,65836,28.34,1.27,2943,1.2,1000,1156.5,0.7850000262260437,278,반도체,Listed,0.0
2020-10-08,84300,84500,82900,82900,3330824,-0.5995203836930456,60351396058500,728002365,65836,28.17,1.26,2943,1.21,1000,1150.3599853515625,0.7649999856948853,278,반도체,Listed,0.0
2020-10-12,83900,85500,83500,85500,4464264,3.1363088057901085,62244202207500,728002365,65836,29.05,1.3,2943,1.17,1000,1146.4000244140625,0.7770000100135803,278,반도체,Listed,0.0
2020-10-13,85500,89000,84600,88200,6375448,3.1578947368421053,64209808593000,728002365,65836,29.97,1.34,2943,1.13,1000,1147.8900146484375,0.7269999980926514,278,반도체,Listed,0.0
2020-10-14,88000,88900,86100,86500,3223767,-1.9274376417233559,62972204572500,728002365,65836,29.39,1.31,2943,1.16,1000,1146.31005859375,0.722000002861023,278,반도체,Listed,0.0
2020-10-15,86100,87300,85900,87100,2802900,0.6936416184971098,63409005991500,728002365,65836,29.6,1.32,2943,1.15,1000,1144.1300048828125,0.7310000061988831,278,반도체,Listed,0.0
2020-10-16,87000,87900,84900,85300,2435541,-2.066590126291619,62098601734500,728002365,65836,28.98,1.3,2943,1.17,1000,1144.1300048828125,0.7440000176429749,278,반도체,Listed,0.0
2020-10-19,86100,87900,85800,86700,3150011,1.6412661195779603,63117805045500,728002365,65836,29.46,1.32,2943,1.15,1000,1137.0,0.7609999775886536,278,반도체,Listed,0.0
2020-10-20,85300,90900,83700,85200,6622637,-1.7301038062283738,62025801498000,728002365,65836,28.95,1.29,2943,1.17,1000,1136.0,0.796999990940094,278,반도체,Listed,0.0
2020-10-21,85300,86200,82800,83800,4925877,-1.643192488262911,61006598187000,728002365,65836,28.47,1.27,2943,1.19,1000,1132.030029296875,0.8159999847412109,278,반도체,Listed,0.0
2020-10-22,84200,84300,82500,83300,2593975,-0.5966587112171837,60642597004500,728002365,65836,28.3,1.27,2943,1.2,1000,1134.1500244140625,0.8479999899864197,278,반도체,Listed,0.0
2020-10-23,82800,84700,82300,83900,2609595,0.7202881152460985,61079398423500,728002365,65836,28.51,1.27,2943,1.19,1000,1134.1500244140625,0.8410000205039978,278,반도체,Listed,0.0
2020-10-26,84300,84700,83000,83200,1662847,-0.834326579261025,60569796768000,728002365,65836,28.27,1.26,2943,1.2,1000,1127.760009765625,0.8009999990463257,278,반도체,Listed,0.0
2020-10-27,82300,83400,81800,82600,2265817,-0.7211538461538461,60132995349000,728002365,65836,28.07,1.25,2943,1.21,1000,1131.6400146484375,0.777999997138977,278,반도체,Listed,0.0
2020-10-28,82100,83600,82000,82900,1773556,0.36319612590799033,60351396058500,728002365,65836,28.17,1.26,2943,1.21,1000,1128.22998046875,0.781000018119812,278,반도체,Listed,0.0
2020-10-29,81900,82400,81000,81700,2637314,-1.4475271411338964,59477793220500,728002365,65836,27.76,1.24,2943,1.22,1000,1134.1800537109375,0.8349999785423279,278,반도체,Listed,0.0
2020-10-30,81600,82100,79900,79900,2710477,-2.203182374541004,58167388963500,728002365,65836,27.15,1.21,2943,1.25,1000,1129.52001953125,0.8600000143051147,278,반도체,Listed,0.0
2020-11-02,80200,80600,79200,79600,2000394,-0.37546933667083854,57948988254000,728002365,65836,27.05,1.21,2943,1.26,1000,1135.6099853515625,0.8489999771118164,278,반도체,Listed,0.0
2020-11-03,79600,81400,79600,81400,2057723,2.261306532663317,59259392511000,728002365,65836,27.66,1.24,2943,1.23,1000,1132.1400146484375,0.8820000290870667,278,반도체,Listed,0.0
2020-11-04,82100,84400,81200,83200,3782296,2.211302211302211,60569796768000,728002365,65836,28.27,1.26,2943,1.2,1000,1130.3299560546875,0.7680000066757202,278,반도체,Listed,0.0
2020-11-05,84100,86200,83300,86100,4082325,3.4855769230769234,62681003626500,728002365,65836,29.26,1.31,2943,1.16,1000,1129.739990234375,0.7760000228881836,278,반도체,Listed,0.0
2020-11-06,86500,87700,86000,86300,2863808,0.23228803716608595,62826604099500,728002365,65836,29.32,1.31,2943,1.16,1000,1122.6300048828125,0.8199999928474426,278,반도체,Listed,0.0
2020-11-09,86500,87300,85600,86000,2444330,-0.34762456546929316,62608203390000,728002365,65836,29.22,1.31,2943,1.16,1000,1121.1500244140625,0.9580000042915344,278,반도체,Listed,0.0
2020-11-10,86900,87200,85900,86500,2849783,0.5813953488372093,62972204572500,728002365,65836,29.39,1.31,2943,1.16,1000,1118.68994140625,0.972000002861023,278,반도체,Listed,0.0
2020-11-11,86100,87200,85900,87000,2638617,0.5780346820809248,63336205755000,728002365,65836,29.56,1.32,2943,1.15,1000,1116.0799560546875,0.9580000042915344,278,반도체,Listed,0.0
2020-11-12,87600,88400,87000,88100,4006433,1.264367816091954,64137008356500,728002365,65836,29.94,1.34,2943,1.14,1000,1111.449951171875,0.8849999904632568,278,반도체,Listed,0.0
2020-11-13,88100,90000,87500,89700,3774278,1.8161180476730987,65301812140500,728002365,65836,30.48,1.36,2943,1.11,1000,1114.9100341796875,0.8930000066757202,278,반도체,Listed,0.0
2020-11-16,92100,98100,91100,98000,9274278,9.253065774804906,71344231770000,728002365,65836,33.3,1.49,2943,1.02,1000,1107.760009765625,0.906000018119812,278,반도체,Listed,0.0
2020-11-17,97400,99600,96500,98100,5218295,0.10204081632653061,71417032006500,728002365,65836,33.33,1.49,2943,1.02,1000,1106.0899658203125,0.871999979019165,278,반도체,Listed,0.0
2020-11-18,99800,100500,96600,98000,3734037,-0.10193679918450561,71344231770000,728002365,65836,33.3,1.49,2943,1.02,1000,1104.949951171875,0.8820000290870667,278,반도체,Listed,0.0
2020-11-19,96200,98300,96000,98200,2766688,0.20408163265306123,71489832243000,728002365,65836,33.37,1.49,2943,1.02,1000,1105.9000244140625,0.8539999723434448,278,반도체,Listed,0.0
2020-11-20,99000,99000,96800,96800,2424003,-1.4256619144602851,70470628932000,728002365,65836,32.89,1.47,2943,1.03,1000,1114.1400146484375,0.8289999961853027,278,반도체,Listed,0.0
2020-11-23,97300,101000,96600,100000,4149013,3.3057851239669422,72800236500000,728002365,65836,33.98,1.52,2943,1.0,1000,1113.8299560546875,0.8569999933242798,278,반도체,Listed,0.0
2020-11-24,101000,102000,98300,98600,3766043,-1.4000000000000001,71781033189000,728002365,65836,33.5,1.5,2943,1.01,1000,1113.0799560546875,0.8820000290870667,278,반도체,Listed,0.0
2020-11-25,100500,100500,96300,97200,4081524,-1.4198782961460445,70761829878000,728002365,65836,33.03,1.48,2943,1.03,1000,1109.7099609375,0.878000020980835,278,반도체,Listed,0.0
2020-11-26,96800,99500,96300,99400,2933290,2.263374485596708,72363435081000,728002365,65836,33.78,1.51,2943,1.01,1000,1104.489990234375,0.878000020980835,278,반도체,Listed,0.0
2020-11-27,99600,99900,98200,98800,1976047,-0.6036217303822937,71926633662000,728002365,65836,33.57,1.5,2943,1.01,1000,1105.56005859375,0.8420000076293945,278,반도체,Listed,0.0
2020-11-30,99700,99800,97300,97500,3877841,-1.3157894736842104,70980230587500,728002365,65836,33.13,1.48,2943,1.03,1000,1104.3299560546875,0.843999981880188,278,반도체,Listed,0.0
2020-12-01,98600,101500,97800,100500,4455519,3.076923076923077,73164237682500,728002365,65836,34.15,1.53,2943,1.0,1000,1108.510009765625,0.9340000152587891,278,반도체,Listed,0.0
2020-12-02,103000,109500,103000,109000,7488361,8.45771144278607,79352257785000,728002365,65836,37.04,1.66,2943,0.92,1000,1106.280029296875,0.9480000138282776,278,반도체,Listed,0.0
2020-12-03,110500,114500,109000,111500,6617912,2.293577981651376,81172263697500,728002365,65836,37.89,1.69,2943,0.9,1000,1099.3800048828125,0.9200000166893005,278,반도체,Listed,0.0
2020-12-04,116000,119500,112500,115000,8258814,3.1390134529147984,83720271975000,728002365,65836,39.08,1.75,2943,0.87,1000,1091.3199462890625,0.968999981880188,278,반도체,Listed,0.0
2020-12-07,118500,120000,116000,118000,5191354,2.608695652173913,85904279070000,728002365,65836,40.1,1.79,2943,0.85,1000,1083.780029296875,0.9279999732971191,278,반도체,Listed,0.0
2020-12-08,118000,118000,114000,115000,4536460,-2.5423728813559325,83720271975000,728002365,65836,39.08,1.75,2943,0.87,1000,1083.6800537109375,0.9129999876022339,278,반도체,Listed,0.0
2020-12-09,116000,121000,115000,120500,5490760,4.782608695652174,87724284982500,728002365,65836,40.94,1.83,2943,0.83,1000,1084.8599853515625,0.9409999847412109,278,반도체,Listed,0.0
2020-12-10,117000,118500,115500,116500,8205744,-3.319502074688797,84812275522500,728002365,65836,39.59,1.77,2943,0.86,1000,1086.3599853515625,0.9079999923706055,278,반도체,Listed,0.0
2020-12-11,118000,118000,115000,115500,3944552,-0.8583690987124464,84084273157500,728002365,65836,39.25,1.75,2943,0.87,1000,1086.3699951171875,0.8930000066757202,278,반도체,Listed,0.0
2020-12-14,116000,119000,115500,117000,3066761,1.2987012987012987,85176276705000,728002365,65836,39.76,1.78,2943,0.85,1000,1091.5799560546875,0.8920000195503235,278,반도체,Listed,0.0
2020-12-15,118500,118500,115000,117500,2755902,0.4273504273504274,85540277887500,728002365,65836,39.93,1.78,2943,0.85,1000,1092.06005859375,0.9229999780654907,278,반도체,Listed,0.0
2020-12-16,119000,119500,117000,117500,2213552,0.0,85540277887500,728002365,65836,39.93,1.78,2943,0.85,1000,1088.2099609375,0.9200000166893005,278,반도체,Listed,0.0
2020-12-17,118500,119500,117000,119500,3649945,1.702127659574468,86996282617500,728002365,65836,40.6,1.82,2943,0.84,1000,1091.6500244140625,0.9300000071525574,278,반도체,Listed,0.0
2020-12-18,118500,119000,117500,118500,3010798,-0.8368200836820083,86268280252500,728002365,65836,40.27,1.8,2943,0.84,1000,1092.1600341796875,0.9480000138282776,278,반도체,Listed,0.0
2020-12-21,118000,118000,114500,116000,3585805,-2.109704641350211,84448274340000,728002365,65836,39.42,1.76,2943,0.86,1000,1098.97998046875,0.9409999847412109,278,반도체,Listed,0.0
2020-12-22,115000,115500,112500,112500,4270842,-3.0172413793103448,81900266062500,728002365,65836,38.23,1.71,2943,0.89,1000,1101.8599853515625,0.9179999828338623,278,반도체,Listed,0.0
2020-12-23,113000,116000,112500,116000,3173156,3.111111111111111,84448274340000,728002365,65836,39.42,1.76,2943,0.86,1000,1107.97998046875,0.9549999833106995,278,반도체,Listed,0.0
2020-12-24,116000,118500,115500,118000,3486636,1.7241379310344827,85904279070000,728002365,65836,40.1,1.79,2943,0.85,1000,1104.800048828125,0.9279999732971191,278,반도체,Listed,0.0
2020-12-28,119000,119500,115000,115500,4825132,-2.11864406779661,84084273157500,728002365,65836,39.25,1.75,2943,0.87,1000,1099.0899658203125,0.9330000281333923,278,반도체,Listed,0.0
2020-12-29,118000,118500,114000,116000,4208916,0.4329004329004329,84448274340000,728002365,65836,39.42,1.76,2943,0.86,1000,1095.0,0.9350000023841858,278,반도체,Listed,0.0
2020-12-30,116000,118500,114500,118500,4195192,2.1551724137931036,86268280252500,728002365,65836,40.27,1.8,2943,0.84,1000,1092.6199951171875,0.9259999990463257,278,반도체,Listed,0.0
2021-01-04,124500,128000,120500,126000,7995016,6.329113924050633,91728297990000,728002365,65836,42.81,1.91,2943,0.79,1000,1084.72998046875,0.9169999957084656,278,반도체,Listed,0.0
2021-01-05,124500,132500,124000,130500,7180224,3.571428571428571,95004308632500,728002365,65836,44.34,1.98,2943,0.77,1000,1086.6199951171875,0.9549999833106995,278,반도체,Listed,0.0
2021-01-06,132500,137000,130000,131000,8525749,0.38314176245210724,95368309815000,728002365,65836,44.51,1.99,2943,0.76,1000,1086.449951171875,1.0420000553131104,278,반도체,Listed,0.0
2021-01-07,132500,137500,131500,134500,5981299,2.6717557251908395,97916318092500,728002365,65836,45.7,2.04,2943,0.74,1000,1086.949951171875,1.0709999799728394,278,반도체,Listed,0.0
2021-01-08,136000,138000,132500,138000,8713010,2.6022304832713754,100464326370000,728002365,65836,46.89,2.1,2943,0.72,1000,1093.0699462890625,1.1050000190734863,278,반도체,Listed,0.0
2021-01-11,138000,140000,131000,133000,11154671,-3.6231884057971016,96824314545000,728002365,65836,45.19,2.02,2943,0.75,1000,1092.8199462890625,1.1319999694824219,278,반도체,Listed,0.0
2021-01-12,132000,133500,125500,129000,8700877,-3.007518796992481,93912305085000,728002365,65836,43.83,1.96,2943,0.78,1000,1096.449951171875,1.1380000114440918,278,반도체,Listed,0.0
2021-01-13,129000,133500,128500,133000,6791044,3.10077519379845,96824314545000,728002365,65836,45.19,2.02,2943,0.75,1000,1093.5400390625,1.0880000591278076,278,반도체,Listed,0.0
2021-01-14,132500,133000,129000,130500,5380278,-1.8796992481203008,95004308632500,728002365,65836,44.34,1.98,2943,0.77,1000,1097.1099853515625,1.128999948501587,278,반도체,Listed,0.0
2021-01-15,133000,135000,127000,127500,4838114,-2.2988505747126435,92820301537500,728002365,65836,43.32,1.94,2943,0.78,1000,1094.9000244140625,1.097000002861023,278,반도체,Listed,0.0
2021-01-18,126000,131000,125000,130000,5927419,1.9607843137254901,94640307450000,728002365,65836,44.17,1.97,2943,0.77,1000,1102.9599609375,1.097000002861023,278,반도체,Listed,0.0
2021-01-19,131000,132000,128500,130500,4513315,0.38461538461538464,95004308632500,728002365,65836,44.34,1.98,2943,0.77,1000,1103.0999755859375,1.0920000076293945,278,반도체,Listed,0.0
2021-01-20,134000,135000,130000,130500,4913282,0.0,95004308632500,728002365,65836,44.34,1.98,2943,0.77,1000,1100.989990234375,1.090000033378601,278,반도체,Listed,0.0
2021-01-21,131500,133000,130000,131500,3067677,0.7662835249042145,95732310997500,728002365,65836,44.68,2.0,2943,0.76,1000,1096.25,1.1089999675750732,278,반도체,Listed,0.0
2021-01-22,131500,132000,128500,128500,3927767,-2.2813688212927756,93548303902500,728002365,65836,43.66,1.95,2943,0.78,1000,1099.9000244140625,1.090999960899353,278,반도체,Listed,0.0
2021-01-25,130000,135000,129500,135000,5061864,5.058365758754864,98280319275000,728002365,65836,45.87,2.05,2943,0.74,1000,1104.6400146484375,1.0399999618530273,278,반도체,Listed,0.0
2021-01-26,134000,134000,128500,129000,6270106,-4.444444444444445,93912305085000,728002365,65836,43.83,1.96,2943,0.78,1000,1101.72998046875,1.0399999618530273,278,반도체,Listed,0.0
2021-01-27,129500,132000,127500,128500,5068456,-0.3875968992248062,93548303902500,728002365,65836,43.66,1.95,2943,0.78,1000,1101.0,1.0140000581741333,278,반도체,Listed,0.0
2021-01-28,124000,125500,121500,123000,6270829,-4.280155642023346,89544290895000,728002365,65836,41.79,1.87,2943,0.81,1000,1107.5,1.0570000410079956,278,반도체,Listed,0.0
2021-01-29,128500,128500,121500,122500,7391307,-0.40650406504065045,89180289712500,728002365,65836,41.62,1.86,2943,0.82,1000,1112.2900390625,1.093000054359436,278,반도체,Listed,0.0
2021-02-01,121000,126000,118000,125000,5620305,2.0408163265306123,91000295625000,728002365,65836,42.47,1.9,2943,0.8,1000,1117.4300537109375,1.0770000219345093,278,반도체,Listed,0.0
2021-02-02,128500,132500,127000,130000,4880067,4.0,94640307450000,728002365,65836,44.17,1.97,2943,0.77,1000,1116.8800048828125,1.1050000190734863,278,반도체,Listed,0.0
2021-02-03,131000,131500,128500,130000,3693688,0.0,94640307450000,728002365,65836,44.17,1.97,2943,0.77,1000,1113.6099853515625,1.13100004196167,278,반도체,Listed,0.0
2021-02-04,127500,128500,124000,125000,4600618,-3.8461538461538463,91000295625000,728002365,65836,42.47,1.9,2943,0.8,1000,1113.1500244140625,1.1390000581741333,278,반도체,Listed,0.0
2021-02-05,126500,128000,124500,127500,3497303,2.0,92820301537500,728002365,65836,43.32,1.94,2943,0.78,1000,1119.1300048828125,1.1699999570846558,278,반도체,Listed,0.0
2021-02-08,127500,128000,125000,125000,2876471,-1.9607843137254901,91000295625000,728002365,65836,42.47,1.9,2943,0.8,1000,1116.8499755859375,1.159999966621399,278,반도체,Listed,0.0
2021-02-09,127500,130000,125000,125500,5177095,0.4,91364296807500,728002365,65836,42.64,1.91,2943,0.8,1000,1116.3299560546875,1.156999945640564,278,반도체,Listed,0.0
2021-02-10,125500,127000,124500,126000,4262526,0.398406374501992,91728297990000,728002365,65836,42.81,1.91,2943,0.79,1000,1110.0,1.1330000162124634,278,반도체,Listed,0.0
2021-02-15,130000,132500,130000,132000,5384526,4.761904761904762,96096312180000,728002365,65836,44.85,2.0,2943,0.76,1000,1103.3699951171875,1.2000000476837158,278,반도체,Listed,0.0
2021-02-16,132500,134000,130500,132500,3218689,0.3787878787878788,96460313362500,728002365,65836,45.02,2.01,2943,0.75,1000,1102.239990234375,1.2990000247955322,278,반도체,Listed,0.0
2021-02-17,131000,131000,128000,130000,3621178,-1.8867924528301887,94640307450000,728002365,65836,44.17,1.97,2943,0.77,1000,1106.4599609375,1.3009999990463257,278,반도체,Listed,0.0
2021-02-18,128500,130000,125500,126000,3792425,-3.076923076923077,91728297990000,728002365,65836,42.81,1.91,2943,0.79,1000,1104.550048828125,1.2869999408721924,278,반도체,Listed,0.0
2021-02-19,129000,133000,128500,133000,6986526,5.555555555555555,96824314545000,728002365,65836,45.19,2.02,2943,0.75,1000,1106.219970703125,1.3450000286102295,278,반도체,Listed,0.0
2021-02-22,136000,139500,135000,136500,7961516,2.631578947368421,99372322822500,728002365,65836,46.38,2.07,2943,0.73,1000,1103.93994140625,1.3700000047683716,278,반도체,Listed,0.0
2021-02-23,133500,140000,131500,138500,6400037,1.465201465201465,100828327552500,728002365,65836,47.06,2.1,2943,0.72,1000,1110.6700439453125,1.3619999885559082,278,반도체,Listed,0.0
2021-02-24,137500,143500,134000,136000,9074809,-1.8050541516245486,99008321640000,728002365,65836,46.21,2.07,2943,0.74,1000,1109.31005859375,1.3890000581741333,278,반도체,Listed,0.0
2021-02-25,141000,149500,140000,148500,9936495,9.191176470588236,108108351202500,728002365,65836,50.46,2.26,2943,0.67,1000,1107.2099609375,1.5180000066757202,278,반도체,Listed,0.0
2021-02-26,143500,145000,138000,141500,10843268,-4.713804713804714,103012334647500,728002365,65836,48.08,2.15,2943,0.71,1000,1119.1300048828125,1.4600000381469727,278,반도체,Listed,0.0
2021-03-02,149000,150500,141000,144500,9376523,2.1201413427561837,105196341742500,728002365,65836,49.1,2.19,2943,0.69,1000,1101.8299560546875,1.4149999618530273,278,반도체,Listed,0.0
2021-03-03,142500,147000,139500,147000,5827221,1.7301038062283738,107016347655000,728002365,65836,49.95,2.23,2943,0.68,1000,1124.3299560546875,1.4700000286102295,278,반도체,Listed,0.0
2021-03-04,143000,145500,139500,142000,6586562,-3.4013605442176873,103376335830000,728002365,65836,48.25,2.16,2943,0.7,1000,1129.5,1.5499999523162842,278,반도체,Listed,0.0
2021-03-05,138000,141500,136500,140000,6091444,-1.4084507042253522,101920331100000,728002365,65836,47.57,2.13,2943,0.71,1000,1133.3499755859375,1.5540000200271606,278,반도체,Listed,0.0
2021-03-08,143000,143000,135500,135500,5587787,-3.214285714285714,98644320457500,728002365,65836,46.04,2.06,2943,0.74,1000,1127.489990234375,1.5959999561309814,278,반도체,Listed,0.0
2021-03-09,134000,137500,130500,136500,7822152,0.7380073800738007,99372322822500,728002365,65836,46.38,2.07,2943,0.73,1000,1140.22998046875,1.5460000038146973,278,반도체,Listed,0.0
2021-03-10,140500,140500,132500,133000,5614476,-2.564102564102564,96824314545000,728002365,65836,45.19,2.02,2943,0.75,1000,1134.9100341796875,1.5199999809265137,278,반도체,Listed,0.0
2021-03-11,134500,139000,134000,137000,6707671,3.007518796992481,99736324005000,728002365,65836,46.55,2.08,2943,0.73,1000,1136.010009765625,1.5269999504089355,278,반도체,Listed,0.0
2021-03-12,140500,142500,139500,140000,4548695,2.18978102189781,101920331100000,728002365,65836,47.57,2.13,2943,0.71,1000,1129.6400146484375,1.6349999904632568,278,반도체,Listed,0.0
2021-03-15,141500,142000,136000,136500,4289990,-2.5,99372322822500,728002365,65836,46.38,2.07,2943,0.73,1000,1134.5,1.6069999933242798,278,반도체,Listed,0.0
2021-03-16,138500,140500,138000,140500,3304561,2.93040293040293,102284332282500,728002365,65836,47.74,2.13,2943,0.71,1000,1131.3900146484375,1.621000051498413,278,반도체,Listed,0.0
2021-03-17,141000,141000,138500,140000,2588319,-0.3558718861209964,101920331100000,728002365,65836,47.57,2.13,2943,0.71,1000,1129.8399658203125,1.6410000324249268,278,반도체,Listed,0.0
2021-03-18,142500,145000,141000,142000,4426840,1.4285714285714286,103376335830000,728002365,65836,48.25,2.16,2943,0.7,1000,1121.1300048828125,1.7300000190734863,278,반도체,Listed,0.0
2021-03-19,138000,139500,137000,138000,4015627,-2.8169014084507045,100464326370000,728002365,65836,46.89,2.1,2943,0.72,1000,1126.1099853515625,1.7319999933242798,278,반도체,Listed,0.0
2021-03-22,138500,140000,137000,138000,2727719,0.0,100464326370000,728002365,65836,46.89,2.1,2943,0.72,1000,1127.47998046875,1.684000015258789,278,반도체,Listed,0.0
2021-03-23,139000,139500,134000,135000,3839090,-2.1739130434782608,98280319275000,728002365,65836,45.87,2.05,2943,0.74,1000,1125.1199951171875,1.6380000114440918,278,반도체,Listed,0.0
2021-03-24,133000,134500,131500,133500,3894080,-1.1111111111111112,97188315727500,728002365,65836,45.36,2.03,2943,0.75,1000,1133.199951171875,1.6139999628067017,278,반도체,Listed,0.0
2021-03-25,133000,134500,130500,133000,4157799,-0.37453183520599254,96824314545000,728002365,65836,45.19,2.02,2943,0.75,1000,1134.47998046875,1.6139999628067017,278,반도체,Listed,0.0
2021-03-26,134000,135000,132000,135000,3835443,1.5037593984962405,98280319275000,728002365,65836,45.87,2.05,2943,0.74,1000,1134.2099609375,1.659999966621399,278,반도체,Listed,0.0
2021-03-29,135500,135500,131500,132000,3575226,-2.2222222222222223,96096312180000,728002365,65836,44.85,2.0,2943,0.76,1000,1131.6500244140625,1.7209999561309814,278,반도체,Listed,0.0
2021-03-30,133000,135500,132000,134500,3304184,1.893939393939394,97916318092500,728002365,65836,45.7,2.04,2943,0.74,1000,1132.3199462890625,1.7259999513626099,278,반도체,Listed,0.0
2021-03-31,134500,135000,132000,132500,3309680,-1.486988847583643,96460313362500,728002365,65836,45.02,2.01,2943,0.75,1000,1127.199951171875,1.746000051498413,278,반도체,Listed,0.0
2021-04-01,138000,140500,136500,140500,5833436,6.037735849056604,102284332282500,728002365,65836,47.74,2.13,2943,0.71,1000,1128.06005859375,1.6790000200271606,278,반도체,Listed,0.0
2021-04-02,142000,143000,140000,141000,3432245,0.3558718861209964,102648333465000,728002365,65836,47.91,2.14,2943,0.71,1000,1128.06005859375,1.6790000200271606,278,반도체,Listed,0.0
2021-04-05,142000,144500,141000,143000,2616440,1.4184397163120568,104104338195000,728002365,65836,48.59,2.17,2943,0.7,1000,1124.1099853515625,1.7200000286102295,278,반도체,Listed,0.0
2021-04-06,147000,147000,141500,143000,3753217,0.0,104104338195000,728002365,65836,48.59,2.17,2943,0.7,1000,1117.5,1.656000018119812,278,반도체,Listed,0.0
2021-04-07,146000,146000,142500,143500,2424687,0.34965034965034963,104468339377500,728002365,65836,48.76,2.18,2943,0.7,1000,1117.8599853515625,1.652999997138977,278,반도체,Listed,0.0
2021-04-08,143500,146000,142500,144000,3774932,0.34843205574912894,104832340560000,728002365,65836,48.93,2.19,2943,0.69,1000,1115.8399658203125,1.6319999694824219,278,반도체,Listed,0.0
2021-04-09,144000,145000,139500,140000,3276077,-2.7777777777777777,101920331100000,728002365,65836,47.57,2.13,2943,0.71,1000,1115.8399658203125,1.6660000085830688,278,반도체,Listed,0.0
2021-04-12,140500,140500,136000,137500,3878457,-1.7857142857142856,100100325187500,728002365,65836,46.72,2.09,2943,0.73,1000,1124.449951171875,1.6749999523162842,278,반도체,Listed,0.0
2021-04-13,136000,140000,135500,139500,2876178,1.4545454545454546,101556329917500,728002365,65836,47.4,2.12,2943,0.72,1000,1120.68994140625,1.6230000257492065,278,반도체,Listed,0.0
2021-04-14,139000,139000,136500,137000,2777203,-1.7921146953405016,99736324005000,728002365,65836,46.55,2.08,2943,0.73,1000,1116.1099853515625,1.6380000114440918,278,반도체,Listed,0.0
2021-04-15,136000,139000,136000,137500,2291160,0.36496350364963503,100100325187500,728002365,65836,46.72,2.09,2943,0.73,1000,1115.6700439453125,1.5299999713897705,278,반도체,Listed,0.0
2021-04-16,138500,139000,137500,137500,1982877,0.0,100100325187500,728002365,65836,46.72,2.09,2943,0.73,1000,1115.6700439453125,1.5729999542236328,278,반도체,Listed,0.0
2021-04-19,138000,139000,137000,138000,1906782,0.36363636363636365,100464326370000,728002365,65836,46.89,2.1,2943,0.72,1000,1114.469970703125,1.6009999513626099,278,반도체,Listed,0.0
2021-04-20,136500,138500,136500,138500,2167732,0.36231884057971014,100828327552500,728002365,65836,47.06,2.1,2943,0.72,1000,1116.1099853515625,1.562000036239624,278,반도체,Listed,0.0
2021-04-21,138000,138000,132000,132500,5120577,-4.332129963898916,96460313362500,728002365,65836,45.02,2.01,2943,0.75,1000,1115.6600341796875,1.5640000104904175,278,반도체,Listed,0.0
2021-04-22,134500,135500,133000,133000,3007457,0.37735849056603776,96824314545000,728002365,65836,45.19,2.02,2943,0.75,1000,1118.5899658203125,1.5540000200271606,278,반도체,Listed,0.0
2021-04-23,130500,132500,128500,132500,4854412,-0.37593984962406013,96460313362500,728002365,65836,45.02,2.01,2943,0.75,1000,1118.5899658203125,1.5670000314712524,278,반도체,Listed,0.0
2021-04-26,132500,132500,130500,131500,2904879,-0.7547169811320755,95732310997500,728002365,65836,44.68,2.0,2943,0.76,1000,1109.22998046875,1.5700000524520874,278,반도체,Listed,0.0
2021-04-27,133000,136000,132500,135000,3394650,2.6615969581749046,98280319275000,728002365,65836,45.87,2.05,2943,0.74,1000,1112.1500244140625,1.621999979019165,278,반도체,Listed,0.0
2021-04-28,134500,135000,130000,130000,5596760,-3.7037037037037033,94640307450000,728002365,65836,44.17,1.97,2943,0.77,1000,1108.6600341796875,1.6200000047683716,278,반도체,Listed,0.0
2021-04-29,132000,133000,129000,130000,3738266,0.0,94640307450000,728002365,65836,44.17,1.97,2943,0.77,1000,1106.6300048828125,1.6399999856948853,278,반도체,Listed,0.0
2021-04-30,130000,130500,126500,128000,3955947,-1.5384615384615385,93184302720000,728002365,65836,43.49,1.94,2943,0.78,1000,1106.6300048828125,1.63100004196167,278,반도체,Listed,0.0
2021-05-03,127500,132500,127000,131500,4085398,2.734375,95732310997500,728002365,71275,18.92,1.84,6952,0.89,1170,1120.4000244140625,1.6069999933242798,278,반도체,Listed,0.0
2021-05-04,130500,132000,129000,132000,2547004,0.38022813688212925,96096312180000,728002365,71275,18.99,1.85,6952,0.89,1170,1124.9100341796875,1.5920000076293945,278,반도체,Listed,0.0
2021-05-06,130000,130500,128000,129000,4211535,-2.272727272727273,93912305085000,728002365,71275,18.56,1.81,6952,0.91,1170,1119.3900146484375,1.5609999895095825,278,반도체,Listed,0.0
2021-05-07,128000,131000,127000,129500,3450323,0.3875968992248062,94276306267500,728002365,71275,18.63,1.82,6952,0.9,1170,1119.3900146484375,1.5770000219345093,278,반도체,Listed,0.0
2021-05-10,131000,131000,128500,130000,3067077,0.3861003861003861,94640307450000,728002365,71275,18.7,1.82,6952,0.9,1170,1115.5400390625,1.6019999980926514,278,반도체,Listed,0.0
2021-05-11,127000,127500,122000,123000,9882491,-5.384615384615385,89544290895000,728002365,71275,17.69,1.73,6952,0.95,1170,1118.22998046875,1.6239999532699585,278,반도체,Listed,0.0
2021-05-12,123000,123500,119000,119500,8272196,-2.8455284552845526,86996282617500,728002365,71275,17.19,1.68,6952,0.98,1170,1131.5999755859375,1.6950000524520874,278,반도체,Listed,0.0
2021-05-13,116000,118500,115500,117500,6042025,-1.6736401673640167,85540277887500,728002365,71275,16.9,1.65,6952,1.0,1170,1125.699951171875,1.6679999828338623,278,반도체,Listed,0.0
2021-05-14,118500,120000,118000,118500,3227201,0.851063829787234,86268280252500,728002365,71275,17.05,1.66,6952,0.99,1170,1125.699951171875,1.6349999904632568,278,반도체,Listed,0.0
2021-05-17,120000,120000,117000,117500,3110127,-0.8438818565400843,85540277887500,728002365,71275,16.9,1.65,6952,1.0,1170,1135.510009765625,1.6399999856948853,278,반도체,Listed,0.0
2021-05-18,117500,122000,117500,121000,3470048,2.9787234042553195,88088286165000,728002365,71275,17.41,1.7,6952,0.97,1170,1127.1400146484375,1.6419999599456787,278,반도체,Listed,0.0
2021-05-20,121000,124000,119500,122500,4600751,1.2396694214876034,89180289712500,728002365,71275,17.62,1.72,6952,0.96,1170,1127.050048828125,1.6339999437332153,278,반도체,Listed,0.0
2021-05-21,124500,125500,121000,122500,4062695,0.0,89180289712500,728002365,71275,17.62,1.72,6952,0.96,1170,1127.050048828125,1.6319999694824219,278,반도체,Listed,0.0
2021-05-24,122000,122500,119000,119500,3188734,-2.4489795918367347,86996282617500,728002365,71275,17.19,1.68,6952,0.98,1170,1122.18994140625,1.6080000400543213,278,반도체,Listed,0.0
2021-05-25,121500,123000,120500,123000,3258364,2.928870292887029,89544290895000,728002365,71275,17.69,1.73,6952,0.95,1170,1121.3800048828125,1.5640000104904175,278,반도체,Listed,0.0
2021-05-26,124000,124500,122000,123000,3015522,0.0,89544290895000,728002365,71275,17.69,1.73,6952,0.95,1170,1115.52001953125,1.5740000009536743,278,반도체,Listed,0.0
2021-05-27,124500,126000,123000,125500,4539067,2.0325203252032518,91364296807500,728002365,71275,18.05,1.76,6952,0.93,1170,1117.300048828125,1.6100000143051147,278,반도체,Listed,0.0
2021-05-28,126500,126500,124000,125000,2332971,-0.398406374501992,91000295625000,728002365,71275,17.98,1.75,6952,0.94,1170,1117.300048828125,1.5809999704360962,278,반도체,Listed,0.0
2021-05-31,126000,127000,124000,127000,2448074,1.6,92456300355000,728002365,71275,18.27,1.78,6952,0.92,1170,1106.97998046875,1.5809999704360962,278,반도체,Listed,0.0
2021-06-01,127000,129000,126000,128500,2819179,1.1811023622047243,93548303902500,728002365,71275,18.48,1.8,6952,0.91,1170,1107.2099609375,1.6150000095367432,278,반도체,Listed,0.0
2021-06-02,128500,129000,125500,126000,2885654,-1.9455252918287937,91728297990000,728002365,71275,18.12,1.77,6952,0.93,1170,1109.8800048828125,1.590999960899353,278,반도체,Listed,0.0
2021-06-03,127000,130000,126500,129000,3353993,2.380952380952381,93912305085000,728002365,71275,18.56,1.81,6952,0.91,1170,1115.43994140625,1.625,278,반도체,Listed,0.0
2021-06-04,127500,129000,126500,128500,2555891,-0.3875968992248062,93548303902500,728002365,71275,18.48,1.8,6952,0.91,1170,1115.43994140625,1.559999942779541,278,반도체,Listed,0.0
2021-06-07,129500,130000,128000,128500,2562918,0.0,93548303902500,728002365,71275,18.48,1.8,6952,0.91,1170,1109.3199462890625,1.569000005722046,278,반도체,Listed,0.0
2021-06-08,127000,127500,125000,127500,4194955,-0.7782101167315175,92820301537500,728002365,71275,18.34,1.79,6952,0.92,1170,1116.8900146484375,1.527999997138977,278,반도체,Listed,0.0
2021-06-09,125500,126000,122500,122500,6087592,-3.9215686274509802,89180289712500,728002365,71275,17.62,1.72,6952,0.96,1170,1116.4100341796875,1.4889999628067017,278,반도체,Listed,0.0
2021-06-10,122500,124000,120500,123000,4533076,0.40816326530612246,89544290895000,728002365,71275,17.69,1.73,6952,0.95,1170,1111.260009765625,1.4589999914169312,278,반도체,Listed,0.0
2021-06-11,124500,128500,124000,128000,4868608,4.0650406504065035,93184302720000,728002365,71275,18.41,1.8,6952,0.91,1170,1111.260009765625,1.4620000123977661,278,반도체,Listed,0.0
2021-06-14,127000,127500,125500,127000,2022730,-0.78125,92456300355000,728002365,71275,18.27,1.78,6952,0.92,1170,1116.3199462890625,1.5010000467300415,278,반도체,Listed,0.0
2021-06-15,128500,129500,128000,128500,1975082,1.1811023622047243,93548303902500,728002365,71275,18.48,1.8,6952,0.91,1170,1116.030029296875,1.4989999532699585,278,반도체,Listed,0.0
2021-06-16,128000,129500,127000,129500,1893752,0.7782101167315175,94276306267500,728002365,71275,18.63,1.82,6952,0.9,1170,1131.949951171875,1.569000005722046,278,반도체,Listed,0.0
2021-06-17,127000,128000,126000,126500,2123793,-2.3166023166023164,92092299172500,728002365,71275,18.2,1.77,6952,0.92,1170,1133.5400390625,1.5110000371932983,278,반도체,Listed,0.0
2021-06-18,127500,127500,124500,124500,2506112,-1.5810276679841897,90636294442500,728002365,71275,17.91,1.75,6952,0.94,1170,1133.5400390625,1.4500000476837158,278,반도체,Listed,0.0
2021-06-21,121000,123000,120500,122000,3275288,-2.0080321285140563,88816288530000,728002365,71275,17.55,1.71,6952,0.96,1170,1130.3399658203125,1.4839999675750732,278,반도체,Listed,0.0
2021-06-22,122500,123500,122000,122000,2179712,0.0,88816288530000,728002365,71275,17.55,1.71,6952,0.96,1170,1132.510009765625,1.472000002861023,278,반도체,Listed,0.0
2021-06-23,122500,124500,122000,124000,2703658,1.639344262295082,90272293260000,728002365,71275,17.84,1.74,6952,0.94,1170,1132.6099853515625,1.4869999885559082,278,반도체,Listed,0.0
2021-06-24,124000,126500,123500,126000,2646407,1.6129032258064515,91728297990000,728002365,71275,18.12,1.77,6952,0.93,1170,1130.800048828125,1.4869999885559082,278,반도체,Listed,0.0
2021-06-25,128000,129000,127500,128500,2531018,1.984126984126984,93548303902500,728002365,71275,18.48,1.8,6952,0.91,1170,1130.800048828125,1.5360000133514404,278,반도체,Listed,0.0
2021-06-28,129000,129500,126000,126000,2402730,-1.9455252918287937,91728297990000,728002365,71275,18.12,1.77,6952,0.93,1170,1129.0400390625,1.4780000448226929,278,반도체,Listed,0.0
2021-06-29,127500,128000,125000,125000,2211572,-0.7936507936507936,91000295625000,728002365,71275,17.98,1.75,6952,0.94,1170,1130.510009765625,1.4800000190734863,278,반도체,Listed,0.0
2021-06-30,126500,129500,126000,127500,4346027,2.0,92820301537500,728002365,71275,18.34,1.79,6952,0.92,1170,1129.5999755859375,1.4429999589920044,278,반도체,Listed,0.0
2021-07-01,127500,128000,124000,124500,3336174,-2.3529411764705883,90636294442500,728002365,71275,17.91,1.75,6952,0.94,1170,1132.4100341796875,1.4800000190734863,278,반도체,Listed,0.0
2021-07-02,122500,123500,121500,122500,3983921,-1.6064257028112447,89180289712500,728002365,71275,17.62,1.72,6952,0.96,1170,1132.4100341796875,1.430999994277954,278,반도체,Listed,0.0
2021-07-05,123500,124500,122500,123000,1632551,0.40816326530612246,89544290895000,728002365,71275,17.69,1.73,6952,0.95,1170,1129.43994140625,1.430999994277954,278,반도체,Listed,0.0
2021-07-06,124000,126000,123500,125000,2067135,1.6260162601626018,91000295625000,728002365,71275,17.98,1.75,6952,0.94,1170,1135.47998046875,1.3700000047683716,278,반도체,Listed,0.0
2021-07-07,125000,125500,122500,123500,2229140,-1.2,89908292077500,728002365,71275,17.76,1.73,6952,0.95,1170,1140.52001953125,1.3209999799728394,278,반도체,Listed,0.0
2021-07-08,123500,123500,121000,121500,3165552,-1.6194331983805668,88452287347500,728002365,71275,17.48,1.7,6952,0.96,1170,1146.280029296875,1.2879999876022339,278,반도체,Listed,0.0
2021-07-09,120500,120500,118000,119500,4823577,-1.646090534979424,86996282617500,728002365,71275,17.19,1.68,6952,0.98,1170,1146.280029296875,1.3559999465942383,278,반도체,Listed,0.0
2021-07-12,121000,122000,119500,120000,2477201,0.41841004184100417,87360283800000,728002365,71275,17.26,1.68,6952,0.98,1170,1141.0999755859375,1.3630000352859497,278,반도체,Listed,0.0
2021-07-13,121000,123500,121000,123000,2879072,2.5,89544290895000,728002365,71275,17.69,1.73,6952,0.95,1170,1148.699951171875,1.4149999618530273,278,반도체,Listed,0.0
2021-07-14,122500,124000,121500,123500,2443087,0.40650406504065045,89908292077500,728002365,71275,17.76,1.73,6952,0.95,1170,1143.4100341796875,1.3559999465942383,278,반도체,Listed,0.0
2021-07-15,123500,124000,122500,123500,1500981,0.0,89908292077500,728002365,71275,17.76,1.73,6952,0.95,1170,1140.1199951171875,1.2970000505447388,278,반도체,Listed,0.0
2021-07-16,122000,122500,120500,121500,2905546,-1.6194331983805668,88452287347500,728002365,71275,17.48,1.7,6952,0.96,1170,1140.1199951171875,1.2999999523162842,278,반도체,Listed,0.0
2021-07-19,119000,120000,118500,119000,2066638,-2.05761316872428,86632281435000,728002365,71275,17.12,1.67,6952,0.98,1170,1150.0699462890625,1.180999994277954,278,반도체,Listed,0.0
2021-07-20,117500,119500,117500,118500,2070074,-0.42016806722689076,86268280252500,728002365,71275,17.05,1.66,6952,0.99,1170,1147.47998046875,1.2089999914169312,278,반도체,Listed,0.0
2021-07-21,119500,120000,116500,117000,2864601,-1.2658227848101267,85176276705000,728002365,71275,16.83,1.64,6952,1.0,1170,1148.68994140625,1.2799999713897705,278,반도체,Listed,0.0
2021-07-22,118000,120000,118000,119500,1919233,2.1367521367521367,86996282617500,728002365,71275,17.19,1.68,6952,0.98,1170,1149.9100341796875,1.2649999856948853,278,반도체,Listed,0.0
2021-07-23,118500,119000,117500,118500,1747651,-0.8368200836820083,86268280252500,728002365,71275,17.05,1.66,6952,0.99,1170,1149.9100341796875,1.2860000133514404,278,반도체,Listed,0.0
2021-07-26,119500,120000,117000,117000,1836657,-1.2658227848101267,85176276705000,728002365,71275,16.83,1.64,6952,1.0,1170,1151.760009765625,1.2760000228881836,278,반도체,Listed,0.0
2021-07-27,118000,119000,116000,116000,2916330,-0.8547008547008548,84448274340000,728002365,71275,16.69,1.63,6952,1.01,1170,1153.56005859375,1.2339999675750732,278,반도체,Listed,0.0
2021-07-28,115000,115500,112500,114000,6033084,-1.7241379310344827,82992269610000,728002365,71275,16.4,1.6,6952,1.03,1170,1149.4100341796875,1.2610000371932983,278,반도체,Listed,0.0
2021-07-29,115000,115500,113000,114000,3054699,0.0,82992269610000,728002365,71275,16.4,1.6,6952,1.03,1170,1142.1199951171875,1.2690000534057617,278,반도체,Listed,0.0
2021-07-30,114000,114000,112500,112500,2888566,-1.3157894736842104,81900266062500,728002365,71275,16.18,1.58,6952,1.04,1170,1142.1199951171875,1.2389999628067017,278,반도체,Listed,0.0
2021-08-02,113500,117000,113000,116000,4276730,3.111111111111111,84448274340000,728002365,71275,16.69,1.63,6952,1.01,1170,1149.56005859375,1.1740000247955322,278,반도체,Listed,0.0
2021-08-03,118000,120500,117000,120000,4396423,3.4482758620689653,87360283800000,728002365,71275,17.26,1.68,6952,0.98,1170,1148.5799560546875,1.1759999990463257,278,반도체,Listed,0.0
2021-08-04,122000,123000,120500,121000,4162635,0.8333333333333334,88088286165000,728002365,71275,17.41,1.7,6952,0.97,1170,1144.06005859375,1.184000015258789,278,반도체,Listed,0.0
2021-08-05,121000,121500,118000,120000,3491584,-0.8264462809917356,87360283800000,728002365,71275,17.26,1.68,6952,0.98,1170,1143.1199951171875,1.2170000076293945,278,반도체,Listed,0.0
2021-08-06,119000,119500,117500,118000,2209875,-1.6666666666666667,85904279070000,728002365,71275,16.97,1.66,6952,0.99,1170,1143.1199951171875,1.2899999618530273,278,반도체,Listed,0.0
2021-08-09,117500,118000,116000,116000,2755724,-1.694915254237288,84448274340000,728002365,71275,16.69,1.63,6952,1.01,1170,1145.8900146484375,1.3170000314712524,278,반도체,Listed,0.0
2021-08-10,115000,115500,112000,112500,5420223,-3.0172413793103448,81900266062500,728002365,71275,16.18,1.58,6952,1.04,1170,1152.47998046875,1.3420000076293945,278,반도체,Listed,0.0
2021-08-11,109000,110000,105000,105500,13715267,-6.222222222222222,76804249507500,728002365,71275,15.18,1.48,6952,1.11,1170,1152.8499755859375,1.3289999961853027,278,반도체,Listed,0.0
2021-08-12,102000,104000,99800,100500,19150647,-4.739336492890995,73164237682500,728002365,71275,14.46,1.41,6952,1.16,1170,1162.06005859375,1.3669999837875366,278,반도체,Listed,0.0
2021-08-13,99600,101500,98900,101500,11622957,0.9950248756218906,73892240047500,728002365,71275,14.6,1.42,6952,1.15,1170,1162.06005859375,1.2970000505447388,278,반도체,Listed,0.0
2021-08-17,101000,103500,100500,101500,7851717,0.0,73892240047500,728002365,71275,14.6,1.42,6952,1.15,1170,1176.449951171875,1.2580000162124634,278,반도체,Listed,0.0
2021-08-18,103000,105500,101500,104000,8047599,2.4630541871921183,75712245960000,728002365,71275,14.96,1.46,6952,1.13,1170,1169.6800537109375,1.2730000019073486,278,반도체,Listed,0.0
2021-08-19,103000,105500,101500,102500,6161038,-1.4423076923076923,74620242412500,728002365,71275,14.74,1.44,6952,1.14,1170,1175.3900146484375,1.2419999837875366,278,반도체,Listed,0.0
2021-08-20,104000,104500,102000,102500,4719139,0.0,74620242412500,728002365,71275,14.74,1.44,6952,1.14,1170,1175.3900146484375,1.2599999904632568,278,반도체,Listed,0.0
2021-08-23,104500,105000,103000,103000,4515699,0.4878048780487805,74984243595000,728002365,71275,14.82,1.45,6952,1.14,1170,1167.6099853515625,1.2549999952316284,278,반도체,Listed,0.0
2021-08-24,104500,105500,104000,105000,4454743,1.9417475728155338,76440248325000,728002365,71275,15.1,1.47,6952,1.11,1170,1163.469970703125,1.2899999618530273,278,반도체,Listed,0.0
2021-08-25,106000,106000,102500,103500,3194555,-1.4285714285714286,75348244777500,728002365,71275,14.89,1.45,6952,1.13,1170,1163.3299560546875,1.3420000076293945,278,반도체,Listed,0.0
2021-08-26,106000,106500,103500,104000,3694741,0.4830917874396135,75712245960000,728002365,71275,14.96,1.46,6952,1.13,1170,1170.0,1.3420000076293945,278,반도체,Listed,0.0
2021-08-27,103500,104500,101000,103500,3507782,-0.4807692307692308,75348244777500,728002365,71275,14.89,1.45,6952,1.13,1170,1170.0,1.312000036239624,278,반도체,Listed,0.0
2021-08-30,105000,105500,103500,103500,1815758,0.0,75348244777500,728002365,71275,14.89,1.45,6952,1.13,1170,1165.510009765625,1.284999966621399,278,반도체,Listed,0.0
2021-08-31,103500,106500,102000,106500,4979276,2.898550724637681,77532251872500,728002365,71275,15.32,1.49,6952,1.1,1170,1158.4100341796875,1.3040000200271606,278,반도체,Listed,0.0
2021-09-01,106000,108000,104500,108000,4736183,1.4084507042253522,78624255420000,728002365,71275,15.54,1.52,6952,1.08,1170,1155.280029296875,1.3020000457763672,278,반도체,Listed,0.0
2021-09-02,108000,108500,106000,106500,2724565,-1.3888888888888888,77532251872500,728002365,71275,15.32,1.49,6952,1.1,1170,1157.1300048828125,1.2940000295639038,278,반도체,Listed,0.0
2021-09-03,106500,107500,106000,107000,2513486,0.4694835680751174,77896253055000,728002365,71275,15.39,1.5,6952,1.09,1170,1157.1300048828125,1.3220000267028809,278,반도체,Listed,0.0
2021-09-06,106500,107000,105000,106000,1888595,-0.9345794392523363,77168250690000,728002365,71275,15.25,1.49,6952,1.1,1170,1155.5400390625,1.3220000267028809,278,반도체,Listed,0.0
2021-09-07,105500,106000,104000,104500,2547667,-1.4150943396226416,76076247142500,728002365,71275,15.03,1.47,6952,1.12,1170,1161.0,1.3700000047683716,278,반도체,Listed,0.0
2021-09-08,104000,107500,103500,106000,2891267,1.4354066985645932,77168250690000,728002365,71275,15.25,1.49,6952,1.1,1170,1166.489990234375,1.3339999914169312,278,반도체,Listed,0.0
2021-09-09,105000,106000,103000,103000,3233011,-2.8301886792452833,74984243595000,728002365,71275,14.82,1.45,6952,1.14,1170,1169.1300048828125,1.2990000247955322,278,반도체,Listed,0.0
2021-09-10,103500,105500,103000,105000,1999369,1.9417475728155338,76440248325000,728002365,71275,15.1,1.47,6952,1.11,1170,1169.1300048828125,1.340999960899353,278,반도체,Listed,0.0
2021-09-13,105000,107000,104000,106500,1923344,1.4285714285714286,77532251872500,728002365,71275,15.32,1.49,6952,1.1,1170,1171.1099853515625,1.3240000009536743,278,반도체,Listed,0.0
2021-09-14,107500,108500,106500,107500,2463248,0.9389671361502347,78260254237500,728002365,71275,15.46,1.51,6952,1.09,1170,1170.800048828125,1.2769999504089355,278,반도체,Listed,0.0
2021-09-15,107500,107500,105500,107500,2933797,0.0,78260254237500,728002365,71275,15.46,1.51,6952,1.09,1170,1165.219970703125,1.3040000200271606,278,반도체,Listed,0.0
2021-09-16,107000,107500,104000,104000,3602821,-3.255813953488372,75712245960000,728002365,71275,14.96,1.46,6952,1.13,1170,1174.4200439453125,1.3309999704360962,278,반도체,Listed,0.0
2021-09-17,104500,107500,104000,107000,3386517,2.8846153846153846,77896253055000,728002365,71275,15.39,1.5,6952,1.09,1170,1174.4200439453125,1.3700000047683716,278,반도체,Listed,0.0
2021-09-23,105500,107000,105000,105500,2493313,-1.4018691588785046,76804249507500,728002365,71275,15.18,1.48,6952,1.11,1170,1174.699951171875,1.409999966621399,278,반도체,Listed,0.0
2021-09-24,106000,106500,104000,104000,2236954,-1.4218009478672986,75712245960000,728002365,71275,14.96,1.46,6952,1.13,1170,1174.699951171875,1.4600000381469727,278,반도체,Listed,0.0
2021-09-27,104000,105500,103500,104500,1839358,0.4807692307692308,76076247142500,728002365,71275,15.03,1.47,6952,1.12,1170,1176.9599609375,1.4839999675750732,278,반도체,Listed,0.0
2021-09-28,105000,105500,103000,103500,2951945,-0.9569377990430622,75348244777500,728002365,71275,14.89,1.45,6952,1.13,1170,1186.8900146484375,1.534000039100647,278,반도체,Listed,0.0
2021-09-29,101000,102000,99700,100000,6353977,-3.3816425120772946,72800236500000,728002365,71275,14.38,1.4,6952,1.17,1170,1187.4300537109375,1.5410000085830688,278,반도체,Listed,0.0
2021-09-30,99900,103500,99600,103000,3910557,3.0,74984243595000,728002365,71275,14.82,1.45,6952,1.14,1170,1183.719970703125,1.5290000438690186,278,반도체,Listed,0.0
2021-10-01,102000,102500,100000,100000,2681124,-2.912621359223301,72800236500000,728002365,71275,14.38,1.4,6952,1.17,1170,1183.719970703125,1.4789999723434448,278,반도체,Listed,0.0
2021-10-05,98900,99500,97200,97900,3244145,-2.1,71271431533500,728002365,71275,14.08,1.37,6952,1.2,1170,1187.1700439453125,1.5290000438690186,278,반도체,Listed,0.0
2021-10-06,98400,98700,95800,96500,2816951,-1.4300306435137897,70252228222500,728002365,71275,13.88,1.35,6952,1.21,1170,1191.3800048828125,1.5240000486373901,278,반도체,Listed,0.0
2021-10-07,96300,96800,95000,95700,3834957,-0.8290155440414507,69669826330500,728002365,71275,13.77,1.34,6952,1.22,1170,1191.1500244140625,1.5709999799728394,278,반도체,Listed,0.0
2021-10-08,96200,96300,93500,94000,4098832,-1.7763845350052248,68432222310000,728002365,71275,13.52,1.32,6952,1.24,1170,1191.1500244140625,1.6050000190734863,278,반도체,Listed,0.0
2021-10-12,92400,92900,90800,91500,4728215,-2.6595744680851063,66612216397500,728002365,71275,13.16,1.28,6952,1.28,1170,1196.8900146484375,1.5800000429153442,278,반도체,Listed,0.0
2021-10-13,90900,93500,90500,92000,3045438,0.546448087431694,66976217580000,728002365,71275,13.23,1.29,6952,1.27,1170,1186.7099609375,1.5490000247955322,278,반도체,Listed,0.0
2021-10-14,92400,94500,92100,93800,2414639,1.956521739130435,68286621837000,728002365,71275,13.49,1.32,6952,1.25,1170,1182.1300048828125,1.5190000534057617,278,반도체,Listed,0.0
2021-10-15,96000,98500,95700,98400,4229748,4.904051172707889,71635432716000,728002365,71275,14.15,1.38,6952,1.19,1170,1182.1300048828125,1.5759999752044678,278,반도체,Listed,0.0
2021-10-18,98300,98300,96700,97100,2111399,-1.321138211382114,70689029641500,728002365,71275,13.97,1.36,6952,1.2,1170,1185.6800537109375,1.5839999914169312,278,반도체,Listed,0.0
2021-10-19,98600,98600,97100,97700,1400175,0.6179196704428425,71125831060500,728002365,71275,14.05,1.37,6952,1.2,1170,1175.6500244140625,1.6349999904632568,278,반도체,Listed,0.0
2021-10-20,98200,98600,97200,97900,2010529,0.2047082906857728,71271431533500,728002365,71275,14.08,1.37,6952,1.2,1170,1174.5899658203125,1.6360000371932983,278,반도체,Listed,0.0
2021-10-21,97300,98300,96100,96300,2152221,-1.634320735444331,70106627749500,728002365,71275,13.85,1.35,6952,1.21,1170,1176.550048828125,1.6759999990463257,278,반도체,Listed,0.0
2021-10-22,95500,99200,95500,98500,1962833,2.284527518172378,71708232952500,728002365,71275,14.17,1.38,6952,1.19,1170,1176.550048828125,1.6549999713897705,278,반도체,Listed,0.0
2021-10-25,99500,101500,98300,100000,2950459,1.5228426395939088,72800236500000,728002365,71275,14.38,1.4,6952,1.17,1170,1167.06005859375,1.6349999904632568,278,반도체,Listed,0.0
2021-10-26,101500,103500,101000,102000,3458645,2.0,74256241230000,728002365,71275,14.67,1.43,6952,1.15,1170,1167.3299560546875,1.61899995803833,278,반도체,Listed,0.0
2021-10-27,103000,104000,101500,101500,2859255,-0.49019607843137253,73892240047500,728002365,71275,14.6,1.42,6952,1.15,1170,1172.1700439453125,1.5290000438690186,278,반도체,Listed,0.0
2021-10-28,102000,107500,101500,106500,6329703,4.926108374384237,77532251872500,728002365,71275,15.32,1.49,6952,1.1,1170,1167.3699951171875,1.5679999589920044,278,반도체,Listed,0.0
2021-10-29,107000,108500,103000,103000,4007223,-3.286384976525822,74984243595000,728002365,71275,14.82,1.45,6952,1.14,1170,1167.3699951171875,1.5570000410079956,278,반도체,Listed,0.0
2021-11-01,103500,107000,102500,106500,3118661,3.3980582524271843,77532251872500,728002365,71275,15.32,1.49,6952,1.1,1170,1174.3800048828125,1.5750000476837158,278,반도체,Listed,0.0
2021-11-02,107000,108500,106500,107500,2892292,0.9389671361502347,78260254237500,728002365,71275,15.46,1.51,6952,1.09,1170,1176.5699462890625,1.5490000247955322,278,반도체,Listed,0.0
2021-11-03,108500,109000,104500,105500,3116506,-1.8604651162790697,76804249507500,728002365,71275,15.18,1.48,6952,1.11,1170,1178.0400390625,1.5789999961853027,278,반도체,Listed,0.0
2021-11-04,107000,108000,105500,106000,2059242,0.47393364928909953,77168250690000,728002365,71275,15.25,1.49,6952,1.1,1170,1179.3399658203125,1.5240000486373901,278,반도체,Listed,0.0
2021-11-05,108000,108500,105500,107000,2523345,0.9433962264150944,77896253055000,728002365,71275,15.39,1.5,6952,1.09,1170,1185.8299560546875,1.4529999494552612,278,반도체,Listed,0.0
2021-11-08,107000,108000,104000,107500,2212348,0.46728971962616817,78260254237500,728002365,71275,15.46,1.51,6952,1.09,1170,1180.5,1.496999979019165,278,반도체,Listed,0.0
2021-11-09,108000,110000,107500,109000,3440686,1.3953488372093024,79352257785000,728002365,71275,15.68,1.53,6952,1.07,1170,1199.8599853515625,1.4320000410079956,278,반도체,Listed,0.0
2021-11-10,108500,109500,107500,108500,2361295,-0.45871559633027525,78988256602500,728002365,71275,15.61,1.52,6952,1.08,1170,1177.5,1.559999942779541,278,반도체,Listed,0.0
2021-11-11,107500,108000,105500,107500,2731498,-0.9216589861751152,78260254237500,728002365,71275,15.46,1.51,6952,1.09,1170,1184.1400146484375,1.559999942779541,278,반도체,Listed,0.0
2021-11-12,109000,109500,105500,106500,1786165,-0.9302325581395349,77532251872500,728002365,71275,15.32,1.49,6952,1.1,1170,1183.1099853515625,1.5820000171661377,278,반도체,Listed,0.0
2021-11-15,108500,111500,108000,111000,4701568,4.225352112676056,80808262515000,728002365,71275,15.97,1.56,6952,1.05,1170,1179.1099853515625,1.6230000257492065,278,반도체,Listed,0.0
2021-11-16,111000,113000,109000,112000,3767311,0.9009009009009009,81536264880000,728002365,71275,16.11,1.57,6952,1.04,1170,1183.510009765625,1.6339999437332153,278,반도체,Listed,0.0
2021-11-17,113000,113000,110000,110500,3062491,-1.3392857142857142,80444261332500,728002365,71275,15.89,1.55,6952,1.06,1170,1184.050048828125,1.6039999723434448,278,반도체,Listed,0.0
2021-11-18,110000,111000,109000,110000,1928891,-0.4524886877828055,80080260150000,728002365,71275,15.82,1.54,6952,1.06,1170,1181.22998046875,1.5889999866485596,278,반도체,Listed,0.0
2021-11-19,110000,112500,110000,111500,2324668,1.3636363636363635,81172263697500,728002365,71275,16.04,1.56,6952,1.05,1170,1182.9000244140625,1.5360000133514404,278,반도체,Listed,0.0
2021-11-22,116500,121000,116000,119500,9786492,7.174887892376682,86996282617500,728002365,71275,17.19,1.68,6952,0.98,1170,1191.6300048828125,1.625,278,반도체,Listed,0.0
2021-11-23,119500,121000,117500,119000,4847270,-0.41841004184100417,86632281435000,728002365,71275,17.12,1.67,6952,0.98,1170,1189.5,1.6670000553131104,278,반도체,Listed,0.0
2021-11-24,120500,122500,118000,119500,4001111,0.42016806722689076,86996282617500,728002365,71275,17.19,1.68,6952,0.98,1170,1189.949951171875,1.6449999809265137,278,반도체,Listed,0.0
2021-11-25,120500,121000,117000,117500,3339835,-1.6736401673640167,85540277887500,728002365,71275,16.9,1.65,6952,1.0,1170,1187.8800048828125,1.6449999809265137,278,반도체,Listed,0.0
2021-11-26,116500,118500,113000,115500,4337936,-1.702127659574468,84084273157500,728002365,71275,16.61,1.62,6952,1.01,1170,1190.219970703125,1.4819999933242798,278,반도체,Listed,0.0
2021-11-29,113000,118500,113000,116000,4412863,0.4329004329004329,84448274340000,728002365,71275,16.69,1.63,6952,1.01,1170,1194.6099853515625,1.5299999713897705,278,반도체,Listed,0.0
2021-11-30,118000,119000,112500,114000,7449608,-1.7241379310344827,82992269610000,728002365,71275,16.4,1.6,6952,1.03,1170,1190.739990234375,1.4429999589920044,278,반도체,Listed,0.0
2021-12-01,114500,117500,112000,116500,4214135,2.1929824561403506,84812275522500,728002365,71275,16.76,1.63,6952,1.0,1170,1182.8599853515625,1.434000015258789,278,반도체,Listed,0.0
2021-12-02,115500,120500,115000,120000,6980518,3.004291845493562,87360283800000,728002365,71275,17.26,1.68,6952,0.98,1170,1177.1099853515625,1.4479999542236328,278,반도체,Listed,0.0
2021-12-03,119000,119500,115500,118000,4567843,-1.6666666666666667,85904279070000,728002365,71275,16.97,1.66,6952,0.99,1170,1176.77001953125,1.343000054359436,278,반도체,Listed,0.0
2021-12-06,116000,119000,115500,118500,4318893,0.423728813559322,86268280252500,728002365,71275,17.05,1.66,6952,0.99,1170,1183.1400146484375,1.434000015258789,278,반도체,Listed,0.0
2021-12-07,119000,122500,118000,121500,5112025,2.5316455696202533,88452287347500,728002365,71275,17.48,1.7,6952,0.96,1170,1180.56005859375,1.4800000190734863,278,반도체,Listed,0.0
2021-12-08,124000,125000,119500,120000,6168137,-1.2345679012345678,87360283800000,728002365,71275,17.26,1.68,6952,0.98,1170,1176.8399658203125,1.5089999437332153,278,반도체,Listed,0.0
2021-12-09,120500,123500,119000,123500,5631833,2.9166666666666665,89908292077500,728002365,71275,17.76,1.73,6952,0.95,1170,1172.56005859375,1.4869999885559082,278,반도체,Listed,0.0
2021-12-10,120500,121500,119500,120500,2512642,-2.42914979757085,87724284982500,728002365,71275,17.33,1.69,6952,0.97,1170,1177.3299560546875,1.4889999628067017,278,반도체,Listed,0.0
2021-12-13,121000,124000,121000,121500,3329176,0.8298755186721992,88452287347500,728002365,71275,17.48,1.7,6952,0.96,1170,1178.969970703125,1.4240000247955322,278,반도체,Listed,0.0
2021-12-14,120500,123000,120000,121000,2201003,-0.411522633744856,88088286165000,728002365,71275,17.41,1.7,6952,0.97,1170,1185.0999755859375,1.437999963760376,278,반도체,Listed,0.0
2021-12-15,120000,123500,120000,123500,2681332,2.066115702479339,89908292077500,728002365,71275,17.76,1.73,6952,0.95,1170,1184.22998046875,1.4630000591278076,278,반도체,Listed,0.0
2021-12-16,125000,125500,122500,124000,3869086,0.4048582995951417,90272293260000,728002365,71275,17.84,1.74,6952,0.94,1170,1184.4000244140625,1.4220000505447388,278,반도체,Listed,0.0
2021-12-17,120500,123000,120500,122000,3850444,-1.6129032258064515,88816288530000,728002365,71275,17.55,1.71,6952,0.96,1170,1186.1500244140625,1.4019999504089355,278,반도체,Listed,0.0
2021-12-20,121500,123500,120500,120500,2846815,-1.2295081967213115,87724284982500,728002365,71275,17.33,1.69,6952,0.97,1170,1186.3900146484375,1.4190000295639038,278,반도체,Listed,0.0
2021-12-21,124000,124500,122500,124500,3678590,3.319502074688797,90636294442500,728002365,71275,17.91,1.75,6952,0.94,1170,1190.1199951171875,1.4869999885559082,278,반도체,Listed,0.0
2021-12-22,127500,128500,126000,127000,3817689,2.0080321285140563,92456300355000,728002365,71275,18.27,1.78,6952,0.92,1170,1191.27001953125,1.4570000171661377,278,반도체,Listed,0.0
2021-12-23,129000,129000,126500,127500,2398358,0.39370078740157477,92820301537500,728002365,71275,18.34,1.79,6952,0.92,1170,1187.77001953125,1.4930000305175781,278,반도체,Listed,0.0
2021-12-24,129000,130000,128000,128000,2462683,0.39215686274509803,93184302720000,728002365,71275,18.41,1.8,6952,0.91,1170,1185.5,1.4930000305175781,278,반도체,Listed,0.0
2021-12-27,128500,129000,126000,126000,2684135,-1.5625,91728297990000,728002365,71275,18.12,1.77,6952,0.93,1170,1185.9200439453125,1.4809999465942383,278,반도체,Listed,0.0
2021-12-28,126500,128000,124500,127500,4086063,1.1904761904761905,92820301537500,728002365,71275,18.34,1.79,6952,0.92,1170,1185.6500244140625,1.4809999465942383,278,반도체,Listed,0.0
2021-12-29,127500,128500,125500,127000,3832154,-0.39215686274509803,92456300355000,728002365,71275,18.27,1.78,6952,0.92,1170,1187.8499755859375,1.5429999828338623,278,반도체,Listed,0.0
2021-12-30,131000,133500,130000,131000,5172987,3.149606299212598,95368309815000,728002365,71275,18.84,1.84,6952,0.89,1170,1183.6700439453125,1.5149999856948853,278,반도체,Listed,0.0
2022-01-03,132000,132500,128000,128500,3782213,-1.9083969465648856,93548303902500,728002365,71275,18.48,1.8,6952,0.91,1170,1187.780029296875,1.628000020980835,278,반도체,Listed,0.0
2022-01-04,129500,130000,127500,128500,3622369,0.0,93548303902500,728002365,71275,18.48,1.8,6952,0.91,1170,1194.6800537109375,1.6679999828338623,278,반도체,Listed,0.0
2022-01-05,129000,129000,121500,125500,7414954,-2.3346303501945527,91364296807500,728002365,71275,18.05,1.76,6952,0.93,1170,1196.5,1.7050000429153442,278,반도체,Listed,0.0
2022-01-06,123500,127000,123000,125000,3725569,-0.398406374501992,91000295625000,728002365,71275,17.98,1.75,6952,0.94,1170,1199.25,1.7330000400543213,278,반도체,Listed,0.0
2022-01-07,127000,129000,126500,127000,3270119,1.6,92456300355000,728002365,71275,18.27,1.78,6952,0.92,1170,1205.780029296875,1.7710000276565552,278,반도체,Listed,0.0
2022-01-10,126500,127000,123000,124500,3449197,-1.968503937007874,90636294442500,728002365,71275,17.91,1.75,6952,0.94,1170,1196.8800048828125,1.7799999713897705,278,반도체,Listed,0.0
2022-01-11,125500,128500,124500,128000,3958787,2.8112449799196786,93184302720000,728002365,71275,18.41,1.8,6952,0.91,1170,1198.0899658203125,1.746000051498413,278,반도체,Listed,0.0
2022-01-12,129500,130000,126500,128500,3552174,0.390625,93548303902500,728002365,71275,18.48,1.8,6952,0.91,1170,1189.4300537109375,1.725000023841858,278,반도체,Listed,0.0
2022-01-13,128500,130000,128000,129500,4155984,0.7782101167315175,94276306267500,728002365,71275,18.63,1.82,6952,0.9,1170,1185.8800048828125,1.7109999656677246,278,반도체,Listed,0.0
2022-01-14,128500,129000,126000,128500,3769648,-0.7722007722007722,93548303902500,728002365,71275,18.48,1.8,6952,0.91,1170,1186.6099853515625,1.7719999551773071,278,반도체,Listed,0.0
2022-01-17,127500,128000,124500,127000,3730393,-1.1673151750972763,92456300355000,728002365,71275,18.27,1.78,6952,0.92,1170,1188.9599609375,1.7719999551773071,278,반도체,Listed,0.0
2022-01-18,126500,127500,125000,126500,3607850,-0.39370078740157477,92092299172500,728002365,71275,18.2,1.77,6952,0.92,1170,1190.06005859375,1.8650000095367432,278,반도체,Listed,0.0
2022-01-19,123500,128500,123500,127000,4094609,0.3952569169960474,92456300355000,728002365,71275,18.27,1.78,6952,0.92,1170,1192.97998046875,1.8270000219345093,278,반도체,Listed,0.0
2022-01-20,126000,126500,123500,125000,5441986,-1.574803149606299,91000295625000,728002365,71275,17.98,1.75,6952,0.94,1170,1188.1600341796875,1.8329999446868896,278,반도체,Listed,0.0
2022-01-21,121500,122500,118000,119000,6465040,-4.8,86632281435000,728002365,71275,17.12,1.67,6952,0.98,1170,1192.4300537109375,1.746999979019165,278,반도체,Listed,0.0
2022-01-24,116500,120500,116500,119000,4883822,0.0,86632281435000,728002365,71275,17.12,1.67,6952,0.98,1170,1191.5,1.7350000143051147,278,반도체,Listed,0.0
2022-01-25,118000,120000,116500,118000,5702595,-0.8403361344537815,85904279070000,728002365,71275,16.97,1.66,6952,0.99,1170,1195.6600341796875,1.7829999923706055,278,반도체,Listed,0.0
2022-01-26,119000,119500,117500,117500,3416240,-0.423728813559322,85540277887500,728002365,71275,16.9,1.65,6952,1.0,1170,1196.0999755859375,1.8480000495910645,278,반도체,Listed,0.0
2022-01-27,119500,119500,111000,113500,6679404,-3.404255319148936,82628268427500,728002365,71275,16.33,1.59,6952,1.03,1170,1200.6300048828125,1.8070000410079956,278,반도체,Listed,0.0
2022-01-28,115000,121500,114500,120500,4776510,6.167400881057269,87724284982500,728002365,71275,17.33,1.69,6952,0.97,1170,1203.4599609375,1.781999945640564,278,반도체,Listed,0.0
2022-02-03,124500,127000,124000,124000,5171178,2.904564315352697,90272293260000,728002365,71275,17.84,1.74,6952,0.94,1170,1199.9599609375,1.8270000219345093,278,반도체,Listed,0.0
2022-02-04,125500,127000,124000,124500,3037097,0.4032258064516129,90636294442500,728002365,71275,17.91,1.75,6952,0.94,1170,1200.3299560546875,1.9299999475479126,278,반도체,Listed,0.0
2022-02-07,123000,123500,119500,123000,4804261,-1.2048192771084338,89544290895000,728002365,71275,17.69,1.73,6952,0.95,1170,1197.0899658203125,1.9160000085830688,278,반도체,Listed,0.0
2022-02-08,124500,126000,123500,125000,4054097,1.6260162601626018,91000295625000,728002365,71275,17.98,1.75,6952,0.94,1170,1196.8499755859375,1.9539999961853027,278,반도체,Listed,0.0
2022-02-09,127000,128000,124500,126000,4339337,0.8,91728297990000,728002365,71275,18.12,1.77,6952,0.93,1170,1196.3599853515625,1.9290000200271606,278,반도체,Listed,0.0
2022-02-10,129000,131000,127000,129500,7269729,2.7777777777777777,94276306267500,728002365,71275,18.63,1.82,6952,0.9,1170,1194.030029296875,2.0309998989105225,278,반도체,Listed,0.0
2022-02-11,130500,132500,130000,132000,6057207,1.9305019305019304,96096312180000,728002365,71275,18.99,1.85,6952,0.89,1170,1199.3499755859375,1.9550000429153442,278,반도체,Listed,0.0
2022-02-14,130000,132500,129500,132500,4962205,0.3787878787878788,96460313362500,728002365,71275,19.06,1.86,6952,0.88,1170,1199.239990234375,1.996000051498413,278,반도체,Listed,0.0
2022-02-15,131500,132000,127000,127000,5097120,-4.150943396226415,92456300355000,728002365,71275,18.27,1.78,6952,0.92,1170,1197.3599853515625,2.0450000762939453,278,반도체,Listed,0.0
2022-02-16,131000,132500,130000,130500,3499809,2.7559055118110236,95004308632500,728002365,71275,18.77,1.83,6952,0.9,1170,1196.8299560546875,2.046999931335449,278,반도체,Listed,0.0
2022-02-17,130500,134000,130000,133000,5433402,1.9157088122605364,96824314545000,728002365,71275,19.13,1.87,6952,0.88,1170,1196.75,1.972000002861023,278,반도체,Listed,0.0
2022-02-18,131500,133000,129500,131500,3108887,-1.1278195488721803,95732310997500,728002365,71275,18.92,1.84,6952,0.89,1170,1198.6600341796875,1.9320000410079956,278,반도체,Listed,0.0
2022-02-21,129000,130500,127000,130000,4048108,-1.1406844106463878,94640307450000,728002365,71275,18.7,1.82,6952,0.9,1170,1195.0699462890625,1.9320000410079956,278,반도체,Listed,0.0
2022-02-22,127000,129500,126000,128500,3179806,-1.153846153846154,93548303902500,728002365,71275,18.48,1.8,6952,0.91,1170,1194.6800537109375,1.9479999542236328,278,반도체,Listed,0.0
2022-02-23,130000,130500,127000,128500,2752112,0.0,93548303902500,728002365,71275,18.48,1.8,6952,0.91,1170,1192.6800537109375,1.9769999980926514,278,반도체,Listed,0.0
2022-02-24,125500,126000,122000,122500,5748069,-4.669260700389105,89180289712500,728002365,71275,17.62,1.72,6952,0.96,1170,1192.4000244140625,1.968999981880188,278,반도체,Listed,0.0
2022-02-25,125500,126000,122500,123000,3309625,0.40816326530612246,89544290895000,728002365,71275,17.69,1.73,6952,0.95,1170,1206.0,1.9859999418258667,278,반도체,Listed,0.0
2022-02-28,123000,123500,121000,123500,3224264,0.40650406504065045,89908292077500,728002365,71275,17.76,1.73,6952,0.95,1170,1197.5899658203125,1.8389999866485596,278,반도체,Listed,0.0
2022-03-02,124500,126500,123000,125000,2903340,1.214574898785425,91000295625000,728002365,71275,17.98,1.75,6952,0.94,1170,1205.3699951171875,1.8650000095367432,278,반도체,Listed,0.0
2022-03-03,128000,129500,127000,129000,3088097,3.2,93912305085000,728002365,71275,18.56,1.81,6952,0.91,1170,1203.1500244140625,1.843999981880188,278,반도체,Listed,0.0
2022-03-04,127500,128000,124000,124500,3249773,-3.488372093023256,90636294442500,728002365,71275,17.91,1.75,6952,0.94,1170,1205.989990234375,1.7239999771118164,278,반도체,Listed,0.0
2022-03-07,119000,121000,119000,119500,5203286,-4.016064257028113,86996282617500,728002365,71275,17.19,1.68,6952,0.98,1170,1216.7099609375,1.7510000467300415,278,반도체,Listed,0.0
2022-03-08,117000,119500,116500,118000,3619045,-1.2552301255230125,85904279070000,728002365,71275,16.97,1.66,6952,0.99,1170,1232.300048828125,1.871999979019165,278,반도체,Listed,0.0
2022-03-10,121000,121500,118500,120000,3912683,1.694915254237288,87360283800000,728002365,71275,17.26,1.68,6952,0.98,1170,1223.22998046875,2.010999917984009,278,반도체,Listed,0.0
2022-03-11,118500,119000,115500,117000,3087532,-2.5,85176276705000,728002365,71275,16.83,1.64,6952,1.0,1170,1228.5999755859375,2.003999948501587,278,반도체,Listed,0.0
2022-03-14,115500,117000,114500,116000,3172353,-0.8547008547008548,84448274340000,728002365,71275,16.69,1.63,6952,1.01,1170,1236.8900146484375,2.140000104904175,278,반도체,Listed,0.0
2022-03-15,114500,115500,112000,112500,3578256,-3.0172413793103448,81900266062500,728002365,71275,16.18,1.58,6952,1.04,1170,1242.050048828125,2.1600000858306885,278,반도체,Listed,0.0
2022-03-16,115000,117000,114000,116500,3739977,3.5555555555555554,84812275522500,728002365,71275,16.76,1.63,6952,1.0,1170,1241.6800537109375,2.187999963760376,278,반도체,Listed,0.0
2022-03-17,121000,124500,121000,124000,7219813,6.437768240343347,90272293260000,728002365,71275,17.84,1.74,6952,0.94,1170,1223.0,2.191999912261963,278,반도체,Listed,0.0
2022-03-18,124000,125000,121000,124000,4493159,0.0,90272293260000,728002365,71275,17.84,1.74,6952,0.94,1170,1210.3299560546875,2.1480000019073486,278,반도체,Listed,0.0
2022-03-21,124000,124500,121000,122000,3433809,-1.6129032258064515,88816288530000,728002365,71275,17.55,1.71,6952,0.96,1170,1210.3699951171875,2.315000057220459,278,반도체,Listed,0.0
2022-03-22,121000,124000,121000,123500,2246439,1.2295081967213115,89908292077500,728002365,71275,17.76,1.73,6952,0.95,1170,1219.780029296875,2.372999906539917,278,반도체,Listed,0.0
2022-03-23,124000,124500,122000,123500,4085633,0.0,89908292077500,728002365,71275,17.76,1.73,6952,0.95,1170,1214.949951171875,2.321000099182129,278,반도체,Listed,0.0
2022-03-24,121000,122000,119500,120500,4215272,-2.42914979757085,87724284982500,728002365,71275,17.33,1.69,6952,0.97,1170,1218.010009765625,2.3410000801086426,278,반도체,Listed,0.0
2022-03-25,122000,123000,118000,118000,5514940,-2.0746887966804977,85904279070000,728002365,71275,16.97,1.66,6952,0.99,1170,1217.550048828125,2.492000102996826,278,반도체,Listed,0.0
2022-03-28,117500,119500,116500,118000,3234792,0.0,85904279070000,728002365,71275,16.97,1.66,6952,0.99,1170,1223.6600341796875,2.4769999980926514,278,반도체,Listed,0.0
2022-03-29,119500,120500,118500,120000,3375247,1.694915254237288,87360283800000,728002365,71275,17.26,1.68,6952,0.98,1170,1209.1300048828125,2.4000000953674316,278,반도체,Listed,0.0
2022-03-30,123000,123000,120500,121000,3436282,0.8333333333333334,88088286165000,728002365,71275,17.41,1.7,6952,0.97,1170,1210.43994140625,2.3580000400543213,278,반도체,Listed,0.0
2022-03-31,119500,120000,117500,118000,4558063,-2.479338842975207,85904279070000,728002365,71275,16.97,1.66,6952,0.99,1170,1214.5,2.3269999027252197,278,반도체,Listed,0.0
2022-04-01,117000,117500,116000,116000,3851558,-1.694915254237288,84448274340000,728002365,71275,16.69,1.63,6952,1.01,1170,1214.5,2.377000093460083,278,반도체,Listed,0.0
2022-04-04,115000,117500,114500,117000,2470792,0.8620689655172413,85176276705000,728002365,71275,16.83,1.64,6952,1.0,1170,1213.9000244140625,2.4119999408721924,278,반도체,Listed,0.0
2022-04-05,117500,118000,116000,116500,2101474,-0.4273504273504274,84812275522500,728002365,71275,16.76,1.63,6952,1.0,1170,1218.75,2.555999994277954,278,반도체,Listed,0.0
2022-04-06,114500,115500,113000,113000,4541938,-3.004291845493562,82264267245000,728002365,71275,16.25,1.59,6952,1.04,1170,1217.5999755859375,2.6089999675750732,278,반도체,Listed,0.0
2022-04-07,111500,114500,110500,113500,5027865,0.4424778761061947,82628268427500,728002365,71275,16.33,1.59,6952,1.03,1170,1222.6600341796875,2.6519999504089355,278,반도체,Listed,0.0
2022-04-08,113000,114000,110500,112000,4268316,-1.3215859030837005,81536264880000,728002365,71275,16.11,1.57,6952,1.04,1170,1222.6600341796875,2.7130000591278076,278,반도체,Listed,0.0
2022-04-11,111000,113000,110500,111500,2390786,-0.4464285714285714,81172263697500,728002365,71275,16.04,1.56,6952,1.05,1170,1235.050048828125,2.7799999713897705,278,반도체,Listed,0.0
2022-04-12,110500,113000,110500,111000,2738163,-0.4484304932735426,80808262515000,728002365,71275,15.97,1.56,6952,1.05,1170,1228.5999755859375,2.7249999046325684,278,반도체,Listed,0.0
2022-04-13,112000,113000,111000,113000,2484490,1.8018018018018018,82264267245000,728002365,71275,16.25,1.59,6952,1.04,1170,1223.1199951171875,2.687000036239624,278,반도체,Listed,0.0
2022-04-14,113000,113000,110000,110000,4715700,-2.6548672566371683,80080260150000,728002365,71275,15.82,1.54,6952,1.06,1170,1230.0999755859375,2.828000068664551,278,반도체,Listed,0.0
2022-04-15,108000,108500,107000,108000,3694012,-1.8181818181818181,78624255420000,728002365,71275,15.54,1.52,6952,1.08,1170,1230.0999755859375,2.828000068664551,278,반도체,Listed,0.0
2022-04-18,107000,109500,106500,109000,2670439,0.9259259259259258,79352257785000,728002365,71275,15.68,1.53,6952,1.07,1170,1235.3499755859375,2.861999988555908,278,반도체,Listed,0.0
2022-04-19,110000,112500,109500,112500,3021192,3.211009174311927,81900266062500,728002365,71275,16.18,1.58,6952,1.04,1170,1239.5999755859375,2.9130001068115234,278,반도체,Listed,0.0
2022-04-20,112500,113000,111000,112500,2905007,0.0,81900266062500,728002365,71275,16.18,1.58,6952,1.04,1170,1234.0899658203125,2.8399999141693115,278,반도체,Listed,0.0
2022-04-21,112500,115000,112500,113000,3199858,0.4444444444444444,82264267245000,728002365,71275,16.25,1.59,6952,1.04,1170,1242.489990234375,2.9170000553131104,278,반도체,Listed,0.0
2022-04-22,110500,112000,110500,110500,2360834,-2.2123893805309733,80444261332500,728002365,71275,15.89,1.55,6952,1.06,1170,1242.489990234375,2.9059998989105225,278,반도체,Listed,0.0
2022-04-25,109000,109500,108000,108000,2282343,-2.262443438914027,78624255420000,728002365,71275,15.54,1.52,6952,1.08,1170,1249.2099609375,2.8259999752044678,278,반도체,Listed,0.0
2022-04-26,109500,111000,108000,111000,2969516,2.7777777777777777,80808262515000,728002365,71275,15.97,1.56,6952,1.05,1170,1260.7099609375,2.7720000743865967,278,반도체,Listed,0.0
2022-04-27,108000,109500,107500,108500,3261290,-2.2522522522522523,78988256602500,728002365,71275,15.61,1.52,6952,1.08,1170,1266.280029296875,2.818000078201294,278,반도체,Listed,0.0
2022-04-28,109500,110000,108000,109500,2804966,0.9216589861751152,79716258967500,728002365,71275,15.75,1.54,6952,1.07,1170,1272.2900390625,2.86299991607666,278,반도체,Listed,0.0
2022-04-29,110000,112500,109500,112500,3752415,2.73972602739726,81900266062500,728002365,71275,16.18,1.58,6952,1.04,1170,1272.2900390625,2.88700008392334,278,반도체,Listed,0.0
2022-05-02,110000,111500,110000,110500,2175384,-1.7777777777777777,80444261332500,728002365,90394,7.9,1.22,13989,1.39,1540,1266.75,2.996000051498413,278,반도체,Listed,0.0
2022-05-03,111000,112000,109500,110000,2676115,-0.4524886877828055,80080260150000,728002365,90394,7.86,1.22,13989,1.4,1540,1261.06005859375,2.9600000381469727,278,반도체,Listed,0.0
2022-05-04,110500,111000,108500,109500,2491890,-0.45454545454545453,79716258967500,728002365,90394,7.83,1.21,13989,1.41,1540,1251.5,2.9170000553131104,278,반도체,Listed,0.0
2022-05-06,108000,108500,106500,107500,2566813,-1.82648401826484,78260254237500,728002365,90394,7.68,1.19,13989,1.43,1540,1268.699951171875,3.122999906539917,278,반도체,Listed,0.0
2022-05-09,107000,109000,106500,107500,2203472,0.0,78260254237500,728002365,90394,7.68,1.19,13989,1.43,1540,1274.8599853515625,3.0789999961853027,278,반도체,Listed,0.0
2022-05-10,107000,111000,107000,110000,4141923,2.3255813953488373,80080260150000,728002365,90394,7.86,1.22,13989,1.4,1540,1276.550048828125,2.993000030517578,278,반도체,Listed,0.0
2022-05-11,110500,112500,108000,110500,3658168,0.45454545454545453,80444261332500,728002365,90394,7.9,1.22,13989,1.39,1540,1278.1500244140625,2.9210000038146973,278,반도체,Listed,0.0
2022-05-12,109500,111500,108500,109000,4132948,-1.3574660633484164,79352257785000,728002365,90394,7.79,1.21,13989,1.41,1540,1290.75,2.816999912261963,278,반도체,Listed,0.0
2022-05-13,109000,112500,109000,112500,4003349,3.211009174311927,81900266062500,728002365,90394,8.04,1.24,13989,1.37,1540,1290.75,2.934999942779541,278,반도체,Listed,0.0
2022-05-16,113500,114000,110000,110500,3930044,-1.7777777777777777,80444261332500,728002365,90394,7.9,1.22,13989,1.39,1540,1279.8499755859375,2.877000093460083,278,반도체,Listed,0.0
2022-05-17,111000,113000,110500,112500,2056143,1.809954751131222,81900266062500,728002365,90394,8.04,1.24,13989,1.37,1540,1266.6600341796875,2.9679999351501465,278,반도체,Listed,0.0
2022-05-18,114000,115000,113000,113500,3570113,0.8888888888888888,82628268427500,728002365,90394,8.11,1.26,13989,1.36,1540,1275.5799560546875,2.885999917984009,278,반도체,Listed,0.0
2022-05-19,110500,112500,110000,111000,3680049,-2.2026431718061676,80808262515000,728002365,90394,7.93,1.23,13989,1.39,1540,1263.550048828125,2.8550000190734863,278,반도체,Listed,0.0
2022-05-20,111500,113000,111000,112500,2398978,1.3513513513513513,81900266062500,728002365,90394,8.04,1.24,13989,1.37,1540,1263.550048828125,2.7869999408721924,278,반도체,Listed,0.0
2022-05-23,113000,113500,111000,113000,3160028,0.4444444444444444,82264267245000,728002365,90394,8.08,1.25,13989,1.36,1540,1258.8199462890625,2.8589999675750732,278,반도체,Listed,0.0
2022-05-24,111500,112000,108500,108500,4491835,-3.982300884955752,78988256602500,728002365,90394,7.76,1.2,13989,1.42,1540,1260.989990234375,2.759999990463257,278,반도체,Listed,0.0
2022-05-25,109500,110000,107000,108000,4151560,-0.4608294930875576,78624255420000,728002365,90394,7.72,1.19,13989,1.43,1540,1266.5999755859375,2.749000072479248,278,반도체,Listed,0.0
2022-05-26,107500,108500,101500,103000,8523001,-4.62962962962963,74984243595000,728002365,90394,7.36,1.14,13989,1.5,1540,1258.8900146484375,2.75600004196167,278,반도체,Listed,0.0
2022-05-27,105500,107000,105000,106000,3686487,2.912621359223301,77168250690000,728002365,90394,7.58,1.17,13989,1.45,1540,1258.8900146484375,2.743000030517578,278,반도체,Listed,0.0
2022-05-30,108000,108000,106000,107000,2054526,0.9433962264150944,77896253055000,728002365,90394,7.65,1.18,13989,1.44,1540,1236.1700439453125,2.743000030517578,278,반도체,Listed,0.0
2022-05-31,106500,108000,105500,108000,4024509,0.9345794392523363,78624255420000,728002365,90394,7.72,1.19,13989,1.43,1540,1241.739990234375,2.8440001010894775,278,반도체,Listed,0.0
2022-06-02,106000,107500,106000,107000,3097583,-0.9259259259259258,77896253055000,728002365,90394,7.65,1.18,13989,1.44,1540,1240.8399658203125,2.9130001068115234,278,반도체,Listed,0.0
2022-06-03,108000,108500,107000,107000,1638006,0.0,77896253055000,728002365,90394,7.65,1.18,13989,1.44,1540,1240.8399658203125,2.9570000171661377,278,반도체,Listed,0.0
2022-06-07,105500,106000,103500,104000,3174521,-2.803738317757009,75712245960000,728002365,90394,7.43,1.15,13989,1.48,1540,1254.5799560546875,2.9719998836517334,278,반도체,Listed,0.0
2022-06-08,104500,107500,104500,106000,3075530,1.9230769230769231,77168250690000,728002365,90394,7.58,1.17,13989,1.45,1540,1256.739990234375,3.0290000438690186,278,반도체,Listed,0.0
2022-06-09,105500,107000,104500,105500,4640744,-0.4716981132075472,76804249507500,728002365,90394,7.54,1.17,13989,1.46,1540,1264.02001953125,3.0439999103546143,278,반도체,Listed,0.0
2022-06-10,104000,104500,102500,103500,3480289,-1.8957345971563981,75348244777500,728002365,90394,7.4,1.14,13989,1.49,1540,1264.02001953125,3.1559998989105225,278,반도체,Listed,0.0
2022-06-13,100000,101000,99000,99000,4133447,-4.3478260869565215,72072234135000,728002365,90394,7.08,1.1,13989,1.56,1540,1291.800048828125,3.365999937057495,278,반도체,Listed,0.0
2022-06-14,96900,99600,96800,99100,3242550,0.10101010101010101,72145034371500,728002365,90394,7.08,1.1,13989,1.55,1540,1289.47998046875,3.4830000400543213,278,반도체,Listed,0.0
2022-06-15,98500,98900,96700,97900,2578500,-1.2108980827447022,71271431533500,728002365,90394,7.0,1.08,13989,1.57,1540,1278.1600341796875,3.3949999809265137,278,반도체,Listed,0.0
2022-06-16,99900,101500,97100,97400,3810703,-0.5107252298263534,70907430351000,728002365,90394,6.96,1.08,13989,1.58,1540,1288.1800537109375,3.306999921798706,278,반도체,Listed,0.0
2022-06-17,95100,96400,95000,96400,3965464,-1.0266940451745379,70179427986000,728002365,90394,6.89,1.07,13989,1.6,1540,1288.1800537109375,3.239000082015991,278,반도체,Listed,0.0
2022-06-20,96700,96800,93100,94500,2386222,-1.970954356846473,68796223492500,728002365,90394,6.76,1.05,13989,1.63,1540,1292.3800048828125,3.239000082015991,278,반도체,Listed,0.0
2022-06-21,94700,95900,93900,95200,2707302,0.7407407407407408,69305825148000,728002365,90394,6.81,1.05,13989,1.62,1540,1291.5999755859375,3.306999921798706,278,반도체,Listed,0.0
2022-06-22,95700,95700,91700,92200,3509830,-3.1512605042016806,67121818053000,728002365,90394,6.59,1.02,13989,1.67,1540,1297.6800537109375,3.1559998989105225,278,반도체,Listed,0.0
2022-06-23,92100,93000,89700,90200,3983116,-2.1691973969631237,65665813323000,728002365,90394,6.45,1.0,13989,1.71,1540,1299.81005859375,3.068000078201294,278,반도체,Listed,0.0
2022-06-24,90500,92000,90500,91600,3045970,1.5521064301552108,66685016634000,728002365,90394,6.55,1.01,13989,1.68,1540,1299.81005859375,3.125,278,반도체,Listed,0.0
2022-06-27,92700,96100,92600,95000,3408749,3.711790393013101,69160224675000,728002365,90394,6.79,1.05,13989,1.62,1540,1286.199951171875,3.194000005722046,278,반도체,Listed,0.0
2022-06-28,94500,95300,93700,95300,2022966,0.3157894736842105,69378625384500,728002365,90394,6.81,1.05,13989,1.62,1540,1292.030029296875,3.2060000896453857,278,반도체,Listed,0.0
2022-06-29,93300,94900,92900,94000,2529973,-1.3641133263378804,68432222310000,728002365,90394,6.72,1.04,13989,1.64,1540,1301.72998046875,3.0929999351501465,278,반도체,Listed,0.0
2022-06-30,91500,93100,91000,91000,3098854,-3.1914893617021276,66248215215000,728002365,90394,6.51,1.01,13989,1.69,1540,1287.7099609375,2.9719998836517334,278,반도체,Listed,0.0
2022-07-01,91000,92500,87100,87500,4959176,-3.8461538461538463,63700206937500,728002365,90394,6.25,0.97,13989,1.76,1540,1287.7099609375,2.8889999389648438,278,반도체,Listed,0.0
2022-07-04,87500,89600,86300,89100,4331728,1.8285714285714287,64865010721500,728002365,90394,6.37,0.99,13989,1.73,1540,1295.6800537109375,2.8889999389648438,278,반도체,Listed,0.0
2022-07-05,90400,93400,90400,92500,3560085,3.8159371492704826,67340218762500,728002365,90394,6.61,1.02,13989,1.66,1540,1308.6600341796875,2.809000015258789,278,반도체,Listed,0.0
2022-07-06,92800,93600,90900,92100,3981326,-0.43243243243243246,67049017816500,728002365,90394,6.58,1.02,13989,1.67,1540,1304.8499755859375,2.9130001068115234,278,반도체,Listed,0.0
2022-07-07,91300,95200,91300,93900,3330794,1.9543973941368076,68359422073500,728002365,90394,6.71,1.04,13989,1.64,1540,1297.6500244140625,3.007999897003174,278,반도체,Listed,0.0
2022-07-08,95900,96500,94500,94800,2814478,0.9584664536741214,69014624202000,728002365,90394,6.78,1.05,13989,1.62,1540,1297.6500244140625,3.1010000705718994,278,반도체,Listed,0.0
2022-07-11,95000,95700,93500,93700,1885425,-1.160337552742616,68213821600500,728002365,90394,6.7,1.04,13989,1.64,1540,1310.8599853515625,2.990999937057495,278,반도체,Listed,0.0
2022-07-12,94000,94000,91700,93300,2385688,-0.42689434364994666,67922620654500,728002365,90394,6.67,1.03,13989,1.65,1540,1305.8299560546875,2.9579999446868896,278,반도체,Listed,0.0
2022-07-13,94600,96400,93800,94000,2721816,0.7502679528403001,68432222310000,728002365,90394,6.72,1.04,13989,1.64,1540,1304.8499755859375,2.9040000438690186,278,반도체,Listed,0.0
2022-07-14,92800,95500,92300,94000,2550307,0.0,68432222310000,728002365,90394,6.72,1.04,13989,1.64,1540,1316.1800537109375,2.9600000381469727,278,반도체,Listed,0.0
2022-07-15,95900,99000,95500,98700,4457208,5.0,71853833425500,728002365,90394,7.06,1.09,13989,1.56,1540,1316.1800537109375,2.930000066757202,278,반도체,Listed,0.0
2022-07-18,101000,103500,100000,101000,4564780,2.330293819655522,73528238865000,728002365,90394,7.22,1.12,13989,1.52,1540,1318.9100341796875,2.9600000381469727,278,반도체,Listed,0.0
2022-07-19,100000,100500,98700,100000,2709084,-0.9900990099009901,72800236500000,728002365,90394,7.15,1.11,13989,1.54,1540,1305.5,3.0190000534057617,278,반도체,Listed,0.0
2022-07-20,103000,104500,101000,102000,3981053,2.0,74256241230000,728002365,90394,7.29,1.13,13989,1.51,1540,1312.8699951171875,3.0360000133514404,278,반도체,Listed,0.0
2022-07-21,102000,103000,100500,102500,2143984,0.49019607843137253,74620242412500,728002365,90394,7.33,1.13,13989,1.5,1540,1306.8499755859375,2.9100000858306885,278,반도체,Listed,0.0
2022-07-22,102500,102500,100000,100000,3126556,-2.4390243902439024,72800236500000,728002365,90394,7.15,1.11,13989,1.54,1540,1306.8499755859375,2.7829999923706055,278,반도체,Listed,0.0
2022-07-25,99100,101500,98900,100000,2185108,0.0,72800236500000,728002365,90394,7.15,1.11,13989,1.54,1540,1310.4000244140625,2.819999933242798,278,반도체,Listed,0.0
2022-07-26,100500,101000,99100,100500,1636970,0.5,73164237682500,728002365,90394,7.18,1.11,13989,1.53,1540,1310.9000244140625,2.7869999408721924,278,반도체,Listed,0.0
2022-07-27,101000,101500,98600,100000,3159499,-0.4975124378109453,72800236500000,728002365,90394,7.15,1.11,13989,1.54,1540,1305.949951171875,2.7339999675750732,278,반도체,Listed,0.0
2022-07-28,101000,101500,98900,99400,3359717,-0.6,72363435081000,728002365,90394,7.11,1.1,13989,1.55,1540,1295.1500244140625,2.680999994277954,278,반도체,Listed,0.0
2022-07-29,99900,100000,97400,97900,3899079,-1.5090543259557343,71271431533500,728002365,90394,7.0,1.08,13989,1.57,1540,1295.1500244140625,2.6419999599456787,278,반도체,Listed,0.0
2022-08-01,97200,98100,96500,97100,2007646,-0.8171603677221655,70689029641500,728002365,90394,6.94,1.07,13989,1.59,1540,1306.75,2.6059999465942383,278,반도체,Listed,0.0
2022-08-02,97200,97200,96200,96500,1916851,-0.6179196704428425,70252228222500,728002365,90394,6.9,1.07,13989,1.6,1540,1314.6300048828125,2.740999937057495,278,반도체,Listed,0.0
2022-08-03,96900,97500,96100,97500,1703330,1.0362694300518136,70980230587500,728002365,90394,6.97,1.08,13989,1.58,1540,1307.3800048828125,2.747999906539917,278,반도체,Listed,0.0
2022-08-04,98000,98100,97100,97500,1960526,0.0,70980230587500,728002365,90394,6.97,1.08,13989,1.58,1540,1302.0799560546875,2.6760001182556152,278,반도체,Listed,0.0
2022-08-05,98100,98700,97400,98500,2052852,1.0256410256410255,71708232952500,728002365,90394,7.04,1.09,13989,1.56,1540,1302.0799560546875,2.8399999141693115,278,반도체,Listed,0.0
2022-08-08,97700,97700,95800,96300,3206548,-2.233502538071066,70106627749500,728002365,90394,6.88,1.07,13989,1.6,1540,1299.030029296875,2.765000104904175,278,반도체,Listed,0.0
2022-08-09,96000,96100,94500,95100,3152955,-1.2461059190031152,69233024911500,728002365,90394,6.8,1.05,13989,1.62,1540,1307.56005859375,2.796999931335449,278,반도체,Listed,0.0
2022-08-10,91800,93000,91800,91800,4356568,-3.4700315457413247,66830617107000,728002365,90394,6.56,1.02,13989,1.68,1540,1296.699951171875,2.7860000133514404,278,반도체,Listed,0.0
2022-08-11,93500,94400,92600,93300,5206962,1.6339869281045754,67922620654500,728002365,90394,6.67,1.03,13989,1.65,1540,1306.8299560546875,2.888000011444092,278,반도체,Listed,0.0
2022-08-12,92800,94400,92600,93300,1910127,0.0,67922620654500,728002365,90394,6.67,1.03,13989,1.65,1540,1306.8299560546875,2.8489999771118164,278,반도체,Listed,0.0
2022-08-16,94500,97600,94400,96700,4267280,3.644158628081458,70397828695500,728002365,90394,6.91,1.07,13989,1.59,1540,1311.0,2.8239998817443848,278,반도체,Listed,0.0
2022-08-17,96800,97600,95900,97100,1764674,0.4136504653567736,70689029641500,728002365,90394,6.94,1.07,13989,1.59,1540,1314.8299560546875,2.8929998874664307,278,반도체,Listed,0.0
2022-08-18,95900,96400,95300,95700,1889587,-1.4418125643666324,69669826330500,728002365,90394,6.84,1.06,13989,1.61,1540,1326.9100341796875,2.880000114440918,278,반도체,Listed,0.0
2022-08-19,97000,97500,95900,96400,1890839,0.7314524555903866,70179427986000,728002365,90394,6.89,1.07,13989,1.6,1540,1326.9100341796875,2.989000082015991,278,반도체,Listed,0.0
2022-08-22,95200,95600,94000,95200,2293601,-1.2448132780082988,69305825148000,728002365,90394,6.81,1.05,13989,1.62,1540,1343.3599853515625,3.0369999408721924,278,반도체,Listed,0.0
2022-08-23,94100,95400,93600,93600,1932822,-1.680672268907563,68141021364000,728002365,90394,6.69,1.04,13989,1.65,1540,1339.0799560546875,3.053999900817871,278,반도체,Listed,0.0
2022-08-24,93900,94200,93000,93200,1447036,-0.4273504273504274,67849820418000,728002365,90394,6.66,1.03,13989,1.65,1540,1340.0,3.1059999465942383,278,반도체,Listed,0.0
2022-08-25,93600,94100,92100,94100,2189458,0.9656652360515022,68505022546500,728002365,90394,6.73,1.04,13989,1.64,1540,1334.43994140625,3.0260000228881836,278,반도체,Listed,0.0
2022-08-26,95400,96800,94700,95100,2301949,1.0626992561105209,69233024911500,728002365,90394,6.8,1.05,13989,1.62,1540,1334.43994140625,3.0350000858306885,278,반도체,Listed,0.0
2022-08-29,92700,93300,92000,92500,2619260,-2.7339642481598316,67340218762500,728002365,90394,6.61,1.02,13989,1.66,1540,1345.72998046875,3.109999895095825,278,반도체,Listed,0.0
2022-08-30,92700,93400,92400,93200,1595242,0.7567567567567568,67849820418000,728002365,90394,6.66,1.03,13989,1.65,1540,1350.18994140625,3.109999895095825,278,반도체,Listed,0.0
2022-08-31,92600,95500,92100,95200,2421669,2.1459227467811157,69305825148000,728002365,90394,6.81,1.05,13989,1.62,1540,1342.260009765625,3.132999897003174,278,반도체,Listed,0.0
2022-09-01,93900,93900,92300,92400,2337521,-2.941176470588235,67267418526000,728002365,90394,6.61,1.02,13989,1.67,1540,1355.0999755859375,3.265000104904175,278,반도체,Listed,0.0
2022-09-02,92700,93300,91600,91700,2036818,-0.7575757575757576,66757816870500,728002365,90394,6.56,1.01,13989,1.68,1540,1355.0999755859375,3.193000078201294,278,반도체,Listed,0.0
2022-09-05,91800,92400,90400,91100,1706148,-0.6543075245365322,66321015451500,728002365,90394,6.51,1.01,13989,1.69,1540,1361.81005859375,3.193000078201294,278,반도체,Listed,0.0
2022-09-06,91900,92900,91100,91800,1389821,0.7683863885839737,66830617107000,728002365,90394,6.56,1.02,13989,1.68,1540,1378.1099853515625,3.3399999141693115,278,반도체,Listed,0.0
2022-09-07,91100,91100,89900,90400,2053413,-1.5250544662309369,65811413796000,728002365,90394,6.46,1.0,13989,1.7,1540,1374.31005859375,3.265000104904175,278,반도체,Listed,0.0
2022-09-08,90500,91000,90000,90400,2012123,0.0,65811413796000,728002365,90394,6.46,1.0,13989,1.7,1540,1383.0,3.2920000553131104,278,반도체,Listed,0.0
2022-09-13,91700,95200,91700,94800,3288428,4.867256637168142,69014624202000,728002365,90394,6.78,1.05,13989,1.62,1540,1393.469970703125,3.421999931335449,278,반도체,Listed,0.0
2022-09-14,91700,93400,91300,93000,2444928,-1.89873417721519,67704219945000,728002365,90394,6.65,1.03,13989,1.66,1540,1391.1800537109375,3.4119999408721924,278,반도체,Listed,0.0
2022-09-15,92900,93000,91500,92000,1755820,-1.0752688172043012,66976217580000,728002365,90394,6.58,1.02,13989,1.67,1540,1398.6300048828125,3.4590001106262207,278,반도체,Listed,0.0
2022-09-16,90900,91400,90000,91200,2243179,-0.8695652173913043,66393815688000,728002365,90394,6.52,1.01,13989,1.69,1540,1398.6300048828125,3.447999954223633,278,반도체,Listed,0.0
2022-09-19,90800,91500,90000,90000,2078633,-1.3157894736842104,65520212850000,728002365,90394,6.43,1.0,13989,1.71,1540,1390.1099853515625,3.490000009536743,278,반도체,Listed,0.0
2022-09-20,89000,90600,87500,88000,4259789,-2.2222222222222223,64064208120000,728002365,90394,6.29,0.97,13989,1.75,1540,1392.510009765625,3.571000099182129,278,반도체,Listed,0.0
2022-09-21,87500,88500,86300,88000,2954420,0.0,64064208120000,728002365,90394,6.29,0.97,13989,1.75,1540,1397.56005859375,3.509999990463257,278,반도체,Listed,0.0
2022-09-22,86300,86900,85900,86000,2204430,-2.272727272727273,62608203390000,728002365,90394,6.15,0.95,13989,1.79,1540,1403.6600341796875,3.7079999446868896,278,반도체,Listed,0.0
2022-09-23,85500,86600,83300,83500,3932242,-2.9069767441860463,60788197477500,728002365,90394,5.97,0.92,13989,1.84,1540,1403.6600341796875,3.697000026702881,278,반도체,Listed,0.0
2022-09-26,81500,83200,81500,82500,3281145,-1.1976047904191618,60060195112500,728002365,90394,5.9,0.91,13989,1.87,1540,1429.77001953125,3.878000020980835,278,반도체,Listed,0.0
2022-09-27,82200,82700,80700,82000,2606333,-0.6060606060606061,59696193930000,728002365,90394,5.86,0.91,13989,1.88,1540,1426.260009765625,3.9639999866485596,278,반도체,Listed,0.0
2022-09-28,81900,83500,80500,81200,3068181,-0.975609756097561,59113792038000,728002365,90394,5.8,0.9,13989,1.9,1540,1421.949951171875,3.7049999237060547,278,반도체,Listed,0.0
2022-09-29,82500,82900,80500,80800,2064798,-0.49261083743842365,58822591092000,728002365,90394,5.78,0.89,13989,1.91,1540,1430.1700439453125,3.746999979019165,278,반도체,Listed,0.0
2022-09-30,80900,83900,80400,83100,4711130,2.846534653465347,60496996531500,728002365,90394,5.94,0.92,13989,1.85,1540,1430.1700439453125,3.803999900817871,278,반도체,Listed,0.0
2022-10-04,85200,87200,85200,86200,4277404,3.730445246690734,62753803863000,728002365,90394,6.16,0.95,13989,1.79,1540,1416.530029296875,3.617000102996826,278,반도체,Listed,0.0
2022-10-05,90000,90400,88100,89800,5927256,4.176334106728538,65374612377000,728002365,90394,6.42,0.99,13989,1.71,1540,1416.760009765625,3.759000062942505,278,반도체,Listed,0.0
2022-10-06,90900,92000,89800,89900,3039698,0.11135857461024498,65447412613500,728002365,90394,6.43,0.99,13989,1.71,1540,1408.449951171875,3.8259999752044678,278,반도체,Listed,0.0
2022-10-07,89600,91800,87800,91200,3100583,1.4460511679644048,66393815688000,728002365,90394,6.52,1.01,13989,1.69,1540,1408.449951171875,3.882999897003174,278,반도체,Listed,0.0
2022-10-11,89700,91200,88000,90200,3840842,-1.0964912280701753,65665813323000,728002365,90394,6.45,1.0,13989,1.71,1540,1430.800048828125,3.938999891281128,278,반도체,Listed,0.0
2022-10-12,91000,94000,90900,94000,4648231,4.212860310421286,68432222310000,728002365,90394,6.72,1.04,13989,1.64,1540,1423.9000244140625,3.9019999504089355,278,반도체,Listed,0.0
2022-10-13,93400,94900,92800,94900,4390570,0.9574468085106382,69087424438500,728002365,90394,6.78,1.05,13989,1.62,1540,1430.300048828125,3.9519999027252197,278,반도체,Listed,0.0
2022-10-14,96000,96600,94300,95500,3516437,0.6322444678609063,69524225857500,728002365,90394,6.83,1.06,13989,1.61,1540,1430.300048828125,4.010000228881836,278,반도체,Listed,0.0
2022-10-17,94600,95300,94000,95200,2134558,-0.31413612565445026,69305825148000,728002365,90394,6.81,1.05,13989,1.62,1540,1430.1500244140625,4.014999866485596,278,반도체,Listed,0.0
2022-10-18,95900,96200,94600,95800,2618680,0.6302521008403361,69742626567000,728002365,90394,6.85,1.06,13989,1.61,1540,1425.02001953125,3.997999906539917,278,반도체,Listed,0.0
2022-10-19,94700,94900,92700,92900,3684934,-3.02713987473904,67631419708500,728002365,90394,6.64,1.03,13989,1.66,1540,1435.010009765625,4.126999855041504,278,반도체,Listed,0.0
2022-10-20,91000,91800,89000,90200,4547678,-2.906350914962325,65665813323000,728002365,90394,6.45,1.0,13989,1.71,1540,1430.31005859375,4.22599983215332,278,반도체,Listed,0.0
2022-10-21,89800,91400,89700,90500,2206754,0.3325942350332594,65884214032500,728002365,90394,6.47,1.0,13989,1.7,1540,1430.31005859375,4.2129998207092285,278,반도체,Listed,0.0
2022-10-24,92200,93100,91200,91800,2165991,1.4364640883977902,66830617107000,728002365,90394,6.56,1.02,13989,1.68,1540,1443.9599609375,4.234000205993652,278,반도체,Listed,0.0
2022-10-25,91900,94800,91000,93500,2656194,1.8518518518518516,68068221127500,728002365,90394,6.68,1.03,13989,1.65,1540,1426.9300537109375,4.107999801635742,278,반도체,Listed,0.0
2022-10-26,93300,95500,93200,93900,3310322,0.42780748663101603,68359422073500,728002365,90394,6.71,1.04,13989,1.64,1540,1412.68994140625,4.014999866485596,278,반도체,Listed,0.0
2022-10-27,95100,95100,89800,90000,4550273,-4.15335463258786,65520212850000,728002365,90394,6.43,1.0,13989,1.71,1540,1420.6500244140625,3.937000036239624,278,반도체,Listed,0.0
2022-10-28,87100,87800,83000,83400,7748514,-7.333333333333333,60715397241000,728002365,90394,5.96,0.92,13989,1.85,1540,1420.6500244140625,4.010000228881836,278,반도체,Listed,0.0
2022-10-31,84300,85400,82400,82700,6271574,-0.8393285371702638,60205795585500,728002365,90394,5.91,0.91,13989,1.86,1540,1421.6500244140625,4.077000141143799,278,반도체,Listed,0.0
2022-11-01,82700,83900,81400,83900,3820185,1.4510278113663846,61079398423500,728002365,90394,6.0,0.93,13989,1.84,1540,1424.6700439453125,4.052000045776367,278,반도체,Listed,0.0
2022-11-02,84200,85500,83600,84500,2536363,0.7151370679380215,61516199842500,728002365,90394,6.04,0.93,13989,1.82,1540,1416.5999755859375,4.059000015258789,278,반도체,Listed,0.0
2022-11-03,82600,83500,81900,82700,2901380,-2.130177514792899,60205795585500,728002365,90394,5.91,0.91,13989,1.86,1540,1423.0999755859375,4.124000072479248,278,반도체,Listed,0.0
2022-11-04,82700,84600,81700,84500,3032985,2.176541717049577,61516199842500,728002365,90394,6.04,0.93,13989,1.82,1540,1423.6500244140625,4.156000137329102,278,반도체,Listed,0.0
2022-11-07,85400,86800,85000,86500,2765284,2.366863905325444,62972204572500,728002365,90394,6.18,0.96,13989,1.78,1540,1402.1099853515625,4.214000225067139,278,반도체,Listed,0.0
2022-11-08,87600,89000,87400,87700,2799575,1.3872832369942196,63845807410500,728002365,90394,6.27,0.97,13989,1.76,1540,1392.699951171875,4.125999927520752,278,반도체,Listed,0.0
2022-11-09,88100,89200,86600,89200,2619752,1.7103762827822122,64937810958000,728002365,90394,6.38,0.99,13989,1.73,1540,1374.1500244140625,4.151000022888184,278,반도체,Listed,0.0
2022-11-10,89000,90800,88300,89100,3856811,-0.11210762331838565,64865010721500,728002365,90394,6.37,0.99,13989,1.73,1540,1370.550048828125,3.8289999961853027,278,반도체,Listed,0.0
2022-11-11,95200,95300,92500,93500,5002149,4.938271604938271,68068221127500,728002365,90394,6.68,1.03,13989,1.65,1540,1349.3699951171875,3.812999963760376,278,반도체,Listed,0.0
2022-11-14,93900,93900,90900,90900,2483441,-2.7807486631016043,66175414978500,728002365,90394,6.5,1.01,13989,1.69,1540,1313.030029296875,3.865000009536743,278,반도체,Listed,0.0
2022-11-15,91300,92100,90400,91600,2460465,0.77007700770077,66685016634000,728002365,90394,6.55,1.01,13989,1.68,1540,1324.0799560546875,3.7990000247955322,278,반도체,Listed,0.0
2022-11-16,92000,92400,90300,91500,2609199,-0.10917030567685589,66612216397500,728002365,90394,6.54,1.01,13989,1.68,1540,1316.260009765625,3.691999912261963,278,반도체,Listed,0.0
2022-11-17,82400,88500,82000,87700,3703870,-4.1530054644808745,63845807410500,728002365,90394,6.27,0.97,13989,1.76,1540,1336.4300537109375,3.7750000953674316,278,반도체,Listed,0.0
2022-11-18,88700,91500,88100,88400,2981192,0.798175598631699,64355409066000,728002365,90394,6.32,0.98,13989,1.74,1540,1342.75,3.818000078201294,278,반도체,Listed,0.0
2022-11-21,87600,87700,86100,86300,2111523,-2.3755656108597285,62826604099500,728002365,90394,6.17,0.95,13989,1.78,1540,1339.030029296875,3.825000047683716,278,반도체,Listed,0.0
2022-11-22,85500,86600,84900,85200,1617131,-1.2746234067207416,62025801498000,728002365,90394,6.09,0.94,13989,1.81,1540,1359.75,3.757999897003174,278,반도체,Listed,0.0
2022-11-23,86100,86700,84900,85200,1480400,0.0,62025801498000,728002365,90394,6.09,0.94,13989,1.81,1540,1352.68994140625,3.7060000896453857,278,반도체,Listed,0.0
2022-11-24,86900,87200,85700,86900,2148255,1.9953051643192488,63263405518500,728002365,90394,6.21,0.96,13989,1.77,1540,1336.81005859375,3.7060000896453857,278,반도체,Listed,0.0
2022-11-25,87200,87300,85100,85100,1439011,-2.0713463751438432,61953001261500,728002365,90394,6.08,0.94,13989,1.81,1540,1317.8900146484375,3.690999984741211,278,반도체,Listed,0.0
2022-11-28,84100,84200,82900,83100,2471506,-2.3501762632197414,60496996531500,728002365,90394,5.94,0.92,13989,1.85,1540,1334.56005859375,3.703000068664551,278,반도체,Listed,0.0
2022-11-29,82700,83800,82100,83700,1501783,0.7220216606498195,60933797950500,728002365,90394,5.98,0.93,13989,1.84,1540,1340.1199951171875,3.747999906539917,278,반도체,Listed,0.0
2022-11-30,83200,85400,83100,85000,3332708,1.5531660692951015,61880201025000,728002365,90394,6.08,0.94,13989,1.81,1540,1325.3699951171875,3.703000068664551,278,반도체,Listed,0.0
2022-12-01,87300,87300,84600,84700,2878591,-0.35294117647058826,61661800315500,728002365,90394,6.05,0.94,13989,1.82,1540,1279.800048828125,3.5290000438690186,278,반도체,Listed,0.0
2022-12-02,83900,83900,81800,81900,4594058,-3.3057851239669422,59623393693500,728002365,90394,5.85,0.91,13989,1.88,1540,1303.25,3.50600004196167,278,반도체,Listed,0.0
2022-12-05,81900,82300,80700,81000,3516456,-1.098901098901099,58968191565000,728002365,90394,5.79,0.9,13989,1.9,1540,1299.1700439453125,3.5989999771118164,278,반도체,Listed,0.0
2022-12-06,79900,81100,79800,81000,2781352,0.0,58968191565000,728002365,90394,5.79,0.9,13989,1.9,1540,1304.3699951171875,3.513000011444092,278,반도체,Listed,0.0
2022-12-07,79900,80700,78700,78900,3589926,-2.5925925925925926,57439386598500,728002365,90394,5.64,0.87,13989,1.95,1540,1319.7099609375,3.4079999923706055,278,반도체,Listed,0.0
2022-12-08,78200,79800,78200,78800,3809847,-0.12674271229404308,57366586362000,728002365,90394,5.63,0.87,13989,1.95,1540,1314.0999755859375,3.490999937057495,278,반도체,Listed,0.0
2022-12-09,79400,81500,79300,81500,2985508,3.4263959390862944,59332192747500,728002365,90394,5.83,0.9,13989,1.89,1540,1316.6300048828125,3.566999912261963,278,반도체,Listed,0.0
2022-12-12,80100,81300,79500,81100,1242007,-0.49079754601227,59040991801500,728002365,90394,5.8,0.9,13989,1.9,1540,1303.1700439453125,3.6110000610351562,278,반도체,Listed,0.0
2022-12-13,81300,82700,80500,82300,2761104,1.4796547472256474,59914594639500,728002365,90394,5.88,0.91,13989,1.87,1540,1305.9200439453125,3.500999927520752,278,반도체,Listed,0.0
2022-12-14,82100,82600,81100,81800,2357491,-0.6075334143377886,59550593457000,728002365,90394,5.85,0.9,13989,1.88,1540,1288.97998046875,3.503000020980835,278,반도체,Listed,0.0
2022-12-15,80600,81100,79900,80200,1713617,-1.9559902200488997,58385789673000,728002365,90394,5.73,0.89,13989,1.92,1540,1295.6800537109375,3.450000047683716,278,반도체,Listed,0.0
2022-12-16,77700,79400,77500,78400,3827227,-2.2443890274314215,57075385416000,728002365,90394,5.6,0.87,13989,1.96,1540,1317.0999755859375,3.4820001125335693,278,반도체,Listed,0.0
2022-12-19,78300,80100,78300,79000,1813544,0.7653061224489796,57512186835000,728002365,90394,5.65,0.87,13989,1.95,1540,1308.8599853515625,3.5810000896453857,278,반도체,Listed,0.0
2022-12-20,78200,78900,77800,78300,1361926,-0.8860759493670887,57002585179500,728002365,90394,5.6,0.87,13989,1.97,1540,1301.3299560546875,3.684000015258789,278,반도체,Listed,0.0
2022-12-21,78500,79200,78000,78000,1513864,-0.38314176245210724,56784184470000,728002365,90394,5.58,0.86,13989,1.97,1540,1283.6400146484375,3.684000015258789,278,반도체,Listed,0.0
2022-12-22,78500,79300,77900,79200,2061883,1.5384615384615385,57657787308000,728002365,90394,5.66,0.88,13989,1.94,1540,1280.77001953125,3.6689999103546143,278,반도체,Listed,0.0
2022-12-23,77800,78300,77300,77800,1554446,-1.7676767676767675,56638583997000,728002365,90394,5.56,0.86,13989,1.98,1540,1290.199951171875,3.750999927520752,278,반도체,Listed,0.0
2022-12-26,77700,77700,76500,77000,1414717,-1.0282776349614395,56056182105000,728002365,90394,5.5,0.85,13989,2.0,1540,1279.239990234375,3.750999927520752,278,반도체,Listed,0.0
2022-12-27,77500,77600,76500,77000,1694225,0.0,56056182105000,728002365,90394,5.5,0.85,13989,2.0,1540,1275.1300048828125,3.859999895095825,278,반도체,Listed,0.0
2022-12-28,76800,77000,75400,76000,1891221,-1.2987012987012987,55328179740000,728002365,90394,5.43,0.84,13989,2.03,1540,1272.280029296875,3.88700008392334,278,반도체,Listed,0.0
2022-12-29,75200,75600,74700,75000,1736661,-1.3157894736842104,54600177375000,728002365,90394,5.36,0.83,13989,2.05,1540,1274.3199462890625,3.8350000381469727,278,반도체,Listed,0.0
2023-01-02,75100,76700,75000,75700,1376985,0.9333333333333335,55109779030500,728002365,90394,5.41,0.84,13989,2.03,1540,1260.9100341796875,3.878999948501587,278,반도체,Listed,0.0
2023-01-03,75600,76300,73100,75600,2719437,-0.13210039630118892,55036978794000,728002365,90394,5.4,0.84,13989,2.04,1540,1270.0999755859375,3.7929999828338623,278,반도체,Listed,0.0
2023-01-04,75400,81900,75200,81000,5154609,7.142857142857142,58968191565000,728002365,90394,5.79,0.9,13989,1.9,1540,1279.0799560546875,3.7090001106262207,278,반도체,Listed,0.0
2023-01-05,83300,83300,80800,81400,3510964,0.49382716049382713,59259392511000,728002365,90394,5.82,0.9,13989,1.89,1540,1271.0799560546875,3.7200000286102295,278,반도체,Listed,0.0
2023-01-06,81400,83600,81100,83100,3687430,2.0884520884520885,60496996531500,728002365,90394,5.94,0.92,13989,1.85,1540,1274.1800537109375,3.569000005722046,278,반도체,Listed,0.0
2023-01-09,84900,86000,83500,86000,3948670,3.489771359807461,62608203390000,728002365,90394,6.15,0.95,13989,1.79,1540,1252.8800048828125,3.5169999599456787,278,반도체,Listed,0.0
2023-01-10,85500,87200,85000,86500,3105311,0.5813953488372093,62972204572500,728002365,90394,6.18,0.96,13989,1.78,1540,1239.280029296875,3.621000051498413,278,반도체,Listed,0.0
2023-01-11,87800,88400,86500,87300,3083961,0.9248554913294799,63554606464500,728002365,90394,6.24,0.97,13989,1.76,1540,1240.1600341796875,3.553999900817871,278,반도체,Listed,0.0
2023-01-12,88100,88100,85800,86800,3065582,-0.572737686139748,63190605282000,728002365,90394,6.2,0.96,13989,1.77,1540,1241.5999755859375,3.4489998817443848,278,반도체,Listed,0.0
2023-01-13,86800,87500,85400,85700,2058890,-1.2672811059907834,62389802680500,728002365,90394,6.13,0.95,13989,1.8,1540,1239.1300048828125,3.510999917984009,278,반도체,Listed,0.0
2023-01-16,86000,86500,84900,85800,1512876,0.11668611435239205,62462602917000,728002365,90394,6.13,0.95,13989,1.79,1540,1236.5899658203125,3.510999917984009,278,반도체,Listed,0.0
2023-01-17,86400,87200,85700,86000,1586136,0.2331002331002331,62608203390000,728002365,90394,6.15,0.95,13989,1.79,1540,1240.7099609375,3.5350000858306885,278,반도체,Listed,0.0
2023-01-18,86400,86500,84500,85100,1494262,-1.0465116279069768,61953001261500,728002365,90394,6.08,0.94,13989,1.81,1540,1237.0,3.375,278,반도체,Listed,0.0
2023-01-19,84000,85800,84000,85500,1674834,0.4700352526439483,62244202207500,728002365,90394,6.11,0.95,13989,1.8,1540,1237.8800048828125,3.3970000743865967,278,반도체,Listed,0.0
2023-01-20,86300,87800,86100,87600,2386074,2.456140350877193,63773007174000,728002365,90394,6.26,0.97,13989,1.76,1540,1232.1800537109375,3.4839999675750732,278,반도체,Listed,0.0
2023-01-25,92000,92000,90600,91400,3611901,4.337899543378995,66539416161000,728002365,90394,6.53,1.01,13989,1.68,1540,1232.6600341796875,3.4619998931884766,278,반도체,Listed,0.0
2023-01-26,90800,92300,90100,92300,2319962,0.9846827133479212,67194618289500,728002365,90394,6.6,1.02,13989,1.67,1540,1232.5899658203125,3.493000030517578,278,반도체,Listed,0.0
2023-01-27,91300,92800,90300,91500,2553811,-0.8667388949079089,66612216397500,728002365,90394,6.54,1.01,13989,1.68,1540,1231.8499755859375,3.5179998874664307,278,반도체,Listed,0.0
2023-01-30,91300,91600,90000,90700,2603297,-0.8743169398907104,66029814505500,728002365,90394,6.48,1.0,13989,1.7,1540,1228.949951171875,3.5510001182556152,278,반도체,Listed,0.0
2023-01-31,90800,90800,86800,88500,5185088,-2.4255788313120177,64428209302500,728002365,90394,6.33,0.98,13989,1.74,1540,1231.5,3.5290000438690186,278,반도체,Listed,0.0
2023-02-01,91200,91400,88500,91400,3889171,3.2768361581920904,66539416161000,728002365,90394,6.53,1.01,13989,1.68,1540,1232.1500244140625,3.3970000743865967,278,반도체,Listed,0.0
2023-02-02,94900,94900,92700,93400,4350607,2.1881838074398248,67995420891000,728002365,90394,6.68,1.03,13989,1.65,1540,1221.949951171875,3.3959999084472656,278,반도체,Listed,0.0
2023-02-03,92400,93200,91300,92200,2925123,-1.284796573875803,67121818053000,728002365,90394,6.59,1.02,13989,1.67,1540,1224.9000244140625,3.5320000648498535,278,반도체,Listed,0.0
2023-02-06,91400,92000,89100,89100,2819903,-3.3622559652928414,64865010721500,728002365,90394,6.37,0.99,13989,1.73,1540,1246.75,3.634000062942505,278,반도체,Listed,0.0
2023-02-07,88800,91200,88800,90800,2166265,1.9079685746352413,66102614742000,728002365,90394,6.49,1.0,13989,1.7,1540,1261.22998046875,3.6740000247955322,278,반도체,Listed,0.0
2023-02-08,91700,95000,91600,94900,3964981,4.5154185022026425,69087424438500,728002365,90394,6.78,1.05,13989,1.62,1540,1255.3499755859375,3.6530001163482666,278,반도체,Listed,0.0
2023-02-09,94800,94800,92600,94400,2726568,-0.5268703898840885,68723423256000,728002365,90394,6.75,1.04,13989,1.63,1540,1260.469970703125,3.683000087738037,278,반도체,Listed,0.0
2023-02-10,94300,94700,93100,93500,1971090,-0.9533898305084746,68068221127500,728002365,90394,6.68,1.03,13989,1.65,1540,1264.550048828125,3.74399995803833,278,반도체,Listed,0.0
2023-02-13,92000,92000,89900,90600,3159031,-3.1016042780748663,65957014269000,728002365,90394,6.48,1.0,13989,1.7,1540,1266.8699951171875,3.7170000076293945,278,반도체,Listed,0.0
2023-02-14,91800,93500,91600,93400,2185525,3.090507726269316,67995420891000,728002365,90394,6.68,1.03,13989,1.65,1540,1272.93994140625,3.760999917984009,278,반도체,Listed,0.0
2023-02-15,93800,94200,91200,91700,1801577,-1.8201284796573876,66757816870500,728002365,90394,6.56,1.01,13989,1.68,1540,1272.25,3.809000015258789,278,반도체,Listed,0.0
2023-02-16,91900,93400,91600,92900,1812496,1.3086150490730644,67631419708500,728002365,90394,6.64,1.03,13989,1.66,1540,1283.719970703125,3.8429999351501465,278,반도체,Listed,0.0
2023-02-17,91400,92700,90900,92000,1691509,-0.9687836383207751,66976217580000,728002365,90394,6.58,1.02,13989,1.67,1540,1288.9599609375,3.828000068664551,278,반도체,Listed,0.0
2023-02-20,92700,93300,90700,92500,1774617,0.5434782608695652,67340218762500,728002365,90394,6.61,1.02,13989,1.66,1540,1293.9200439453125,3.828000068664551,278,반도체,Listed,0.0
2023-02-21,92500,92600,90900,91200,1477419,-1.4054054054054055,66393815688000,728002365,90394,6.52,1.01,13989,1.69,1540,1296.1099853515625,3.9549999237060547,278,반도체,Listed,0.0
2023-02-22,89900,90300,88500,89100,2301835,-2.302631578947368,64865010721500,728002365,90394,6.37,0.99,13989,1.73,1540,1305.8299560546875,3.9230000972747803,278,반도체,Listed,0.0
2023-02-23,90000,93700,89600,92700,3659678,4.040404040404041,67485819235500,728002365,90394,6.63,1.03,13989,1.66,1540,1302.8299560546875,3.878999948501587,278,반도체,Listed,0.0
2023-02-24,93500,94000,91000,91000,2496352,-1.8338727076591153,66248215215000,728002365,90394,6.51,1.01,13989,1.69,1540,1298.0799560546875,3.9489998817443848,278,반도체,Listed,0.0
2023-02-27,90100,90300,89100,90000,1893345,-1.098901098901099,65520212850000,728002365,90394,6.43,1.0,13989,1.71,1540,1313.699951171875,3.921999931335449,278,반도체,Listed,0.0
2023-02-28,91000,91000,88700,89400,2082486,-0.6666666666666667,65083411431000,728002365,90394,6.39,0.99,13989,1.72,1540,1318.3499755859375,3.9159998893737793,278,반도체,Listed,0.0
2023-03-02,89400,90300,87500,88100,2744038,-1.45413870246085,64137008356500,728002365,90394,6.3,0.97,13989,1.75,1540,1305.72998046875,4.072999954223633,278,반도체,Listed,0.0
2023-03-03,88500,89200,87200,87300,2239958,-0.9080590238365494,63554606464500,728002365,90394,6.24,0.97,13989,1.76,1540,1311.06005859375,3.9639999866485596,278,반도체,Listed,0.0
2023-03-06,87900,89800,87500,89700,2374415,2.7491408934707904,65301812140500,728002365,90394,6.41,0.99,13989,1.72,1540,1294.780029296875,3.9830000400543213,278,반도체,Listed,0.0
2023-03-07,89700,90000,88800,88900,1610948,-0.8918617614269788,64719410248500,728002365,90394,6.35,0.98,13989,1.73,1540,1299.0,3.9749999046325684,278,반도체,Listed,0.0
2023-03-08,87700,87800,86400,86800,2790989,-2.3622047244094486,63190605282000,728002365,90394,6.2,0.96,13989,1.77,1540,1317.9000244140625,3.9760000705718994,278,반도체,Listed,0.0
2023-03-09,87300,87800,85300,85600,3315016,-1.3824884792626728,62317002444000,728002365,90394,6.12,0.95,13989,1.8,1540,1316.449951171875,3.924999952316284,278,반도체,Listed,0.0
2023-03-10,83800,84400,83100,83300,3559824,-2.6869158878504673,60642597004500,728002365,90394,5.95,0.92,13989,1.85,1540,1325.550048828125,3.694999933242798,278,반도체,Listed,0.0
2023-03-13,83200,84700,82400,84300,2860341,1.2004801920768309,61370599369500,728002365,90394,6.03,0.93,13989,1.83,1540,1319.5400390625,3.515000104904175,278,반도체,Listed,0.0
2023-03-14,82600,83000,81100,81100,3359381,-3.795966785290629,59040991801500,728002365,90394,5.8,0.9,13989,1.9,1540,1296.3800048828125,3.638000011444092,278,반도체,Listed,0.0
2023-03-15,81900,82300,78800,79100,5357314,-2.466091245376079,57584987071500,728002365,90394,5.65,0.88,13989,1.95,1540,1304.5799560546875,3.492000102996826,278,반도체,Listed,0.0
2023-03-16,76700,80200,76700,79000,4804196,-0.12642225031605564,57512186835000,728002365,90394,5.65,0.87,13989,1.95,1540,1311.739990234375,3.5850000381469727,278,반도체,Listed,0.0
2023-03-17,81200,84800,81100,84000,6239588,6.329113924050633,61152198660000,728002365,90394,6.0,0.93,13989,1.83,1540,1301.6199951171875,3.3949999809265137,278,반도체,Listed,0.0
2023-03-20,83800,85100,83000,83700,2223378,-0.35714285714285715,60933797950500,728002365,90394,5.98,0.93,13989,1.84,1540,1307.6500244140625,3.4809999465942383,278,반도체,Listed,0.0
2023-03-21,84100,85100,82900,83600,1880231,-0.11947431302270012,60860997714000,728002365,90394,5.98,0.92,13989,1.84,1540,1304.93994140625,3.6059999465942383,278,반도체,Listed,0.0
2023-03-22,85200,87300,83800,86900,2667268,3.9473684210526314,63263405518500,728002365,90394,6.21,0.96,13989,1.77,1540,1303.43994140625,3.5,278,반도체,Listed,0.0
2023-03-23,85400,88500,85100,88500,3091673,1.8411967779056386,64428209302500,728002365,90394,6.33,0.98,13989,1.74,1540,1298.25,3.4059998989105225,278,반도체,Listed,0.0
2023-03-24,89100,90700,86700,87300,4670908,-1.3559322033898304,63554606464500,728002365,90394,6.24,0.97,13989,1.76,1540,1286.2900390625,3.380000114440918,278,반도체,Listed,0.0
2023-03-27,87500,87800,84700,85500,3211190,-2.0618556701030926,62244202207500,728002365,90394,6.11,0.95,13989,1.8,1540,1297.800048828125,3.5280001163482666,278,반도체,Listed,0.0
2023-03-28,85300,88700,85200,88400,3180431,3.3918128654970756,64355409066000,728002365,90394,6.32,0.98,13989,1.74,1540,1296.97998046875,3.563999891281128,278,반도체,Listed,0.0
2023-03-29,87400,88700,86500,86900,3070422,-1.6968325791855203,63263405518500,728002365,90394,6.21,0.96,13989,1.77,1540,1307.1300048828125,3.565999984741211,278,반도체,Listed,0.0
2023-03-30,89900,90500,87700,88800,4264354,2.186421173762946,64646610012000,728002365,90394,6.35,0.98,13989,1.73,1540,1296.5,3.5510001182556152,278,반도체,Listed,0.0
2023-03-31,89200,89500,87600,88600,2676327,-0.22522522522522523,64501009539000,728002365,90394,6.33,0.98,13989,1.74,1540,1296.5,3.49399995803833,278,반도체,Listed,0.0
2023-04-03,89700,89700,86600,87200,2502220,-1.580135440180587,63481806228000,728002365,90394,6.23,0.96,13989,1.77,1540,1308.050048828125,3.430000066757202,278,반도체,Listed,0.0
2023-04-04,85700,85900,83700,84500,16808036,-3.096330275229358,61516199842500,728002365,90394,6.04,0.93,13989,1.82,1540,1312.4100341796875,3.3369998931884766,278,반도체,Listed,0.0
2023-04-05,84300,85700,84100,84600,4380498,0.1183431952662722,61589000079000,728002365,90394,6.05,0.94,13989,1.82,1540,1316.2099609375,3.2869999408721924,278,반도체,Listed,0.0
2023-04-06,83900,84700,82700,83800,5379170,-0.9456264775413712,61006598187000,728002365,90394,5.99,0.93,13989,1.84,1540,1317.93994140625,3.2880001068115234,278,반도체,Listed,0.0
2023-04-07,87900,89400,86000,89100,10867359,6.324582338902148,64865010721500,728002365,90394,6.37,0.99,13989,1.73,1540,1317.93994140625,3.2880001068115234,278,반도체,Listed,0.0
2023-04-10,88700,92500,88500,90700,5387514,1.7957351290684627,66029814505500,728002365,90394,6.48,1.0,13989,1.7,1540,1320.8800048828125,3.4149999618530273,278,반도체,Listed,0.0
2023-04-11,90700,92200,89900,91800,5001836,1.2127894156560088,66830617107000,728002365,90394,6.56,1.02,13989,1.68,1540,1322.0899658203125,3.434000015258789,278,반도체,Listed,0.0
2023-04-12,91900,92000,89700,90300,4751001,-1.6339869281045754,65738613559500,728002365,90394,6.46,1.0,13989,1.71,1540,1322.8299560546875,3.4210000038146973,278,반도체,Listed,0.0
2023-04-13,89500,90300,88200,88700,4907552,-1.7718715393133997,64573809775500,728002365,90394,6.34,0.98,13989,1.74,1540,1301.4300537109375,3.4519999027252197,278,반도체,Listed,0.0
2023-04-14,90100,90300,88600,89300,2324722,0.6764374295377678,65010611194500,728002365,90394,6.38,0.99,13989,1.72,1540,1301.4300537109375,3.5220000743865967,278,반도체,Listed,0.0
2023-04-17,89000,89000,87700,88500,1877825,-0.8958566629339306,64428209302500,728002365,90394,6.33,0.98,13989,1.74,1540,1316.0699462890625,3.5910000801086426,278,반도체,Listed,0.0
2023-04-18,89300,89300,87300,87600,1763334,-1.0169491525423728,63773007174000,728002365,90394,6.26,0.97,13989,1.76,1540,1315.9000244140625,3.572000026702881,278,반도체,Listed,0.0
2023-04-19,88000,88500,86600,88200,2024519,0.684931506849315,64209808593000,728002365,90394,6.3,0.98,13989,1.75,1540,1326.760009765625,3.6019999980926514,278,반도체,Listed,0.0
2023-04-20,86600,88400,86200,87700,1746001,-0.5668934240362812,63845807410500,728002365,90394,6.27,0.97,13989,1.76,1540,1323.5999755859375,3.5450000762939453,278,반도체,Listed,0.0
2023-04-21,87700,89800,87200,89100,2624982,1.596351197263398,64865010721500,728002365,90394,6.37,0.99,13989,1.73,1540,1323.5999755859375,3.569999933242798,278,반도체,Listed,0.0
2023-04-24,88100,88800,87000,87200,2054455,-2.132435465768799,63481806228000,728002365,90394,6.23,0.96,13989,1.77,1540,1332.800048828125,3.515000104904175,278,반도체,Listed,0.0
2023-04-25,87500,87800,83700,85500,4096411,-1.94954128440367,62244202207500,728002365,90394,6.11,0.95,13989,1.8,1540,1341.0,3.3959999084472656,278,반도체,Listed,0.0
2023-04-26,86400,88700,86200,87400,3240654,2.2222222222222223,63627406701000,728002365,90394,6.25,0.97,13989,1.76,1540,1337.8299560546875,3.431999921798706,278,반도체,Listed,0.0
2023-04-27,87900,89200,86000,88800,2980163,1.6018306636155606,64646610012000,728002365,90394,6.35,0.98,13989,1.73,1540,1339.3900146484375,3.5280001163482666,278,반도체,Listed,0.0
2023-04-28,90800,91400,88700,89500,3737493,0.7882882882882882,65156211667500,728002365,90394,6.4,0.99,13989,1.72,1540,1339.3900146484375,3.4519999027252197,278,반도체,Listed,0.0
2023-05-02,90900,90900,88900,90200,2427349,0.782122905027933,65665813323000,728002365,92004,27.82,0.98,3242,1.33,1200,1342.300048828125,3.438999891281128,278,반도체,Listed,0.0
2023-05-03,89000,90300,88600,89800,1779615,-0.4434589800443459,65374612377000,728002365,92004,27.7,0.98,3242,1.34,1200,1335.22998046875,3.4030001163482666,278,반도체,Listed,0.0
2023-05-04,88900,89600,87500,88700,1794303,-1.2249443207126949,64573809775500,728002365,92004,27.36,0.96,3242,1.35,1200,1320.1500244140625,3.3510000705718994,278,반도체,Listed,0.0
2023-05-08,89700,90000,87700,88700,2615242,0.0,64573809775500,728002365,92004,27.36,0.96,3242,1.35,1200,1322.4100341796875,3.5209999084472656,278,반도체,Listed,0.0
2023-05-09,88400,88600,86700,87300,2297473,-1.5783540022547913,63554606464500,728002365,92004,26.93,0.95,3242,1.37,1200,1326.050048828125,3.5209999084472656,278,반도체,Listed,0.0
2023-05-10,87200,87700,86300,86900,2137658,-0.45819014891179843,63263405518500,728002365,92004,26.8,0.94,3242,1.38,1200,1318.050048828125,3.438999891281128,278,반도체,Listed,0.0
2023-05-11,86900,87300,85000,86300,2806299,-0.6904487917146145,62826604099500,728002365,92004,26.62,0.94,3242,1.39,1200,1329.8800048828125,3.3970000743865967,278,반도체,Listed,0.0
2023-05-12,86300,87600,86200,87200,2712372,1.0428736964078795,63481806228000,728002365,92004,26.9,0.95,3242,1.38,1200,1329.8800048828125,3.4630000591278076,278,반도체,Listed,0.0
2023-05-15,87000,87100,85500,86400,2357794,-0.9174311926605505,62899404336000,728002365,92004,26.65,0.94,3242,1.39,1200,1335.4000244140625,3.507999897003174,278,반도체,Listed,0.0
2023-05-16,89500,90700,88500,90400,5121364,4.62962962962963,65811413796000,728002365,92004,27.88,0.98,3242,1.33,1200,1342.4300537109375,3.5490000247955322,278,반도체,Listed,0.0
2023-05-17,92000,92000,90300,91900,3340386,1.6592920353982303,66903417343500,728002365,92004,28.35,1.0,3242,1.31,1200,1334.1500244140625,3.5810000896453857,278,반도체,Listed,0.0
2023-05-18,92800,94000,92000,93600,3473641,1.8498367791077257,68141021364000,728002365,92004,28.87,1.02,3242,1.28,1200,1334.739990234375,3.6480000019073486,278,반도체,Listed,0.0
2023-05-19,95000,97900,94900,97300,5062669,3.9529914529914527,70834630114500,728002365,92004,30.01,1.06,3242,1.23,1200,1334.739990234375,3.691999912261963,278,반도체,Listed,0.0
2023-05-22,97700,99400,97100,98200,4248401,0.9249743062692704,71489832243000,728002365,92004,30.29,1.07,3242,1.22,1200,1313.8299560546875,3.7190001010894775,278,반도체,Listed,0.0
2023-05-23,99000,99000,97000,97900,2472514,-0.30549898167006106,71271431533500,728002365,92004,30.2,1.06,3242,1.23,1200,1319.8399658203125,3.697999954223633,278,반도체,Listed,0.0
2023-05-24,97400,97800,96300,97700,2097933,-0.20429009193054137,71125831060500,728002365,92004,30.14,1.06,3242,1.23,1200,1318.52001953125,3.7190001010894775,278,반도체,Listed,0.0
2023-05-25,104300,104300,101100,103500,7431586,5.93654042988741,75348244777500,728002365,92004,31.92,1.12,3242,1.16,1200,1330.8900146484375,3.813999891281128,278,반도체,Listed,0.0
2023-05-26,107500,110500,106100,109200,10136706,5.507246376811594,79497858258000,728002365,92004,33.68,1.19,3242,1.1,1200,1330.8900146484375,3.809999942779541,278,반도체,Listed,0.0
2023-05-30,113200,113400,109500,110300,9058509,1.0073260073260073,80298660859500,728002365,92004,34.02,1.2,3242,1.09,1200,1319.7900390625,3.700000047683716,278,반도체,Listed,0.0
2023-05-31,110000,110900,108500,108600,8166685,-1.5412511332728922,79061056839000,728002365,92004,33.5,1.18,3242,1.1,1200,1321.739990234375,3.63700008392334,278,반도체,Listed,0.0
2023-06-01,106000,110500,106000,110300,5553560,1.5653775322283612,80298660859500,728002365,92004,34.02,1.2,3242,1.09,1200,1312.8499755859375,3.6080000400543213,278,반도체,Listed,0.0
2023-06-02,111000,112700,109200,110300,3991904,0.0,80298660859500,728002365,92004,34.02,1.2,3242,1.09,1200,1312.8499755859375,3.690999984741211,278,반도체,Listed,0.0
2023-06-05,110100,110500,108500,108700,3316020,-1.4505893019038985,79133857075500,728002365,92004,33.53,1.18,3242,1.1,1200,1299.7900390625,3.693000078201294,278,반도체,Listed,0.0
2023-06-07,108700,109300,108000,108000,3313460,-0.6439742410303588,78624255420000,728002365,92004,33.31,1.17,3242,1.11,1200,1308.3399658203125,3.7839999198913574,278,반도체,Listed,0.0
2023-06-08,107000,109700,106700,109700,4355468,1.574074074074074,79861859440500,728002365,92004,33.84,1.19,3242,1.09,1200,1296.3299560546875,3.7139999866485596,278,반도체,Listed,0.0
2023-06-09,110300,115600,108300,115400,7950947,5.195989061075661,84011472921000,728002365,92004,35.6,1.25,3242,1.04,1200,1296.3299560546875,3.744999885559082,278,반도체,Listed,0.0
2023-06-12,114400,115800,114000,114800,2637721,-0.5199306759098787,83574671502000,728002365,92004,35.41,1.25,3242,1.05,1200,1284.5799560546875,3.765000104904175,278,반도체,Listed,0.0
2023-06-13,117000,120100,117000,119500,6232477,4.094076655052264,86996282617500,728002365,92004,36.86,1.3,3242,1.0,1200,1267.6199951171875,3.8389999866485596,278,반도체,Listed,0.0
2023-06-14,118800,119700,118100,118800,3240260,-0.5857740585774058,86486680962000,728002365,92004,36.64,1.29,3242,1.01,1200,1273.989990234375,3.7960000038146973,278,반도체,Listed,0.0
2023-06-15,120200,121100,118000,119000,3778592,0.16835016835016833,86632281435000,728002365,92004,36.71,1.29,3242,1.01,1200,1270.050048828125,3.7279999256134033,278,반도체,Listed,0.0
2023-06-16,117300,119800,116300,118900,4303391,-0.08403361344537816,86559481198500,728002365,92004,36.67,1.29,3242,1.01,1200,1270.050048828125,3.7690000534057617,278,반도체,Listed,0.0
2023-06-19,118000,118500,113500,114800,4208396,-3.4482758620689653,83574671502000,728002365,92004,35.41,1.25,3242,1.05,1200,1283.239990234375,3.7690000534057617,278,반도체,Listed,0.0
2023-06-20,114000,117000,113200,116100,3319570,1.132404181184669,84521074576500,728002365,92004,35.81,1.26,3242,1.03,1200,1287.5400390625,3.7290000915527344,278,반도체,Listed,0.0
2023-06-21,116200,117500,114600,115100,2728146,-0.8613264427217916,83793072211500,728002365,92004,35.5,1.25,3242,1.04,1200,1288.3800048828125,3.7230000495910645,278,반도체,Listed,0.0
2023-06-22,114200,115900,113400,114000,2612402,-0.9556907037358819,82992269610000,728002365,92004,35.16,1.24,3242,1.05,1200,1298.2099609375,3.7990000247955322,278,반도체,Listed,0.0
2023-06-23,114000,115200,112500,113600,2987472,-0.3508771929824561,82701068664000,728002365,92004,35.04,1.23,3242,1.06,1200,1298.2099609375,3.739000082015991,278,반도체,Listed,0.0
2023-06-26,113100,113900,111200,113500,3350758,-0.08802816901408451,82628268427500,728002365,92004,35.01,1.23,3242,1.06,1200,1302.6600341796875,3.7190001010894775,278,반도체,Listed,0.0
2023-06-27,114000,114000,110800,113000,3602087,-0.4405286343612335,82264267245000,728002365,92004,34.86,1.23,3242,1.06,1200,1296.5999755859375,3.7679998874664307,278,반도체,Listed,0.0
2023-06-28,114200,115200,112800,114300,3178571,1.1504424778761062,83210670319500,728002365,92004,35.26,1.24,3242,1.05,1200,1309.010009765625,3.7100000381469727,278,반도체,Listed,0.0
2023-06-29,115200,117400,114500,116200,4398301,1.6622922134733158,84593874813000,728002365,92004,35.84,1.26,3242,1.03,1200,1323.0699462890625,3.8540000915527344,278,반도체,Listed,0.0
2023-06-30,114600,115500,113200,115200,2674318,-0.8605851979345954,83865872448000,728002365,92004,35.53,1.25,3242,1.04,1200,1323.0699462890625,3.819000005722046,278,반도체,Listed,0.0
2023-07-03,115300,118900,115300,117600,3022009,2.083333333333333,85613078124000,728002365,92004,36.27,1.28,3242,1.02,1200,1306.0999755859375,3.8580000400543213,278,반도체,Listed,0.0
2023-07-04,118200,118400,117200,117900,1988592,0.25510204081632654,85831478833500,728002365,92004,36.37,1.28,3242,1.02,1200,1295.5,3.8580000400543213,278,반도체,Listed,0.0
2023-07-05,118100,118200,116100,116700,2483034,-1.0178117048346056,84957875995500,728002365,92004,36.0,1.27,3242,1.03,1200,1302.969970703125,3.944999933242798,278,반도체,Listed,0.0
2023-07-06,116000,116100,113100,113800,3465047,-2.4850042844901457,82846669137000,728002365,92004,35.1,1.24,3242,1.05,1200,1309.219970703125,4.040999889373779,278,반도체,Listed,0.0
2023-07-07,112700,113000,111200,111800,2781723,-1.7574692442882252,81390664407000,728002365,92004,34.48,1.22,3242,1.07,1200,1309.219970703125,4.050000190734863,278,반도체,Listed,0.0
2023-07-10,111800,112900,109700,110300,3163245,-1.3416815742397137,80298660859500,728002365,92004,34.02,1.2,3242,1.09,1200,1299.5400390625,4.00600004196167,278,반도체,Listed,0.0
2023-07-11,111500,113400,111200,113400,2209391,2.8105167724388034,82555468191000,728002365,92004,34.98,1.23,3242,1.06,1200,1291.510009765625,3.9800000190734863,278,반도체,Listed,0.0
2023-07-12,113200,115400,112800,115400,2228477,1.763668430335097,84011472921000,728002365,92004,35.6,1.25,3242,1.04,1200,1274.699951171875,3.8610000610351562,278,반도체,Listed,0.0
2023-07-13,115400,117000,113600,114100,3421492,-1.1265164644714039,83065069846500,728002365,92004,35.19,1.24,3242,1.05,1200,1266.8299560546875,3.760999917984009,278,반도체,Listed,0.0
2023-07-14,115500,120200,115300,118000,5817889,3.4180543382997373,85904279070000,728002365,92004,36.4,1.28,3242,1.02,1200,1266.8299560546875,3.819000005722046,278,반도체,Listed,0.0
2023-07-17,116900,118700,116000,117200,2427281,-0.6779661016949152,85321877178000,728002365,92004,36.15,1.27,3242,1.02,1200,1265.449951171875,3.796999931335449,278,반도체,Listed,0.0
2023-07-18,117500,119000,116700,117800,2299880,0.5119453924914675,85758678597000,728002365,92004,36.34,1.28,3242,1.02,1200,1264.93994140625,3.7890000343322754,278,반도체,Listed,0.0
2023-07-19,118700,119100,116700,117500,2580301,-0.2546689303904924,85540277887500,728002365,92004,36.24,1.28,3242,1.02,1200,1265.0899658203125,3.742000102996826,278,반도체,Listed,0.0
2023-07-20,116500,117500,115200,116900,1949776,-0.5106382978723404,85103476468500,728002365,92004,36.06,1.27,3242,1.03,1200,1278.4000244140625,3.8540000915527344,278,반도체,Listed,0.0
2023-07-21,114700,115100,113200,115100,2745384,-1.5397775876817792,83793072211500,728002365,92004,35.5,1.25,3242,1.04,1200,1278.4000244140625,3.8369998931884766,278,반도체,Listed,0.0
2023-07-24,114100,114900,112900,114000,2761991,-0.9556907037358819,82992269610000,728002365,92004,35.16,1.24,3242,1.05,1200,1280.530029296875,3.8570001125335693,278,반도체,Listed,0.0
2023-07-25,114000,114200,112200,113400,2678385,-0.5263157894736842,82555468191000,728002365,92004,34.98,1.23,3242,1.06,1200,1274.1199951171875,3.9119999408721924,278,반도체,Listed,0.0
2023-07-26,116000,116100,111300,113000,4995935,-0.3527336860670194,82264267245000,728002365,92004,34.86,1.23,3242,1.06,1200,1275.1700439453125,3.8510000705718994,278,반도체,Listed,0.0
2023-07-27,115000,124000,114100,124000,9638980,9.734513274336283,90272293260000,728002365,92004,38.25,1.35,3242,0.97,1200,1283.8800048828125,4.01200008392334,278,반도체,Listed,0.0
2023-07-28,126200,129000,122000,128000,8718746,3.225806451612903,93184302720000,728002365,92004,39.48,1.39,3242,0.94,1200,1283.8800048828125,3.9690001010894775,278,반도체,Listed,0.0
2023-07-31,128000,128500,122500,123400,4623350,-3.5937499999999996,89835491841000,728002365,92004,38.06,1.34,3242,0.97,1200,1277.9300537109375,3.9590001106262207,278,반도체,Listed,0.0
2023-08-01,124000,126400,120700,125100,4656047,1.3776337115072934,91073095861500,728002365,92004,38.59,1.36,3242,0.96,1200,1289.050048828125,4.051000118255615,278,반도체,Listed,0.0
2023-08-02,123300,124800,118700,119500,3765478,-4.476418864908074,86996282617500,728002365,92004,36.86,1.3,3242,1.0,1200,1295.3699951171875,4.078000068664551,278,반도체,Listed,0.0
2023-08-03,119000,121300,117200,120000,3498537,0.41841004184100417,87360283800000,728002365,92004,37.01,1.3,3242,1.0,1200,1296.4000244140625,4.189000129699707,278,반도체,Listed,0.0
2023-08-04,118300,120900,118100,120100,2375384,0.08333333333333334,87433084036500,728002365,92004,37.05,1.31,3242,1.0,1200,1296.4000244140625,4.059999942779541,278,반도체,Listed,0.0
2023-08-07,120600,124900,120500,121900,3724826,1.4987510407993339,88743488293500,728002365,92004,37.6,1.32,3242,0.98,1200,1307.75,4.078000068664551,278,반도체,Listed,0.0
2023-08-08,121900,122400,118300,118600,2729243,-2.7071369975389663,86341080489000,728002365,92004,36.58,1.29,3242,1.01,1200,1316.6700439453125,4.026000022888184,278,반도체,Listed,0.0
2023-08-09,118500,119200,117200,118500,2551668,-0.08431703204047217,86268280252500,728002365,92004,36.55,1.29,3242,1.01,1200,1313.6400146484375,4.01200008392334,278,반도체,Listed,0.0
2023-08-10,117400,118500,115100,118500,2622604,0.0,86268280252500,728002365,92004,36.55,1.29,3242,1.01,1200,1318.3299560546875,4.079999923706055,278,반도체,Listed,0.0
2023-08-11,118000,119400,115200,115300,2412381,-2.70042194092827,83938672684500,728002365,92004,35.56,1.25,3242,1.04,1200,1318.3299560546875,4.168000221252441,278,반도체,Listed,0.0
2023-08-14,114600,117300,114000,114900,2038360,-0.3469210754553339,83647471738500,728002365,92004,35.44,1.25,3242,1.04,1200,1334.739990234375,4.184000015258789,278,반도체,Listed,0.0
2023-08-16,117200,118500,115000,115800,3870479,0.7832898172323759,84302673867000,728002365,92004,35.72,1.26,3242,1.04,1200,1343.3299560546875,4.257999897003174,278,반도체,Listed,0.0
2023-08-17,114300,115500,112500,114800,3064253,-0.8635578583765112,83574671502000,728002365,92004,35.41,1.25,3242,1.05,1200,1339.0799560546875,4.308000087738037,278,반도체,Listed,0.0
2023-08-18,112600,118700,111800,117200,3329697,2.0905923344947737,85321877178000,728002365,92004,36.15,1.27,3242,1.02,1200,1339.0799560546875,4.250999927520752,278,반도체,Listed,0.0
2023-08-21,117300,118500,115600,116400,2621973,-0.6825938566552902,84739475286000,728002365,92004,35.9,1.27,3242,1.03,1200,1339.739990234375,4.3420000076293945,278,반도체,Listed,0.0
2023-08-22,120000,120900,114900,116500,3349473,0.0859106529209622,84812275522500,728002365,92004,35.93,1.27,3242,1.03,1200,1339.68994140625,4.328000068664551,278,반도체,Listed,0.0
2023-08-23,116200,116800,114100,116000,2573292,-0.4291845493562232,84448274340000,728002365,92004,35.78,1.26,3242,1.03,1200,1327.780029296875,4.197999954223633,278,반도체,Listed,0.0
2023-08-24,122300,123600,120300,120900,6368401,4.224137931034483,88015485928500,728002365,92004,37.29,1.31,3242,0.99,1200,1326.6199951171875,4.235000133514404,278,반도체,Listed,0.0
2023-08-25,117400,118300,115300,116500,3533647,-3.6393713813068653,84812275522500,728002365,92004,35.93,1.27,3242,1.03,1200,1326.6199951171875,4.238999843597412,278,반도체,Listed,0.0
2023-08-28,117000,117500,115500,115900,1746882,-0.5150214592274678,84375474103500,728002365,92004,35.75,1.26,3242,1.04,1200,1322.8199462890625,4.211999893188477,278,반도체,Listed,0.0
2023-08-29,118300,120300,117100,118600,2682352,2.3295944779982745,86341080489000,728002365,92004,36.58,1.29,3242,1.01,1200,1321.0699462890625,4.122000217437744,278,반도체,Listed,0.0
2023-08-30,122400,122800,119400,119400,2629711,0.6745362563237773,86923482381000,728002365,92004,36.83,1.3,3242,1.01,1200,1323.030029296875,4.118000030517578,278,반도체,Listed,0.0
2023-08-31,121000,122800,120000,121800,4403695,2.0100502512562812,88670688057000,728002365,92004,37.57,1.32,3242,0.99,1200,1324.6400146484375,4.0929999351501465,278,반도체,Listed,0.0
2023-09-01,121400,122600,119600,120000,2886011,-1.477832512315271,87360283800000,728002365,92004,37.01,1.3,3242,1.0,1200,1324.6400146484375,4.172999858856201,278,반도체,Listed,0.0
2023-09-04,118300,119700,116200,119200,3491280,-0.6666666666666667,86777881908000,728002365,92004,36.77,1.3,3242,1.01,1200,1317.949951171875,4.172999858856201,278,반도체,Listed,0.0
2023-09-05,118100,121000,117700,119400,1749591,0.16778523489932887,86923482381000,728002365,92004,36.83,1.3,3242,1.01,1200,1331.72998046875,4.26800012588501,278,반도체,Listed,0.0
2023-09-06,118600,120000,117800,118200,1615519,-1.0050251256281406,86049879543000,728002365,92004,36.46,1.28,3242,1.02,1200,1333.4599609375,4.289999961853027,278,반도체,Listed,0.0
2023-09-07,118200,120900,117100,118500,2995088,0.25380710659898476,86268280252500,728002365,92004,36.55,1.29,3242,1.01,1200,1334.02001953125,4.260000228881836,278,반도체,Listed,0.0
2023-09-08,117000,117100,112800,113700,4943255,-4.050632911392405,82773868900500,728002365,92004,35.07,1.24,3242,1.06,1200,1334.02001953125,4.257999897003174,278,반도체,Listed,0.0
2023-09-11,113700,116000,112900,115900,2542590,1.9349164467897977,84375474103500,728002365,92004,35.75,1.26,3242,1.04,1200,1320.43994140625,4.288000106811523,278,반도체,Listed,0.0
2023-09-12,115400,117500,113900,116700,2749688,0.6902502157031924,84957875995500,728002365,92004,36.0,1.27,3242,1.03,1200,1324.0999755859375,4.263999938964844,278,반도체,Listed,0.0
2023-09-13,117900,120700,116900,118500,3860589,1.5424164524421593,86268280252500,728002365,92004,36.55,1.29,3242,1.01,1200,1329.77001953125,4.249000072479248,278,반도체,Listed,0.0
2023-09-14,118600,122200,118600,122200,3948784,3.1223628691983123,88961889003000,728002365,92004,37.69,1.33,3242,0.98,1200,1327.06005859375,4.288000106811523,278,반도체,Listed,0.0
2023-09-15,122900,124400,121600,122400,3579662,0.16366612111292964,89107489476000,728002365,92004,37.75,1.33,3242,0.98,1200,1327.06005859375,4.322000026702881,278,반도체,Listed,0.0
2023-09-18,120300,122900,118800,119000,2356621,-2.7777777777777777,86632281435000,728002365,92004,36.71,1.29,3242,1.01,1200,1329.6600341796875,4.318999767303467,278,반도체,Listed,0.0
2023-09-19,119400,121300,118600,119200,1921912,0.16806722689075632,86777881908000,728002365,92004,36.77,1.3,3242,1.01,1200,1328.530029296875,4.364999771118164,278,반도체,Listed,0.0
2023-09-20,118900,119700,116700,118000,2228681,-1.006711409395973,85904279070000,728002365,92004,36.4,1.28,3242,1.02,1200,1332.3399658203125,4.348999977111816,278,반도체,Listed,0.0
2023-09-21,116000,116900,114100,116500,3151900,-1.2711864406779663,84812275522500,728002365,92004,35.93,1.27,3242,1.03,1200,1341.1700439453125,4.480000019073486,278,반도체,Listed,0.0
2023-09-22,114300,117300,114200,117300,2938386,0.6866952789699571,85394677414500,728002365,92004,36.18,1.27,3242,1.02,1200,1341.1700439453125,4.438000202178955,278,반도체,Listed,0.0
2023-09-25,115900,117700,115700,117000,2181722,-0.2557544757033248,85176276705000,728002365,92004,36.09,1.27,3242,1.03,1200,1338.449951171875,4.541999816894531,278,반도체,Listed,0.0
2023-09-26,117000,117200,113300,115000,3237819,-1.7094017094017095,83720271975000,728002365,92004,35.47,1.25,3242,1.04,1200,1353.75,4.558000087738037,278,반도체,Listed,0.0
2023-09-27,113000,115200,112300,114700,3060751,-0.26086956521739135,83501871265500,728002365,92004,35.38,1.25,3242,1.05,1200,1352.8199462890625,4.625999927520752,278,반도체,Listed,0.0
2023-10-04,113000,116600,113000,115400,4447702,0.6102877070619006,84011472921000,728002365,92004,35.6,1.25,3242,1.04,1200,1351.1600341796875,4.735000133514404,278,반도체,Listed,0.0
2023-10-05,122900,122900,118100,120200,6112858,4.15944540727903,87505884273000,728002365,92004,37.08,1.31,3242,1.0,1200,1346.06005859375,4.7170000076293945,278,반도체,Listed,0.0
2023-10-06,120200,121600,119000,120400,4158083,0.16638935108153077,87651484746000,728002365,92004,37.14,1.31,3242,1.0,1200,1346.06005859375,4.783999919891357,278,반도체,Listed,0.0
2023-10-10,122800,124300,119500,119500,5580659,-0.7475083056478405,86996282617500,728002365,92004,36.86,1.3,3242,1.0,1200,1341.8900146484375,4.65500020980835,278,반도체,Listed,0.0
2023-10-11,123000,123900,119200,119200,4293299,-0.2510460251046025,86777881908000,728002365,92004,36.77,1.3,3242,1.01,1200,1338.260009765625,4.59499979019165,278,반도체,Listed,0.0
2023-10-12,121100,124200,120500,124200,4016352,4.194630872483222,90417893733000,728002365,92004,38.31,1.35,3242,0.97,1200,1348.3399658203125,4.711999893188477,278,반도체,Listed,0.0
2023-10-13,123100,126300,122500,124700,3205273,0.40257648953301123,90781894915500,728002365,92004,38.46,1.36,3242,0.96,1200,1348.3399658203125,4.629000186920166,278,반도체,Listed,0.0
2023-10-16,124700,125200,122400,124100,3008476,-0.48115477145148355,90345093496500,728002365,92004,38.28,1.35,3242,0.97,1200,1347.760009765625,4.711999893188477,278,반도체,Listed,0.0
2023-10-17,125000,130800,123500,130000,6411880,4.754230459307011,94640307450000,728002365,92004,40.1,1.41,3242,0.92,1200,1352.989990234375,4.8470001220703125,278,반도체,Listed,0.0
2023-10-18,128600,130700,127200,130000,4760148,0.0,94640307450000,728002365,92004,40.1,1.41,3242,0.92,1200,1354.56005859375,4.9039998054504395,278,반도체,Listed,0.0
2023-10-19,127600,128900,125100,125700,5089745,-3.307692307692308,91509897280500,728002365,92004,38.77,1.37,3242,0.95,1200,1356.22998046875,4.98799991607666,278,반도체,Listed,0.0
2023-10-20,124300,127200,122800,126200,3868266,0.3977724741447892,91873898463000,728002365,92004,38.93,1.37,3242,0.95,1200,1356.22998046875,4.923999786376953,278,반도체,Listed,0.0
2023-10-23,126800,127200,123500,124000,2432303,-1.7432646592709984,90272293260000,728002365,92004,38.25,1.35,3242,0.97,1200,1334.43994140625,4.8379998207092285,278,반도체,Listed,0.0
2023-10-24,125400,127000,123900,126800,2802010,2.258064516129032,92310699882000,728002365,92004,39.11,1.38,3242,0.95,1200,1343.6400146484375,4.840000152587891,278,반도체,Listed,0.0
2023-10-25,127500,129000,126100,127500,3053002,0.5520504731861199,92820301537500,728002365,92004,39.33,1.39,3242,0.94,1200,1352.6800537109375,4.953000068664551,278,반도체,Listed,0.0
2023-10-26,122100,124800,119500,120000,5961584,-5.88235294117647,87360283800000,728002365,92004,37.01,1.3,3242,1.0,1200,1350.3399658203125,4.84499979019165,278,반도체,Listed,0.0
2023-10-27,119800,120900,117500,119100,5486088,-0.75,86705081671500,728002365,92004,36.74,1.29,3242,1.01,1200,1350.3399658203125,4.84499979019165,278,반도체,Listed,0.0
2023-10-30,119100,121700,118700,119100,2798497,0.0,86705081671500,728002365,92004,36.74,1.29,3242,1.01,1200,1355.219970703125,4.875,278,반도체,Listed,0.0
2023-10-31,119800,120900,116300,116300,3166739,-2.3509655751469354,84666675049500,728002365,92004,35.87,1.26,3242,1.03,1200,1348.0699462890625,4.875,278,반도체,Listed,0.0
2023-11-01,117900,120300,117000,120300,2707225,3.4393809114359417,87578684509500,728002365,92004,37.11,1.31,3242,1.0,1200,1350.1600341796875,4.789000034332275,278,반도체,Listed,0.0
2023-11-02,123900,125400,123100,125300,3736208,4.156275976724855,91218696334500,728002365,92004,38.65,1.36,3242,0.96,1200,1347.8399658203125,4.669000148773193,278,반도체,Listed,0.0
2023-11-03,126500,127200,125000,125800,2796773,0.39904229848363926,91582697517000,728002365,92004,38.8,1.37,3242,0.95,1200,1333.6800537109375,4.558000087738037,278,반도체,Listed,0.0
2023-11-06,125800,133000,125800,133000,6923192,5.723370429252783,96824314545000,728002365,92004,41.02,1.45,3242,0.9,1200,1307.8399658203125,4.6620001792907715,278,반도체,Listed,0.0
2023-11-07,132000,133500,129300,130400,4940510,-1.954887218045113,94931508396000,728002365,92004,40.22,1.42,3242,0.92,1200,1297.1099853515625,4.571000099182129,278,반도체,Listed,0.0
2023-11-08,131600,132700,126600,127600,3328279,-2.147239263803681,92893101774000,728002365,92004,39.36,1.39,3242,0.94,1200,1304.550048828125,4.5229997634887695,278,반도체,Listed,0.0
2023-11-09,127700,129800,126700,128000,2228081,0.3134796238244514,93184302720000,728002365,92004,39.48,1.39,3242,0.94,1200,1308.1199951171875,4.630000114440918,278,반도체,Listed,0.0
2023-11-10,127900,130800,127000,130500,2656526,1.953125,95004308632500,728002365,92004,40.25,1.42,3242,0.92,1200,1315.199951171875,4.627999782562256,278,반도체,Listed,0.0
2023-11-13,133000,134100,131000,131800,2644761,0.996168582375479,95950711707000,728002365,92004,40.65,1.43,3242,0.91,1200,1319.6199951171875,4.631999969482422,278,반도체,Listed,0.0
2023-11-14,133500,133500,130000,130000,2589591,-1.3657056145675266,94640307450000,728002365,92004,40.1,1.41,3242,0.92,1200,1319.0699462890625,4.440999984741211,278,반도체,Listed,0.0
2023-11-15,133900,134200,132100,134100,3616292,3.1538461538461537,97625117146500,728002365,92004,41.36,1.46,3242,0.89,1200,1304.239990234375,4.534999847412109,278,반도체,Listed,0.0
2023-11-16,133000,134400,131200,132300,2456351,-1.342281879194631,96314712889500,728002365,92004,40.81,1.44,3242,0.91,1200,1301.8599853515625,4.445000171661377,278,반도체,Listed,0.0
2023-11-17,131500,132000,129100,129900,2438499,-1.8140589569160999,94567507213500,728002365,92004,40.07,1.41,3242,0.92,1200,1292.449951171875,4.440999984741211,278,반도체,Listed,0.0
2023-11-20,129300,132000,129300,131400,2004403,1.1547344110854503,95659510761000,728002365,92004,40.53,1.43,3242,0.91,1200,1294.5,4.421999931335449,278,반도체,Listed,0.0
2023-11-21,132000,133300,131600,132000,2439306,0.45662100456621,96096312180000,728002365,92004,40.72,1.43,3242,0.91,1200,1288.1500244140625,4.418000221252441,278,반도체,Listed,0.0
2023-11-22,129600,131600,129500,131300,2128566,-0.5303030303030304,95586710524500,728002365,92004,40.5,1.43,3242,0.91,1200,1295.18994140625,4.415999889373779,278,반도체,Listed,0.0
2023-11-23,130600,131400,129500,130100,1839516,-0.913937547600914,94713107686500,728002365,92004,40.13,1.41,3242,0.92,1200,1298.7900390625,4.415999889373779,278,반도체,Listed,0.0
2023-11-24,130600,131000,128000,128000,1925668,-1.6141429669485012,93184302720000,728002365,92004,39.48,1.39,3242,0.94,1200,1300.1800537109375,4.4720001220703125,278,반도체,Listed,0.0
2023-11-27,129200,130700,128400,130700,2264243,2.109375,95149909105500,728002365,92004,40.31,1.42,3242,0.92,1200,1289.7900390625,4.388999938964844,278,반도체,Listed,0.0
2023-11-28,132100,132100,129900,131400,2562226,0.5355776587605203,95659510761000,728002365,92004,40.53,1.43,3242,0.91,1200,1302.530029296875,4.335999965667725,278,반도체,Listed,0.0
2023-11-29,130200,131000,128900,130400,2227853,-0.76103500761035,94931508396000,728002365,92004,40.22,1.42,3242,0.92,1200,1287.530029296875,4.270999908447266,278,반도체,Listed,0.0
2023-11-30,129900,133900,129900,133900,3625365,2.6840490797546015,97479516673500,728002365,92004,41.3,1.46,3242,0.9,1200,1288.3599853515625,4.3520002365112305,278,반도체,Listed,0.0
2023-12-01,132200,133000,130800,132600,3641222,-0.9708737864077669,96533113599000,728002365,92004,40.9,1.44,3242,0.9,1200,1296.6600341796875,4.22599983215332,278,반도체,Listed,0.0
2023-12-04,133400,134600,131100,131100,2680820,-1.1312217194570136,95441110051500,728002365,92004,40.44,1.42,3242,0.92,1200,1299.18994140625,4.288000106811523,278,반도체,Listed,0.0
2023-12-05,129700,130000,125400,125900,4375531,-3.9664378337147213,91655497753500,728002365,92004,38.83,1.37,3242,0.95,1200,1307.800048828125,4.171000003814697,278,반도체,Listed,0.0
2023-12-06,126800,127500,125400,125600,2667583,-0.23828435266084197,91437097044000,728002365,92004,38.74,1.37,3242,0.96,1200,1313.3699951171875,4.120999813079834,278,반도체,Listed,0.0
2023-12-07,125600,127800,124500,125600,2478565,0.0,91437097044000,728002365,92004,38.74,1.37,3242,0.96,1200,1313.719970703125,4.129000186920166,278,반도체,Listed,0.0
2023-12-08,128100,129100,127500,127500,2762531,1.5127388535031847,92820301537500,728002365,92004,39.33,1.39,3242,0.94,1200,1312.760009765625,4.244999885559082,278,반도체,Listed,0.0
2023-12-11,128700,129100,127300,128900,3696790,1.0980392156862746,93839504848500,728002365,92004,39.76,1.4,3242,0.93,1200,1316.510009765625,4.238999843597412,278,반도체,Listed,0.0
2023-12-12,130600,131900,130500,131000,3126577,1.6291698991466252,95368309815000,728002365,92004,40.41,1.42,3242,0.92,1200,1313.6199951171875,4.205999851226807,278,반도체,Listed,0.0
2023-12-13,130000,132400,130000,131200,2852873,0.15267175572519084,95513910288000,728002365,92004,40.47,1.43,3242,0.91,1200,1310.1400146484375,4.0329999923706055,278,반도체,Listed,0.0
2023-12-14,133700,138300,133600,136700,8217135,4.192073170731708,99517923295500,728002365,92004,42.17,1.49,3242,0.88,1200,1292.010009765625,3.930000066757202,278,반도체,Listed,0.0
2023-12-15,137000,140000,137000,140000,5011719,2.414045354791514,101920331100000,728002365,92004,43.18,1.52,3242,0.86,1200,1291.9200439453125,3.927999973297119,278,반도체,Listed,0.0
2023-12-18,139000,140800,138900,140000,2540812,0.0,101920331100000,728002365,92004,43.18,1.52,3242,0.86,1200,1276.469970703125,3.9539999961853027,278,반도체,Listed,0.0
2023-12-19,140000,140800,138100,138200,2309721,-1.2857142857142856,100609926843000,728002365,92004,42.63,1.5,3242,0.87,1200,1302.9300537109375,3.921999931335449,278,반도체,Listed,0.0
2023-12-20,139900,140800,139300,140500,3108011,1.6642547033285093,102284332282500,728002365,92004,43.34,1.53,3242,0.85,1200,1297.760009765625,3.877000093460083,278,반도체,Listed,0.0
2023-12-21,139200,140600,138100,140500,2737124,0.0,102284332282500,728002365,92004,43.34,1.53,3242,0.85,1200,1296.97998046875,3.8940000534057617,278,반도체,Listed,0.0
2023-12-22,142700,143700,140600,140600,3183709,0.0711743772241993,102357132519000,728002365,92004,43.37,1.53,3242,0.85,1200,1291.7099609375,3.9010000228881836,278,반도체,Listed,0.0
2023-12-26,142000,142000,139400,140900,2239789,0.21337126600284498,102575533228500,728002365,92004,43.46,1.53,3242,0.85,1200,1294.5799560546875,3.885999917984009,278,반도체,Listed,0.0
2023-12-27,140800,141600,139200,140400,2336777,-0.35486160397444994,102211532046000,728002365,92004,43.31,1.53,3242,0.85,1200,1293.9200439453125,3.7890000343322754,278,반도체,Listed,0.0
2023-12-28,140900,141600,139500,141500,2459473,0.7834757834757835,103012334647500,728002365,92004,43.65,1.54,3242,0.85,1200,1294.760009765625,3.8499999046325684,278,반도체,Listed,0.0
2024-01-02,139700,142800,139700,142400,2147458,0.6360424028268552,103667536776000,728002365,92004,43.92,1.55,3242,0.84,1200,1293.5400390625,3.946000099182129,278,반도체,Listed,0.0
2024-01-03,140000,140800,136800,136800,3257820,-3.932584269662921,99590723532000,728002365,92004,42.2,1.49,3242,0.88,1200,1307.6199951171875,3.9070000648498535,278,반도체,Listed,0.0
2024-01-04,136800,138800,135800,136400,2661970,-0.29239766081871343,99299522586000,728002365,92004,42.07,1.48,3242,0.88,1200,1309.530029296875,3.990999937057495,278,반도체,Listed,0.0
2024-01-05,135800,137500,135800,137500,1846781,0.8064516129032258,100100325187500,728002365,92004,42.41,1.49,3242,0.87,1200,1311.25,4.041999816894531,278,반도체,Listed,0.0
2024-01-08,137500,137900,135400,136000,2498302,-1.090909090909091,99008321640000,728002365,92004,41.95,1.48,3242,0.88,1200,1313.1300048828125,4.001999855041504,278,반도체,Listed,0.0
2024-01-09,139000,139500,136600,137400,3473806,1.0294117647058822,100027524951000,728002365,92004,42.38,1.49,3242,0.87,1200,1311.800048828125,4.019000053405762,278,반도체,Listed,0.0
2024-01-10,137700,138100,132100,133500,3769252,-2.8384279475982535,97188315727500,728002365,92004,41.18,1.45,3242,0.9,1200,1319.7900390625,4.03000020980835,278,반도체,Listed,0.0
2024-01-11,132400,137100,132400,136000,3594909,1.8726591760299627,99008321640000,728002365,92004,41.95,1.48,3242,0.88,1200,1317.5,3.9769999980926514,278,반도체,Listed,0.0
2024-01-12,136400,137300,133400,134100,1878915,-1.397058823529412,97625117146500,728002365,92004,41.36,1.46,3242,0.89,1200,1311.989990234375,3.950000047683716,278,반도체,Listed,0.0
2024-01-15,134800,135100,133300,134100,1858867,0.0,97625117146500,728002365,92004,41.36,1.46,3242,0.89,1200,1312.8499755859375,3.950000047683716,278,반도체,Listed,0.0
2024-01-16,132600,133700,131100,132100,3670169,-1.4914243102162565,96169112416500,728002365,92004,40.75,1.44,3242,0.91,1200,1319.7099609375,4.065999984741211,278,반도체,Listed,0.0
2024-01-17,133800,134500,129000,131000,3822702,-0.8327024981074944,95368309815000,728002365,92004,40.41,1.42,3242,0.92,1200,1337.7900390625,4.105999946594238,278,반도체,Listed,0.0
2024-01-18,131500,136800,130600,136200,3050556,3.969465648854962,99153922113000,728002365,92004,42.01,1.48,3242,0.88,1200,1344.050048828125,4.144000053405762,278,반도체,Listed,0.0
2024-01-19,138700,141300,137400,141300,4946040,3.7444933920704844,102866734174500,728002365,92004,43.58,1.54,3242,0.85,1200,1337.6600341796875,4.145999908447266,278,반도체,Listed,0.0
2024-01-22,145200,145400,142300,142600,3784276,0.9200283085633405,103813137249000,728002365,92004,43.99,1.55,3242,0.84,1200,1333.2099609375,4.093999862670898,278,반도체,Listed,0.0
2024-01-23,142300,142800,138300,140800,2912611,-1.262272089761571,102502732992000,728002365,92004,43.43,1.53,3242,0.85,1200,1338.739990234375,4.142000198364258,278,반도체,Listed,0.0
2024-01-24,140000,141700,137600,141500,2580665,0.4971590909090909,103012334647500,728002365,92004,43.65,1.54,3242,0.85,1200,1336.780029296875,4.177999973297119,278,반도체,Listed,0.0
2024-01-25,142700,143700,136900,137400,4708651,-2.897526501766784,100027524951000,728002365,92004,42.38,1.49,3242,0.87,1200,1329.8900146484375,4.131999969482422,278,반도체,Listed,0.0
2024-01-26,136200,138600,136000,136000,3247410,-1.0189228529839884,99008321640000,728002365,92004,41.95,1.48,3242,0.88,1200,1336.030029296875,4.159999847412109,278,반도체,Listed,0.0
2024-01-29,135500,137000,135000,135000,2311854,-0.7352941176470588,98280319275000,728002365,92004,41.64,1.47,3242,0.89,1200,1336.760009765625,4.091000080108643,278,반도체,Listed,0.0
2024-01-30,135300,137800,134400,136900,2297631,1.4074074074074074,99663523768500,728002365,92004,42.23,1.49,3242,0.88,1200,1333.2099609375,4.059000015258789,278,반도체,Listed,0.0
2024-01-31,134800,136600,133600,134700,2815362,-1.6070124178232286,98061918565500,728002365,92004,41.55,1.46,3242,0.89,1200,1326.6199951171875,3.9670000076293945,278,반도체,Listed,0.0
2024-02-01,133100,135600,131700,132700,3778274,-1.4847809948032664,96605913835500,728002365,92004,40.93,1.44,3242,0.9,1200,1333.9100341796875,3.86299991607666,278,반도체,Listed,0.0
2024-02-02,132300,135300,132200,134900,3708253,1.6578749058025624,98207519038500,728002365,92004,41.61,1.47,3242,0.89,1200,1328.949951171875,4.0329999923706055,278,반도체,Listed,0.0
2024-02-05,134900,135800,131700,132300,3300954,-1.927353595255745,96314712889500,728002365,92004,40.81,1.44,3242,0.91,1200,1337.72998046875,4.164000034332275,278,반도체,Listed,0.0
2024-02-06,133700,138400,132000,138000,4672324,4.308390022675737,100464326370000,728002365,92004,42.57,1.5,3242,0.87,1200,1333.3900146484375,4.090000152587891,278,반도체,Listed,0.0
2024-02-07,136600,138500,135500,138000,3348045,0.0,100464326370000,728002365,92004,42.57,1.5,3242,0.87,1200,1326.7900390625,4.110000133514404,278,반도체,Listed,0.0
2024-02-08,139000,143000,137900,142800,5780714,3.4782608695652173,103958737722000,728002365,92004,44.05,1.55,3242,0.84,1200,1327.6199951171875,4.170000076293945,278,반도체,Listed,0.0
2024-02-13,146800,150000,145000,150000,6902585,5.042016806722689,109200354750000,728002365,92004,46.27,1.63,3242,0.8,1200,1328.5,4.315999984741211,278,반도체,Listed,0.0
2024-02-14,146300,149200,144900,148700,4396924,-0.8666666666666666,108253951675500,728002365,92004,45.87,1.62,3242,0.81,1200,1340.7900390625,4.267000198364258,278,반도체,Listed,0.0
2024-02-15,151300,152700,148000,148700,3560211,0.0,108253951675500,728002365,92004,45.87,1.62,3242,0.81,1200,1326.0,4.239999771118164,278,반도체,Listed,0.0
2024-02-16,150600,150600,145700,146800,3265836,-1.277740416946873,106870747182000,728002365,92004,45.28,1.6,3242,0.82,1200,1327.6600341796875,4.295000076293945,278,반도체,Listed,0.0
2024-02-19,146200,153200,146000,151300,3997323,3.0653950953678475,110146757824500,728002365,92004,46.67,1.64,3242,0.79,1200,1331.5799560546875,4.295000076293945,278,반도체,Listed,0.0
2024-02-20,150300,151100,147500,149600,3507601,-1.1235955056179776,108909153804000,728002365,92004,46.14,1.63,3242,0.8,1200,1333.3399658203125,4.275000095367432,278,반도체,Listed,0.0
2024-02-21,147100,152200,147100,149000,4278500,-0.4010695187165776,108472352385000,728002365,92004,45.96,1.62,3242,0.81,1200,1333.75,4.324999809265137,278,반도체,Listed,0.0
2024-02-22,154500,156500,152600,156500,5966352,5.033557046979865,113932370122500,728002365,92004,48.27,1.7,3242,0.77,1200,1332.8699951171875,4.327000141143799,278,반도체,Listed,0.0
2024-02-23,166900,166900,159800,161400,7012032,3.1309904153354635,117499581711000,728002365,92004,49.78,1.75,3242,0.74,1200,1327.1700439453125,4.260000228881836,278,반도체,Listed,0.0
2024-02-26,158400,164800,158400,161800,4329477,0.24783147459727387,117790782657000,728002365,92004,49.91,1.76,3242,0.74,1200,1330.0,4.298999786376953,278,반도체,Listed,0.0
2024-02-27,159000,160000,153300,153800,6107954,-4.944375772558715,111966763737000,728002365,92004,47.44,1.67,3242,0.78,1200,1331.719970703125,4.315000057220459,278,반도체,Listed,0.0
2024-02-28,154500,159200,153800,158000,3666960,2.7308192457737324,115024373670000,728002365,92004,48.74,1.72,3242,0.76,1200,1331.7900390625,4.27400016784668,278,반도체,Listed,0.0
2024-02-29,154900,158400,154500,156200,3386307,-1.139240506329114,113713969413000,728002365,92004,48.18,1.7,3242,0.77,1200,1333.3800048828125,4.251999855041504,278,반도체,Listed,0.0
2024-03-04,161000,168100,160700,166500,5230909,6.594110115236876,121212393772500,728002365,92004,51.36,1.81,3242,0.72,1200,1330.9000244140625,4.218999862670898,278,반도체,Listed,0.0
2024-03-05,165100,169000,164100,165800,3612530,-0.42042042042042044,120702792117000,728002365,92004,51.14,1.8,3242,0.72,1200,1328.93994140625,4.13700008392334,278,반도체,Listed,0.0
2024-03-06,164100,165500,162700,162900,2672526,-1.7490952955367913,118591585258500,728002365,92004,50.25,1.77,3242,0.74,1200,1333.4300537109375,4.104000091552734,278,반도체,Listed,0.0
2024-03-07,164500,165900,161000,164900,3052700,1.2277470841006752,120047589988500,728002365,92004,50.86,1.79,3242,0.73,1200,1327.0899658203125,4.0920000076293945,278,반도체,Listed,0.0
2024-03-08,169800,174900,169300,171900,5089650,4.244996967859309,125143606543500,728002365,92004,53.02,1.87,3242,0.7,1200,1321.1800537109375,4.089000225067139,278,반도체,Listed,0.0
2024-03-11,165000,168900,164700,166600,3450905,-3.0831878999418265,121285194009000,728002365,92004,51.39,1.81,3242,0.72,1200,1315.97998046875,4.104000091552734,278,반도체,Listed,0.0
2024-03-12,166100,167200,164000,165700,3102706,-0.5402160864345739,120629991880500,728002365,92004,51.11,1.8,3242,0.72,1200,1310.5400390625,4.15500020980835,278,반도체,Listed,0.0
2024-03-13,168600,169700,162000,163600,5072935,-1.2673506336753169,119101186914000,728002365,92004,50.46,1.78,3242,0.73,1200,1311.1500244140625,4.191999912261963,278,반도체,Listed,0.0
2024-03-14,163600,164200,161100,161900,3655060,-1.039119804400978,117863582893500,728002365,92004,49.94,1.76,3242,0.74,1200,1313.6500244140625,4.297999858856201,278,반도체,Listed,0.0
2024-03-15,159600,162900,158600,161200,4099531,-0.4323656578134651,117353981238000,728002365,92004,49.72,1.75,3242,0.74,1200,1321.9200439453125,4.303999900817871,278,반도체,Listed,0.0
2024-03-18,161200,164500,161000,164300,2696598,1.9230769230769231,119610788569500,728002365,92004,50.68,1.79,3242,0.73,1200,1329.3399658203125,4.340000152587891,278,반도체,Listed,0.0
2024-03-19,161700,161800,157600,160200,4159293,-2.495435179549604,116625978873000,728002365,92004,49.41,1.74,3242,0.75,1200,1336.0899658203125,4.296999931335449,278,반도체,Listed,0.0
2024-03-20,160200,161400,154100,156500,5692523,-2.309612983770287,113932370122500,728002365,92004,48.27,1.7,3242,0.77,1200,1337.02001953125,4.2729997634887695,278,반도체,Listed,0.0
2024-03-21,165200,171400,162600,170000,9205769,8.626198083067091,123760402050000,728002365,92004,52.44,1.85,3242,0.71,1200,1330.1099853515625,4.270999908447266,278,반도체,Listed,0.0
2024-03-22,169000,173900,167400,169800,5400916,-0.1176470588235294,123614801577000,728002365,92004,52.38,1.85,3242,0.71,1200,1334.6800537109375,4.2179999351501465,278,반도체,Listed,0.0
2024-03-25,170500,174800,168500,169400,3434516,-0.23557126030624262,123323600631000,728002365,92004,52.25,1.84,3242,0.71,1200,1343.5999755859375,4.252999782562256,278,반도체,Listed,0.0
2024-03-26,172000,179500,171900,176600,6549669,4.250295159386068,128565217659000,728002365,92004,54.47,1.92,3242,0.68,1200,1339.1300048828125,4.234000205993652,278,반도체,Listed,0.0
2024-03-27,176700,183000,175600,181200,5774536,2.6047565118912797,131914028538000,728002365,92004,55.89,1.97,3242,0.66,1200,1343.06005859375,4.196000099182129,278,반도체,Listed,0.0
2024-03-28,178000,182100,178000,178200,3424716,-1.6556291390728477,129730021443000,728002365,92004,54.97,1.94,3242,0.67,1200,1349.800048828125,4.205999851226807,278,반도체,Listed,0.0
2024-03-29,179200,183900,177600,183000,3035080,2.6936026936026933,133224432795000,728002365,92004,56.45,1.99,3242,0.66,1200,1349.800048828125,4.205999851226807,278,반도체,Listed,0.0
2024-04-01,186400,190500,185000,185500,2723474,1.366120218579235,135044438707500,728002365,92004,57.22,2.02,3242,0.65,1200,1355.530029296875,4.328999996185303,278,반도체,Listed,0.0
2024-04-02,188000,190000,184400,186300,4207759,0.431266846361186,135626840599500,728002365,92004,57.46,2.02,3242,0.64,1200,1350.72998046875,4.364999771118164,278,반도체,Listed,0.0
2024-04-03,182000,183700,178200,179200,5416518,-3.81105743424584,130458023808000,728002365,92004,55.27,1.95,3242,0.67,1200,1344.8399658203125,4.355000019073486,278,반도체,Listed,0.0
2024-04-04,184400,188500,184000,188000,5344102,4.910714285714286,136864444620000,728002365,92004,57.99,2.04,3242,0.64,1200,1351.3599853515625,4.309000015258789,278,반도체,Listed,0.0
2024-04-05,184800,187600,181800,182800,4043133,-2.7659574468085104,133078832322000,728002365,92004,56.38,1.99,3242,0.66,1200,1351.3599853515625,4.377999782562256,278,반도체,Listed,0.0
2024-04-08,183900,183900,180000,181200,3278855,-0.87527352297593,131914028538000,728002365,92004,55.89,1.97,3242,0.66,1200,1354.219970703125,4.423999786376953,278,반도체,Listed,0.0
2024-04-09,182300,185300,181700,182900,2302751,0.9381898454746136,133151632558500,728002365,92004,56.42,1.99,3242,0.66,1200,1348.5400390625,4.366000175476074,278,반도체,Listed,0.0
2024-04-11,182900,188400,182400,188400,4098231,3.0071077091306724,137155645566000,728002365,92004,58.11,2.05,3242,0.64,1200,1367.8399658203125,4.576000213623047,278,반도체,Listed,0.0
2024-04-12,188700,191400,187000,187400,3097301,-0.5307855626326964,136427643201000,728002365,92004,57.8,2.04,3242,0.64,1200,1367.8399658203125,4.499000072479248,278,반도체,Listed,0.0
2024-04-15,185400,188400,183000,188200,2672047,0.42689434364994666,137010045093000,728002365,92004,58.05,2.05,3242,0.64,1200,1387.6700439453125,4.627999782562256,278,반도체,Listed,0.0
2024-04-16,184400,185500,178300,179100,4956035,-4.835281615302869,130385223571500,728002365,92004,55.24,1.95,3242,0.67,1200,1387.3399658203125,4.658999919891357,278,반도체,Listed,0.0
2024-04-17,179600,182500,177700,178700,4340591,-0.2233389168062535,130094022625500,728002365,92004,55.12,1.94,3242,0.67,1200,1379.5400390625,4.585000038146973,278,반도체,Listed,0.0
2024-04-18,176000,183300,175400,182300,4170243,2.0145495243424736,132714831139500,728002365,92004,56.23,1.98,3242,0.66,1200,1379.4000244140625,4.646999835968018,278,반도체,Listed,0.0
2024-04-19,177200,178500,169500,173300,7545976,-4.9369171695008225,126162809854500,728002365,92004,53.45,1.88,3242,0.69,1200,1379.4000244140625,4.614999771118164,278,반도체,Listed,0.0
2024-04-22,170700,172400,167000,171600,5882906,-0.9809578765147143,124925205834000,728002365,92004,52.93,1.87,3242,0.7,1200,1378.8399658203125,4.623000144958496,278,반도체,Listed,0.0
2024-04-23,172600,173700,169700,171000,3975371,-0.34965034965034963,124488404415000,728002365,92004,52.75,1.86,3242,0.7,1200,1370.47998046875,4.5980000495910645,278,반도체,Listed,0.0
2024-04-24,178900,180200,176300,179800,4254632,5.146198830409357,130894825227000,728002365,92004,55.46,1.95,3242,0.67,1200,1376.969970703125,4.6519999504089355,278,반도체,Listed,0.0
2024-04-25,173800,176700,170600,170600,5332149,-5.116796440489433,124197203469000,728002365,92004,52.62,1.85,3242,0.7,1200,1371.699951171875,4.705999851226807,278,반도체,Listed,0.0
2024-04-26,176200,178300,174900,177800,5471765,4.220398593200469,129438820497000,728002365,92004,54.84,1.93,3242,0.67,1200,1371.699951171875,4.669000148773193,278,반도체,Listed,0.0
2024-04-29,179100,180400,175600,175900,2892809,-1.0686164229471318,128055616003500,728002365,92004,54.26,1.91,3242,0.68,1200,1374.6400146484375,4.613999843597412,278,반도체,Listed,0.0
2024-04-30,175900,179000,173800,174200,3655060,-0.9664582148948266,126818011983000,728002365,92004,53.73,1.89,3242,0.69,1200,1385.4599609375,4.685999870300293,278,반도체,Listed,0.0
2024-05-02,169000,174700,169000,173600,3168250,-0.3444316877152698,126381210564000,728002365,77752,0.0,2.23,0,0.69,1200,1364.6400146484375,4.571000099182129,278,반도체,Listed,0.0
2024-05-03,177000,177500,173200,173200,2336256,-0.2304147465437788,126090009618000,728002365,77752,0.0,2.23,0,0.69,1200,1364.6400146484375,4.5,278,반도체,Listed,0.0
2024-05-07,179400,180900,179300,179600,4349589,3.695150115473441,130749224754000,728002365,77752,0.0,2.31,0,0.67,1200,1357.72998046875,4.4629998207092285,278,반도체,Listed,0.0
2024-05-08,177600,179400,176000,178000,2304744,-0.8908685968819599,129584420970000,728002365,77752,0.0,2.29,0,0.67,1200,1361.93994140625,4.492000102996826,278,반도체,Listed,0.0
2024-05-09,179000,179400,175400,175400,2861600,-1.4606741573033708,127691614821000,728002365,77752,0.0,2.26,0,0.68,1200,1365.4000244140625,4.448999881744385,278,반도체,Listed,0.0
2024-05-10,176500,180100,176400,179900,2813668,2.565564424173318,130967625463500,728002365,77752,0.0,2.31,0,0.67,1200,1365.4000244140625,4.504000186920166,278,반도체,Listed,0.0
2024-05-13,180000,184000,179000,183800,3230023,2.16787103946637,133806834687000,728002365,77752,0.0,2.36,0,0.65,1200,1363.7900390625,4.480999946594238,278,반도체,Listed,0.0
2024-05-14,184200,185800,181800,185300,2763069,0.8161044613710555,134898838234500,728002365,77752,0.0,2.38,0,0.65,1200,1362.550048828125,4.445000171661377,278,반도체,Listed,0.0
2024-05-16,191100,194000,191100,193000,5083178,4.155423637344846,140504456445000,728002365,77752,0.0,2.48,0,0.62,1200,1346.0400390625,4.376999855041504,278,반도체,Listed,0.0
2024-05-17,192000,193500,189900,189900,2841394,-1.6062176165803108,138247649113500,728002365,77752,0.0,2.44,0,0.63,1200,1346.0400390625,4.420000076293945,278,반도체,Listed,0.0
2024-05-20,192300,193200,188600,190100,3592128,0.105318588730911,138393249586500,728002365,77752,0.0,2.44,0,0.63,1200,1360.1600341796875,4.436999797821045,278,반도체,Listed,0.0
2024-05-21,193400,193500,191200,192000,2468109,0.9994739610731194,139776454080000,728002365,77752,0.0,2.47,0,0.63,1200,1363.4200439453125,4.414000034332275,278,반도체,Listed,0.0
2024-05-22,191900,197700,190900,197700,3949439,2.96875,143926067560500,728002365,77752,0.0,2.54,0,0.61,1200,1365.81005859375,4.434000015258789,278,반도체,Listed,0.0
2024-05-23,203500,204000,198200,200000,4681849,1.163378856853819,145600473000000,728002365,77752,0.0,2.57,0,0.6,1200,1367.6199951171875,4.474999904632568,278,반도체,Listed,0.0
2024-05-24,199800,202500,197500,198600,3793872,-0.7000000000000001,144581269689000,728002365,77752,0.0,2.55,0,0.6,1200,1367.6199951171875,4.4670000076293945,278,반도체,Listed,0.0
2024-05-27,203500,209000,199100,201500,4774882,1.460221550855992,146692476547500,728002365,77752,0.0,2.59,0,0.6,1200,1360.9300537109375,4.4670000076293945,278,반도체,Listed,0.0
2024-05-28,202500,205500,200500,202500,2084945,0.49627791563275436,147420478912500,728002365,77752,0.0,2.6,0,0.59,1200,1362.760009765625,4.541999816894531,278,반도체,Listed,0.0
2024-05-29,210000,210000,200500,202500,3073139,0.0,147420478912500,728002365,77752,0.0,2.6,0,0.59,1200,1370.550048828125,4.624000072479248,278,반도체,Listed,0.0
2024-05-30,202500,202500,195700,195700,2402236,-3.3580246913580245,142470062830500,728002365,77752,0.0,2.52,0,0.61,1200,1375.6199951171875,4.553999900817871,278,반도체,Listed,0.0
2024-05-31,194400,195200,188200,189200,5958829,-3.321410321921308,137738047458000,728002365,77752,0.0,2.43,0,0.63,1200,1375.6199951171875,4.513999938964844,278,반도체,Listed,0.0
2024-06-03,189500,194600,188200,194200,2982443,2.6427061310782243,141378059283000,728002365,77752,0.0,2.5,0,0.62,1200,1370.7900390625,4.4019999504089355,278,반도체,Listed,0.0
2024-06-04,196400,196500,192900,193300,1996780,-0.46343975283213185,140722857154500,728002365,77752,0.0,2.49,0,0.62,1200,1373.719970703125,4.335999965667725,278,반도체,Listed,0.0
2024-06-05,189400,195200,188800,193700,2709631,0.20693222969477496,141014058100500,728002365,77752,0.0,2.49,0,0.62,1200,1368.739990234375,4.289000034332275,278,반도체,Listed,0.0
2024-06-07,199500,207500,197300,207500,4805326,7.1244192049561175,151060490737500,728002365,77752,0.0,2.67,0,0.58,1200,1365.25,4.429999828338623,278,반도체,Listed,0.0
2024-06-10,206000,209500,205000,208000,2448961,0.24096385542168677,151424491920000,728002365,77752,0.0,2.68,0,0.58,1200,1373.9599609375,4.468999862670898,278,반도체,Listed,0.0
2024-06-11,210000,215000,206000,212500,3070163,2.1634615384615383,154700502562500,728002365,77752,0.0,2.73,0,0.56,1200,1377.3599853515625,4.4039998054504395,278,반도체,Listed,0.0
2024-06-12,212000,216000,211000,215000,2151331,1.1764705882352942,156520508475000,728002365,77752,0.0,2.77,0,0.56,1200,1370.4100341796875,4.295000076293945,278,반도체,Listed,0.0
2024-06-13,226000,226500,219000,222000,5777279,3.255813953488372,161616525030000,728002365,77752,0.0,2.86,0,0.54,1200,1373.739990234375,4.23799991607666,278,반도체,Listed,0.0
2024-06-14,225000,225000,216000,221000,3311223,-0.45045045045045046,160888522665000,728002365,77752,0.0,2.84,0,0.54,1200,1373.739990234375,4.2129998207092285,278,반도체,Listed,0.0
2024-06-17,219000,229500,219000,223000,2198340,0.904977375565611,162344527395000,728002365,77752,0.0,2.87,0,0.54,1200,1379.06005859375,4.2789998054504395,278,반도체,Listed,0.0
2024-06-18,227000,234500,227000,234500,3136231,5.15695067264574,170716554592500,728002365,77752,0.0,3.02,0,0.51,1200,1378.6099853515625,4.2170000076293945,278,반도체,Listed,0.0
2024-06-19,235000,243000,231500,233500,3758652,-0.42643923240938164,169988552227500,728002365,77752,0.0,3.0,0,0.51,1200,1381.1500244140625,4.2170000076293945,278,반도체,Listed,0.0
2024-06-20,233500,238500,231000,237500,2927358,1.7130620985010707,172900561687500,728002365,77752,0.0,3.05,0,0.51,1200,1391.8199462890625,4.254000186920166,278,반도체,Listed,0.0
2024-06-21,230500,234500,230000,234000,3848394,-1.4736842105263157,170352553410000,728002365,77752,0.0,3.01,0,0.51,1200,1391.8199462890625,4.256999969482422,278,반도체,Listed,0.0
2024-06-24,228000,230000,220000,223000,5080726,-4.700854700854701,162344527395000,728002365,77752,0.0,2.87,0,0.54,1200,1386.1099853515625,4.248000144958496,278,반도체,Listed,0.0
2024-06-25,215500,225000,215000,225000,5730999,0.8968609865470852,163800532125000,728002365,77752,0.0,2.89,0,0.53,1200,1390.8900146484375,4.23799991607666,278,반도체,Listed,0.0
2024-06-26,228000,238500,227500,237000,5166862,5.333333333333334,172536560505000,728002365,77752,0.0,3.05,0,0.51,1200,1393.3800048828125,4.315999984741211,278,반도체,Listed,0.0
2024-06-27,229500,239000,227500,236500,3763005,-0.21097046413502107,172172559322500,728002365,77752,0.0,3.04,0,0.51,1200,1386.949951171875,4.288000106811523,278,반도체,Listed,0.0
2024-06-28,235500,237500,232500,236500,2368287,0.0,172172559322500,728002365,77752,0.0,3.04,0,0.51,1200,1386.949951171875,4.3429999351501465,278,반도체,Listed,0.0
2024-07-01,233500,236500,232000,235500,1709955,-0.42283298097251587,171444556957500,728002365,77752,0.0,3.03,0,0.51,1200,1383.4200439453125,4.479000091552734,278,반도체,Listed,0.0
2024-07-02,235500,237000,230500,232000,2343947,-1.48619957537155,168896548680000,728002365,77752,0.0,2.98,0,0.52,1200,1383.4200439453125,4.435999870300293,278,반도체,Listed,0.0
2024-07-03,231000,236000,225000,236000,3315677,1.7241379310344827,171808558140000,728002365,77752,0.0,3.04,0,0.51,1200,1385.77001953125,4.355000019073486,278,반도체,Listed,0.0
2024-07-04,240500,240500,225000,230000,7599882,-2.5423728813559325,167440543950000,728002365,77752,0.0,2.96,0,0.52,1200,1380.25,4.355000019073486,278,반도체,Listed,0.0
2024-07-05,228500,237500,227500,236000,4041293,2.608695652173913,171808558140000,728002365,77752,0.0,3.04,0,0.51,1200,1380.25,4.271999835968018,278,반도체,Listed,0.0
2024-07-08,234000,237000,232500,233500,2309023,-1.059322033898305,169988552227500,728002365,77752,0.0,3.0,0,0.51,1200,1382.75,4.269000053405762,278,반도체,Listed,0.0
2024-07-09,235500,241000,233000,238500,4810781,2.141327623126338,173628564052500,728002365,77752,0.0,3.07,0,0.5,1200,1382.4200439453125,4.300000190734863,278,반도체,Listed,0.0
2024-07-10,237500,239000,234000,239000,2579373,0.20964360587002098,173992565235000,728002365,77752,0.0,3.07,0,0.5,1200,1382.989990234375,4.28000020980835,278,반도체,Listed,0.0
2024-07-11,242500,248500,241000,241000,5336097,0.8368200836820083,175448569965000,728002365,77752,0.0,3.1,0,0.5,1200,1371.27001953125,4.192999839782715,278,반도체,Listed,0.0
2024-07-12,232000,236000,230000,233000,4972976,-3.319502074688797,169624551045000,728002365,77752,0.0,3.0,0,0.52,1200,1371.27001953125,4.189000129699707,278,반도체,Listed,0.0
2024-07-15,235000,235500,226500,230000,3301380,-1.2875536480686696,167440543950000,728002365,77752,0.0,2.96,0,0.52,1200,1383.68994140625,4.229000091552734,278,반도체,Listed,0.0
2024-07-16,226500,235000,224000,233000,3982189,1.3043478260869565,169624551045000,728002365,77752,0.0,3.0,0,0.52,1200,1382.6400146484375,4.166999816894531,278,반도체,Listed,0.0
2024-07-17,229500,230000,220500,220500,6051510,-5.36480686695279,160524521482500,728002365,77752,0.0,2.84,0,0.54,1200,1378.6500244140625,4.145999908447266,278,반도체,Listed,0.0
2024-07-18,212500,215000,209000,212500,8847665,-3.6281179138321997,154700502562500,728002365,77752,0.0,2.73,0,0.56,1200,1385.239990234375,4.189000129699707,278,반도체,Listed,0.0
2024-07-19,208500,214000,207000,209500,4519170,-1.411764705882353,152516495467500,728002365,77752,0.0,2.69,0,0.57,1200,1385.239990234375,4.238999843597412,278,반도체,Listed,0.0
2024-07-22,209000,209500,200500,205000,6662441,-2.1479713603818613,149240484825000,728002365,77752,0.0,2.64,0,0.59,1200,1387.0999755859375,4.260000228881836,278,반도체,Listed,0.0
2024-07-23,208500,209500,200500,205000,5976519,0.0,149240484825000,728002365,77752,0.0,2.64,0,0.59,1200,1384.5699462890625,4.238999843597412,278,반도체,Listed,0.0
2024-07-24,202000,212500,200000,208500,4838734,1.707317073170732,151788493102500,728002365,77752,0.0,2.68,0,0.58,1200,1382.6500244140625,4.285999774932861,278,반도체,Listed,0.0
2024-07-25,196200,198800,189000,190000,12503762,-8.872901678657074,138320449350000,728002365,77752,0.0,2.44,0,0.63,1200,1381.4300537109375,4.25600004196167,278,반도체,Listed,0.0
2024-07-26,190800,194500,186100,191800,8769107,0.9473684210526316,139630853607000,728002365,77752,0.0,2.47,0,0.63,1200,1381.4300537109375,4.199999809265137,278,반도체,Listed,0.0
2024-07-29,195000,195700,192200,195600,4017366,1.981230448383733,142397262594000,728002365,77752,0.0,2.52,0,0.61,1200,1381.3599853515625,4.177999973297119,278,반도체,Listed,0.0
2024-07-30,191300,192200,186500,188900,5165131,-3.425357873210634,137519646748500,728002365,77752,0.0,2.43,0,0.64,1200,1383.5,4.14300012588501,278,반도체,Listed,0.0
2024-07-31,188000,195000,185200,194600,6439929,3.0174695606140816,141669260229000,728002365,77752,0.0,2.5,0,0.62,1200,1367.9200439453125,4.109000205993652,278,반도체,Listed,0.0
2024-08-01,201500,201500,193300,193300,6457167,-0.6680369989722508,140722857154500,728002365,77752,0.0,2.49,0,0.62,1200,1368.969970703125,3.9760000705718994,278,반도체,Listed,0.0
2024-08-02,183600,184000,172400,173200,13050139,-10.398344542162443,126090009618000,728002365,77752,0.0,2.23,0,0.69,1200,1368.969970703125,3.7920000553131104,278,반도체,Listed,0.0
2024-08-05,168000,171200,151600,156100,12358821,-9.8729792147806,113641169176500,728002365,77752,0.0,2.01,0,0.77,1200,1367.4000244140625,3.7850000858306885,278,반도체,Listed,0.0
2024-08-06,165100,166400,161500,163700,10717321,4.86867392696989,119173987150500,728002365,77752,0.0,2.11,0,0.73,1200,1370.31005859375,3.888000011444092,278,반도체,Listed,0.0
2024-08-07,160900,171000,157400,169300,9732037,3.4208918753817956,123250800394500,728002365,77752,0.0,2.18,0,0.71,1200,1375.3299560546875,3.9679999351501465,278,반도체,Listed,0.0
2024-08-08,162600,168200,161200,163400,5370361,-3.484937979917307,118955586441000,728002365,77752,0.0,2.1,0,0.73,1200,1373.760009765625,3.996999979019165,278,반도체,Listed,0.0
2024-08-09,172800,172800,168800,171500,5141277,4.957160342717258,124852405597500,728002365,77752,0.0,2.21,0,0.7,1200,1373.760009765625,3.941999912261963,278,반도체,Listed,0.0
2024-08-12,174500,179800,172600,177000,4413736,3.206997084548105,128856418605000,728002365,77752,0.0,2.28,0,0.68,1200,1369.5400390625,3.9089999198913574,278,반도체,Listed,0.0
2024-08-13,179900,182400,178800,181900,4234287,2.768361581920904,132423630193500,728002365,77752,0.0,2.34,0,0.66,1200,1362.1700439453125,3.8519999980926514,278,반도체,Listed,0.0
2024-08-14,188000,188100,184700,186700,4420516,2.638812534359538,135918041545500,728002365,77752,0.0,2.4,0,0.64,1200,1355.7099609375,3.819999933242798,278,반도체,Listed,0.0
2024-08-16,196000,200000,194700,199700,6959688,6.963042313872522,145382072290500,728002365,77752,0.0,2.57,0,0.6,1200,1363.510009765625,3.8919999599456787,278,반도체,Listed,0.0
2024-08-19,199900,199900,192400,193900,3977026,-2.9043565348022033,141159658573500,728002365,77752,0.0,2.49,0,0.62,1200,1330.8800048828125,3.867000102996826,278,반도체,Listed,0.0
2024-08-20,198700,202500,198100,199700,4258190,2.9912325941206808,145382072290500,728002365,77752,0.0,2.57,0,0.6,1200,1327.5799560546875,3.818000078201294,278,반도체,Listed,0.0
2024-08-21,193000,195400,191100,192600,4508983,-3.5553329994992486,140213255499000,728002365,77752,0.0,2.48,0,0.62,1200,1333.6600341796875,3.7780001163482666,278,반도체,Listed,0.0
2024-08-22,192000,194400,189000,191100,3166217,-0.778816199376947,139121251951500,728002365,77752,0.0,2.46,0,0.63,1200,1339.5400390625,3.861999988555908,278,반도체,Listed,0.0
2024-08-23,186000,189300,185400,185500,4371332,-2.93040293040293,135044438707500,728002365,77752,0.0,2.39,0,0.65,1200,1339.5400390625,3.806999921798706,278,반도체,Listed,0.0
2024-08-26,187800,188500,179600,179600,4913204,-3.1805929919137466,130749224754000,728002365,77752,0.0,2.31,0,0.67,1200,1326.6400146484375,3.818000078201294,278,반도체,Listed,0.0
2024-08-27,176800,180200,173400,175000,5796566,-2.5612472160356345,127400413875000,728002365,77752,0.0,2.25,0,0.69,1200,1326.3599853515625,3.8329999446868896,278,반도체,Listed,0.0
2024-08-28,175000,180800,174000,179300,5590086,2.457142857142857,130530824044500,728002365,77752,0.0,2.31,0,0.67,1200,1336.68994140625,3.8410000801086426,278,반도체,Listed,0.0
2024-08-29,167600,171700,167200,169700,8284585,-5.354155047406581,123542001340500,728002365,77752,0.0,2.18,0,0.71,1200,1332.8800048828125,3.867000102996826,278,반도체,Listed,0.0
2024-08-30,171000,175500,169400,173700,4498221,2.357100766057749,126454010800500,728002365,77752,0.0,2.23,0,0.69,1200,1332.8800048828125,3.9110000133514404,278,반도체,Listed,0.0
2024-09-02,173600,174900,168400,174000,3507670,0.17271157167530224,126672411510000,728002365,77752,0.0,2.24,0,0.69,1200,1337.550048828125,3.9110000133514404,278,반도체,Listed,0.0
2024-09-03,172900,173800,168300,168300,3286574,-3.2758620689655173,122522798029500,728002365,77752,0.0,2.16,0,0.71,1200,1340.4100341796875,3.8440001010894775,278,반도체,Listed,0.0
2024-09-04,152900,159000,152900,154800,10020391,-8.02139037433155,112694766102000,728002365,77752,0.0,1.99,0,0.78,1200,1331.010009765625,3.7679998874664307,278,반도체,Listed,0.0
2024-09-05,157000,163000,156600,159400,5349484,2.9715762273901807,116043576981000,728002365,77752,0.0,2.05,0,0.75,1200,1332.7900390625,3.7309999465942383,278,반도체,Listed,0.0
2024-09-06,157100,158200,154900,156400,3459914,-1.8820577164366372,113859569886000,728002365,77752,0.0,2.01,0,0.77,1200,1332.7900390625,3.7100000381469727,278,반도체,Listed,0.0
2024-09-09,151800,157700,150500,157000,4484162,0.3836317135549872,114296371305000,728002365,77752,0.0,2.02,0,0.76,1200,1341.27001953125,3.697000026702881,278,반도체,Listed,0.0
2024-09-10,157400,161700,154300,155500,4718523,-0.9554140127388535,113204367757500,728002365,77752,0.0,2.0,0,0.77,1200,1343.3399658203125,3.6459999084472656,278,반도체,Listed,0.0
2024-09-11,156800,158700,154300,157200,3203928,1.0932475884244373,114441971778000,728002365,77752,0.0,2.02,0,0.76,1200,1339.1800537109375,3.6530001163482666,278,반도체,Listed,0.0
2024-09-12,165200,171300,163800,168800,8628996,7.37913486005089,122886799212000,728002365,77752,0.0,2.17,0,0.71,1200,1335.68994140625,3.680000066757202,278,반도체,Listed,0.0
2024-09-13,166500,166700,161100,162800,5246578,-3.5545023696682465,118518785022000,728002365,77752,0.0,2.09,0,0.74,1200,1335.68994140625,3.6500000953674316,278,반도체,Listed,0.0
2024-09-19,154700,155700,144700,152800,15001257,-6.142506142506143,111238761372000,728002365,77752,0.0,1.97,0,0.79,1200,1327.6099853515625,3.740000009536743,278,반도체,Listed,0.0
2024-09-20,160500,160800,155900,157100,7155655,2.81413612565445,114369171541500,728002365,77752,0.0,2.02,0,0.76,1200,1327.6099853515625,3.7279999256134033,278,반도체,Listed,0.0
2024-09-23,155800,162900,155700,162000,4497592,3.1190324633991087,117936383130000,728002365,77752,0.0,2.08,0,0.74,1200,1333.6199951171875,3.739000082015991,278,반도체,Listed,0.0
2024-09-24,163700,163700,159200,163500,3442530,0.9259259259259258,119028386677500,728002365,77752,0.0,2.1,0,0.73,1200,1324.8900146484375,3.7360000610351562,278,반도체,Listed,0.0
2024-09-25,166700,169300,165000,165300,4665075,1.1009174311926606,120338790934500,728002365,77752,0.0,2.13,0,0.73,1200,1335.050048828125,3.7809998989105225,278,반도체,Listed,0.0
2024-09-26,178400,180900,176200,180900,9519633,9.43738656987296,131695627828500,728002365,77752,0.0,2.33,0,0.66,1200,1313.300048828125,3.7909998893737793,278,반도체,Listed,0.0
2024-09-27,187500,189300,183800,183800,6886272,1.6030956329463792,133806834687000,728002365,77752,0.0,2.36,0,0.65,1200,1313.300048828125,3.749000072479248,278,반도체,Listed,0.0
2024-09-30,183700,183800,174600,174600,4859468,-5.00544069640914,127109212929000,728002365,77752,0.0,2.25,0,0.69,1200,1315.3299560546875,3.802000045776367,278,반도체,Listed,0.0
2024-10-02,172700,175500,169100,169100,4720638,-3.150057273768614,123105199921500,728002365,77752,0.0,2.17,0,0.71,1200,1324.030029296875,3.7850000858306885,278,반도체,Listed,0.0
2024-10-04,171700,175600,170700,174100,3633358,2.956830277942046,126745211746500,728002365,77752,0.0,2.24,0,0.69,1200,1334.4100341796875,3.9809999465942383,278,반도체,Listed,0.0
2024-10-07,178400,184900,176000,184900,3904925,6.203331418724871,134607637288500,728002365,77752,0.0,2.38,0,0.65,1200,1342.3699951171875,4.026000022888184,278,반도체,Listed,0.0
2024-10-08,182200,185000,178000,178000,3988028,-3.7317468902109248,129584420970000,728002365,77752,0.0,2.29,0,0.67,1200,1341.31005859375,4.0329999923706055,278,반도체,Listed,0.0
2024-10-10,184500,188100,183400,186700,6325045,4.8876404494382015,135918041545500,728002365,77752,0.0,2.4,0,0.64,1200,1349.739990234375,4.0960001945495605,278,반도체,Listed,0.0
2024-10-11,190000,191200,185100,186000,3475666,-0.3749330476700589,135408439890000,728002365,77752,0.0,2.39,0,0.65,1200,1349.739990234375,4.072999954223633,278,반도체,Listed,0.0
2024-10-14,186900,192300,186900,187500,3309274,0.8064516129032258,136500443437500,728002365,77752,0.0,2.41,0,0.64,1200,1357.27001953125,4.0980000495910645,278,반도체,Listed,0.0
2024-10-15,191900,193200,189700,192900,4060365,2.88,140431656208500,728002365,77752,0.0,2.48,0,0.62,1200,1363.1800537109375,4.038000106811523,278,반도체,Listed,0.0
2024-10-16,184700,192500,183600,188700,4787317,-2.177293934681182,137374046275500,728002365,77752,0.0,2.43,0,0.64,1200,1364.199951171875,4.015999794006348,278,반도체,Listed,0.0
2024-10-17,191200,196000,188700,196000,3996946,3.8685744568097507,142688463540000,728002365,77752,0.0,2.52,0,0.61,1200,1370.050048828125,4.0960001945495605,278,반도체,Listed,0.0
2024-10-18,198200,198200,186200,187300,5509895,-4.438775510204081,136354842964500,728002365,77752,0.0,2.41,0,0.64,1200,1370.050048828125,4.072999954223633,278,반도체,Listed,0.0
2024-10-21,189400,192300,188000,190900,2428544,1.9220501868659905,138975651478500,728002365,77752,0.0,2.46,0,0.63,1200,1376.5,4.182000160217285,278,반도체,Listed,0.0
2024-10-22,195300,195300,187500,187800,3466963,-1.6238868517548455,136718844147000,728002365,77752,0.0,2.42,0,0.64,1200,1376.6300048828125,4.203999996185303,278,반도체,Listed,0.0
2024-10-23,188500,196700,188000,196000,4366079,4.366347177848776,142688463540000,728002365,77752,0.0,2.52,0,0.61,1200,1377.3399658203125,4.242000102996826,278,반도체,Listed,0.0
2024-10-24,193500,202000,190000,198200,6344515,1.1224489795918366,144290068743000,728002365,77752,0.0,2.55,0,0.61,1200,1376.3199462890625,4.199999809265137,278,반도체,Listed,0.0
2024-10-25,203000,206000,199400,201000,5530362,1.4127144298688195,146328475365000,728002365,77752,0.0,2.59,0,0.6,1200,1376.3199462890625,4.23199987411499,278,반도체,Listed,0.0
2024-10-28,203500,205000,194200,196000,4114186,-2.4875621890547266,142688463540000,728002365,77752,0.0,2.52,0,0.61,1200,1387.6600341796875,4.2779998779296875,278,반도체,Listed,0.0
2024-10-29,196000,197000,189100,190300,4067991,-2.9081632653061225,138538850059500,728002365,77752,0.0,2.45,0,0.63,1200,1381.969970703125,4.27400016784668,278,반도체,Listed,0.0
2024-10-30,190200,195400,189400,195000,3580400,2.4697845507094063,141960461175000,728002365,77752,0.0,2.51,0,0.62,1200,1383.1800537109375,4.265999794006348,278,반도체,Listed,0.0
2024-10-31,189900,192900,186100,186300,4573282,-4.461538461538462,135626840599500,728002365,77752,0.0,2.4,0,0.64,1200,1378.5699462890625,4.283999919891357,278,반도체,Listed,0.0
2024-11-01,182500,184900,180500,182200,3478519,-2.200751476113795,132642030903000,728002365,77752,0.0,2.34,0,0.66,1200,1372.9300537109375,4.361000061035156,278,반도체,Listed,0.0
2024-11-04,185200,194000,183700,194000,3569575,6.476399560922063,141232458810000,728002365,77752,0.0,2.5,0,0.62,1200,1379.3399658203125,4.309000015258789,278,반도체,Listed,0.0
2024-11-05,193600,198800,192100,193200,3560310,-0.4123711340206186,140650056918000,728002365,77752,0.0,2.48,0,0.62,1200,1372.8599853515625,4.289000034332275,278,반도체,Listed,0.0
2024-11-06,197700,199200,192700,195800,3460361,1.3457556935817805,142542863067000,728002365,77752,0.0,2.52,0,0.61,1200,1378.0,4.426000118255615,278,반도체,Listed,0.0
2024-11-07,197400,198300,193100,197400,2976546,0.8171603677221655,143707666851000,728002365,77752,0.0,2.54,0,0.61,1200,1399.800048828125,4.341000080108643,278,반도체,Listed,0.0
2024-11-08,200500,203000,198800,200500,3031573,1.5704154002026343,145964474182500,728002365,77752,0.0,2.58,0,0.6,1200,1372.0799560546875,4.306000232696533,278,반도체,Listed,0.0
2024-11-11,199300,199300,192400,192600,2636191,-3.940149625935162,140213255499000,728002365,77752,0.0,2.48,0,0.62,1200,1397.199951171875,4.308000087738037,278,반도체,Listed,0.0
2024-11-12,192500,192500,184900,185800,3920254,-3.5306334371754935,135262839417000,728002365,77752,0.0,2.39,0,0.65,1200,1400.550048828125,4.432000160217285,278,반도체,Listed,0.0
2024-11-13,185700,189500,182600,182900,3172827,-1.5608180839612487,133151632558500,728002365,77752,0.0,2.35,0,0.66,1200,1406.6500244140625,4.451000213623047,278,반도체,Listed,0.0
2024-11-14,182900,184900,171700,173000,6309368,-5.41279387643521,125944409145000,728002365,77752,0.0,2.23,0,0.69,1200,1399.0,4.418000221252441,278,반도체,Listed,0.0
2024-11-15,174000,179000,173600,178200,4330750,3.005780346820809,129730021443000,728002365,77752,0.0,2.29,0,0.67,1200,1400.8299560546875,4.427999973297119,278,반도체,Listed,0.0
2024-11-18,173800,177800,170300,171700,3885644,-3.6475869809203143,124998006070500,728002365,77752,0.0,2.21,0,0.7,1200,1394.3499755859375,4.414000034332275,278,반도체,Listed,0.0
2024-11-19,170400,172900,168100,170600,4075013,-0.64065230052417,124197203469000,728002365,77752,0.0,2.19,0,0.7,1200,1389.5,4.379000186920166,278,반도체,Listed,0.0
2024-11-20,175000,175100,170200,170600,3689296,0.0,124197203469000,728002365,77752,0.0,2.19,0,0.7,1200,1392.1600341796875,4.406000137329102,278,반도체,Listed,0.0
2024-11-21,168200,173000,168200,168800,3821502,-1.0550996483001172,122886799212000,728002365,77752,0.0,2.17,0,0.71,1200,1397.6199951171875,4.432000160217285,278,반도체,Listed,0.0
2024-11-22,171700,178200,171200,176700,3919973,4.680094786729858,128638017895500,728002365,77752,0.0,2.27,0,0.68,1200,1399.5999755859375,4.409999847412109,278,반도체,Listed,0.0
2024-11-25,174500,179500,173900,177000,4393882,0.1697792869269949,128856418605000,728002365,77752,0.0,2.28,0,0.68,1200,1403.510009765625,4.264999866485596,278,반도체,Listed,0.0
2024-11-26,175200,177700,174700,177100,1996128,0.05649717514124294,128929218841500,728002365,77752,0.0,2.28,0,0.68,1200,1395.56005859375,4.302000045776367,278,반도체,Listed,0.0
2024-11-27,175600,175700,167900,168300,4756820,-4.968944099378882,122522798029500,728002365,77752,0.0,2.16,0,0.71,1200,1395.27001953125,4.242000102996826,278,반도체,Listed,0.0
2024-11-28,164600,166300,160800,161100,5691298,-4.27807486631016,117281181001500,728002365,77752,0.0,2.07,0,0.74,1200,1388.469970703125,4.242000102996826,278,반도체,Listed,0.0
2024-11-29,160000,162400,157600,159900,4682788,-0.74487895716946,116407578163500,728002365,77752,0.0,2.06,0,0.75,1200,1393.300048828125,4.177999973297119,278,반도체,Listed,0.0
2024-12-02,162200,162700,158600,158800,3558868,-0.6879299562226392,115606775562000,728002365,77752,0.0,2.04,0,0.76,1200,1399.8599853515625,4.196000099182129,278,반도체,Listed,0.0
2024-12-03,159200,165100,159100,164900,4180365,3.841309823677582,120047589988500,728002365,77752,0.0,2.12,0,0.73,1200,1401.06005859375,4.2230000495910645,278,반도체,Listed,0.0
2024-12-04,161300,168000,161100,168000,5701792,1.879927228623408,122304397320000,728002365,77752,0.0,2.16,0,0.71,1200,1411.6700439453125,4.179999828338623,278,반도체,Listed,0.0
2024-12-05,170000,175600,169300,173000,4671438,2.976190476190476,125944409145000,728002365,77752,0.0,2.23,0,0.69,1200,1410.800048828125,4.179999828338623,278,반도체,Listed,0.0
2024-12-06,173500,173600,165000,167100,4434259,-3.410404624277456,121649195191500,728002365,77752,0.0,2.15,0,0.72,1200,1399.989990234375,4.151000022888184,278,반도체,Listed,0.0
2024-12-09,167100,170600,165000,168900,5305672,1.0771992818671454,122959599448500,728002365,77752,0.0,2.17,0,0.71,1200,1424.219970703125,4.198999881744385,278,반도체,Listed,0.0
2024-12-10,168000,170400,167600,170400,3159112,0.8880994671403196,124051602996000,728002365,77752,0.0,2.19,0,0.7,1200,1426.5999755859375,4.2210001945495605,278,반도체,Listed,0.0
2024-12-11,167400,171800,167000,171800,2281189,0.8215962441314555,125070806307000,728002365,77752,0.0,2.21,0,0.7,1200,1433.949951171875,4.270999908447266,278,반도체,Listed,0.0
2024-12-12,176500,177400,173500,176100,4550292,2.5029103608847496,128201216476500,728002365,77752,0.0,2.26,0,0.68,1200,1429.1500244140625,4.323999881744385,278,반도체,Listed,0.0
2024-12-13,174400,176400,173500,175500,3677980,-0.34071550255536626,127764415057500,728002365,77752,0.0,2.26,0,0.68,1200,1427.8599853515625,4.39900016784668,278,반도체,Listed,0.0
2024-12-16,177400,180400,177300,179300,3278975,2.1652421652421654,130530824044500,728002365,77752,0.0,2.31,0,0.67,1200,1434.449951171875,4.396999835968018,278,반도체,Listed,0.0
2024-12-17,183000,184500,182100,184000,3188910,2.6213050752928053,133952435160000,728002365,77752,0.0,2.37,0,0.65,1200,1431.3499755859375,4.385000228881836,278,반도체,Listed,0.0
2024-12-18,183400,183900,181600,183500,2363872,-0.2717391304347826,133588433977500,728002365,77752,0.0,2.36,0,0.65,1200,1436.4200439453125,4.49399995803833,278,반도체,Listed,0.0
2024-12-19,173900,176800,173000,175000,4833862,-4.632152588555858,127400413875000,728002365,77752,0.0,2.25,0,0.69,1200,1451.5,4.570000171661377,278,반도체,Listed,0.0
2024-12-20,174100,174800,167100,168500,4487308,-3.7142857142857144,122668398502500,728002365,77752,0.0,2.17,0,0.71,1200,1437.449951171875,4.52400016784668,278,반도체,Listed,0.0
2024-12-23,170000,173300,169600,169600,3287596,0.6528189910979229,123469201104000,728002365,77752,0.0,2.18,0,0.71,1200,1445.4200439453125,4.598999977111816,278,반도체,Listed,0.0
2024-12-24,171700,171900,168300,168500,1844961,-0.6485849056603774,122668398502500,728002365,77752,0.0,2.17,0,0.71,1200,1442.699951171875,4.591000080108643,278,반도체,Listed,0.0
2024-12-26,170000,172000,169400,170100,2022727,0.9495548961424332,123833202286500,728002365,77752,0.0,2.19,0,0.71,1200,1457.6099853515625,4.578999996185303,278,반도체,Listed,0.0
2024-12-27,170100,176000,170000,174500,2643523,2.586713697824809,127036412692500,728002365,77752,0.0,2.24,0,0.69,1200,1466.989990234375,4.61899995803833,278,반도체,Listed,0.0
2024-12-30,174000,175800,172400,173900,1434202,-0.3438395415472779,126599611273500,728002365,77752,0.0,2.24,0,0.69,1200,1472.800048828125,4.545000076293945,278,반도체,Listed,0.0
2025-01-02,170500,172200,170000,171200,2102175,-1.5526164462334675,124634004888000,728002365,77752,0.0,2.2,0,0.7,1200,1473.52001953125,4.574999809265137,278,반도체,Listed,0.0
2025-01-03,174500,182700,173100,181900,4233446,6.25,132423630193500,728002365,77752,0.0,2.34,0,0.66,1200,1471.6500244140625,4.5960001945495605,278,반도체,Listed,0.0
2025-01-06,184400,199800,184400,199800,7320382,9.84057174271578,145454872527000,728002365,77752,0.0,2.57,0,0.6,1200,1465.530029296875,4.618000030517578,278,반도체,Listed,0.0
2025-01-07,205000,206500,194800,195000,6075445,-2.4024024024024024,141960461175000,728002365,77752,0.0,2.51,0,0.62,1200,1459.449951171875,4.683000087738037,278,반도체,Listed,0.0
2025-01-08,193100,198100,191000,194700,4275792,-0.15384615384615385,141742060465500,728002365,77752,0.0,2.5,0,0.62,1200,1451.8800048828125,4.692999839782715,278,반도체,Listed,0.0
2025-01-09,201000,206000,199800,205000,6692254,5.290190035952748,149240484825000,728002365,77752,0.0,2.64,0,0.59,1200,1457.969970703125,4.692999839782715,278,반도체,Listed,0.0
2025-01-10,208000,212500,202500,203500,6149475,-0.7317073170731708,148148481277500,728002365,77752,0.0,2.62,0,0.59,1200,1455.22998046875,4.776000022888184,278,반도체,Listed,0.0
2025-01-13,203000,203000,193900,194300,4767294,-4.520884520884521,141450859519500,728002365,77752,0.0,2.5,0,0.62,1200,1472.25,4.802999973297119,278,반도체,Listed,0.0
2025-01-14,194300,197900,193600,195000,3019149,0.3602676273803397,141960461175000,728002365,77752,0.0,2.51,0,0.62,1200,1458.8900146484375,4.788000106811523,278,반도체,Listed,0.0
2025-01-15,198000,201000,197700,198200,3620460,1.641025641025641,144290068743000,728002365,77752,0.0,2.55,0,0.61,1200,1460.43994140625,4.6529998779296875,278,반도체,Listed,0.0
2025-01-16,208500,210000,206500,210000,6029645,5.953582240161452,152880496650000,728002365,77752,0.0,2.7,0,0.57,1200,1437.219970703125,4.605999946594238,278,반도체,Listed,0.0
2025-01-17,209500,217500,209000,214500,5041329,2.142857142857143,156156507292500,728002365,77752,0.0,2.76,0,0.56,1200,1453.3199462890625,4.609000205993652,278,반도체,Listed,0.0
2025-01-20,219000,219000,210500,212000,3036234,-1.1655011655011656,154336501380000,728002365,77752,0.0,2.73,0,0.57,1200,1457.3800048828125,4.609000205993652,278,반도체,Listed,0.0
2025-01-21,216500,220000,214000,218000,3323212,2.8301886792452833,158704515570000,728002365,77752,0.0,2.8,0,0.55,1200,1435.530029296875,4.573999881744385,278,반도체,Listed,0.0
2025-01-22,221500,227000,217000,225500,5901740,3.4403669724770642,164164533307500,728002365,77752,0.0,2.9,0,0.53,1200,1425.7900390625,4.598999977111816,278,반도체,Listed,0.0
2025-01-23,221000,225500,215000,219500,5994781,-2.6607538802660753,159796519117500,728002365,77752,0.0,2.82,0,0.55,1200,1434.3399658203125,4.638000011444092,278,반도체,Listed,0.0
2025-01-24,220500,227000,217500,221000,3771572,0.683371298405467,160888522665000,728002365,77752,0.0,2.84,0,0.54,1200,1433.9300537109375,4.625999927520752,278,반도체,Listed,0.0
2025-01-31,197000,204500,194800,199200,11871995,-9.864253393665159,145018071108000,728002365,77752,0.0,2.56,0,0.6,1200,1441.6600341796875,4.568999767303467,278,반도체,Listed,0.0
2025-02-03,191500,193200,186900,190900,7926444,-4.166666666666666,138975651478500,728002365,77752,0.0,2.46,0,0.63,1200,1456.780029296875,4.543000221252441,278,반도체,Listed,0.0
2025-02-04,192900,194300,190100,191100,5851146,0.10476689366160294,139121251951500,728002365,77752,0.0,2.46,0,0.63,1200,1459.050048828125,4.513000011444092,278,반도체,Listed,0.0
2025-02-05,191900,199400,191900,198800,4245118,4.029304029304029,144726870162000,728002365,77752,0.0,2.56,0,0.6,1200,1450.1600341796875,4.421999931335449,278,반도체,Listed,0.0
2025-02-06,202000,205000,200500,203500,4032622,2.3641851106639837,148148481277500,728002365,77752,0.0,2.62,0,0.59,1200,1443.8900146484375,4.440000057220459,278,반도체,Listed,0.0
2025-02-07,205000,206000,200500,203000,2206293,-0.2457002457002457,147784480095000,728002365,77752,0.0,2.61,0,0.59,1200,1442.1500244140625,4.486999988555908,278,반도체,Listed,0.0
2025-02-10,197800,203000,197000,198100,2779740,-2.413793103448276,144217268506500,728002365,77752,0.0,2.55,0,0.61,1200,1450.6199951171875,4.493000030517578,278,반도체,Listed,0.0
2025-02-11,201000,201500,198000,199700,2488710,0.8076728924785461,145382072290500,728002365,77752,0.0,2.57,0,0.6,1200,1453.2099609375,4.5370001792907715,278,반도체,Listed,0.0
2025-02-12,196500,199900,196000,198900,2884072,-0.40060090135202797,144799670398500,728002365,77752,0.0,2.56,0,0.6,1200,1450.75,4.63700008392334,278,반도체,Listed,0.0
2025-02-13,198800,208500,198100,208500,3574410,4.826546003016592,151788493102500,728002365,77752,0.0,2.68,0,0.58,1200,1452.1199951171875,4.525000095367432,278,반도체,Listed,0.0
2025-02-14,209000,212000,206500,210000,2598656,0.7194244604316548,152880496650000,728002365,77752,0.0,2.7,0,0.57,1200,1438.739990234375,4.4720001220703125,278,반도체,Listed,0.0
2025-02-17,211500,216000,211000,212000,2497922,0.9523809523809524,154336501380000,728002365,77752,0.0,2.73,0,0.57,1200,1432.5999755859375,4.4720001220703125,278,반도체,Listed,0.0
2025-02-18,212000,215000,207000,210000,1937894,-0.9433962264150944,152880496650000,728002365,77752,0.0,2.7,0,0.57,1200,1441.2900390625,4.544000148773193,278,반도체,Listed,0.0
2025-02-19,216000,219500,214000,218500,3537720,4.0476190476190474,159068516752500,728002365,77752,0.0,2.81,0,0.55,1200,1440.0799560546875,4.534999847412109,278,반도체,Listed,0.0
2025-02-20,217000,218500,211000,212000,3080242,-2.9748283752860414,154336501380000,728002365,77752,0.0,2.73,0,0.57,1200,1439.97998046875,4.5,278,반도체,Listed,0.0
2025-02-21,209500,211000,205500,209500,2601151,-1.179245283018868,152516495467500,728002365,77752,0.0,2.69,0,0.57,1200,1431.699951171875,4.420000076293945,278,반도체,Listed,0.0
2025-02-24,202500,205000,201000,205000,3087127,-2.1479713603818613,149240484825000,728002365,77752,0.0,2.64,0,0.59,1200,1434.2900390625,4.39300012588501,278,반도체,Listed,0.0
2025-02-25,199800,202000,199200,200500,3651613,-2.195121951219512,145964474182500,728002365,77752,0.0,2.58,0,0.6,1200,1428.6500244140625,4.297999858856201,278,반도체,Listed,0.0
2025-02-26,199000,206000,198600,203000,3849749,1.2468827930174564,147784480095000,728002365,77752,0.0,2.61,0,0.59,1200,1429.5,4.249000072479248,278,반도체,Listed,0.0
2025-02-27,204500,205000,198100,199200,3993419,-1.87192118226601,145018071108000,728002365,77752,0.0,2.56,0,0.6,1200,1434.4200439453125,4.284999847412109,278,반도체,Listed,0.0
2025-02-28,191600,193000,188700,190200,5533027,-4.518072289156627,138466049823000,728002365,77752,0.0,2.45,0,0.63,1200,1449.8599853515625,4.230999946594238,278,반도체,Listed,0.0
2025-03-04,184800,187500,184000,186100,5424556,-2.155625657202944,135481240126500,728002365,77752,0.0,2.39,0,0.64,1200,1457.9300537109375,4.210000038146973,278,반도체,Listed,0.0
2025-03-05,188200,194400,186600,193100,4162368,3.7614185921547554,140577256681500,728002365,77752,0.0,2.48,0,0.62,1200,1452.8499755859375,4.264999866485596,278,반도체,Listed,0.0
2025-03-06,193500,194000,190300,192400,2540131,-0.3625064733298809,140067655026000,728002365,77752,0.0,2.47,0,0.62,1200,1443.030029296875,4.285999774932861,278,반도체,Listed,0.0
2025-03-07,191000,192800,187900,192400,2700590,0.0,140067655026000,728002365,77752,0.0,2.47,0,0.62,1200,1446.5,4.316999912261963,278,반도체,Listed,0.0
2025-03-10,187500,191500,187300,187900,2441476,-2.338877338877339,136791644383500,728002365,77752,0.0,2.42,0,0.64,1200,1446.260009765625,4.2129998207092285,278,반도체,Listed,0.0
2025-03-11,182100,189000,181300,187800,3521800,-0.05321979776476849,136718844147000,728002365,77752,0.0,2.42,0,0.64,1200,1457.030029296875,4.288000106811523,278,반도체,Listed,0.0
2025-03-12,192400,199350,189700,198900,4064278,5.9105431309904155,144799670398500,728002365,77752,0.0,2.56,0,0.6,1200,1451.02001953125,4.317999839782715,278,반도체,Listed,0.0
2025-03-13,202500,204500,195500,199700,3883033,0.40221216691804923,145382072290500,728002365,77752,0.0,2.57,0,0.6,1200,1448.75,4.27400016784668,278,반도체,Listed,0.0
2025-03-14,198500,206000,198500,204500,3397462,2.4036054081121683,148876483642500,728002365,77752,0.0,2.63,0,0.59,1200,1453.22998046875,4.308000087738037,278,반도체,Listed,0.0
2025-03-17,207000,209500,203500,206000,2584679,0.7334963325183375,149968487190000,728002365,77752,0.0,2.65,0,0.58,1200,1449.050048828125,4.306000232696533,278,반도체,Listed,0.0
2025-03-18,208500,209000,201000,203000,2696191,-1.4563106796116505,147784480095000,728002365,77752,0.0,2.61,0,0.59,1200,1442.489990234375,4.281000137329102,278,반도체,Listed,0.0
2025-03-19,202000,209500,201000,205500,3102000,1.2315270935960592,149604486007500,728002365,77752,0.0,2.64,0,0.58,1200,1448.93994140625,4.25600004196167,278,반도체,Listed,0.0
2025-03-20,207000,211000,205500,210000,2779557,2.18978102189781,152880496650000,728002365,77752,0.0,2.7,0,0.57,1200,1443.3900146484375,4.232999801635742,278,반도체,Listed,0.0
2025-03-21,213500,219500,212000,215500,5731880,2.619047619047619,156884509657500,728002365,77752,0.0,2.77,0,0.56,1200,1465.8199462890625,4.251999855041504,278,반도체,Listed,0.0
2025-03-24,211500,214500,209500,211500,1611040,-1.8561484918793503,153972500197500,728002365,77752,0.0,2.72,0,0.57,1200,1464.780029296875,4.330999851226807,278,반도체,Listed,0.0
2025-03-25,214500,215500,208000,208000,2262656,-1.6548463356973995,151424491920000,728002365,77752,0.0,2.68,0,0.58,1200,1466.27001953125,4.307000160217285,278,반도체,Listed,0.0
2025-03-26,209000,215500,208500,214000,2058540,2.8846153846153846,155792506110000,728002365,77752,0.0,2.75,0,0.56,1200,1462.0899658203125,4.3379998207092285,278,반도체,Listed,0.0
2025-03-27,208000,212000,206500,207000,2287220,-3.2710280373831773,150696489555000,728002365,77752,0.0,2.66,0,0.58,1200,1465.6800537109375,4.36899995803833,278,반도체,Listed,0.0
2025-03-28,203000,204500,198900,199300,2673553,-3.719806763285024,145090871344500,728002365,77752,0.0,2.56,0,0.6,1200,1461.8900146484375,4.255000114440918,278,반도체,Listed,0.0
2025-03-31,193500,195500,190500,190700,4561715,-4.315102860010035,138830051005500,728002365,77752,0.0,2.45,0,0.63,1200,1471.9599609375,4.245999813079834,278,반도체,Listed,0.0
2025-04-01,193600,198500,192000,197000,2317253,3.303618248557944,143416465905000,728002365,77752,0.0,2.53,0,0.61,1200,1469.969970703125,4.156000137329102,278,반도체,Listed,0.0
2025-04-02,198800,201500,197300,197900,2764223,0.4568527918781726,144071668033500,728002365,77752,0.0,2.55,0,0.61,1200,1466.0400390625,4.196000099182129,278,반도체,Listed,0.0
2025-04-03,189600,194600,188200,194600,4177747,-1.667508842849924,141669260229000,728002365,77752,0.0,2.5,0,0.62,1200,1450.6800537109375,4.054999828338623,278,반도체,Listed,0.0
2025-04-04,187900,189600,178400,182200,9182017,-6.3720452209660845,132642030903000,728002365,77752,0.0,2.34,0,0.66,1200,1450.6800537109375,3.984999895095825,278,반도체,Listed,0.0
2025-04-07,168000,172800,164800,164800,7879050,-9.549945115257959,119974789752000,728002365,77752,0.0,2.12,0,0.73,1200,1469.949951171875,4.15500020980835,278,반도체,Listed,0.0
2025-04-08,172000,173100,168200,169500,4965171,2.8519417475728157,123396400867500,728002365,77752,0.0,2.18,0,0.71,1200,1486.1300048828125,4.26200008392334,278,반도체,Listed,0.0
2025-04-09,170000,170000,162700,165000,8035679,-2.6548672566371683,120120390225000,728002365,77752,0.0,2.12,0,0.73,1200,1443.949951171875,4.400000095367432,278,반도체,Listed,0.0
2025-04-10,189700,189900,180000,183200,7836984,11.030303030303031,133370033268000,728002365,77752,0.0,2.36,0,0.66,1200,1452.0400390625,4.394000053405762,278,반도체,Listed,0.0
2025-04-11,177800,181800,176100,180800,3223735,-1.3100436681222707,131622827592000,728002365,77752,0.0,2.33,0,0.66,1200,1452.0400390625,4.493000030517578,278,반도체,Listed,0.0
2025-04-14,182900,184400,178000,180200,3466194,-0.33185840707964603,131186026173000,728002365,77752,0.0,2.32,0,0.67,1200,1419.4200439453125,4.363999843597412,278,반도체,Listed,0.0
2025-04-15,180200,182400,179700,180600,1915455,0.22197558268590456,131477227119000,728002365,77752,0.0,2.32,0,0.66,1200,1427.02001953125,4.322999954223633,278,반도체,Listed,0.0
2025-04-16,176500,177500,173500,174000,2933428,-3.6544850498338874,126672411510000,728002365,77752,0.0,2.24,0,0.69,1200,1414.22998046875,4.2789998054504395,278,반도체,Listed,0.0
2025-04-17,172100,175400,171800,175000,2989493,0.5747126436781609,127400413875000,728002365,77752,0.0,2.25,0,0.69,1200,1414.22998046875,4.333000183105469,278,반도체,Listed,0.0
2025-04-18,174000,175500,172800,175000,1305152,0.0,127400413875000,728002365,77752,0.0,2.25,0,0.69,1200,1414.22998046875,4.333000183105469,278,반도체,Listed,0.0
2025-04-21,174800,180000,174500,176600,1877473,0.9142857142857144,128565217659000,728002365,77752,0.0,2.27,0,0.68,1200,1421.6400146484375,4.40500020980835,278,반도체,Listed,0.0
2025-04-22,175000,175500,173300,173800,2008388,-1.5855039637599093,126526811037000,728002365,77752,0.0,2.24,0,0.69,1200,1429.219970703125,4.388999938964844,278,반도체,Listed,0.0
2025-04-23,179100,181600,178100,181000,3857373,4.1426927502876865,131768428065000,728002365,77752,0.0,2.33,0,0.66,1200,1426.449951171875,4.38700008392334,278,반도체,Listed,0.0
2025-04-24,182800,183400,177600,178300,3162156,-1.4917127071823204,129802821679500,728002365,77752,0.0,2.29,0,0.67,1200,1430.06005859375,4.304999828338623,278,반도체,Listed,0.0
2025-04-25,182500,184900,182100,184400,3507810,3.4212002243409985,134243636106000,728002365,77752,0.0,2.37,0,0.65,1200,1430.06005859375,4.265999794006348,278,반도체,Listed,0.0
2025-04-28,183500,183900,179700,182000,2455710,-1.3015184381778742,132496430430000,728002365,77752,0.0,2.34,0,0.66,1200,1435.8800048828125,4.216000080108643,278,반도체,Listed,0.0
2025-04-29,182000,182900,179100,180800,1866386,-0.6593406593406593,131622827592000,728002365,77752,0.0,2.33,0,0.66,1200,1431.1600341796875,4.172999858856201,278,반도체,Listed,0.0
2025-04-30,179100,180000,176700,177500,2354473,-1.825221238938053,129220419787500,728002365,77752,0.0,2.28,0,0.68,1200,1423.75,4.177000045776367,278,반도체,Listed,0.0
2025-05-02,179400,186200,178400,186000,3886874,4.788732394366197,135408439890000,728002365,107256,6.47,1.73,28732,1.18,2204,1435.0999755859375,4.322000026702881,278,반도체,Listed,0.0
2025-05-07,187700,191500,185900,190800,3830097,2.5806451612903225,138902851242000,728002365,107256,6.64,1.78,28732,1.16,2204,1397.2900390625,4.275000095367432,278,반도체,Listed,0.0
2025-05-08,196000,196000,189400,190300,5125330,-0.2620545073375262,138538850059500,728002365,107256,6.62,1.77,28732,1.16,2204,1403.8499755859375,4.373000144958496,278,반도체,Listed,0.0
2025-05-09,192000,192800,186800,190100,2539822,-0.10509721492380451,138393249586500,728002365,107256,6.62,1.77,28732,1.16,2204,1403.8499755859375,4.375,278,반도체,Listed,0.0
2025-05-12,193600,195200,193500,195000,1624884,2.5775907417148867,141960461175000,728002365,107256,6.79,1.82,28732,1.13,2204,1416.030029296875,4.456999778747559,278,반도체,Listed,0.0
2025-05-13,200500,201500,197300,198500,3385009,1.7948717948717947,144508469452500,728002365,107256,6.91,1.85,28732,1.11,2204,1416.0,4.499000072479248,278,반도체,Listed,0.0
2025-05-14,207000,207000,204000,206000,3333511,3.7783375314861463,149968487190000,728002365,107256,7.17,1.92,28732,1.07,2204,1407.3299560546875,4.5279998779296875,278,반도체,Listed,0.0
2025-05-15,207500,208000,199500,200500,3178957,-2.669902912621359,145964474182500,728002365,107256,6.98,1.87,28732,1.1,2204,1397.02001953125,4.454999923706055,278,반도체,Listed,0.0
2025-05-16,206000,206750,203500,204500,2419507,1.99501246882793,148876483642500,728002365,107256,7.12,1.91,28732,1.08,2204,1397.02001953125,4.440999984741211,278,반도체,Listed,0.0
2025-05-19,203000,203000,197500,199400,2482673,-2.493887530562347,145163671581000,728002365,107256,6.94,1.86,28732,1.11,2204,1388.550048828125,4.474999904632568,278,반도체,Listed,0.0
2025-05-20,202500,208000,201500,202000,2820546,1.3039117352056169,147056477730000,728002365,107256,7.03,1.88,28732,1.09,2204,1392.72998046875,4.480999946594238,278,반도체,Listed,0.0
2025-05-21,204500,205000,199900,200500,1721760,-0.7425742574257426,145964474182500,728002365,107256,6.98,1.87,28732,1.1,2204,1373.8599853515625,4.5960001945495605,278,반도체,Listed,0.0
2025-05-22,199900,201500,196500,196900,1988587,-1.7955112219451372,143343665668500,728002365,107256,6.85,1.84,28732,1.12,2204,1381.3399658203125,4.552999973297119,278,반도체,Listed,0.0
2025-05-23,199900,201500,198700,200000,1538701,1.5744032503809042,145600473000000,728002365,107256,6.96,1.86,28732,1.1,2204,1381.3399658203125,4.508999824523926,278,반도체,Listed,0.0
2025-05-26,200000,203500,196900,203000,1459997,1.5,147784480095000,728002365,107256,7.07,1.89,28732,1.09,2204,1368.0999755859375,4.508999824523926,278,반도체,Listed,0.0
2025-05-27,200500,203500,200000,202500,1424916,-0.24630541871921183,147420478912500,728002365,107256,7.05,1.89,28732,1.09,2204,1374.800048828125,4.434000015258789,278,반도체,Listed,0.0
2025-05-28,206500,209500,206000,208000,3161188,2.7160493827160495,151424491920000,728002365,107256,7.24,1.94,28732,1.06,2204,1373.5999755859375,4.4770002365112305,278,반도체,Listed,0.0
2025-05-29,214500,214500,207500,212000,3827689,1.9230769230769231,154336501380000,728002365,107256,7.38,1.98,28732,1.04,2204,1370.4100341796875,4.423999786376953,278,반도체,Listed,0.0
2025-05-30,210000,210000,203000,204500,4826628,-3.5377358490566038,148876483642500,728002365,107256,7.12,1.91,28732,1.08,2204,1370.4100341796875,4.415999889373779,278,반도체,Listed,0.0
2025-06-02,205000,208500,203000,207500,1775752,1.466992665036675,151060490737500,728002365,107256,7.22,1.93,28732,1.06,2204,1376.0699462890625,4.461999893188477,278,반도체,Listed,0.0
2025-06-04,218000,223000,216500,217500,5108674,4.819277108433735,158340514387500,728002365,107256,7.57,2.03,28732,1.01,2204,1361.0899658203125,4.364999771118164,278,반도체,Listed,0.0
2025-06-05,225500,230000,222000,224500,5768506,3.218390804597701,163436530942500,728002365,107256,7.81,2.09,28732,0.98,2204,1354.550048828125,4.394000053405762,278,반도체,Listed,0.0
2025-06-09,233000,233500,228000,229000,3666084,2.0044543429844097,166712541585000,728002365,107256,7.97,2.14,28732,0.96,2204,1353.8499755859375,4.48199987411499,278,반도체,Listed,0.0
2025-06-10,231000,232500,227500,230500,3718655,0.6550218340611353,167804545132500,728002365,107256,8.02,2.15,28732,0.96,2204,1363.8800048828125,4.473999977111816,278,반도체,Listed,0.0
2025-06-11,236000,241000,235000,240000,4230421,4.121475054229935,174720567600000,728002365,107256,8.35,2.24,28732,0.92,2204,1365.68994140625,4.4120001792907715,278,반도체,Listed,0.0
2025-06-12,242500,246500,235000,235500,4994238,-1.875,171444556957500,728002365,107256,8.2,2.2,28732,0.94,2204,1349.7900390625,4.35699987411499,278,반도체,Listed,0.0
2025-06-13,240500,243000,233750,235500,4100610,0.0,171444556957500,728002365,107256,8.2,2.2,28732,0.94,2204,1349.7900390625,4.423999786376953,278,반도체,Listed,0.0
2025-06-16,238000,248500,238000,248000,3760740,5.3078556263269645,180544586520000,728002365,107256,8.63,2.31,28732,0.89,2204,1357.780029296875,4.452000141143799,278,반도체,Listed,0.0
2025-06-17,253000,260000,248000,249000,5044669,0.4032258064516129,181272588885000,728002365,107256,8.67,2.32,28732,0.89,2204,1380.5,4.39300012588501,278,반도체,Listed,0.0
2025-06-18,245500,252000,245000,246500,4081001,-1.0040160642570282,179452582972500,728002365,107256,8.58,2.3,28732,0.89,2204,1370.75,4.396999835968018,278,반도체,Listed,0.0
2025-06-19,247000,250000,242000,246000,2317796,-0.2028397565922921,179088581790000,728002365,107256,8.56,2.29,28732,0.9,2204,1374.8900146484375,4.396999835968018,278,반도체,Listed,0.0
2025-06-20,249000,257000,247500,257000,3597877,4.471544715447155,187096607805000,728002365,107256,8.94,2.4,28732,0.86,2204,1374.8900146484375,4.375,278,반도체,Listed,0.0
2025-06-23,252500,263000,248500,259500,3398736,0.9727626459143969,188916613717500,728002365,107256,9.03,2.42,28732,0.85,2204,1361.93994140625,4.320000171661377,278,반도체,Listed,0.0
2025-06-24,270000,283000,269500,278500,5436312,7.321772639691715,202748658652500,728002365,107256,9.69,2.6,28732,0.79,2204,1353.780029296875,4.293000221252441,278,반도체,Listed,0.0
2025-06-25,289000,291500,284000,286000,5466598,2.6929982046678633,208208676390000,728002365,107256,9.95,2.67,28732,0.77,2204,1357.030029296875,4.293000221252441,278,반도체,Listed,0.0
2025-06-26,294500,298500,287000,293000,5894020,2.4475524475524475,213304692945000,728002365,107256,10.2,2.73,28732,0.75,2204,1352.760009765625,4.252999782562256,278,반도체,Listed,0.0
2025-06-27,288000,294500,281000,284000,5134863,-3.0716723549488054,206752671660000,728002365,107256,9.88,2.65,28732,0.78,2204,1352.760009765625,4.2829999923706055,278,반도체,Listed,0.0
2025-06-30,288500,294500,286000,292000,4375298,2.8169014084507045,212576690580000,728002365,107256,10.16,2.72,28732,0.75,2204,1348.5,4.230000019073486,278,반도체,Listed,0.0
2025-07-01,291000,294500,285500,285500,3687981,-2.2260273972602738,207844675207500,728002365,107256,9.94,2.66,28732,0.77,2204,1355.5899658203125,4.250999927520752,278,반도체,Listed,0.0
2025-07-02,283500,283500,274500,279000,4702056,-2.276707530647986,203112659835000,728002365,107256,9.71,2.6,28732,0.79,2204,1354.75,4.293000221252441,278,반도체,Listed,0.0
2025-07-03,281000,284000,277000,278500,3642140,-0.17921146953405018,202748658652500,728002365,107256,9.69,2.6,28732,0.79,2204,1357.0999755859375,4.3480000495910645,278,반도체,Listed,0.0
2025-07-04,279500,281500,269000,270500,3654933,-2.872531418312388,196924639732500,728002365,107256,9.41,2.52,28732,0.81,2204,1357.0999755859375,4.3480000495910645,278,반도체,Listed,0.0
2025-07-07,266000,272000,264500,271000,2523564,0.18484288354898337,197288640915000,728002365,107256,9.43,2.53,28732,0.81,2204,1374.6400146484375,4.394999980926514,278,반도체,Listed,0.0
2025-07-08,271000,285000,268500,282000,3119395,4.059040590405904,205296666930000,728002365,107256,9.81,2.63,28732,0.78,2204,1370.300048828125,4.414999961853027,278,반도체,Listed,0.0
2025-07-09,282500,284000,277500,281000,2626484,-0.3546099290780142,204568664565000,728002365,107256,9.78,2.62,28732,0.78,2204,1373.0,4.3420000076293945,278,반도체,Listed,0.0
2025-07-10,284000,297000,283500,297000,4556065,5.6939501779359425,216216702405000,728002365,107256,10.34,2.77,28732,0.74,2204,1372.6400146484375,4.3460001945495605,278,반도체,Listed,0.0
2025-07-11,299500,306500,292000,294500,3732533,-0.8417508417508417,214396696492500,728002365,107256,10.25,2.75,28732,0.75,2204,1372.6400146484375,4.422999858856201,278,반도체,Listed,0.0
2025-07-14,292500,302500,292500,300000,2936976,1.8675721561969438,218400709500000,728002365,107256,10.44,2.8,28732,0.73,2204,1382.010009765625,4.427000045776367,278,반도체,Listed,0.0
2025-07-15,296000,298500,290000,298500,4196196,-0.5,217308705952500,728002365,107256,10.39,2.78,28732,0.74,2204,1386.449951171875,4.488999843597412,278,반도체,Listed,0.0
2025-07-16,298500,299500,292500,296000,3123297,-0.8375209380234505,215488700040000,728002365,107256,10.3,2.76,28732,0.74,2204,1384.9200439453125,4.454999923706055,278,반도체,Listed,0.0
2025-07-17,283500,289500,268000,269500,9328322,-8.952702702702704,196196637367500,728002365,107256,9.38,2.51,28732,0.82,2204,1391.5799560546875,4.4629998207092285,278,반도체,Listed,0.0
2025-07-18,270000,275000,267000,269000,5359504,-0.1855287569573284,195832636185000,728002365,107256,9.36,2.51,28732,0.82,2204,1391.5799560546875,4.432000160217285,278,반도체,Listed,0.0
2025-07-21,267500,274500,266500,272500,2424891,1.3011152416356877,198380644462500,728002365,107256,9.48,2.54,28732,0.81,2204,1381.8199462890625,4.372000217437744,278,반도체,Listed,0.0
2025-07-22,273000,273500,267000,268500,3139858,-1.4678899082568808,195468635002500,728002365,107256,9.34,2.5,28732,0.82,2204,1379.780029296875,4.335999965667725,278,반도체,Listed,0.0
2025-07-23,267500,271000,264500,269000,3116279,0.186219739292365,195832636185000,728002365,107256,9.36,2.51,28732,0.82,2204,1373.719970703125,4.388000011444092,278,반도체,Listed,0.0
2025-07-24,277000,279000,269000,269500,3667144,0.18587360594795538,196196637367500,728002365,107256,9.38,2.51,28732,0.82,2204,1372.0,4.4079999923706055,278,반도체,Listed,0.0
2025-07-25,273000,275000,265500,266000,2171063,-1.2987012987012987,193648629090000,728002365,107256,9.26,2.48,28732,0.83,2204,1372.0,4.386000156402588,278,반도체,Listed,0.0
2025-07-28,261000,265500,258500,262000,2877357,-1.5037593984962405,190736619630000,728002365,107256,9.12,2.44,28732,0.84,2204,1388.2900390625,4.420000076293945,278,반도체,Listed,0.0
2025-07-29,254500,265000,254500,262500,2944177,0.19083969465648853,191100620812500,728002365,107256,9.14,2.45,28732,0.84,2204,1388.8599853515625,4.329999923706055,278,반도체,Listed,0.0
2025-07-30,263000,266000,260500,263500,2482807,0.38095238095238093,191828623177500,728002365,107256,9.17,2.46,28732,0.84,2204,1392.52001953125,4.375999927520752,278,반도체,Listed,0.0
2025-07-31,271000,274000,265500,273500,3472644,3.795066413662239,199108646827500,728002365,107256,9.52,2.55,28732,0.81,2204,1391.510009765625,4.360000133514404,278,반도체,Listed,0.0
2025-08-01,266000,267000,257000,258000,3227394,-5.6672760511883,187824610170000,728002365,107256,8.98,2.41,28732,0.85,2204,1391.510009765625,4.21999979019165,278,반도체,Listed,0.0
2025-08-04,254500,260000,254000,258000,2281558,0.0,187824610170000,728002365,107256,8.98,2.41,28732,0.85,2204,1383.5899658203125,4.199999809265137,278,반도체,Listed,0.0
2025-08-05,264000,264500,260500,263500,2118171,2.131782945736434,191828623177500,728002365,107256,9.17,2.46,28732,0.84,2204,1386.5799560546875,4.196000099182129,278,반도체,Listed,0.0
2025-08-06,260500,260500,257500,258500,1374559,-1.8975332068311195,188188611352500,728002365,107256,9.0,2.41,28732,0.85,2204,1384.3900146484375,4.21999979019165,278,반도체,Listed,0.0
2025-08-07,258000,263000,250000,262000,2724438,1.3539651837524178,190736619630000,728002365,107256,9.12,2.44,28732,0.84,2204,1384.969970703125,4.24399995803833,278,반도체,Listed,0.0
2025-08-08,262000,266000,255500,256500,2676174,-2.099236641221374,186732606622500,728002365,107256,8.93,2.39,28732,0.86,2204,1384.969970703125,4.284999847412109,278,반도체,Listed,0.0
2025-08-11,260500,267500,260000,267000,2415473,4.093567251461988,194376631455000,728002365,107256,9.29,2.49,28732,0.83,2204,1389.7900390625,4.2729997634887695,278,반도체,Listed,0.0
2025-08-12,268000,276000,267500,269000,3008648,0.7490636704119851,195832636185000,728002365,107256,9.36,2.51,28732,0.82,2204,1383.0899658203125,4.293000221252441,278,반도체,Listed,0.0
2025-08-13,278000,279000,274000,278000,3472694,3.3457249070631967,202384657470000,728002365,107256,9.68,2.59,28732,0.79,2204,1378.780029296875,4.23799991607666,278,반도체,Listed,0.0
2025-08-14,277500,277500,270500,276500,2101050,-0.539568345323741,201292653922500,728002365,107256,9.62,2.58,28732,0.8,2204,1387.8699951171875,4.293000221252441,278,반도체,Listed,0.0
2025-08-18,272000,272000,267000,267500,1993220,-3.25497287522604,194740632637500,728002365,107256,9.31,2.49,28732,0.82,2204,1386.9100341796875,4.341000080108643,278,반도체,Listed,0.0
2025-08-19,268500,270000,261500,263000,1709646,-1.6822429906542056,191464621995000,728002365,107256,9.15,2.45,28732,0.84,2204,1391.3399658203125,4.302000045776367,278,반도체,Listed,0.0
2025-08-20,254500,257000,251000,255500,3571545,-2.8517110266159698,186004604257500,728002365,107256,8.89,2.38,28732,0.86,2204,1396.9100341796875,4.296000003814697,278,반도체,Listed,0.0
2025-08-21,246500,251000,245000,245000,6301130,-4.10958904109589,178360579425000,728002365,107256,8.53,2.28,28732,0.9,2204,1399.6099853515625,4.329999923706055,278,반도체,Listed,0.0
2025-08-22,245500,252500,245500,251000,3064062,2.4489795918367347,182728593615000,728002365,107256,8.74,2.34,28732,0.88,2204,1399.6099853515625,4.260000228881836,278,반도체,Listed,0.0
2025-08-25,256000,261500,254000,259500,3183709,3.386454183266932,188916613717500,728002365,107256,9.03,2.42,28732,0.85,2204,1389.050048828125,4.275000095367432,278,반도체,Listed,0.0
2025-08-26,259500,262500,257000,261500,2050625,0.7707129094412332,190372618447500,728002365,107256,9.1,2.44,28732,0.84,2204,1393.949951171875,4.257999897003174,278,반도체,Listed,0.0
2025-08-27,259000,261000,256000,260000,2801594,-0.5736137667304015,189280614900000,728002365,107256,9.05,2.42,28732,0.85,2204,1392.75,4.23799991607666,278,반도체,Listed,0.0
2025-08-28,254000,268500,253000,268500,3836024,3.2692307692307696,195468635002500,728002365,107256,9.34,2.5,28732,0.82,2204,1384.4100341796875,4.206999778747559,278,반도체,Listed,0.0
2025-08-29,268000,270000,266000,269000,1892127,0.186219739292365,195832636185000,728002365,107256,9.36,2.51,28732,0.82,2204,1384.4100341796875,4.2270002365112305,278,반도체,Listed,0.0
2025-09-01,259500,261000,255000,256000,1837054,-4.83271375464684,186368605440000,728002365,107256,8.91,2.39,28732,0.86,2204,1392.93994140625,4.2270002365112305,278,반도체,Listed,0.0
2025-09-02,256000,261500,256000,260500,1584710,1.7578125,189644616082500,728002365,107256,9.07,2.43,28732,0.85,2204,1394.5699462890625,4.2769999504089355,278,반도체,Listed,0.0
2025-09-03,259500,265500,257750,262500,2437896,0.7677543186180422,191100620812500,728002365,107256,9.14,2.45,28732,0.84,2204,1389.6300048828125,4.210999965667725,278,반도체,Listed,0.0
2025-09-04,267000,271000,264500,265500,2189959,1.1428571428571428,193284627907500,728002365,107256,9.24,2.48,28732,0.83,2204,1392.06005859375,4.176000118255615,278,반도체,Listed,0.0
2025-09-05,273000,275000,272000,273500,3103427,3.0131826741996233,199108646827500,728002365,107256,9.52,2.55,28732,0.81,2204,1392.06005859375,4.085999965667725,278,반도체,Listed,0.0
2025-09-08,278500,279000,274000,277000,2018299,1.2797074954296161,201656655105000,728002365,107256,9.64,2.58,28732,0.8,2204,1385.719970703125,4.046000003814697,278,반도체,Listed,0.0
2025-09-09,278000,288500,277000,288000,4158342,3.9711191335740073,209664681120000,728002365,107256,10.02,2.69,28732,0.77,2204,1387.25,4.073999881744385,278,반도체,Listed,0.0
2025-09-10,294500,305000,293000,304000,5265553,5.555555555555555,221312718960000,728002365,107256,10.58,2.83,28732,0.73,2204,1387.199951171875,4.0320000648498535,278,반도체,Listed,0.0
2025-09-11,310000,315000,305500,307000,5148088,0.9868421052631579,223496726055000,728002365,107256,10.68,2.86,28732,0.72,2204,1389.5,4.011000156402588,278,반도체,Listed,0.0
2025-09-12,322000,329500,319000,328500,4242516,7.0032573289902285,239148776902500,728002365,107256,11.43,3.06,28732,0.67,2204,1389.5,4.060999870300293,278,반도체,Listed,0.0
2025-09-15,339500,341500,325000,331000,4221256,0.76103500761035,240968782815000,728002365,107256,11.52,3.09,28732,0.67,2204,1385.010009765625,4.033999919891357,278,반도체,Listed,0.0
2025-09-16,331500,354000,331500,348000,5841135,5.13595166163142,253344823020000,728002365,107256,12.11,3.24,28732,0.63,2204,1377.6400146484375,4.026000022888184,278,반도체,Listed,0.0
2025-09-17,341000,342500,333500,333500,4498866,-4.166666666666666,242788788727500,728002365,107256,11.61,3.11,28732,0.66,2204,1378.68994140625,4.076000213623047,278,반도체,Listed,0.0
2025-09-18,338500,357000,336500,353000,4526286,5.847076461769116,256984834845000,728002365,107256,12.29,3.29,28732,0.62,2204,1386.75,4.104000091552734,278,반도체,Listed,0.0
2025-09-19,351500,360000,348000,353000,4385543,0.0,256984834845000,728002365,107256,12.29,3.29,28732,0.62,2204,1386.75,4.138999938964844,278,반도체,Listed,0.0
2025-09-22,349000,359000,345250,351000,4377563,-0.56657223796034,255528830115000,728002365,107256,12.22,3.27,28732,0.63,2204,1389.3900146484375,4.14300012588501,278,반도체,Listed,0.0
2025-09-23,355500,363000,353000,361000,3315336,2.849002849002849,262808853765000,728002365,107256,12.56,3.37,28732,0.61,2204,1391.8499755859375,4.119999885559082,278,반도체,Listed,0.0
2025-09-24,359000,364000,348500,357500,4165199,-0.9695290858725761,260260845487500,728002365,107256,12.44,3.33,28732,0.62,2204,1403.6500244140625,4.146999835968018,278,반도체,Listed,0.0
2025-09-25,352000,359000,349500,356500,2148215,-0.27972027972027974,259532843122500,728002365,107256,12.41,3.32,28732,0.62,2204,1408.9200439453125,4.171999931335449,278,반도체,Listed,0.0
2025-09-26,347500,349000,333000,336500,3685324,-5.610098176718092,244972795822500,728002365,107256,11.71,3.14,28732,0.65,2204,1408.9200439453125,4.186999797821045,278,반도체,Listed,0.0
2025-09-29,339500,351000,339000,349000,2275986,3.7147102526002973,254072825385000,728002365,107256,12.15,3.25,28732,0.63,2204,1399.3299560546875,4.140999794006348,278,반도체,Listed,0.0
2025-09-30,353000,356500,347500,347500,2238614,-0.42979942693409745,252980821837500,728002365,107256,12.09,3.24,28732,0.63,2204,1403.1500244140625,4.1479997634887695,278,반도체,Listed,0.0
2025-10-01,351000,362000,351000,360000,2802437,3.597122302158273,262080851400000,728002365,107256,12.53,3.36,28732,0.61,2204,1401.8199462890625,4.105999946594238,278,반도체,Listed,0.0
2025-10-02,388500,404500,384000,395500,7430763,9.86111111111111,287924935357500,728002365,107256,13.77,3.69,28732,0.56,2204,1405.6300048828125,4.0879998207092285,278,반도체,Listed,0.0
2025-10-10,426000,439250,416500,428000,6835852,8.217446270543615,311585012220000,728002365,107256,14.9,3.99,28732,0.51,2204,1421.510009765625,4.051000118255615,278,반도체,Listed,0.0
2025-10-13,405500,415500,403000,415000,4356534,-3.0373831775700935,302120981475000,728002365,107256,14.44,3.87,28732,0.53,2204,1426.0699462890625,4.051000118255615,278,반도체,Listed,0.0
2025-10-14,425000,436500,406500,411500,4101275,-0.8433734939759037,299572973197500,728002365,107256,14.32,3.84,28732,0.54,2204,1429.4300537109375,4.021999835968018,278,반도체,Listed,0.0
2025-10-15,410500,424000,407000,422500,2688019,2.67314702308627,307580999212500,728002365,107256,14.7,3.94,28732,0.52,2204,1420.0899658203125,4.046000003814697,278,반도체,Listed,0.0
2025-10-16,421000,455000,420500,452500,4247934,7.100591715976331,329421070162500,728002365,107256,15.75,4.22,28732,0.49,2204,1415.719970703125,3.9760000705718994,278,반도체,Listed,0.0
2025-10-17,451500,475000,449500,465500,4541583,2.8729281767955803,338885100907500,728002365,107256,16.2,4.34,28732,0.47,2204,1415.719970703125,4.006999969482422,278,반도체,Listed,0.0
2025-10-20,477500,485500,465500,485500,3333903,4.296455424274973,353445148207500,728002365,107256,16.9,4.53,28732,0.45,2204,1419.739990234375,3.9860000610351562,278,반도체,Listed,0.0
2025-10-21,497000,502000,478000,479000,4126858,-1.3388259526261586,348713132835000,728002365,107256,16.67,4.47,28732,0.46,2204,1430.739990234375,3.9630000591278076,278,반도체,Listed,0.0
2025-10-22,475000,482000,469000,481500,3870276,0.5219206680584552,350533138747500,728002365,107256,16.76,4.49,28732,0.46,2204,1430.4000244140625,3.953000068664551,278,반도체,Listed,0.0
2025-10-23,470000,488500,468000,478500,3583993,-0.6230529595015576,348349131652500,728002365,107256,16.65,4.46,28732,0.46,2204,1435.8399658203125,3.990999937057495,278,반도체,Listed,0.0
2025-10-24,493000,513000,491500,510000,4254202,6.583072100313479,371281206150000,728002365,107256,17.75,4.75,28732,0.43,2204,1435.8399658203125,3.996999979019165,278,반도체,Listed,0.0
2025-10-27,533000,537000,523000,535000,3381231,4.901960784313726,389481265275000,728002365,107256,18.62,4.99,28732,0.41,2204,1436.969970703125,3.996999979019165,278,반도체,Listed,0.0
2025-10-28,521000,527000,509000,521000,5659008,-2.6168224299065423,379289232165000,728002365,107256,18.13,4.86,28732,0.42,2204,1430.969970703125,3.9830000400543213,278,반도체,Listed,0.0
2025-10-29,538000,559000,523000,558000,4803031,7.1017274472168905,406225319670000,728002365,107256,19.42,5.2,28732,0.39,2204,1425.969970703125,4.058000087738037,278,반도체,Listed,0.0
2025-10-30,558000,579000,552000,568000,4888461,1.7921146953405016,413505343320000,728002365,107256,19.77,5.3,28732,0.39,2204,1424.010009765625,4.0929999351501465,278,반도체,Listed,0.0
2025-10-31,557000,566000,552000,559000,3351809,-1.584507042253521,406953322035000,728002365,107256,19.46,5.21,28732,0.39,2204,1424.02001953125,4.10099983215332,278,반도체,Listed,0.0
2025-11-03,557000,624000,555000,620000,5787058,10.912343470483005,451361466300000,728002365,107256,21.58,5.78,28732,0.36,2204,1427.1700439453125,4.105999946594238,278,반도체,Listed,0.0
2025-11-04,611000,614000,583000,586000,5969769,-5.483870967741936,426609385890000,728002365,107256,20.4,5.46,28732,0.38,2204,1428.969970703125,4.089000225067139,278,반도체,Listed,0.0
2025-11-05,563000,587000,532000,579000,8976222,-1.1945392491467577,421513369335000,728002365,107256,20.15,5.4,28732,0.38,2204,1439.81005859375,4.1570000648498535,278,반도체,Listed,0.0
2025-11-06,602000,607000,583000,593000,5321244,2.4179620034542317,431705402445000,728002365,107256,20.64,5.53,28732,0.37,2204,1439.739990234375,4.0929999351501465,278,반도체,Listed,0.0
2025-11-07,577000,599000,565000,580000,4789397,-2.1922428330522767,422241371700000,728002365,107256,20.19,5.41,28732,0.38,2204,1447.9000244140625,4.0929999351501465,278,반도체,Listed,0.0
2025-11-10,584000,615000,581000,606000,4893645,4.482758620689655,441169433190000,728002365,107256,21.09,5.65,28732,0.36,2204,1454.0,4.110000133514404,278,반도체,Listed,0.0
2025-11-11,622000,646000,604000,619000,5508697,2.145214521452145,450633463935000,728002365,107256,21.54,5.77,28732,0.36,2204,1456.0899658203125,4.119999885559082,278,반도체,Listed,0.0
2025-11-12,605000,620000,601000,617000,2831484,-0.32310177705977383,449177459205000,728002365,107256,21.47,5.75,28732,0.36,2204,1459.8399658203125,4.065000057220459,278,반도체,Listed,0.0
2025-11-13,607000,622000,607000,612000,3875541,-0.8103727714748784,445537447380000,728002365,107256,21.3,5.71,28732,0.36,2204,1468.02001953125,4.111999988555908,278,반도체,Listed,0.0
2025-11-14,579000,585000,560000,560000,5778374,-8.49673202614379,407681324400000,728002365,107256,19.49,5.22,28732,0.39,2204,1468.7099609375,4.1479997634887695,278,반도체,Listed,0.0
2025-11-17,588000,606000,584000,606000,4470947,8.214285714285714,441169433190000,728002365,107256,21.09,5.65,28732,0.36,2204,1446.530029296875,4.132999897003174,278,반도체,Listed,0.0
2025-11-18,583000,591000,570000,570000,3544391,-5.9405940594059405,414961348050000,728002365,107256,19.84,5.31,28732,0.39,2204,1461.68994140625,4.123000144958496,278,반도체,Listed,0.0
2025-11-19,563000,570000,546000,562000,4529736,-1.4035087719298245,409137329130000,728002365,107256,19.56,5.24,28732,0.39,2204,1456.550048828125,4.132999897003174,278,반도체,Listed,0.0
2025-11-20,595000,597000,570000,571000,4670237,1.601423487544484,415689350415000,728002365,107256,19.87,5.32,28732,0.39,2204,1466.1300048828125,4.105999946594238,278,반도체,Listed,0.0
2025-11-21,518000,531000,514000,521000,6646712,-8.756567425569177,379289232165000,728002365,107256,18.13,4.86,28732,0.42,2204,1473.25,4.063000202178955,278,반도체,Listed,0.0
2025-11-24,531000,542000,517000,520000,6399162,-0.19193857965451055,378561229800000,728002365,107256,18.1,4.85,28732,0.42,2204,1467.72998046875,4.038000106811523,278,반도체,Listed,0.0
2025-11-25,546000,550000,518000,519000,3716730,-0.19230769230769232,377833227435000,728002365,107256,18.06,4.84,28732,0.42,2204,1474.8599853515625,4.001999855041504,278,반도체,Listed,0.0
2025-11-26,513000,528000,501000,524000,5127393,0.9633911368015413,381473239260000,728002365,107256,18.24,4.89,28732,0.42,2204,1464.9200439453125,3.997999906539917,278,반도체,Listed,0.0
2025-11-27,535000,556000,533000,544000,3654092,3.816793893129771,396033286560000,728002365,107256,18.93,5.07,28732,0.41,2204,1470.5899658203125,3.997999906539917,278,반도체,Listed,0.0
2025-11-28,551000,552000,530000,530000,2680138,-2.5735294117647056,385841253450000,728002365,107256,18.45,4.94,28732,0.42,2204,1461.4000244140625,4.017000198364258,278,반도체,Listed,0.0
2025-12-01,542000,545000,525000,538000,3134704,1.509433962264151,391665272370000,728002365,107256,18.72,5.02,28732,0.41,2204,1465.6199951171875,4.0960001945495605,278,반도체,Listed,0.0
2025-12-02,548000,559000,542000,558000,2686580,3.717472118959108,406225319670000,728002365,107256,19.42,5.2,28732,0.39,2204,1470.1700439453125,4.085999965667725,278,반도체,Listed,0.0
2025-12-03,550000,559000,544000,552000,2586619,-1.0752688172043012,401857305480000,728002365,107256,19.21,5.15,28732,0.4,2204,1467.3599853515625,4.057000160217285,278,반도체,Listed,0.0
2025-12-04,542000,543000,532000,542000,2858305,-1.8115942028985508,394577281830000,728002365,107256,18.86,5.05,28732,0.41,2204,1465.030029296875,4.107999801635742,278,반도체,Listed,0.0
2025-12-05,530000,546000,527000,544000,3046584,0.36900369003690037,396033286560000,728002365,107256,18.93,5.07,28732,0.41,2204,1473.3599853515625,4.138999938964844,278,반도체,Listed,0.0
