Date,Code,PER_x,PBR_x,EPS_x,BPS_x,ROE,MktCap_x,SharesOut_x,Inst_Net_Qty,Frgn_Net_Qty,NPS_Net_Qty,Inst_Net_Amt,Frgn_Net_Amt,Cum5_Net_Qty,Cum20_Net_Qty,Cum60_Net_Qty,SectorCode_x,SectorRet_1D_x,Sector_PER_Avg_x,Sector_PBR_Avg_x,Sector_Turnover_x,KOSDAQ_Ret_1D_x,USDKRW_x,WTI_x,KR10Y_x,VIX_x,PER_y,PBR_y,EPS_y,BPS_y,MktCap_y,SharesOut_y,SectorCode_y,SectorRet_1D_y,Sector_PER_Avg_y,Sector_PBR_Avg_y,Sector_Turnover_y,KOSDAQ_Ret_1D_y,USDKRW_y,WTI_y,KR10Y_y,VIX_y
2015-01-15,060310,,,,,,,,,,,,,,,,,,,,,,,,,,0.0,3.2,0.0,1051.0,137602481820.0,40892268.0,,0.029998779296875,,,,,,,,
2015-01-15,068400,,,,,,,,,,,,,,,,,,,,,,,,,,21.28,2.01,813.0,8589.0,383130990000.0,22146300.0,,0.029998779296875,,,,,,,,
2015-01-15,006840,,,,,,,,,,,,,,,,,,,,,,,,,,13.01,2.59,7072.0,35485.0,1218775612000.0,13247561.0,,0.029998779296875,,,,,,,,
2015-01-15,054620,,,,,,,,,,,,,,,,,,,,,,,,,,9.0,1.48,708.0,4294.0,149121451570.0,23409961.0,,0.029998779296875,,,,,,,,
2015-01-15,090470,,,,,,,,,,,,,,,,,,,,,,,,,,0.0,1.35,0.0,2575.0,50727382800.0,14597808.0,,0.029998779296875,,,,,,,,
2015-01-15,027410,,,,,,,,,,,,,,,,,,,,,,,,,,26.07,9.48,2858.0,7860.0,1835685960000.0,24640080.0,,0.029998779296875,,,,,,,,
2015-01-15,138930,,,,,,,,,,,,,,,,,,,,,,,,,,9.36,0.81,1528.0,17557.0,3351632555700.0,234379899.0,,0.029998779296875,,,,,,,,
2015-01-15,001460,,,,,,,,,,,,,,,,,,,,,,,,,,10.34,0.61,24570.0,414146.0,158652210000.0,624615.0,,0.029998779296875,,,,,,,,
2015-01-15,001465,,,,,,,,,,,,,,,,,,,,,,,,,,0.0,0.0,0.0,0.0,36615450000.0,215385.0,,0.029998779296875,,,,,,,,
2015-01-15,032040,,,,,,,,,,,,,,,,,,,,,,,,,,21.48,0.64,88.0,2943.0,35606142810.0,18839229.0,,0.029998779296875,,,,,,,,
2015-01-15,001040,,,,,,,,,,,,,,,,,,,,,,,,,,31.63,1.62,5280.0,103118.0,4857099309000.0,29084427.0,,0.029998779296875,,,,,,,,
2015-01-15,079160,,,,,,,,,,,,,,,,,,,,,,,,,,95.76,3.34,613.0,17591.0,1242169073100.0,21161313.0,,0.029998779296875,,,,,,,,
2015-01-15,130960,,,,,,,,,,,,,,,,,,,,,,,,,,309.7,1.3,134.0,31849.0,1607381693500.0,38732089.0,,0.029998779296875,,,,,,,,
2015-01-15,000120,,,,,,,,,,,,,,,,,,,,,,,,,,0.0,1.87,0.0,97222.0,4151846608000.0,22812344.0,,0.029998779296875,,,,,,,,
2015-01-15,011150,,,,,,,,,,,,,,,,,,,,,,,,,,14.55,2.09,177.0,1232.0,92521740475.0,35930773.0,,0.029998779296875,,,,,,,,
2015-01-15,011155,,,,,,,,,,,,,,,,,,,,,,,,,,0.0,0.0,0.0,0.0,1222000000.0,200000.0,,0.029998779296875,,,,,,,,
2015-01-15,035760,,,,,,,,,,,,,,,,,,,,,,,,,,10.36,1.89,22396.0,122699.0,1440616383800.0,6206878.0,,0.029998779296875,,,,,,,,
2015-01-15,001045,,,,,,,,,,,,,,,,,,,,,,,,,,0.0,0.0,0.0,0.0,191440888100.0,2260223.0,,0.029998779296875,,,,,,,,
2015-01-15,097950,,,,,,,,,,,,,,,,,,,,,,,,,,41.84,1.74,8293.0,199891.0,4558989406000.0,13138298.0,,0.029998779296875,,,,,,,,
2015-01-15,097955,,,,,,,,,,,,,,,,,,,,,,,,,,0.0,0.0,0.0,0.0,248893687500.0,1327433.0,,0.029998779296875,,,,,,,,
2015-01-15,051500,,,,,,,,,,,,,,,,,,,,,,,,,,0.0,2.76,0.0,16871.0,506253080000.0,10863800.0,,0.029998779296875,,,,,,,,
2015-01-15,037560,,,,,,,,,,,,,,,,,,,,,,,,,,8.83,0.77,994.0,11415.0,679983474700.0,77446865.0,,0.029998779296875,,,,,,,,
2015-01-15,058820,,,,,,,,,,,,,,,,,,,,,,,,,,244.0,1.72,4.0,566.0,84547821216.0,86626866.0,,0.029998779296875,,,,,,,,
2015-01-15,023460,,,,,,,,,,,,,,,,,,,,,,,,,,6.11,0.58,230.0,2432.0,52266000000.0,37200000.0,,0.029998779296875,,,,,,,,
2015-01-15,065770,,,,,,,,,,,,,,,,,,,,,,,,,,0.0,1.86,0.0,1449.0,32400000000.0,12000000.0,,0.029998779296875,,,,,,,,
2015-01-15,159910,,,,,,,,,,,,,,,,,,,,,,,,,,0.0,1.76,0.0,3727.0,56670613280.0,8638813.0,,0.029998779296875,,,,,,,,
2015-01-15,000590,,,,,,,,,,,,,,,,,,,,,,,,,,11.73,0.53,6959.0,153699.0,94205731200.0,1154482.0,,0.029998779296875,,,,,,,,
2015-01-15,139130,,,,,,,,,,,,,,,,,,,,,,,,,,6.42,0.56,1713.0,19483.0,1474584694000.0,134053154.0,,0.029998779296875,,,,,,,,
2015-01-15,068790,,,,,,,,,,,,,,,,,,,,,,,,,,0.0,0.43,0.0,5210.0,44846138865.0,19887423.0,,0.029998779296875,,,,,,,,
2015-01-15,004840,,,,,,,,,,,,,,,,,,,,,,,,,,5.54,1.01,2303.0,12578.0,223125000000.0,17500000.0,,0.029998779296875,,,,,,,,
2015-01-15,155660,,,,,,,,,,,,,,,,,,,,,,,,,,7.87,0.54,451.0,6520.0,56800000000.0,16000000.0,,0.029998779296875,,,,,,,,
2015-01-15,069730,,,,,,,,,,,,,,,,,,,,,,,,,,26.47,0.47,126.0,7038.0,48024000000.0,14400000.0,,0.029998779296875,,,,,,,,
2015-01-15,017940,,,,,,,,,,,,,,,,,,,,,,,,,,9.9,0.4,6462.0,161614.0,439040000000.0,6860000.0,,0.029998779296875,,,,,,,,
2015-01-15,037370,,,,,,,,,,,,,,,,,,,,,,,,,,27.83,2.4,627.0,7257.0,130875000000.0,7500000.0,,0.029998779296875,,,,,,,,
2015-01-15,079190,,,,,,,,,,,,,,,,,,,,,,,,,,12.94,1.2,194.0,2083.0,45803391130.0,18248363.0,,0.029998779296875,,,,,,,,
2015-01-15,007700,,,,,,,,,,,,,,,,,,,,,,,,,,30.61,1.44,544.0,11526.0,256410000000.0,15400000.0,,0.029998779296875,,,,,,,,
2015-01-15,114090,,,,,,,,,,,,,,,,,,,,,,,,,,17.22,5.99,2224.0,6395.0,2369072161000.0,61855670.0,,0.029998779296875,,,,,,,,
2015-01-15,078930,,,,,,,,,,,,,,,,,,,,,,,,,,10.14,0.55,3778.0,69423.0,3558658977400.0,92915378.0,,0.029998779296875,,,,,,,,
2015-01-15,083450,,,,,,,,,,,,,,,,,,,,,,,,,,8.67,1.37,727.0,4612.0,58701793500.0,9317745.0,,0.029998779296875,,,,,,,,
2015-01-15,006360,,,,,,,,,,,,,,,,,,,,,,,,,,0.0,0.36,0.0,56156.0,1420000000000.0,71000000.0,,0.029998779296875,,,,,,,,
2015-01-15,001250,,,,,,,,,,,,,,,,,,,,,,,,,,9.39,0.71,847.0,11192.0,179143423800.0,22533764.0,,0.029998779296875,,,,,,,,
2015-01-15,007070,,,,,,,,,,,,,,,,,,,,,,,,,,16.66,1.23,1546.0,20969.0,1982750000000.0,77000000.0,,0.029998779296875,,,,,,,,
2015-01-15,078935,,,,,,,,,,,,,,,,,,,,,,,,,,0.0,0.0,0.0,0.0,48458025900.0,1784826.0,,0.029998779296875,,,,,,,,
2015-01-15,028150,,,,,,,,,,,,,,,,,,,,,,,,,,10.01,1.64,19494.0,119310.0,1281000000000.0,6562500.0,,0.029998779296875,,,,,,,,
2015-01-15,053870,,,,,,,,,,,,,,,,,,,,,,,,,,0.0,0.99,0.0,599.0,4728000000.0,8000000.0,,0.029998779296875,,,,,,,,
2015-01-15,035000,,,,,,,,,,,,,,,,,,,,,,,,,,9.23,0.93,738.0,7298.0,112824055290.0,16567409.0,,0.029998779296875,,,,,,,,
2015-01-15,078150,,,,,,,,,,,,,,,,,,,,,,,,,,3.94,1.48,385.0,1021.0,116536387620.0,76921708.0,,0.029998779296875,,,,,,,,
2015-01-15,001500,,,,,,,,,,,,,,,,,,,,,,,,,,0.0,0.45,0.0,22736.0,299238532200.0,29337111.0,,0.029998779296875,,,,,,,,
2015-01-15,036640,,,,,,,,,,,,,,,,,,,,,,,,,,22.35,0.83,147.0,3957.0,53725518000.0,16354800.0,,0.029998779296875,,,,,,,,
2015-01-15,204840,,,,,,,,,,,,,,,,,,,,,,,,,,0.0,0.0,0.0,0.0,9247500000.0,4500000.0,,0.029998779296875,,,,,,,,
2015-01-15,011420,,,,,,,,,,,,,,,,,,,,,,,,,,0.0,1.59,0.0,1095.0,34143017760.0,19622424.0,,0.029998779296875,,,,,,,,
2015-01-15,003560,,,,,,,,,,,,,,,,,,,,,,,,,,933.33,3.17,3.0,882.0,122270923600.0,43668187.0,,0.029998779296875,,,,,,,,
2015-01-15,095340,,,,,,,,,,,,,,,,,,,,,,,,,,26.26,3.41,1070.0,8250.0,317041678200.0,11282622.0,,0.029998779296875,,,,,,,,
2015-01-15,099520,,,,,,,,,,,,,,,,,,,,,,,,,,14.31,1.04,210.0,2879.0,39706215915.0,13213383.0,,0.029998779296875,,,,,,,,
2015-01-15,175330,,,,,,,,,,,,,,,,,,,,,,,,,,14.87,0.51,390.0,11336.0,733722892600.0,126503947.0,,0.029998779296875,,,,,,,,
2015-01-15,067290,,,,,,,,,,,,,,,,,,,,,,,,,,0.0,4.4,0.0,1188.0,198293180180.0,37914566.0,,0.029998779296875,,,,,,,,
2015-01-15,001060,,,,,,,,,,,,,,,,,,,,,,,,,,88.18,1.06,165.0,13667.0,219169007100.0,15063162.0,,0.029998779296875,,,,,,,,
2015-01-15,001067,,,,,,,,,,,,,,,,,,,,,,,,,,0.0,0.0,0.0,0.0,1188049400.0,75193.0,,0.029998779296875,,,,,,,,
2015-01-15,001065,,,,,,,,,,,,,,,,,,,,,,,,,,0.0,0.0,0.0,0.0,1581442850.0,143117.0,,0.029998779296875,,,,,,,,
2015-01-15,096760,,,,,,,,,,,,,,,,,,,,,,,,,,7.16,1.22,333.0,1953.0,128664718335.0,53947471.0,,0.029998779296875,,,,,,,,
2015-01-15,035900,,,,,,,,,,,,,,,,,,,,,,,,,,0.0,3.23,0.0,1363.0,149789252800.0,34043012.0,,0.029998779296875,,,,,,,,
2015-01-15,105560,,,,,,,,,,,,,,,,,,,,,,,,,,11.2,0.55,3263.0,66398.0,14121154379150.0,386351693.0,,0.029998779296875,,,,,,,,
2015-01-15,024120,,,,,,,,,,,,,,,,,,,,,,,,,,10.74,0.76,363.0,5133.0,44850000000.0,11500000.0,,0.029998779296875,,,,,,,,
2015-01-15,002380,,,,,,,,,,,,,,,,,,,,,,,,,,21.19,1.11,25297.0,481084.0,5638720000000.0,10520000.0,,0.029998779296875,,,,,,,,
2015-01-15,021320,,,,,,,,,,,,,,,,,,,,,,,,,,0.0,0.25,0.0,28183.0,152154000000.0,21400000.0,,0.029998779296875,,,,,,,,
2015-01-15,036670,,,,,,,,,,,,,,,,,,,,,,,,,,38.5,2.47,214.0,3336.0,91711200000.0,11130000.0,,0.029998779296875,,,,,,,,
2015-01-15,009070,,,,,,,,,,,,,,,,,,,,,,,,,,29.55,0.61,100.0,4877.0,88650000000.0,30000000.0,,0.029998779296875,,,,,,,,
2015-01-15,068060,,,,,,,,,,,,,,,,,,,,,,,,,,15.73,1.17,490.0,6578.0,41942400000.0,5440000.0,,0.029998779296875,,,,,,,,
2015-01-15,009440,,,,,,,,,,,,,,,,,,,,,,,,,,23.06,1.47,418.0,6567.0,216273207200.0,22434980.0,,0.029998779296875,,,,,,,,
2015-01-15,119650,,,,,,,,,,,,,,,,,,,,,,,,,,18.43,0.98,381.0,7182.0,70200000000.0,10000000.0,,0.029998779296875,,,,,,,,
2015-01-15,092220,,,,,,,,,,,,,,,,,,,,,,,,,,0.0,0.48,0.0,2536.0,72333045400.0,59047384.0,,0.029998779296875,,,,,,,,
2015-01-15,151860,,,,,,,,,,,,,,,,,,,,,,,,,,14.17,1.76,369.0,2980.0,188280000000.0,36000000.0,,0.029998779296875,,,,,,,,
2015-01-15,109070,,,,,,,,,,,,,,,,,,,,,,,,,,0.0,2.12,0.0,371.0,15623370732.0,19877062.0,,0.029998779296875,,,,,,,,
2015-01-15,046440,,,,,,,,,,,,,,,,,,,,,,,,,,32.92,2.72,489.0,5919.0,303721058200.0,18864662.0,,0.029998779296875,,,,,,,,
2015-01-15,035600,,,,,,,,,,,,,,,,,,,,,,,,,,35.29,3.9,680.0,6155.0,618038904000.0,25751621.0,,0.029998779296875,,,,,,,,
2015-01-15,001390,,,,,,,,,,,,,,,,,,,,,,,,,,40.63,0.97,443.0,18596.0,195451074000.0,10858393.0,,0.029998779296875,,,,,,,,
2015-01-15,060720,,,,,,,,,,,,,,,,,,,,,,,,,,12.07,2.96,3746.0,15279.0,723200000000.0,16000000.0,,0.029998779296875,,,,,,,,
2015-01-15,001940,,,,,,,,,,,,,,,,,,,,,,,,,,11.66,0.27,4139.0,179350.0,178297067000.0,3695276.0,,0.029998779296875,,,,,,,,
2015-01-15,083470,,,,,,,,,,,,,,,,,,,,,,,,,,84.11,1.31,28.0,1795.0,45630496485.0,19376007.0,,0.029998779296875,,,,,,,,
2015-01-15,122450,,,,,,,,,,,,,,,,,,,,,,,,,,15.63,1.73,640.0,5783.0,127753600000.0,12775360.0,,0.029998779296875,,,,,,,,
2015-01-15,058400,,,,,,,,,,,,,,,,,,,,,,,,,,7.96,0.56,898.0,12731.0,94687249800.0,13242972.0,,0.029998779296875,,,,,,,,
2015-01-15,083420,,,,,,,,,,,,,,,,,,,,,,,,,,9.46,0.95,535.0,5311.0,101200000000.0,20000000.0,,0.029998779296875,,,,,,,,
2015-01-15,114450,,,,,,,,,,,,,,,,,,,,,,,,,,0.0,0.72,0.0,3474.0,37350000000.0,15000000.0,,0.029998779296875,,,,,,,,
2015-01-15,025000,,,,,,,,,,,,,,,,,,,,,,,,,,10.71,0.78,5190.0,71094.0,269104000000.0,4840000.0,,0.029998779296875,,,,,,,,
2015-01-15,092230,,,,,,,,,,,,,,,,,,,,,,,,,,42.41,0.58,1660.0,122279.0,297415078400.0,4224646.0,,0.029998779296875,,,,,,,,
2015-01-15,000040,,,,,,,,,,,,,,,,,,,,,,,,,,0.0,2.33,0.0,480.0,133662344480.0,119341379.0,,0.029998779296875,,,,,,,,
2015-01-15,044450,,,,,,,,,,,,,,,,,,,,,,,,,,5.58,0.92,2286.0,13836.0,147809985000.0,11592940.0,,0.029998779296875,,,,,,,,
2015-01-15,030200,,,,,,,,,,,,,,,,,,,,,,,,,,0.0,0.67,0.0,45020.0,7820298649600.0,261111808.0,,0.029998779296875,,,,,,,,
2015-01-15,033780,,,,,,,,,,,,,,,,,,,,,,,,,,17.32,2.04,4533.0,38421.0,10777461014500.0,137292497.0,,0.029998779296875,,,,,,,,
2015-01-15,030210,,,,,,,,,,,,,,,,,,,,,,,,,,0.0,0.31,0.0,6039.0,113993633880.0,60314092.0,,0.029998779296875,,,,,,,,
2015-01-15,036030,,,,,,,,,,,,,,,,,,,,,,,,,,90.64,1.62,94.0,5253.0,304291987440.0,35715022.0,,0.029998779296875,,,,,,,,
2015-01-15,058850,,,,,,,,,,,,,,,,,,,,,,,,,,8.47,1.04,330.0,2690.0,119304575000.0,42685000.0,,0.029998779296875,,,,,,,,
2015-01-15,043610,,,,,,,,,,,,,,,,,,,,,,,,,,0.0,6.14,0.0,959.0,246283476370.0,41813833.0,,0.029998779296875,,,,,,,,
2015-01-15,060370,,,,,,,,,,,,,,,,,,,,,,,,,,17.32,1.28,299.0,4033.0,113442000000.0,21900000.0,,0.029998779296875,,,,,,,,
2015-01-15,093050,,,,,,,,,,,,,,,,,,,,,,,,,,12.67,0.94,2332.0,31274.0,864042000000.0,29240000.0,,0.029998779296875,,,,,,,,
2015-01-15,003550,,,,,,,,,,,,,,,,,,,,,,,,,,12.12,0.92,5097.0,66846.0,10664030695800.0,172557131.0,,0.029998779296875,,,,,,,,
2015-01-15,034220,,,,,,,,,,,,,,,,,,,,,,,,,,30.52,1.23,1191.0,29655.0,13006600695000.0,357815700.0,,0.029998779296875,,,,,,,,
2015-01-15,001120,,,,,,,,,,,,,,,,,,,,,,,,,,24.4,0.8,1246.0,38076.0,1178304000000.0,38760000.0,,0.029998779296875,,,,,,,,
2015-01-15,068870,,,,,,,,,,,,,,,,,,,,,,,,,,215.21,2.77,194.0,15074.0,692089332500.0,16576990.0,,0.029998779296875,,,,,,,,
2015-01-15,068875,,,,,,,,,,,,,,,,,,,,,,,,,,0.0,0.0,0.0,0.0,5444778800.0,236216.0,,0.029998779296875,,,,,,,,
2015-01-15,051900,,,,,,,,,,,,,,,,,,,,,,,,,,29.05,7.78,21311.0,79516.0,9667663943000.0,15618197.0,,0.029998779296875,,,,,,,,
2015-01-15,051905,,,,,,,,,,,,,,,,,,,,,,,,,,0.0,0.0,0.0,0.0,591064705500.0,2099697.0,,0.029998779296875,,,,,,,,
2015-01-15,003555,,,,,,,,,,,,,,,,,,,,,,,,,,0.0,0.0,0.0,0.0,132255612300.0,3314677.0,,0.029998779296875,,,,,,,,
2015-01-15,032640,,,,,,,,,,,,,,,,,,,,,,,,,,18.91,1.31,640.0,9209.0,5282997468100.0,436611361.0,,0.029998779296875,,,,,,,,
2015-01-15,011070,,,,,,,,,,,,,,,,,,,,,,,,,,149.16,1.76,771.0,65287.0,2721717305000.0,23667107.0,,0.029998779296875,,,,,,,,
2015-01-15,066570,,,,,,,,,,,,,,,,,,,,,,,,,,62.33,0.94,977.0,64917.0,9966151872600.0,163647814.0,,0.029998779296875,,,,,,,,
2015-01-15,066575,,,,,,,,,,,,,,,,,,,,,,,,,,0.0,0.0,0.0,0.0,523313456400.0,17185992.0,,0.029998779296875,,,,,,,,
2015-01-15,108670,,,,,,,,,,,,,,,,,,,,,,,,,,23.52,2.22,7333.0,77836.0,1546923075000.0,8967670.0,,0.029998779296875,,,,,,,,
2015-01-15,108675,,,,,,,,,,,,,,,,,,,,,,,,,,0.0,0.0,0.0,0.0,82689633000.0,1032330.0,,0.029998779296875,,,,,,,,
2015-01-15,051910,,,,,,,,,,,,,,,,,,,,,,,,,,10.37,1.14,17211.0,156928.0,11829391350000.0,66271100.0,,0.029998779296875,,,,,,,,
2015-01-15,051915,,,,,,,,,,,,,,,,,,,,,,,,,,0.0,0.0,0.0,0.0,1007017572000.0,7628921.0,,0.029998779296875,,,,,,,,
2015-01-15,002550,,,,,,,,,,,,,,,,,,,,,,,,,,11.36,1.06,2280.0,24462.0,1554000000000.0,60000000.0,,0.029998779296875,,,,,,,,
2015-01-15,079950,,,,,,,,,,,,,,,,,,,,,,,,,,20.15,2.58,203.0,1588.0,94888000000.0,23200000.0,,0.029998779296875,,,,,,,,
2015-01-15,006260,,,,,,,,,,,,,,,,,,,,,,,,,,11.23,0.66,4430.0,75016.0,1601950000000.0,32200000.0,,0.029998779296875,,,,,,,,
2015-01-15,000680,,,,,,,,,,,,,,,,,,,,,,,,,,0.0,0.38,0.0,9644.0,284924721880.0,77636164.0,,0.029998779296875,,,,,,,,
2015-01-15,000687,,,,,,,,,,,,,,,,,,,,,,,,,,0.0,0.0,0.0,0.0,5241382190.0,1162169.0,,0.029998779296875,,,,,,,,
2015-01-15,010120,,,,,,,,,,,,,,,,,,,,,,,,,,15.2,1.96,3974.0,30874.0,1812000000000.0,30000000.0,,0.029998779296875,,,,,,,,
2015-01-15,086960,,,,,,,,,,,,,,,,,,,,,,,,,,20.71,2.37,1031.0,8991.0,187678562750.0,8790565.0,,0.029998779296875,,,,,,,,
2015-01-15,023150,,,,,,,,,,,,,,,,,,,,,,,,,,7.87,1.23,1022.0,6542.0,59323349040.0,7378526.0,,0.029998779296875,,,,,,,,
2015-01-15,065150,,,,,,,,,,,,,,,,,,,,,,,,,,67.27,10.16,55.0,364.0,293141306000.0,79227380.0,,0.029998779296875,,,,,,,,
2015-01-15,035420,,,,,,,,,,,,,,,,,,,,,,,,,,15.47,17.41,50227.0,44636.0,25612001583000.0,32962679.0,,0.029998779296875,,,,,,,,
2015-01-15,160550,,,,,,,,,,,,,,,,,,,,,,,,,,8.36,7.22,2661.0,3081.0,304892929250.0,13703053.0,,0.029998779296875,,,,,,,,
2015-01-15,181710,,,,,,,,,,,,,,,,,,,,,,,,,,68.63,1.27,1221.0,66167.0,1270829095000.0,15165025.0,,0.029998779296875,,,,,,,,
2015-01-15,016420,,,,,,,,,,,,,,,,,,,,,,,,,,108.06,0.99,67.0,7347.0,869705209960.0,120125029.0,,0.029998779296875,,,,,,,,
2015-01-15,034310,,,,,,,,,,,,,,,,,,,,,,,,,,15.78,1.53,1090.0,11206.0,651575560000.0,37882300.0,,0.029998779296875,,,,,,,,
2015-01-15,030190,,,,,,,,,,,,,,,,,,,,,,,,,,22.62,3.27,256.0,1772.0,351538807800.0,60714820.0,,0.029998779296875,,,,,,,,
2015-01-15,008260,,,,,,,,,,,,,,,,,,,,,,,,,,8.89,0.96,262.0,2422.0,66234560500.0,28426850.0,,0.029998779296875,,,,,,,,
2015-01-15,004250,,,,,,,,,,,,,,,,,,,,,,,,,,8.49,1.42,637.0,3823.0,198655200000.0,36720000.0,,0.029998779296875,,,,,,,,
2015-01-15,004255,,,,,,,,,,,,,,,,,,,,,,,,,,0.0,0.0,0.0,0.0,13807200000.0,5280000.0,,0.029998779296875,,,,,,,,
2015-01-15,010060,,,,,,,,,,,,,,,,,,,,,,,,,,0.0,0.62,0.0,118766.0,1769623328200.0,23849371.0,,0.029998779296875,,,,,,,,
2015-01-15,036490,,,,,,,,,,,,,,,,,,,,,,,,,,1878.79,2.06,33.0,30028.0,653955726000.0,10547673.0,,0.029998779296875,,,,,,,,
2015-01-15,024940,,,,,,,,,,,,,,,,,,,,,,,,,,34.71,1.32,105.0,2756.0,36450000000.0,10000000.0,,0.029998779296875,,,,,,,,
2015-01-15,005490,,,,,,,,,,,,,,,,,,,,,,,,,,15.77,0.57,17409.0,482252.0,23932786207500.0,87186835.0,,0.029998779296875,,,,,,,,
2015-01-15,091340,,,,,,,,,,,,,,,,,,,,,,,,,,4.74,0.43,521.0,5708.0,19513000000.0,7900000.0,,0.029998779296875,,,,,,,,
2015-01-15,100840,,,,,,,,,,,,,,,,,,,,,,,,,,7.18,0.59,2285.0,27971.0,116187636800.0,7084612.0,,0.029998779296875,,,,,,,,
2015-01-15,064960,,,,,,,,,,,,,,,,,,,,,,,,,,18.23,1.25,2446.0,35809.0,642391015600.0,14403386.0,,0.029998779296875,,,,,,,,
2015-01-15,003570,,,,,,,,,,,,,,,,,,,,,,,,,,19.24,0.45,489.0,20716.0,305575060990.0,32473439.0,,0.029998779296875,,,,,,,,
2015-01-15,036530,,,,,,,,,,,,,,,,,,,,,,,,,,13.74,0.6,1499.0,34414.0,307422513800.0,14923423.0,,0.029998779296875,,,,,,,,
2015-01-15,010950,,,,,,,,,,,,,,,,,,,,,,,,,,20.18,1.09,2487.0,45916.0,5651656158400.0,112582792.0,,0.029998779296875,,,,,,,,
2015-01-15,010955,,,,,,,,,,,,,,,,,,,,,,,,,,0.0,0.0,0.0,0.0,128098374950.0,4021927.0,,0.029998779296875,,,,,,,,
2015-01-15,950110,,,,,,,,,,,,,,,,,,,,,,,,,,,,,,,,,0.029998779296875,,,,,,,,
2015-01-15,019550,,,,,,,,,,,,,,,,,,,,,,,,,,16.38,0.82,24.0,481.0,63692163975.0,162066575.0,,0.029998779296875,,,,,,,,
2015-01-15,034120,,,,,,,,,,,,,,,,,,,,,,,,,,21.94,0.96,1338.0,30500.0,535713281700.0,18252582.0,,0.029998779296875,,,,,,,,
2015-01-15,101060,,,,,,,,,,,,,,,,,,,,,,,,,,19.15,0.93,224.0,4607.0,600154655100.0,139896190.0,,0.029998779296875,,,,,,,,
2015-01-15,046140,,,,,,,,,,,,,,,,,,,,,,,,,,11.01,1.8,1149.0,7045.0,271513970750.0,21463555.0,,0.029998779296875,,,,,,,,
2015-01-15,099220,,,,,,,,,,,,,,,,,,,,,,,,,,0.0,0.47,0.0,2055.0,28757921156.0,29924996.0,,0.029998779296875,,,,,,,,
2015-01-15,040610,,,,,,,,,,,,,,,,,,,,,,,,,,4.4,0.67,898.0,5937.0,134814860180.0,34087196.0,,0.029998779296875,,,,,,,,
2015-01-15,049470,,,,,,,,,,,,,,,,,,,,,,,,,,81.0,1.36,10.0,597.0,44914933350.0,55450535.0,,0.029998779296875,,,,,,,,
2015-01-15,004060,,,,,,,,,,,,,,,,,,,,,,,,,,0.0,0.61,0.0,1021.0,126110750080.0,202424960.0,,0.029998779296875,,,,,,,,
2015-01-15,001380,,,,,,,,,,,,,,,,,,,,,,,,,,24.36,0.45,55.0,2961.0,55941609800.0,41747470.0,,0.029998779296875,,,,,,,,
2015-01-15,052300,,,,,,,,,,,,,,,,,,,,,,,,,,0.0,1.83,0.0,323.0,40468391460.0,68590494.0,,0.029998779296875,,,,,,,,
2015-01-15,002360,,,,,,,,,,,,,,,,,,,,,,,,,,37.95,2.72,44.0,613.0,185593329100.0,111133730.0,,0.029998779296875,,,,,,,,
2015-01-15,009160,,,,,,,,,,,,,,,,,,,,,,,,,,6.75,0.7,742.0,7180.0,145715474250.0,29084925.0,,0.029998779296875,,,,,,,,
2015-01-15,090730,,,,,,,,,,,,,,,,,,,,,,,,,,8.85,0.39,600.0,13682.0,69030000000.0,13000000.0,,0.029998779296875,,,,,,,,
2015-01-15,123700,,,,,,,,,,,,,,,,,,,,,,,,,,6.02,0.85,1160.0,8192.0,108922188040.0,15604898.0,,0.029998779296875,,,,,,,,
2015-01-15,025530,,,,,,,,,,,,,,,,,,,,,,,,,,8.05,0.57,567.0,8073.0,68173746520.0,14934008.0,,0.029998779296875,,,,,,,,
2015-01-15,003600,,,,,,,,,,,,,,,,,,,,,,,,,,23.38,0.66,6949.0,244639.0,7631294450000.0,46961812.0,,0.029998779296875,,,,,,,,
2015-01-15,034730,,,,,,,,,,,,,,,,,,,,,,,,,,54.63,4.98,4155.0,45601.0,11350000000000.0,50000000.0,,0.029998779296875,,,,,,,,
2015-01-15,011790,,,,,,,,,,,,,,,,,,,,,,,,,,17.66,0.85,1580.0,32666.0,1014095612700.0,36347513.0,,0.029998779296875,,,,,,,,
2015-01-15,057500,,,,,,,,,,,,,,,,,,,,,,,,,,0.0,1.25,0.0,1730.0,84470852200.0,38926660.0,,0.029998779296875,,,,,,,,
2015-01-15,178920,,,,,,,,,,,,,,,,,,,,,,,,,,12.93,1.57,699.0,5772.0,265471550880.0,29366322.0,,0.029998779296875,,,,,,,,
2015-01-15,018670,,,,,,,,,,,,,,,,,,,,,,,,,,7.42,0.7,12162.0,128469.0,785832322000.0,8712110.0,,0.029998779296875,,,,,,,,
2015-01-15,001740,,,,,,,,,,,,,,,,,,,,,,,,,,0.0,0.84,0.0,10347.0,2151786899490.0,248187647.0,,0.029998779296875,,,,,,,,
2015-01-15,001745,,,,,,,,,,,,,,,,,,,,,,,,,,0.0,0.0,0.0,0.0,1596754400.0,113648.0,,0.029998779296875,,,,,,,,
2015-01-15,033630,,,,,,,,,,,,,,,,,,,,,,,,,,102.38,1.13,42.0,3810.0,1272624074100.0,295959087.0,,0.029998779296875,,,,,,,,
2015-01-15,003605,,,,,,,,,,,,,,,,,,,,,,,,,,0.0,0.0,0.0,0.0,50992000000.0,509920.0,,0.029998779296875,,,,,,,,
2015-01-15,096770,,,,,,,,,,,,,,,,,,,,,,,,,,10.56,0.49,7832.0,169019.0,7646902142800.0,92465564.0,,0.029998779296875,,,,,,,,
2015-01-15,096775,,,,,,,,,,,,,,,,,,,,,,,,,,0.0,0.0,0.0,0.0,60548661000.0,1248426.0,,0.029998779296875,,,,,,,,
2015-01-15,001510,,,,,,,,,,,,,,,,,,,,,,,,,,0.0,0.75,0.0,1162.0,278501938770.0,320117171.0,,0.029998779296875,,,,,,,,
2015-01-15,001515,,,,,,,,,,,,,,,,,,,,,,,,,,0.0,0.0,0.0,0.0,3169136340.0,3912514.0,,0.029998779296875,,,,,,,,
2015-01-15,066270,,,,,,,,,,,,,,,,,,,,,,,,,,0.0,2.09,0.0,3501.0,317455244300.0,43427530.0,,0.029998779296875,,,,,,,,
2015-01-15,006120,,,,,,,,,,,,,,,,,,,,,,,,,,0.0,1.14,0.0,53719.0,1271425867000.0,20843047.0,,0.029998779296875,,,,,,,,
2015-01-15,006125,,,,,,,,,,,,,,,,,,,,,,,,,,0.0,0.0,0.0,0.0,71273262500.0,2817125.0,,0.029998779296875,,,,,,,,
2015-01-15,017670,,,,,,,,,,,,,,,,,,,,,,,,,,11.57,1.61,23211.0,166602.0,21680223403500.0,80745711.0,,0.029998779296875,,,,,,,,
2015-01-15,000660,,,,,,,,,,,,,,,,,,,,,,,,,,12.24,2.69,4045.0,18399.0,36036117067500.0,728002365.0,,0.029998779296875,,,,,,,,
2015-01-15,048550,,,,,,,,,,,,,,,,,,,,,,,,,,0.0,4.8,0.0,769.0,256526889950.0,69425410.0,,0.029998779296875,,,,,,,,
2015-01-15,051980,,,,,,,,,,,,,,,,,,,,,,,,,,0.0,0.59,0.0,2118.0,23154586850.0,18449870.0,,0.029998779296875,,,,,,,,
2015-01-15,036540,,,,,,,,,,,,,,,,,,,,,,,,,,0.0,1.23,0.0,3247.0,249606830320.0,62715284.0,,0.029998779296875,,,,,,,,
2015-01-15,011810,,,,,,,,,,,,,,,,,,,,,,,,,,0.0,0.0,0.0,0.0,182056086000.0,29845260.0,,0.029998779296875,,,,,,,,
2015-01-15,077970,,,,,,,,,,,,,,,,,,,,,,,,,,0.0,0.0,0.0,0.0,172686499830.0,49198433.0,,0.029998779296875,,,,,,,,
2015-01-15,071970,,,,,,,,,,,,,,,,,,,,,,,,,,0.0,0.0,0.0,0.0,161175713970.0,114309017.0,,0.029998779296875,,,,,,,,
2015-01-15,194860,,,,,,,,,,,,,,,,,,,,,,,,,,,,,,,,,0.029998779296875,,,,,,,,
2015-01-15,002710,,,,,,,,,,,,,,,,,,,,,,,,,,0.0,0.25,0.0,10778.0,50920000000.0,19000000.0,,0.029998779296875,,,,,,,,
2015-01-15,032540,,,,,,,,,,,,,,,,,,,,,,,,,,61.63,0.42,40.0,5883.0,34341416185.0,13931609.0,,0.029998779296875,,,,,,,,
2015-01-15,048770,,,,,,,,,,,,,,,,,,,,,,,,,,150.97,4.31,62.0,2174.0,120744000000.0,12900000.0,,0.029998779296875,,,,,,,,
2015-01-15,024070,,,,,,,,,,,,,,,,,,,,,,,,,,16.25,0.68,328.0,7812.0,80088153600.0,15025920.0,,0.029998779296875,,,,,,,,
2015-01-15,057030,,,,,,,,,,,,,,,,,,,,,,,,,,18.3,1.03,220.0,3890.0,65658605425.0,16312697.0,,0.029998779296875,,,,,,,,
2015-01-15,040300,,,,,,,,,,,,,,,,,,,,,,,,,,33.33,0.61,78.0,4274.0,109200000000.0,42000000.0,,0.029998779296875,,,,,,,,
2015-01-15,052220,,,,,,,,,,,,,,,,,,,,,,,,,,30.55,2.08,145.0,2134.0,101890000000.0,23000000.0,,0.029998779296875,,,,,,,,
2015-01-15,079940,,,,,,,,,,,,,,,,,,,,,,,,,,13.98,2.11,465.0,3078.0,87981946000.0,13535684.0,,0.029998779296875,,,,,,,,
2015-01-15,078890,,,,,,,,,,,,,,,,,,,,,,,,,,11.83,1.44,775.0,6361.0,109974929680.0,11992904.0,,0.029998779296875,,,,,,,,
2015-01-15,000500,,,,,,,,,,,,,,,,,,,,,,,,,,10.04,0.34,2227.0,64808.0,92983755450.0,4160347.0,,0.029998779296875,,,,,,,,
2015-01-15,030270,,,,,,,,,,,,,,,,,,,,,,,,,,21.15,0.48,417.0,18564.0,10584000000.0,1200000.0,,0.029998779296875,,,,,,,,
2015-01-15,192410,,,,,,,,,,,,,,,,,,,,,,,,,,11.27,1.48,1366.0,10411.0,37064720000.0,2406800.0,,0.029998779296875,,,,,,,,
2015-01-15,024840,,,,,,,,,,,,,,,,,,,,,,,,,,2.48,0.61,151.0,616.0,39721597520.0,106207480.0,,0.029998779296875,,,,,,,,
2015-01-15,035250,,,,,,,,,,,,,,,,,,,,,,,,,,21.01,2.62,1468.0,11767.0,6600064425000.0,213940500.0,,0.029998779296875,,,,,,,,
2015-01-15,094480,,,,,,,,,,,,,,,,,,,,,,,,,,0.0,4.1,0.0,1024.0,129576494010.0,30888318.0,,0.029998779296875,,,,,,,,
2015-01-15,000860,,,,,,,,,,,,,,,,,,,,,,,,,,8.25,0.91,6180.0,56316.0,331500000000.0,6500000.0,,0.029998779296875,,,,,,,,
2015-01-15,063080,,,,,,,,,,,,,,,,,,,,,,,,,,61.52,5.58,2313.0,25518.0,928134104800.0,6522376.0,,0.029998779296875,,,,,,,,
2015-01-15,000800,,,,,,,,,,,,,,,,,,,,,,,,,,0.0,0.63,0.0,7625.0,171855014400.0,35803128.0,,0.029998779296875,,,,,,,,
2015-01-15,039240,,,,,,,,,,,,,,,,,,,,,,,,,,5.91,0.55,1201.0,12983.0,35500000000.0,5000000.0,,0.029998779296875,,,,,,,,
2015-01-15,008020,,,,,,,,,,,,,,,,,,,,,,,,,,9.67,0.62,632.0,9795.0,214956197170.0,35181047.0,,0.029998779296875,,,,,,,,
2015-01-15,192520,,,,,,,,,,,,,,,,,,,,,,,,,,0.0,0.0,0.0,0.0,886156305600.0,78420912.0,,0.029998779296875,,,,,,,,
2015-01-15,053950,,,,,,,,,,,,,,,,,,,,,,,,,,0.0,2.12,0.0,1126.0,23992048460.0,10038514.0,,0.029998779296875,,,,,,,,
2015-01-15,002100,,,,,,,,,,,,,,,,,,,,,,,,,,6.07,0.66,782.0,7237.0,103035812500.0,21691750.0,,0.029998779296875,,,,,,,,
2015-01-15,012320,,,,,,,,,,,,,,,,,,,,,,,,,,6.63,0.67,14243.0,142080.0,329313600000.0,3484800.0,,0.029998779296875,,,,,,,,
2015-01-15,009450,,,,,,,,,,,,,,,,,,,,,,,,,,26.53,1.6,880.0,14550.0,297467558500.0,12739510.0,,0.029998779296875,,,,,,,,
2015-01-15,011040,,,,,,,,,,,,,,,,,,,,,,,,,,15.1,1.89,1596.0,12764.0,319927500000.0,13275000.0,,0.029998779296875,,,,,,,,
2015-01-15,000050,,,,,,,,,,,,,,,,,,,,,,,,,,29.07,0.67,5865.0,255370.0,467430353500.0,2741527.0,,0.029998779296875,,,,,,,,
2015-01-15,139050,,,,,,,,,,,,,,,,,,,,,,,,,,89.66,1.76,29.0,1478.0,40882225800.0,15723933.0,,0.029998779296875,,,,,,,,
2015-01-15,012610,,,,,,,,,,,,,,,,,,,,,,,,,,16.29,1.04,280.0,4381.0,184207424400.0,40396365.0,,0.029998779296875,,,,,,,,
2015-01-15,009140,,,,,,,,,,,,,,,,,,,,,,,,,,16.71,0.55,1206.0,36920.0,31651559550.0,1570797.0,,0.029998779296875,,,,,,,,
2015-01-15,024910,,,,,,,,,,,,,,,,,,,,,,,,,,5.25,1.6,1690.0,5538.0,155757200000.0,17560000.0,,0.029998779296875,,,,,,,,
2015-01-15,013580,,,,,,,,,,,,,,,,,,,,,,,,,,0.0,0.23,0.0,41932.0,86004634410.0,8930907.0,,0.029998779296875,,,,,,,,
2015-01-15,012200,,,,,,,,,,,,,,,,,,,,,,,,,,24.34,0.97,175.0,4387.0,138876000000.0,32600000.0,,0.029998779296875,,,,,,,,
2015-01-15,012205,,,,,,,,,,,,,,,,,,,,,,,,,,0.0,0.0,0.0,0.0,3353000000.0,1400000.0,,0.029998779296875,,,,,,,,
2015-01-15,004200,,,,,,,,,,,,,,,,,,,,,,,,,,0.0,0.34,0.0,5956.0,40000000000.0,20000000.0,,0.029998779296875,,,,,,,,
2015-01-15,089890,,,,,,,,,,,,,,,,,,,,,,,,,,0.0,1.74,0.0,1694.0,23747594400.0,8050032.0,,0.029998779296875,,,,,,,,
2015-01-15,002140,,,,,,,,,,,,,,,,,,,,,,,,,,10.38,0.76,196.0,2661.0,50751729875.0,24939425.0,,0.029998779296875,,,,,,,,
2015-01-15,049720,,,,,,,,,,,,,,,,,,,,,,,,,,55.58,1.71,26.0,847.0,20663500000.0,14300000.0,,0.029998779296875,,,,,,,,
2015-01-15,010130,,,,,,,,,,,,,,,,,,,,,,,,,,16.69,1.91,25352.0,221659.0,7982010000000.0,18870000.0,,0.029998779296875,,,,,,,,
2015-01-15,002240,,,,,,,,,,,,,,,,,,,,,,,,,,23.88,0.62,1681.0,64272.0,602250000000.0,15000000.0,,0.029998779296875,,,,,,,,
2015-01-15,014570,,,,,,,,,,,,,,,,,,,,,,,,,,64.85,0.98,65.0,4311.0,46365000000.0,11000000.0,,0.029998779296875,,,,,,,,
2015-01-15,009810,,,,,,,,,,,,,,,,,,,,,,,,,,0.0,1.36,0.0,1088.0,43787724675.0,29686593.0,,0.029998779296875,,,,,,,,
2015-01-15,098460,,,,,,,,,,,,,,,,,,,,,,,,,,28.82,4.11,1563.0,10954.0,605312117550.0,13436451.0,,0.029998779296875,,,,,,,,
2015-01-15,001290,,,,,,,,,,,,,,,,,,,,,,,,,,0.0,0.38,0.0,2220.0,54367718151.0,63737067.0,,0.029998779296875,,,,,,,,
2015-01-15,121440,,,,,,,,,,,,,,,,,,,,,,,,,,333.77,2.23,77.0,11521.0,947021073300.0,36849069.0,,0.029998779296875,,,,,,,,
2015-01-15,009290,,,,,,,,,,,,,,,,,,,,,,,,,,19.24,1.88,538.0,5518.0,542555807850.0,52420851.0,,0.029998779296875,,,,,,,,
2015-01-15,014200,,,,,,,,,,,,,,,,,,,,,,,,,,18.26,0.46,86.0,3389.0,30017211510.0,19119243.0,,0.029998779296875,,,,,,,,
2015-01-15,017040,,,,,,,,,,,,,,,,,,,,,,,,,,17.48,1.6,133.0,1451.0,100759954875.0,43337615.0,,0.029998779296875,,,,,,,,
2015-01-15,017900,,,,,,,,,,,,,,,,,,,,,,,,,,0.0,0.48,0.0,3617.0,101401585250.0,57943763.0,,0.029998779296875,,,,,,,,
2015-01-15,037710,,,,,,,,,,,,,,,,,,,,,,,,,,10.34,1.23,30356.0,255432.0,502400000000.0,1600000.0,,0.029998779296875,,,,,,,,
2015-01-15,192530,,,,,,,,,,,,,,,,,,,,,,,,,,0.0,0.0,0.0,0.0,468002439840.0,51316057.0,,0.029998779296875,,,,,,,,
2015-01-15,026910,,,,,,,,,,,,,,,,,,,,,,,,,,0.0,0.52,0.0,4387.0,14508242325.0,6405405.0,,0.029998779296875,,,,,,,,
2015-01-15,090150,,,,,,,,,,,,,,,,,,,,,,,,,,7.11,0.52,306.0,4159.0,21007004775.0,9658393.0,,0.029998779296875,,,,,,,,
2015-01-15,140910,,,,,,,,,,,,,,,,,,,,,,,,,,,,,,,,,0.029998779296875,,,,,,,,
2015-01-15,208710,,,,,,,,,,,,,,,,,,,,,,,,,,0.0,0.0,0.0,0.0,10684500000.0,5100000.0,,0.029998779296875,,,,,,,,
2015-01-15,205100,,,,,,,,,,,,,,,,,,,,,,,,,,0.0,0.0,0.0,0.0,11550000000.0,4200000.0,,0.029998779296875,,,,,,,,
2015-01-15,030610,,,,,,,,,,,,,,,,,,,,,,,,,,25.51,0.51,325.0,16349.0,298440000000.0,36000000.0,,0.029998779296875,,,,,,,,
2015-01-15,053270,,,,,,,,,,,,,,,,,,,,,,,,,,7.65,0.46,179.0,2969.0,27118018380.0,19794174.0,,0.029998779296875,,,,,,,,
2015-01-15,007690,,,,,,,,,,,,,,,,,,,,,,,,,,7.89,0.69,5335.0,60985.0,244626933600.0,5810616.0,,0.029998779296875,,,,,,,,
2015-01-15,005320,,,,,,,,,,,,,,,,,,,,,,,,,,12.13,3.41,948.0,3375.0,54005426000.0,4696124.0,,0.029998779296875,,,,,,,,
2015-01-15,001140,,,,,,,,,,,,,,,,,,,,,,,,,,0.0,0.47,0.0,28889.0,13919969200.0,1027304.0,,0.029998779296875,,,,,,,,
2015-01-15,066620,,,,,,,,,,,,,,,,,,,,,,,,,,9.16,1.53,1458.0,8746.0,100125000000.0,7500000.0,,0.029998779296875,,,,,,,,
2015-01-15,043650,,,,,,,,,,,,,,,,,,,,,,,,,,18.96,0.57,317.0,10623.0,107328407040.0,17858304.0,,0.029998779296875,,,,,,,,
2015-01-15,006050,,,,,,,,,,,,,,,,,,,,,,,,,,29.18,0.63,34.0,1576.0,29721348704.0,29961037.0,,0.029998779296875,,,,,,,,
2015-01-15,060480,,,,,,,,,,,,,,,,,,,,,,,,,,9.61,0.62,256.0,3966.0,27281400000.0,11090000.0,,0.029998779296875,,,,,,,,
2015-01-15,078130,,,,,,,,,,,,,,,,,,,,,,,,,,3.63,0.38,1821.0,17273.0,13220000000.0,2000000.0,,0.029998779296875,,,,,,,,
2015-01-15,044180,,,,,,,,,,,,,,,,,,,,,,,,,,0.0,1.17,0.0,113.0,17921332044.0,135767667.0,,0.029998779296875,,,,,,,,
2015-01-15,002720,,,,,,,,,,,,,,,,,,,,,,,,,,21.79,0.68,112.0,3609.0,38719647520.0,15868708.0,,0.029998779296875,,,,,,,,
2015-01-15,053740,,,,,,,,,,,,,,,,,,,,,,,,,,12.27,2.4,2026.0,10369.0,244822200000.0,9852000.0,,0.029998779296875,,,,,,,,
2015-01-15,019010,,,,,,,,,,,,,,,,,,,,,,,,,,0.0,0.27,0.0,34905.0,46175600000.0,4820000.0,,0.029998779296875,,,,,,,,
2015-01-15,186230,,,,,,,,,,,,,,,,,,,,,,,,,,,,,,,,,0.029998779296875,,,,,,,,
2015-01-15,014530,,,,,,,,,,,,,,,,,,,,,,,,,,6.55,0.75,3711.0,32556.0,84732690600.0,3486942.0,,0.029998779296875,,,,,,,,
2015-01-15,002250,,,,,,,,,,,,,,,,,,,,,,,,,,31.52,0.67,414.0,19429.0,154745882100.0,11857922.0,,0.029998779296875,,,,,,,,
2015-01-15,900070,,,,,,,,,,,,,,,,,,,,,,,,,,,,,,,,,0.029998779296875,,,,,,,,
2015-01-15,014280,,,,,,,,,,,,,,,,,,,,,,,,,,17.74,1.48,3586.0,42876.0,308839310400.0,4855964.0,,0.029998779296875,,,,,,,,
2015-01-15,014285,,,,,,,,,,,,,,,,,,,,,,,,,,0.0,0.0,0.0,0.0,2937577500.0,117975.0,,0.029998779296875,,,,,,,,
2015-01-15,053260,,,,,,,,,,,,,,,,,,,,,,,,,,6.35,0.55,443.0,5135.0,52696800000.0,18720000.0,,0.029998779296875,,,,,,,,
2015-01-15,008870,,,,,,,,,,,,,,,,,,,,,,,,,,64.91,0.41,493.0,78478.0,32000000000.0,1000000.0,,0.029998779296875,,,,,,,,
2015-01-15,058370,,,,,,,,,,,,,,,,,,,,,,,,,,0.0,1.97,0.0,286.0,23618366271.0,41950917.0,,0.029998779296875,,,,,,,,
2015-01-15,001570,,,,,,,,,,,,,,,,,,,,,,,,,,62.5,1.1,20.0,1137.0,49191635000.0,39353308.0,,0.029998779296875,,,,,,,,
2015-01-15,165270,,,,,,,,,,,,,,,,,,,,,,,,,,,,,,,,,0.029998779296875,,,,,,,,
2015-01-15,002990,,,,,,,,,,,,,,,,,,,,,,,,,,10.59,4.55,2039.0,4744.0,734781996000.0,34017685.0,,0.029998779296875,,,,,,,,
2015-01-15,002995,,,,,,,,,,,,,,,,,,,,,,,,,,0.0,0.0,0.0,0.0,4924682100.0,292266.0,,0.029998779296875,,,,,,,,
2015-01-15,011780,,,,,,,,,,,,,,,,,,,,,,,,,,0.0,1.93,0.0,44031.0,2589753735000.0,30467691.0,,0.029998779296875,,,,,,,,
2015-01-15,011785,,,,,,,,,,,,,,,,,,,,,,,,,,0.0,0.0,0.0,0.0,131521641000.0,3023486.0,,0.029998779296875,,,,,,,,
2015-01-15,130500,,,,,,,,,,,,,,,,,,,,,,,,,,11.03,0.83,282.0,3734.0,21770000000.0,7000000.0,,0.029998779296875,,,,,,,,
2015-01-15,001210,,,,,,,,,,,,,,,,,,,,,,,,,,0.0,0.75,0.0,23865.0,124143115450.0,6916051.0,,0.029998779296875,,,,,,,,
2015-01-15,073240,,,,,,,,,,,,,,,,,,,,,,,,,,13.25,1.34,695.0,6882.0,1455116985180.0,157993158.0,,0.029998779296875,,,,,,,,
2015-01-15,036190,,,,,,,,,,,,,,,,,,,,,,,,,,12.45,2.45,3855.0,19603.0,288000000000.0,6000000.0,,0.029998779296875,,,,,,,,
2015-01-15,049080,,,,,,,,,,,,,,,,,,,,,,,,,,12.86,2.98,906.0,3908.0,206256504650.0,17704421.0,,0.029998779296875,,,,,,,,
2015-01-15,035460,,,,,,,,,,,,,,,,,,,,,,,,,,6.82,0.83,286.0,2341.0,27957813000.0,14337340.0,,0.029998779296875,,,,,,,,
2015-01-15,092440,,,,,,,,,,,,,,,,,,,,,,,,,,10.77,1.01,674.0,7168.0,211992000000.0,29200000.0,,0.029998779296875,,,,,,,,
2015-01-15,000270,,,,,,,,,,,,,,,,,,,,,,,,,,5.57,1.05,9425.0,49967.0,21281575717500.0,405363347.0,,0.029998779296875,,,,,,,,
2015-01-15,024110,,,,,,,,,,,,,,,,,,,,,,,,,,10.35,0.59,1266.0,22139.0,7247145909500.0,553217245.0,,0.029998779296875,,,,,,,,
2015-01-15,004540,,,,,,,,,,,,,,,,,,,,,,,,,,6.72,0.81,661.0,5451.0,108192801120.0,24367748.0,,0.029998779296875,,,,,,,,
2015-01-15,004545,,,,,,,,,,,,,,,,,,,,,,,,,,0.0,0.0,0.0,0.0,1856431200.0,366160.0,,0.029998779296875,,,,,,,,
2015-01-15,151910,,,,,,,,,,,,,,,,,,,,,,,,,,29.31,2.38,423.0,5204.0,149334502000.0,12043105.0,,0.029998779296875,,,,,,,,
2015-01-15,121600,,,,,,,,,,,,,,,,,,,,,,,,,,95.76,1.98,165.0,8000.0,114269107600.0,7232222.0,,0.029998779296875,,,,,,,,
2015-01-15,039860,,,,,,,,,,,,,,,,,,,,,,,,,,0.0,4.91,0.0,1193.0,132268040680.0,22571338.0,,0.029998779296875,,,,,,,,
2015-01-15,091970,,,,,,,,,,,,,,,,,,,,,,,,,,8.12,0.66,388.0,4778.0,31752000000.0,10080000.0,,0.029998779296875,,,,,,,,
2015-01-15,051490,,,,,,,,,,,,,,,,,,,,,,,,,,7.27,0.53,357.0,4909.0,36849000000.0,14200000.0,,0.029998779296875,,,,,,,,
2015-01-15,007460,,,,,,,,,,,,,,,,,,,,,,,,,,0.0,4.85,0.0,370.0,18713820965.0,10425527.0,,0.029998779296875,,,,,,,,
2015-01-15,089600,,,,,,,,,,,,,,,,,,,,,,,,,,33.88,3.61,726.0,6815.0,202862227200.0,8246432.0,,0.029998779296875,,,,,,,,
2015-01-15,138610,,,,,,,,,,,,,,,,,,,,,,,,,,0.0,4.12,0.0,1731.0,29089173960.0,4074114.0,,0.029998779296875,,,,,,,,
2015-01-15,130580,,,,,,,,,,,,,,,,,,,,,,,,,,16.3,2.16,196.0,1482.0,49203000000.0,15400000.0,,0.029998779296875,,,,,,,,
2015-01-15,036800,,,,,,,,,,,,,,,,,,,,,,,,,,14.51,3.79,2006.0,7672.0,291000000000.0,10000000.0,,0.029998779296875,,,,,,,,
2015-01-15,192240,,,,,,,,,,,,,,,,,,,,,,,,,,,,,,,,,0.029998779296875,,,,,,,,
2015-01-15,001260,,,,,,,,,,,,,,,,,,,,,,,,,,0.0,0.71,0.0,3620.0,21299045550.0,8271474.0,,0.029998779296875,,,,,,,,
2015-01-15,008350,,,,,,,,,,,,,,,,,,,,,,,,,,13.16,1.79,87.0,641.0,126155058050.0,110179090.0,,0.029998779296875,,,,,,,,
2015-01-15,008355,,,,,,,,,,,,,,,,,,,,,,,,,,0.0,0.0,0.0,0.0,1140732450.0,307890.0,,0.029998779296875,,,,,,,,
2015-01-15,004270,,,,,,,,,,,,,,,,,,,,,,,,,,0.0,0.58,0.0,21717.0,45265200000.0,3621216.0,,0.029998779296875,,,,,,,,
2015-01-15,003920,,,,,,,,,,,,,,,,,,,,,,,,,,0.0,0.73,0.0,932139.0,489600000000.0,720000.0,,0.029998779296875,,,,,,,,
2015-01-15,003925,,,,,,,,,,,,,,,,,,,,,,,,,,0.0,0.0,0.0,0.0,42915465000.0,166662.0,,0.029998779296875,,,,,,,,
2015-01-15,002070,,,,,,,,,,,,,,,,,,,,,,,,,,0.0,0.38,0.0,20493.0,53501291550.0,6867945.0,,0.029998779296875,,,,,,,,
2015-01-15,025860,,,,,,,,,,,,,,,,,,,,,,,,,,34.22,1.3,270.0,7132.0,459032509320.0,49678843.0,,0.029998779296875,,,,,,,,
2015-01-15,091590,,,,,,,,,,,,,,,,,,,,,,,,,,10.34,0.54,496.0,9470.0,60226200000.0,11740000.0,,0.029998779296875,,,,,,,,
2015-01-15,168330,,,,,,,,,,,,,,,,,,,,,,,,,,21.69,9.27,2287.0,5353.0,958977907200.0,19334232.0,,0.029998779296875,,,,,,,,
2015-01-15,037340,,,,,,,,,,,,,,,,,,,,,,,,,,0.0,4.58,0.0,401.0,84843287540.0,46236124.0,,0.029998779296875,,,,,,,,
2015-01-15,095660,,,,,,,,,,,,,,,,,,,,,,,,,,10.19,1.64,2168.0,13474.0,484321676800.0,21915008.0,,0.029998779296875,,,,,,,,
2015-01-15,104200,,,,,,,,,,,,,,,,,,,,,,,,,,18.96,3.79,662.0,3314.0,169770752500.0,13527550.0,,0.029998779296875,,,,,,,,
2015-01-15,042420,,,,,,,,,,,,,,,,,,,,,,,,,,6.02,0.73,2482.0,20587.0,136895146700.0,9156866.0,,0.029998779296875,,,,,,,,
2015-01-15,085910,,,,,,,,,,,,,,,,,,,,,,,,,,15.97,0.71,284.0,6422.0,45057850765.0,9935579.0,,0.029998779296875,,,,,,,,
2015-01-15,092730,,,,,,,,,,,,,,,,,,,,,,,,,,56.2,3.57,258.0,4066.0,108187936500.0,7461237.0,,0.029998779296875,,,,,,,,
2015-01-15,101400,,,,,,,,,,,,,,,,,,,,,,,,,,0.0,1.32,0.0,1672.0,18490318000.0,8404690.0,,0.029998779296875,,,,,,,,
2015-01-15,153460,,,,,,,,,,,,,,,,,,,,,,,,,,25.47,1.21,245.0,5146.0,30339853440.0,4862156.0,,0.029998779296875,,,,,,,,
2015-01-15,007390,,,,,,,,,,,,,,,,,,,,,,,,,,0.0,4.0,0.0,291.0,45119627510.0,38729294.0,,0.029998779296875,,,,,,,,
2015-01-15,033640,,,,,,,,,,,,,,,,,,,,,,,,,,0.0,1.52,0.0,5829.0,193589293380.0,21825174.0,,0.029998779296875,,,,,,,,
2015-01-15,087730,,,,,,,,,,,,,,,,,,,,,,,,,,19.92,4.09,738.0,3594.0,42042000000.0,2860000.0,,0.029998779296875,,,,,,,,
2015-01-15,005720,,,,,,,,,,,,,,,,,,,,,,,,,,6.57,0.81,13309.0,107713.0,445201487500.0,5088017.0,,0.029998779296875,,,,,,,,
2015-01-15,005725,,,,,,,,,,,,,,,,,,,,,,,,,,0.0,0.0,0.0,0.0,14150358000.0,360060.0,,0.029998779296875,,,,,,,,
2015-01-15,002350,,,,,,,,,,,,,,,,,,,,,,,,,,11.33,1.78,1227.0,7819.0,1340180690300.0,96415877.0,,0.029998779296875,,,,,,,,
2015-01-15,002355,,,,,,,,,,,,,,,,,,,,,,,,,,0.0,0.0,0.0,0.0,34190000000.0,6500000.0,,0.029998779296875,,,,,,,,
2015-01-15,073070,,,,,,,,,,,,,,,,,,,,,,,,,,28.46,1.44,140.0,2767.0,57782500000.0,14500000.0,,0.029998779296875,,,,,,,,
2015-01-15,110570,,,,,,,,,,,,,,,,,,,,,,,,,,0.0,1.01,0.0,312.0,42170836478.0,134302027.0,,0.029998779296875,,,,,,,,
2015-01-15,089140,,,,,,,,,,,,,,,,,,,,,,,,,,8.45,1.09,589.0,4561.0,28855000000.0,5800000.0,,0.029998779296875,,,,,,,,
2015-01-15,139670,,,,,,,,,,,,,,,,,,,,,,,,,,10.79,2.11,621.0,3174.0,47013303700.0,7016911.0,,0.029998779296875,,,,,,,,
2015-01-15,137940,,,,,,,,,,,,,,,,,,,,,,,,,,7.46,1.03,558.0,4056.0,33942017760.0,8149344.0,,0.029998779296875,,,,,,,,
2015-01-15,092600,,,,,,,,,,,,,,,,,,,,,,,,,,0.0,0.95,0.0,3647.0,45876375000.0,13297500.0,,0.029998779296875,,,,,,,,
2015-01-15,041140,,,,,,,,,,,,,,,,,,,,,,,,,,23.58,4.96,581.0,2761.0,484614511400.0,35373322.0,,0.029998779296875,,,,,,,,
2015-01-15,090350,,,,,,,,,,,,,,,,,,,,,,,,,,16.24,0.83,577.0,11271.0,187400000000.0,20000000.0,,0.029998779296875,,,,,,,,
2015-01-15,090355,,,,,,,,,,,,,,,,,,,,,,,,,,0.0,0.0,0.0,0.0,3135363020.0,463126.0,,0.029998779296875,,,,,,,,
2015-01-15,000320,,,,,,,,,,,,,,,,,,,,,,,,,,9.6,1.21,2499.0,19825.0,316766664000.0,13198611.0,,0.029998779296875,,,,,,,,
2015-01-15,000327,,,,,,,,,,,,,,,,,,,,,,,,,,0.0,0.0,0.0,0.0,2193198000.0,92540.0,,0.029998779296875,,,,,,,,
2015-01-15,000325,,,,,,,,,,,,,,,,,,,,,,,,,,0.0,0.0,0.0,0.0,2667600000.0,185250.0,,0.029998779296875,,,,,,,,
2015-01-15,006280,,,,,,,,,,,,,,,,,,,,,,,,,,21.91,1.91,6140.0,70432.0,1571839361000.0,11686538.0,,0.029998779296875,,,,,,,,
2015-01-15,031390,,,,,,,,,,,,,,,,,,,,,,,,,,0.0,8.83,0.0,3347.0,345614997450.0,11695939.0,,0.029998779296875,,,,,,,,
2015-01-15,142280,,,,,,,,,,,,,,,,,,,,,,,,,,92.07,12.32,290.0,2167.0,255252000000.0,9560000.0,,0.029998779296875,,,,,,,,
2015-01-15,005250,,,,,,,,,,,,,,,,,,,,,,,,,,21.92,1.57,974.0,13587.0,1004052283500.0,47028210.0,,0.029998779296875,,,,,,,,
2015-01-15,005255,,,,,,,,,,,,,,,,,,,,,,,,,,0.0,0.0,0.0,0.0,22863519000.0,1668870.0,,0.029998779296875,,,,,,,,
2015-01-15,005257,,,,,,,,,,,,,,,,,,,,,,,,,,0.0,0.0,0.0,0.0,11463164500.0,845990.0,,0.029998779296875,,,,,,,,
2015-01-15,004370,,,,,,,,,,,,,,,,,,,,,,,,,,15.83,0.98,15286.0,246461.0,1471999364000.0,6082642.0,,0.029998779296875,,,,,,,,
2015-01-15,072710,,,,,,,,,,,,,,,,,,,,,,,,,,10.22,0.69,10516.0,156712.0,498562425000.0,4637790.0,,0.029998779296875,,,,,,,,
2015-01-15,054050,,,,,,,,,,,,,,,,,,,,,,,,,,24.53,2.05,907.0,10845.0,318175000000.0,14300000.0,,0.029998779296875,,,,,,,,
2015-01-15,040160,,,,,,,,,,,,,,,,,,,,,,,,,,8.77,1.61,578.0,3154.0,61121562450.0,12055535.0,,0.029998779296875,,,,,,,,
2015-01-15,069140,,,,,,,,,,,,,,,,,,,,,,,,,,0.0,0.79,0.0,5538.0,19976365200.0,4540083.0,,0.029998779296875,,,,,,,,
2015-01-15,126870,,,,,,,,,,,,,,,,,,,,,,,,,,13.48,1.13,577.0,6904.0,43614726680.0,5606006.0,,0.029998779296875,,,,,,,,
2015-01-15,060260,,,,,,,,,,,,,,,,,,,,,,,,,,59.85,1.17,13.0,663.0,19149628982.0,24613919.0,,0.029998779296875,,,,,,,,
2015-01-15,012340,,,,,,,,,,,,,,,,,,,,,,,,,,0.0,1.63,0.0,516.0,32101384720.0,38125160.0,,0.029998779296875,,,,,,,,
2015-01-15,900100,,,,,,,,,,,,,,,,,,,,,,,,,,,,,,,,,0.029998779296875,,,,,,,,
2015-01-15,085670,,,,,,,,,,,,,,,,,,,,,,,,,,0.0,0.81,0.0,2839.0,28059934980.0,12147158.0,,0.029998779296875,,,,,,,,
2015-01-15,053290,,,,,,,,,,,,,,,,,,,,,,,,,,8.18,1.05,462.0,3608.0,43657110000.0,11549500.0,,0.029998779296875,,,,,,,,
2015-01-15,063840,,,,,,,,,,,,,,,,,,,,,,,,,,,,,,,,,0.029998779296875,,,,,,,,
2015-01-15,119860,,,,,,,,,,,,,,,,,,,,,,,,,,13.3,1.43,861.0,7984.0,75855230950.0,6624911.0,,0.029998779296875,,,,,,,,
2015-01-15,064260,,,,,,,,,,,,,,,,,,,,,,,,,,65.58,2.29,154.0,4403.0,212838097900.0,21073079.0,,0.029998779296875,,,,,,,,
2015-01-15,204690,,,,,,,,,,,,,,,,,,,,,,,,,,,,,,,,,0.029998779296875,,,,,,,,
2015-01-15,093640,,,,,,,,,,,,,,,,,,,,,,,,,,61.84,3.42,49.0,886.0,19454648280.0,6420676.0,,0.029998779296875,,,,,,,,
2015-01-15,039560,,,,,,,,,,,,,,,,,,,,,,,,,,102.82,1.08,78.0,7399.0,148177568120.0,18476006.0,,0.029998779296875,,,,,,,,
2015-01-15,023590,,,,,,,,,,,,,,,,,,,,,,,,,,22.09,0.91,661.0,16080.0,655052608200.0,44866617.0,,0.029998779296875,,,,,,,,
2015-01-15,032190,,,,,,,,,,,,,,,,,,,,,,,,,,19.56,1.4,542.0,7571.0,378420000000.0,35700000.0,,0.029998779296875,,,,,,,,
2015-01-15,020120,,,,,,,,,,,,,,,,,,,,,,,,,,68.09,3.36,47.0,952.0,50664156800.0,15832549.0,,0.029998779296875,,,,,,,,
2015-01-15,068240,,,,,,,,,,,,,,,,,,,,,,,,,,25.61,2.83,533.0,4818.0,164088752100.0,12021154.0,,0.029998779296875,,,,,,,,
2015-01-15,077280,,,,,,,,,,,,,,,,,,,,,,,,,,0.0,0.79,0.0,4162.0,35083700000.0,10696250.0,,0.029998779296875,,,,,,,,
2015-01-15,035720,,,,,,,,,,,,,,,,,,,,,,,,,,31.47,3.89,4906.0,39739.0,8977156297600.0,58142204.0,,0.029998779296875,,,,,,,,
2015-01-15,015590,,,,,,,,,,,,,,,,,,,,,,,,,,8.62,1.03,174.0,1459.0,82109835000.0,54739890.0,,0.029998779296875,,,,,,,,
2015-01-15,019680,,,,,,,,,,,,,,,,,,,,,,,,,,18.43,1.15,381.0,6131.0,594614007000.0,84702850.0,,0.029998779296875,,,,,,,,
2015-01-15,019685,,,,,,,,,,,,,,,,,,,,,,,,,,0.0,0.0,0.0,0.0,84895946300.0,19426990.0,,0.029998779296875,,,,,,,,
2015-01-15,033830,,,,,,,,,,,,,,,,,,,,,,,,,,14.7,0.56,372.0,9749.0,54700000000.0,10000000.0,,0.029998779296875,,,,,,,,
2015-01-15,006370,,,,,,,,,,,,,,,,,,,,,,,,,,24.0,0.41,648.0,37514.0,168276051050.0,10821611.0,,0.029998779296875,,,,,,,,
2015-01-15,004130,,,,,,,,,,,,,,,,,,,,,,,,,,5.29,0.77,2635.0,18153.0,287029801350.0,20575613.0,,0.029998779296875,,,,,,,,
2015-01-15,004135,,,,,,,,,,,,,,,,,,,,,,,,,,0.0,0.0,0.0,0.0,15595200000.0,2160000.0,,0.029998779296875,,,,,,,,
2015-01-15,008060,,,,,,,,,,,,,,,,,,,,,,,,,,44.21,1.02,202.0,8787.0,435750959000.0,48796300.0,,0.029998779296875,,,,,,,,
2015-01-15,012860,,,,,,,,,,,,,,,,,,,,,,,,,,8.94,1.01,494.0,4351.0,119205000000.0,27000000.0,,0.029998779296875,,,,,,,,
2015-01-15,178600,,,,,,,,,,,,,,,,,,,,,,,,,,,,,,,,,0.029998779296875,,,,,,,,
2015-01-15,000490,,,,,,,,,,,,,,,,,,,,,,,,,,0.0,1.07,0.0,9300.0,236095689500.0,23728210.0,,0.029998779296875,,,,,,,,
2015-01-15,020400,,,,,,,,,,,,,,,,,,,,,,,,,,29.22,0.65,818.0,36853.0,11472000000.0,480000.0,,0.029998779296875,,,,,,,,
2015-01-15,008830,,,,,,,,,,,,,,,,,,,,,,,,,,225.9,0.33,83.0,56310.0,16851600000.0,898752.0,,0.029998779296875,,,,,,,,
2015-01-15,048470,,,,,,,,,,,,,,,,,,,,,,,,,,53.75,0.55,60.0,5889.0,32250000000.0,10000000.0,,0.029998779296875,,,,,,,,
2015-01-15,008110,,,,,,,,,,,,,,,,,,,,,,,,,,6.46,0.41,631.0,9998.0,42748571525.0,10490447.0,,0.029998779296875,,,,,,,,
2015-01-15,004780,,,,,,,,,,,,,,,,,,,,,,,,,,45.47,1.51,128.0,3856.0,92556618180.0,15903199.0,,0.029998779296875,,,,,,,,
2015-01-15,005750,,,,,,,,,,,,,,,,,,,,,,,,,,0.0,0.4,0.0,9231.0,56194564920.0,15167224.0,,0.029998779296875,,,,,,,,
2015-01-15,000210,,,,,,,,,,,,,,,,,,,,,,,,,,0.0,0.48,0.0,122126.0,2025360000000.0,34800000.0,,0.029998779296875,,,,,,,,
2015-01-15,000215,,,,,,,,,,,,,,,,,,,,,,,,,,0.0,0.0,0.0,0.0,90440000000.0,3800000.0,,0.029998779296875,,,,,,,,
2015-01-15,017650,,,,,,,,,,,,,,,,,,,,,,,,,,5.18,0.42,792.0,9761.0,36900000000.0,9000000.0,,0.029998779296875,,,,,,,,
2015-01-15,006570,,,,,,,,,,,,,,,,,,,,,,,,,,0.0,0.49,0.0,8638.0,63945000000.0,15225000.0,,0.029998779296875,,,,,,,,
2015-01-15,007720,,,,,,,,,,,,,,,,,,,,,,,,,,15.84,1.2,58.0,765.0,92635613550.0,100800450.0,,0.029998779296875,,,,,,,,
2015-01-15,078140,,,,,,,,,,,,,,,,,,,,,,,,,,22.56,2.58,450.0,3941.0,112528776850.0,11086579.0,,0.029998779296875,,,,,,,,
2015-01-15,001680,,,,,,,,,,,,,,,,,,,,,,,,,,10.7,1.71,3027.0,18974.0,1114935030000.0,34411575.0,,0.029998779296875,,,,,,,,
2015-01-15,001689,,,,,,,,,,,,,,,,,,,,,,,,,,0.0,0.0,0.0,0.0,7046210000.0,236450.0,,0.029998779296875,,,,,,,,
2015-01-15,001685,,,,,,,,,,,,,,,,,,,,,,,,,,0.0,0.0,0.0,0.0,16648209450.0,1370223.0,,0.029998779296875,,,,,,,,
2015-01-15,084690,,,,,,,,,,,,,,,,,,,,,,,,,,22.65,1.51,777.0,11631.0,637340668800.0,36212538.0,,0.029998779296875,,,,,,,,
2015-01-15,084695,,,,,,,,,,,,,,,,,,,,,,,,,,0.0,0.0,0.0,0.0,6485722200.0,913482.0,,0.029998779296875,,,,,,,,
2015-01-15,036480,,,,,,,,,,,,,,,,,,,,,,,,,,41.76,0.92,1141.0,51884.0,18107000000.0,380000.0,,0.029998779296875,,,,,,,,
2015-01-15,128820,,,,,,,,,,,,,,,,,,,,,,,,,,0.0,0.17,0.0,50058.0,35401690300.0,4087955.0,,0.029998779296875,,,,,,,,
2015-01-15,117580,,,,,,,,,,,,,,,,,,,,,,,,,,12.42,0.57,454.0,9976.0,155100000000.0,27500000.0,,0.029998779296875,,,,,,,,
2015-01-15,025440,,,,,,,,,,,,,,,,,,,,,,,,,,0.0,2.07,0.0,382.0,54247699734.0,68755006.0,,0.029998779296875,,,,,,,,
2015-01-15,027830,,,,,,,,,,,,,,,,,,,,,,,,,,0.0,1.47,0.0,1116.0,65400000000.0,40000000.0,,0.029998779296875,,,,,,,,
2015-01-15,104040,,,,,,,,,,,,,,,,,,,,,,,,,,5.39,0.62,633.0,5497.0,18203149470.0,5338167.0,,0.029998779296875,,,,,,,,
2015-01-15,005620,,,,,,,,,,,,,,,,,,,,,,,,,,0.0,0.12,0.0,273808.0,56670925500.0,1799077.0,,0.029998779296875,,,,,,,,
2015-01-15,016710,,,,,,,,,,,,,,,,,,,,,,,,,,8.44,0.48,1250.0,21878.0,169743792450.0,16089459.0,,0.029998779296875,,,,,,,,
2015-01-15,020180,,,,,,,,,,,,,,,,,,,,,,,,,,0.0,1.22,0.0,537.0,25094081495.0,38428915.0,,0.029998779296875,,,,,,,,
2015-01-15,003540,,,,,,,,,,,,,,,,,,,,,,,,,,52.73,0.52,187.0,18837.0,500625724000.0,50773400.0,,0.029998779296875,,,,,,,,
2015-01-15,003547,,,,,,,,,,,,,,,,,,,,,,,,,,0.0,0.0,0.0,0.0,56300000000.0,10000000.0,,0.029998779296875,,,,,,,,
2015-01-15,003545,,,,,,,,,,,,,,,,,,,,,,,,,,0.0,0.0,0.0,0.0,157560000000.0,26000000.0,,0.029998779296875,,,,,,,,
2015-01-15,045390,,,,,,,,,,,,,,,,,,,,,,,,,,35.37,1.69,41.0,859.0,102646996400.0,70791032.0,,0.029998779296875,,,,,,,,
2015-01-15,009190,,,,,,,,,,,,,,,,,,,,,,,,,,0.0,1.74,0.0,321.0,34490214640.0,61589669.0,,0.029998779296875,,,,,,,,
2015-01-15,108380,,,,,,,,,,,,,,,,,,,,,,,,,,8.18,1.0,1596.0,13061.0,124853695650.0,9567333.0,,0.029998779296875,,,,,,,,
2015-01-15,006580,,,,,,,,,,,,,,,,,,,,,,,,,,7.9,0.39,1747.0,35107.0,37053000000.0,2685000.0,,0.029998779296875,,,,,,,,
2015-01-15,014160,,,,,,,,,,,,,,,,,,,,,,,,,,13.36,0.74,70.0,1263.0,88815397550.0,94989730.0,,0.029998779296875,,,,,,,,
2015-01-15,047040,,,,,,,,,,,,,,,,,,,,,,,,,,0.0,0.83,0.0,6247.0,2165393943980.0,415622638.0,,0.029998779296875,,,,,,,,
2015-01-15,009320,,,,,,,,,,,,,,,,,,,,,,,,,,0.0,2.14,0.0,431.0,35021713188.0,37902287.0,,0.029998779296875,,,,,,,,
2015-01-15,204440,,,,,,,,,,,,,,,,,,,,,,,,,,0.0,0.0,0.0,0.0,11931250000.0,5750000.0,,0.029998779296875,,,,,,,,
2015-01-15,047050,,,,,,,,,,,,,,,,,,,,,,,,,,23.97,1.49,1214.0,19561.0,3313800068100.0,113876291.0,,0.029998779296875,,,,,,,,
2015-01-15,042660,,,,,,,,,,,,,,,,,,,,,,,,,,11.88,0.66,1423.0,25749.0,3234503810200.0,191390758.0,,0.029998779296875,,,,,,,,
2015-01-15,006800,,,,,,,,,,,,,,,,,,,,,,,,,,0.0,0.86,0.0,11468.0,3211469758530.0,326700891.0,,0.029998779296875,,,,,,,,
2015-01-15,006805,,,,,,,,,,,,,,,,,,,,,,,,,,0.0,0.0,0.0,0.0,71223295000.0,14075750.0,,0.029998779296875,,,,,,,,
2015-01-15,003090,,,,,,,,,,,,,,,,,,,,,,,,,,9.49,1.34,4816.0,34229.0,531417697200.0,11628396.0,,0.029998779296875,,,,,,,,
2015-01-15,069620,,,,,,,,,,,,,,,,,,,,,,,,,,11.95,1.81,5658.0,37429.0,783252470000.0,11586575.0,,0.029998779296875,,,,,,,,
2015-01-15,000430,,,,,,,,,,,,,,,,,,,,,,,,,,11.57,0.88,508.0,6680.0,364560000000.0,62000000.0,,0.029998779296875,,,,,,,,
2015-01-15,048910,,,,,,,,,,,,,,,,,,,,,,,,,,0.0,1.58,0.0,4292.0,65315505320.0,9662057.0,,0.029998779296875,,,,,,,,
2015-01-15,005710,,,,,,,,,,,,,,,,,,,,,,,,,,5.52,0.93,1731.0,10306.0,173962800000.0,18216000.0,,0.029998779296875,,,,,,,,
2015-01-15,006340,,,,,,,,,,,,,,,,,,,,,,,,,,15.18,0.74,51.0,1044.0,52714950354.0,68107171.0,,0.029998779296875,,,,,,,,
2015-01-15,006345,,,,,,,,,,,,,,,,,,,,,,,,,,0.0,0.0,0.0,0.0,2117929600.0,2621200.0,,0.029998779296875,,,,,,,,
2015-01-15,003220,,,,,,,,,,,,,,,,,,,,,,,,,,21.63,2.2,800.0,7859.0,283039037400.0,16360638.0,,0.029998779296875,,,,,,,,
2015-01-15,024890,,,,,,,,,,,,,,,,,,,,,,,,,,0.0,1.82,0.0,1119.0,73517810080.0,36126688.0,,0.029998779296875,,,,,,,,
2015-01-15,000300,,,,,,,,,,,,,,,,,,,,,,,,,,27.17,1.06,46.0,1177.0,110150657500.0,88120526.0,,0.029998779296875,,,,,,,,
2015-01-15,002880,,,,,,,,,,,,,,,,,,,,,,,,,,16.7,1.49,100.0,1119.0,144624354700.0,86601410.0,,0.029998779296875,,,,,,,,
2015-01-15,120240,,,,,,,,,,,,,,,,,,,,,,,,,,5.52,0.82,1691.0,11365.0,54106862840.0,5793026.0,,0.029998779296875,,,,,,,,
2015-01-15,003310,,,,,,,,,,,,,,,,,,,,,,,,,,20.91,0.53,33.0,1293.0,24420721500.0,35392350.0,,0.029998779296875,,,,,,,,
2015-01-15,114920,,,,,,,,,,,,,,,,,,,,,,,,,,,,,,,,,0.029998779296875,,,,,,,,
2015-01-15,078600,,,,,,,,,,,,,,,,,,,,,,,,,,0.0,1.04,0.0,5160.0,48963503740.0,9101023.0,,0.029998779296875,,,,,,,,
2015-01-15,065690,,,,,,,,,,,,,,,,,,,,,,,,,,0.0,0.45,0.0,6262.0,33111000000.0,11700000.0,,0.029998779296875,,,,,,,,
2015-01-15,012800,,,,,,,,,,,,,,,,,,,,,,,,,,0.0,0.47,0.0,1824.0,78654250637.0,91140499.0,,0.029998779296875,,,,,,,,
2015-01-15,015230,,,,,,,,,,,,,,,,,,,,,,,,,,4.66,0.73,8989.0,57482.0,83800000000.0,2000000.0,,0.029998779296875,,,,,,,,
2015-01-15,096350,,,,,,,,,,,,,,,,,,,,,,,,,,0.0,0.35,0.0,7185.0,28392000000.0,11200000.0,,0.029998779296875,,,,,,,,
2015-01-15,140520,,,,,,,,,,,,,,,,,,,,,,,,,,9.74,0.37,310.0,8219.0,43989320000.0,14566000.0,,0.029998779296875,,,,,,,,
2015-01-15,131220,,,,,,,,,,,,,,,,,,,,,,,,,,54.59,2.05,109.0,2897.0,37619440250.0,6322595.0,,0.029998779296875,,,,,,,,
2015-01-15,010170,,,,,,,,,,,,,,,,,,,,,,,,,,0.0,0.42,0.0,2165.0,42500676065.0,46962073.0,,0.029998779296875,,,,,,,,
2015-01-15,054670,,,,,,,,,,,,,,,,,,,,,,,,,,0.0,3.11,0.0,4991.0,222501260000.0,14354920.0,,0.029998779296875,,,,,,,,
2015-01-15,001070,,,,,,,,,,,,,,,,,,,,,,,,,,20.16,0.55,1853.0,67837.0,39591000000.0,1060000.0,,0.029998779296875,,,,,,,,
2015-01-15,023910,,,,,,,,,,,,,,,,,,,,,,,,,,16.96,2.37,1297.0,9277.0,132000000000.0,6000000.0,,0.029998779296875,,,,,,,,
2015-01-15,006650,,,,,,,,,,,,,,,,,,,,,,,,,,10.08,0.62,7442.0,120516.0,487500000000.0,6500000.0,,0.029998779296875,,,,,,,,
2015-01-15,001440,,,,,,,,,,,,,,,,,,,,,,,,,,0.0,0.91,0.0,1320.0,196244022000.0,163536685.0,,0.029998779296875,,,,,,,,
2015-01-15,084010,,,,,,,,,,,,,,,,,,,,,,,,,,8.26,0.37,685.0,15205.0,139500514440.0,24646734.0,,0.029998779296875,,,,,,,,
2015-01-15,001790,,,,,,,,,,,,,,,,,,,,,,,,,,18.64,0.54,1328.0,46259.0,185840820000.0,7508720.0,,0.029998779296875,,,,,,,,
2015-01-15,001799,,,,,,,,,,,,,,,,,,,,,,,,,,0.0,0.0,0.0,0.0,2485058000.0,108046.0,,0.029998779296875,,,,,,,,
2015-01-15,001795,,,,,,,,,,,,,,,,,,,,,,,,,,0.0,0.0,0.0,0.0,6482760000.0,540230.0,,0.029998779296875,,,,,,,,
2015-01-15,001130,,,,,,,,,,,,,,,,,,,,,,,,,,14.32,0.44,11070.0,358363.0,267865000000.0,1690000.0,,0.029998779296875,,,,,,,,
2015-01-15,003490,,,,,,,,,,,,,,,,,,,,,,,,,,0.0,1.02,0.0,44274.0,2649196025700.0,58675438.0,,0.029998779296875,,,,,,,,
2015-01-15,003495,,,,,,,,,,,,,,,,,,,,,,,,,,0.0,0.0,0.0,0.0,18716878900.0,1110794.0,,0.029998779296875,,,,,,,,
2015-01-15,005880,,,,,,,,,,,,,,,,,,,,,,,,,,0.41,1.26,51371.0,16866.0,517621489600.0,24416108.0,,0.029998779296875,,,,,,,,
2015-01-15,003830,,,,,,,,,,,,,,,,,,,,,,,,,,15.87,0.24,4475.0,299762.0,94288000000.0,1328000.0,,0.029998779296875,,,,,,,,
2015-01-15,016090,,,,,,,,,,,,,,,,,,,,,,,,,,13.32,1.12,199.0,2374.0,119998121500.0,45282310.0,,0.029998779296875,,,,,,,,
2015-01-15,069460,,,,,,,,,,,,,,,,,,,,,,,,,,0.0,0.91,0.0,1454.0,35817987480.0,27134839.0,,0.029998779296875,,,,,,,,
2015-01-15,021040,,,,,,,,,,,,,,,,,,,,,,,,,,0.0,1.22,0.0,669.0,40791840364.0,50112826.0,,0.029998779296875,,,,,,,,
2015-01-15,021045,,,,,,,,,,,,,,,,,,,,,,,,,,0.0,0.0,0.0,0.0,2197597388.0,4242466.0,,0.029998779296875,,,,,,,,
2015-01-15,067080,,,,,,,,,,,,,,,,,,,,,,,,,,89.37,2.56,95.0,3314.0,154730029260.0,18224974.0,,0.029998779296875,,,,,,,,
2015-01-15,012510,,,,,,,,,,,,,,,,,,,,,,,,,,21.82,3.55,495.0,3038.0,320465160000.0,29672700.0,,0.029998779296875,,,,,,,,
2015-01-15,077360,,,,,,,,,,,,,,,,,,,,,,,,,,9.15,1.52,1219.0,7334.0,327724925500.0,29392370.0,,0.029998779296875,,,,,,,,
2015-01-15,004830,,,,,,,,,,,,,,,,,,,,,,,,,,8.29,0.67,298.0,3675.0,38729600000.0,15680000.0,,0.029998779296875,,,,,,,,
2015-01-15,004835,,,,,,,,,,,,,,,,,,,,,,,,,,0.0,0.0,0.0,0.0,2074080000.0,1392000.0,,0.029998779296875,,,,,,,,
2015-01-15,090410,,,,,,,,,,,,,,,,,,,,,,,,,,4.95,1.53,1969.0,6384.0,78117000000.0,8012000.0,,0.029998779296875,,,,,,,,
2015-01-15,024900,,,,,,,,,,,,,,,,,,,,,,,,,,67.93,1.62,41.0,1715.0,90693469300.0,32564980.0,,0.029998779296875,,,,,,,,
2015-01-15,194480,,,,,,,,,,,,,,,,,,,,,,,,,,13.23,19.41,3633.0,2475.0,518940000000.0,10800000.0,,0.029998779296875,,,,,,,,
2015-01-15,199150,,,,,,,,,,,,,,,,,,,,,,,,,,,,,,,,,0.029998779296875,,,,,,,,
2015-01-15,183410,,,,,,,,,,,,,,,,,,,,,,,,,,,,,,,,,0.029998779296875,,,,,,,,
2015-01-15,017680,,,,,,,,,,,,,,,,,,,,,,,,,,2.8,1.58,357.0,633.0,37444310000.0,37444310.0,,0.029998779296875,,,,,,,,
2015-01-15,008000,,,,,,,,,,,,,,,,,,,,,,,,,,41.3,2.06,345.0,6906.0,660684876750.0,46363851.0,,0.029998779296875,,,,,,,,
2015-01-15,067990,,,,,,,,,,,,,,,,,,,,,,,,,,0.0,2.29,0.0,1962.0,117790936380.0,26263308.0,,0.029998779296875,,,,,,,,
2015-01-15,002150,,,,,,,,,,,,,,,,,,,,,,,,,,26.44,0.66,163.0,6485.0,145333200000.0,33720000.0,,0.029998779296875,,,,,,,,
2015-01-15,100130,,,,,,,,,,,,,,,,,,,,,,,,,,69.33,0.78,45.0,4001.0,178286160000.0,57143000.0,,0.029998779296875,,,,,,,,
2015-01-15,005160,,,,,,,,,,,,,,,,,,,,,,,,,,17.78,0.61,216.0,6336.0,192000000000.0,50000000.0,,0.029998779296875,,,,,,,,
2015-01-15,001620,,,,,,,,,,,,,,,,,,,,,,,,,,3.06,0.38,810.0,6529.0,65309609600.0,26334520.0,,0.029998779296875,,,,,,,,
2015-01-15,075970,,,,,,,,,,,,,,,,,,,,,,,,,,0.0,0.38,0.0,3987.0,28152000000.0,18400000.0,,0.029998779296875,,,,,,,,
2015-01-15,001230,,,,,,,,,,,,,,,,,,,,,,,,,,0.0,0.18,0.0,33348.0,524951553900.0,88824290.0,,0.029998779296875,,,,,,,,
2015-01-15,086450,,,,,,,,,,,,,,,,,,,,,,,,,,20.53,2.13,1890.0,18205.0,345009600000.0,8892000.0,,0.029998779296875,,,,,,,,
2015-01-15,023450,,,,,,,,,,,,,,,,,,,,,,,,,,17.44,0.88,1949.0,38609.0,43516022000.0,1279883.0,,0.029998779296875,,,,,,,,
2015-01-15,004140,,,,,,,,,,,,,,,,,,,,,,,,,,0.0,0.47,0.0,4319.0,44016518650.0,21523970.0,,0.029998779296875,,,,,,,,
2015-01-15,099410,,,,,,,,,,,,,,,,,,,,,,,,,,0.0,0.65,0.0,3364.0,24118604400.0,10963002.0,,0.029998779296875,,,,,,,,
2015-01-15,007590,,,,,,,,,,,,,,,,,,,,,,,,,,11.98,0.75,526.0,8393.0,85790735100.0,13617577.0,,0.029998779296875,,,,,,,,
2015-01-15,012030,,,,,,,,,,,,,,,,,,,,,,,,,,0.0,0.16,0.0,13522.0,38701843000.0,18212632.0,,0.029998779296875,,,,,,,,
2015-01-15,005960,,,,,,,,,,,,,,,,,,,,,,,,,,0.0,0.09,0.0,7811.0,33927230514.0,50040163.0,,0.029998779296875,,,,,,,,
2015-01-15,005965,,,,,,,,,,,,,,,,,,,,,,,,,,0.0,0.0,0.0,0.0,1851670210.0,3342365.0,,0.029998779296875,,,,,,,,
2015-01-15,045890,,,,,,,,,,,,,,,,,,,,,,,,,,10.91,0.74,116.0,1701.0,32234975410.0,25482194.0,,0.029998779296875,,,,,,,,
2015-01-15,090710,,,,,,,,,,,,,,,,,,,,,,,,,,0.0,1.37,0.0,2168.0,26049032280.0,8741286.0,,0.029998779296875,,,,,,,,
2015-01-15,207760,,,,,,,,,,,,,,,,,,,,,,,,,,0.0,0.0,0.0,0.0,11742500000.0,5500000.0,,0.029998779296875,,,,,,,,
2015-01-15,016380,,,,,,,,,,,,,,,,,,,,,,,,,,0.0,0.07,0.0,22999.0,94006514200.0,60649364.0,,0.029998779296875,,,,,,,,
2015-01-15,016385,,,,,,,,,,,,,,,,,,,,,,,,,,0.0,0.0,0.0,0.0,4271307750.0,2565350.0,,0.029998779296875,,,,,,,,
2015-01-15,016610,,,,,,,,,,,,,,,,,,,,,,,,,,0.0,0.27,0.0,14067.0,159173958750.0,42446389.0,,0.029998779296875,,,,,,,,
2015-01-15,000990,,,,,,,,,,,,,,,,,,,,,,,,,,0.0,0.98,0.0,4600.0,200542600640.0,44367832.0,,0.029998779296875,,,,,,,,
2015-01-15,000995,,,,,,,,,,,,,,,,,,,,,,,,,,0.0,0.0,0.0,0.0,2527110000.0,112316.0,,0.029998779296875,,,,,,,,
2015-01-15,000997,,,,,,,,,,,,,,,,,,,,,,,,,,0.0,0.0,0.0,0.0,719640800.0,31019.0,,0.029998779296875,,,,,,,,
2015-01-15,005830,,,,,,,,,,,,,,,,,,,,,,,,,,12.15,1.4,4413.0,38363.0,3794880000000.0,70800000.0,,0.029998779296875,,,,,,,,
2015-01-15,083350,,,,,,,,,,,,,,,,,,,,,,,,,,,,,,,,,0.029998779296875,,,,,,,,
2015-01-15,083360,,,,,,,,,,,,,,,,,,,,,,,,,,,,,,,,,0.029998779296875,,,,,,,,
2015-01-15,083370,,,,,,,,,,,,,,,,,,,,,,,,,,,,,,,,,0.029998779296875,,,,,,,,
2015-01-15,083380,,,,,,,,,,,,,,,,,,,,,,,,,,,,,,,,,0.029998779296875,,,,,,,,
2015-01-15,083390,,,,,,,,,,,,,,,,,,,,,,,,,,,,,,,,,0.029998779296875,,,,,,,,
2015-01-15,026960,,,,,,,,,,,,,,,,,,,,,,,,,,18.34,2.31,1246.0,9904.0,2278145000000.0,99700000.0,,0.029998779296875,,,,,,,,
2015-01-15,002210,,,,,,,,,,,,,,,,,,,,,,,,,,0.0,1.7,0.0,2825.0,104696672600.0,21766460.0,,0.029998779296875,,,,,,,,
2015-01-15,013450,,,,,,,,,,,,,,,,,,,,,,,,,,8.24,1.25,790.0,5210.0,105786341220.0,16249822.0,,0.029998779296875,,,,,,,,
2015-01-15,102260,,,,,,,,,,,,,,,,,,,,,,,,,,305.45,1.21,22.0,5561.0,243362414400.0,36214645.0,,0.029998779296875,,,,,,,,
2015-01-15,033500,,,,,,,,,,,,,,,,,,,,,,,,,,20.88,2.42,363.0,3130.0,204535756220.0,26983609.0,,0.029998779296875,,,,,,,,
2015-01-15,005190,,,,,,,,,,,,,,,,,,,,,,,,,,16.61,1.05,945.0,14965.0,76566529300.0,4876849.0,,0.029998779296875,,,,,,,,
2015-01-15,025950,,,,,,,,,,,,,,,,,,,,,,,,,,5.14,0.59,954.0,8254.0,41160000000.0,8400000.0,,0.029998779296875,,,,,,,,
2015-01-15,000640,,,,,,,,,,,,,,,,,,,,,,,,,,38.62,1.15,3081.0,103718.0,533309329000.0,4481591.0,,0.029998779296875,,,,,,,,
2015-01-15,058730,,,,,,,,,,,,,,,,,,,,,,,,,,6.69,0.77,657.0,5716.0,55926375000.0,12725000.0,,0.029998779296875,,,,,,,,
2015-01-15,170900,,,,,,,,,,,,,,,,,,,,,,,,,,0.0,1.49,0.0,56976.0,654664560000.0,7701936.0,,0.029998779296875,,,,,,,,
2015-01-15,088130,,,,,,,,,,,,,,,,,,,,,,,,,,8.32,1.09,1001.0,7634.0,70576133250.0,8472525.0,,0.029998779296875,,,,,,,,
2015-01-15,008040,,,,,,,,,,,,,,,,,,,,,,,,,,0.0,1.39,0.0,2181.0,198148260960.0,65180349.0,,0.029998779296875,,,,,,,,
2015-01-15,028100,,,,,,,,,,,,,,,,,,,,,,,,,,39.35,0.63,186.0,11554.0,84180000000.0,11500000.0,,0.029998779296875,,,,,,,,
2015-01-15,007340,,,,,,,,,,,,,,,,,,,,,,,,,,7.95,0.74,2347.0,25168.0,442508923000.0,23727020.0,,0.029998779296875,,,,,,,,
2015-01-15,041930,,,,,,,,,,,,,,,,,,,,,,,,,,5.94,1.37,933.0,4030.0,87532000000.0,15800000.0,,0.029998779296875,,,,,,,,
2015-01-15,001520,,,,,,,,,,,,,,,,,,,,,,,,,,0.0,0.0,0.0,0.0,236706025920.0,235528384.0,,0.029998779296875,,,,,,,,
2015-01-15,001527,,,,,,,,,,,,,,,,,,,,,,,,,,0.0,0.0,0.0,0.0,1869928140.0,308569.0,,0.029998779296875,,,,,,,,
2015-01-15,001529,,,,,,,,,,,,,,,,,,,,,,,,,,0.0,0.0,0.0,0.0,725850980.0,89722.0,,0.029998779296875,,,,,,,,
2015-01-15,001780,,,,,,,,,,,,,,,,,,,,,,,,,,590.71,1.72,7.0,2411.0,237288236175.0,57385305.0,,0.029998779296875,,,,,,,,
2015-01-15,084670,,,,,,,,,,,,,,,,,,,,,,,,,,14.62,0.9,2653.0,43259.0,102897600000.0,2652000.0,,0.029998779296875,,,,,,,,
2015-01-15,030790,,,,,,,,,,,,,,,,,,,,,,,,,,0.0,0.0,0.0,0.0,23642403710.0,31314442.0,,0.029998779296875,,,,,,,,
2015-01-15,002900,,,,,,,,,,,,,,,,,,,,,,,,,,0.0,0.35,0.0,21432.0,49368619500.0,6538890.0,,0.029998779296875,,,,,,,,
2015-01-15,082640,,,,,,,,,,,,,,,,,,,,,,,,,,14.38,0.86,744.0,12440.0,1151024573000.0,107572390.0,,0.029998779296875,,,,,,,,
2015-01-15,038500,,,,,,,,,,,,,,,,,,,,,,,,,,0.0,1.58,0.0,2314.0,392927253180.0,107357173.0,,0.029998779296875,,,,,,,,
2015-01-15,060380,,,,,,,,,,,,,,,,,,,,,,,,,,8.44,0.4,241.0,5045.0,20350000000.0,10000000.0,,0.029998779296875,,,,,,,,
2015-01-15,001525,,,,,,,,,,,,,,,,,,,,,,,,,,0.0,0.0,0.0,0.0,1952029960.0,617731.0,,0.029998779296875,,,,,,,,
2015-01-15,079960,,,,,,,,,,,,,,,,,,,,,,,,,,3.45,0.62,3549.0,19633.0,96285000000.0,7860000.0,,0.029998779296875,,,,,,,,
2015-01-15,008970,,,,,,,,,,,,,,,,,,,,,,,,,,0.0,0.9,0.0,1221.0,89597006400.0,81451824.0,,0.029998779296875,,,,,,,,
2015-01-15,104460,,,,,,,,,,,,,,,,,,,,,,,,,,65.74,0.91,68.0,4927.0,47889903750.0,10713625.0,,0.029998779296875,,,,,,,,
2015-01-15,088910,,,,,,,,,,,,,,,,,,,,,,,,,,8.9,0.77,460.0,5314.0,93611700000.0,22860000.0,,0.029998779296875,,,,,,,,
2015-01-15,003580,,,,,,,,,,,,,,,,,,,,,,,,,,0.0,0.7,0.0,5102.0,16949662860.0,4714788.0,,0.029998779296875,,,,,,,,
2015-01-15,049770,,,,,,,,,,,,,,,,,,,,,,,,,,29.78,2.55,9471.0,110581.0,1088272968000.0,3859124.0,,0.029998779296875,,,,,,,,
2015-01-15,013120,,,,,,,,,,,,,,,,,,,,,,,,,,8.63,1.04,3617.0,29971.0,283321272000.0,9080810.0,,0.029998779296875,,,,,,,,
2015-01-15,018500,,,,,,,,,,,,,,,,,,,,,,,,,,6.19,0.93,294.0,1952.0,53186846440.0,29223542.0,,0.029998779296875,,,,,,,,
2015-01-15,006040,,,,,,,,,,,,,,,,,,,,,,,,,,13.53,1.65,22794.0,187471.0,1037547200000.0,3363200.0,,0.029998779296875,,,,,,,,
2015-01-15,030720,,,,,,,,,,,,,,,,,,,,,,,,,,0.0,0.7,0.0,10789.0,30853028400.0,4059609.0,,0.029998779296875,,,,,,,,
2015-01-15,014820,,,,,,,,,,,,,,,,,,,,,,,,,,49.33,2.67,450.0,8317.0,534566098800.0,24079554.0,,0.029998779296875,,,,,,,,
2015-01-15,014825,,,,,,,,,,,,,,,,,,,,,,,,,,0.0,0.0,0.0,0.0,3967102100.0,265358.0,,0.029998779296875,,,,,,,,
2015-01-15,163560,,,,,,,,,,,,,,,,,,,,,,,,,,7.43,0.83,1219.0,10949.0,104190000000.0,11500000.0,,0.029998779296875,,,,,,,,
2015-01-15,109860,,,,,,,,,,,,,,,,,,,,,,,,,,7.67,0.66,1075.0,12460.0,57750000000.0,7000000.0,,0.029998779296875,,,,,,,,
2015-01-15,032960,,,,,,,,,,,,,,,,,,,,,,,,,,8.97,0.96,1108.0,10384.0,53599352660.0,5392289.0,,0.029998779296875,,,,,,,,
2015-01-15,001530,,,,,,,,,,,,,,,,,,,,,,,,,,28.66,0.31,2558.0,235289.0,162267655100.0,2213747.0,,0.029998779296875,,,,,,,,
2015-01-15,004890,,,,,,,,,,,,,,,,,,,,,,,,,,16.39,0.52,4014.0,126394.0,159579147000.0,2425215.0,,0.029998779296875,,,,,,,,
2015-01-15,019300,,,,,,,,,,,,,,,,,,,,,,,,,,10.25,0.38,204.0,5470.0,82952100000.0,39690000.0,,0.029998779296875,,,,,,,,
2015-01-15,023790,,,,,,,,,,,,,,,,,,,,,,,,,,74.02,0.78,56.0,5282.0,30445377325.0,7345085.0,,0.029998779296875,,,,,,,,
2015-01-15,005290,,,,,,,,,,,,,,,,,,,,,,,,,,45.19,1.14,80.0,3161.0,151969264260.0,42038524.0,,0.029998779296875,,,,,,,,
2015-01-15,025900,,,,,,,,,,,,,,,,,,,,,,,,,,0.0,0.82,0.0,22990.0,290242688400.0,15356756.0,,0.029998779296875,,,,,,,,
2015-01-15,000020,,,,,,,,,,,,,,,,,,,,,,,,,,159.72,0.71,36.0,8135.0,160605952500.0,27931470.0,,0.029998779296875,,,,,,,,
2015-01-15,000150,,,,,,,,,,,,,,,,,,,,,,,,,,17.52,0.89,5849.0,115626.0,2180266020000.0,21270888.0,,0.029998779296875,,,,,,,,
2015-01-15,000157,,,,,,,,,,,,,,,,,,,,,,,,,,0.0,0.0,0.0,0.0,57366867000.0,985685.0,,0.029998779296875,,,,,,,,
2015-01-15,011160,,,,,,,,,,,,,,,,,,,,,,,,,,0.0,0.24,0.0,35080.0,467970758880.0,55185231.0,,0.029998779296875,,,,,,,,
2015-01-15,082740,,,,,,,,,,,,,,,,,,,,,,,,,,0.0,0.61,0.0,11367.0,484415000000.0,69500000.0,,0.029998779296875,,,,,,,,
2015-01-15,000155,,,,,,,,,,,,,,,,,,,,,,,,,,0.0,0.0,0.0,0.0,262458903000.0,4411074.0,,0.029998779296875,,,,,,,,
2015-01-15,042670,,,,,,,,,,,,,,,,,,,,,,,,,,0.0,0.67,0.0,14398.0,1997794673820.0,207455314.0,,0.029998779296875,,,,,,,,
2015-01-15,034020,,,,,,,,,,,,,,,,,,,,,,,,,,28.5,0.49,772.0,44524.0,2335481632000.0,106158256.0,,0.029998779296875,,,,,,,,
2015-01-15,078590,,,,,,,,,,,,,,,,,,,,,,,,,,0.0,2.69,0.0,626.0,16751415705.0,9941493.0,,0.029998779296875,,,,,,,,
2015-01-15,176750,,,,,,,,,,,,,,,,,,,,,,,,,,,,,,,,,0.029998779296875,,,,,,,,
2015-01-15,030350,,,,,,,,,,,,,,,,,,,,,,,,,,0.0,3.67,0.0,2340.0,120797159340.0,14078923.0,,0.029998779296875,,,,,,,,
2015-01-15,073190,,,,,,,,,,,,,,,,,,,,,,,,,,0.0,0.42,0.0,7409.0,18729982600.0,5984020.0,,0.029998779296875,,,,,,,,
2015-01-15,066670,,,,,,,,,,,,,,,,,,,,,,,,,,3.27,0.81,1604.0,6492.0,97945650320.0,18691918.0,,0.029998779296875,,,,,,,,
2015-01-15,024090,,,,,,,,,,,,,,,,,,,,,,,,,,53.65,1.41,301.0,11457.0,188955000000.0,11700000.0,,0.029998779296875,,,,,,,,
2015-01-15,003160,,,,,,,,,,,,,,,,,,,,,,,,,,85.0,2.08,86.0,3516.0,230241498350.0,31496785.0,,0.029998779296875,,,,,,,,
2015-01-15,074130,,,,,,,,,,,,,,,,,,,,,,,,,,0.0,2.64,0.0,680.0,33799850000.0,18830000.0,,0.029998779296875,,,,,,,,
2015-01-15,092200,,,,,,,,,,,,,,,,,,,,,,,,,,47.22,0.69,97.0,6598.0,99386000000.0,21700000.0,,0.029998779296875,,,,,,,,
2015-01-15,109740,,,,,,,,,,,,,,,,,,,,,,,,,,7.28,0.64,410.0,4636.0,19402500000.0,6500000.0,,0.029998779296875,,,,,,,,
2015-01-15,131030,,,,,,,,,,,,,,,,,,,,,,,,,,76.24,4.67,181.0,2958.0,225282033000.0,16324785.0,,0.029998779296875,,,,,,,,
2015-01-15,196490,,,,,,,,,,,,,,,,,,,,,,,,,,3.87,0.99,1181.0,4614.0,27619645020.0,6043686.0,,0.029998779296875,,,,,,,,
2015-01-15,066900,,,,,,,,,,,,,,,,,,,,,,,,,,3.7,1.09,1078.0,3669.0,90750566970.0,22744503.0,,0.029998779296875,,,,,,,,
2015-01-15,127120,,,,,,,,,,,,,,,,,,,,,,,,,,0.0,6.96,0.0,2155.0,76277910000.0,5085194.0,,0.029998779296875,,,,,,,,
2015-01-15,092070,,,,,,,,,,,,,,,,,,,,,,,,,,0.0,12.02,0.0,1835.0,237298307400.0,10761828.0,,0.029998779296875,,,,,,,,
2015-01-15,101000,,,,,,,,,,,,,,,,,,,,,,,,,,6.06,1.6,562.0,2125.0,43463548125.0,12764625.0,,0.029998779296875,,,,,,,,
2015-01-15,134580,,,,,,,,,,,,,,,,,,,,,,,,,,8.04,1.06,750.0,5671.0,45225000000.0,7500000.0,,0.029998779296875,,,,,,,,
2015-01-15,039840,,,,,,,,,,,,,,,,,,,,,,,,,,0.0,2.31,0.0,3479.0,95728866090.0,11921403.0,,0.029998779296875,,,,,,,,
2015-01-15,108860,,,,,,,,,,,,,,,,,,,,,,,,,,10.91,1.43,351.0,2686.0,84435969350.0,22045945.0,,0.029998779296875,,,,,,,,
2015-01-15,007120,,,,,,,,,,,,,,,,,,,,,,,,,,0.0,1.73,0.0,769.0,71184882440.0,53522468.0,,0.029998779296875,,,,,,,,
2015-01-15,013570,,,,,,,,,,,,,,,,,,,,,,,,,,5.22,0.51,1083.0,11018.0,116523340000.0,20623600.0,,0.029998779296875,,,,,,,,
2015-01-15,210540,,,,,,,,,,,,,,,,,,,,,,,,,,0.0,0.0,0.0,0.0,133604666800.0,11041708.0,,0.029998779296875,,,,,,,,
2015-01-15,079810,,,,,,,,,,,,,,,,,,,,,,,,,,0.0,0.64,0.0,2974.0,15811500000.0,8300000.0,,0.029998779296875,,,,,,,,
2015-01-15,113810,,,,,,,,,,,,,,,,,,,,,,,,,,0.0,0.58,0.0,1621.0,18153450000.0,19210000.0,,0.029998779296875,,,,,,,,
2015-01-15,043360,,,,,,,,,,,,,,,,,,,,,,,,,,0.0,0.45,0.0,5639.0,22680000000.0,9000000.0,,0.029998779296875,,,,,,,,
2015-01-15,197140,,,,,,,,,,,,,,,,,,,,,,,,,,,,,,,,,0.029998779296875,,,,,,,,
2015-01-15,106520,,,,,,,,,,,,,,,,,,,,,,,,,,2.7,0.76,3148.0,11146.0,47955356270.0,5635177.0,,0.029998779296875,,,,,,,,
2015-01-15,068930,,,,,,,,,,,,,,,,,,,,,,,,,,15.36,1.54,253.0,2516.0,85255248855.0,21944723.0,,0.029998779296875,,,,,,,,
2015-01-15,091690,,,,,,,,,,,,,,,,,,,,,,,,,,0.0,0.0,0.0,0.0,1426755220.0,15018476.0,,0.029998779296875,,,,,,,,
2015-01-15,033130,,,,,,,,,,,,,,,,,,,,,,,,,,34.17,2.55,114.0,1527.0,144563964965.0,37115267.0,,0.029998779296875,,,,,,,,
2015-01-15,033310,,,,,,,,,,,,,,,,,,,,,,,,,,6.58,1.62,320.0,1298.0,46251925155.0,21972411.0,,0.029998779296875,,,,,,,,
2015-01-15,105740,,,,,,,,,,,,,,,,,,,,,,,,,,9.3,0.76,704.0,8641.0,51453878700.0,7855554.0,,0.029998779296875,,,,,,,,
2015-01-15,187220,,,,,,,,,,,,,,,,,,,,,,,,,,34.37,10.24,691.0,2320.0,234033782500.0,9854054.0,,0.029998779296875,,,,,,,,
2015-01-15,026890,,,,,,,,,,,,,,,,,,,,,,,,,,149.81,1.54,26.0,2537.0,162336491625.0,41678175.0,,0.029998779296875,,,,,,,,
2015-01-15,189700,,,,,,,,,,,,,,,,,,,,,,,,,,,,,,,,,0.029998779296875,,,,,,,,
2015-01-15,131180,,,,,,,,,,,,,,,,,,,,,,,,,,19.0,1.31,110.0,1595.0,61341500000.0,29350000.0,,0.029998779296875,,,,,,,,
2015-01-15,042510,,,,,,,,,,,,,,,,,,,,,,,,,,0.0,4.24,0.0,357.0,48191562180.0,31809612.0,,0.029998779296875,,,,,,,,
2015-01-15,050120,,,,,,,,,,,,,,,,,,,,,,,,,,0.0,1.24,0.0,1143.0,51638056290.0,36493326.0,,0.029998779296875,,,,,,,,
2015-01-15,171120,,,,,,,,,,,,,,,,,,,,,,,,,,16.17,3.83,1710.0,7214.0,281018701250.0,10163425.0,,0.029998779296875,,,,,,,,
2015-01-15,115390,,,,,,,,,,,,,,,,,,,,,,,,,,12.77,0.95,830.0,11185.0,583000000000.0,55000000.0,,0.029998779296875,,,,,,,,
2015-01-15,200350,,,,,,,,,,,,,,,,,,,,,,,,,,,,,,,,,0.029998779296875,,,,,,,,
2015-01-15,171010,,,,,,,,,,,,,,,,,,,,,,,,,,11.71,1.52,375.0,2897.0,38439401920.0,8756128.0,,0.029998779296875,,,,,,,,
2015-01-15,084650,,,,,,,,,,,,,,,,,,,,,,,,,,67.02,6.58,326.0,3321.0,90014286950.0,4119647.0,,0.029998779296875,,,,,,,,
2015-01-15,141080,,,,,,,,,,,,,,,,,,,,,,,,,,0.0,7.12,0.0,2535.0,138197298000.0,7656360.0,,0.029998779296875,,,,,,,,
2015-01-15,060300,,,,,,,,,,,,,,,,,,,,,,,,,,71.53,2.54,85.0,2390.0,150595209920.0,24768949.0,,0.029998779296875,,,,,,,,
2015-01-15,038390,,,,,,,,,,,,,,,,,,,,,,,,,,16.48,2.34,1893.0,13352.0,267991776000.0,8589480.0,,0.029998779296875,,,,,,,,
2015-01-15,047440,,,,,,,,,,,,,,,,,,,,,,,,,,0.0,0.49,0.0,3247.0,26589006400.0,16618129.0,,0.029998779296875,,,,,,,,
2015-01-15,026040,,,,,,,,,,,,,,,,,,,,,,,,,,27.39,4.12,575.0,3822.0,259934692500.0,16503790.0,,0.029998779296875,,,,,,,,
2015-01-15,090360,,,,,,,,,,,,,,,,,,,,,,,,,,29.43,1.2,140.0,3426.0,32136000000.0,7800000.0,,0.029998779296875,,,,,,,,
2015-01-15,016170,,,,,,,,,,,,,,,,,,,,,,,,,,32.8,7.13,1349.0,6206.0,1119157946250.0,25291705.0,,0.029998779296875,,,,,,,,
2015-01-15,006490,,,,,,,,,,,,,,,,,,,,,,,,,,0.0,4.96,0.0,410.0,121428213940.0,59669884.0,,0.029998779296875,,,,,,,,
2015-01-15,071280,,,,,,,,,,,,,,,,,,,,,,,,,,5.74,0.52,506.0,5555.0,23891887810.0,8224402.0,,0.029998779296875,,,,,,,,
2015-01-15,000420,,,,,,,,,,,,,,,,,,,,,,,,,,0.0,0.0,0.0,0.0,15311892743.0,59119277.0,,0.029998779296875,,,,,,,,
2015-01-15,000425,,,,,,,,,,,,,,,,,,,,,,,,,,0.0,0.0,0.0,0.0,1388219850.0,1063770.0,,0.029998779296875,,,,,,,,
2015-01-15,032350,,,,,,,,,,,,,,,,,,,,,,,,,,0.0,3.02,0.0,4588.0,340898803200.0,24613632.0,,0.029998779296875,,,,,,,,
2015-01-15,000400,,,,,,,,,,,,,,,,,,,,,,,,,,36.87,0.7,75.0,3935.0,186029200000.0,67280000.0,,0.029998779296875,,,,,,,,
2015-01-15,023530,,,,,,,,,,,,,,,,,,,,,,,,,,9.58,0.5,26674.0,515186.0,8045922906000.0,31490892.0,,0.029998779296875,,,,,,,,
2015-01-15,004990,,,,,,,,,,,,,,,,,,,,,,,,,,51.33,0.94,36044.0,1978599.0,2629590000000.0,1421400.0,,0.029998779296875,,,,,,,,
2015-01-15,005300,,,,,,,,,,,,,,,,,,,,,,,,,,22.02,0.92,74371.0,1779294.0,2026538514000.0,1237203.0,,0.029998779296875,,,,,,,,
2015-01-15,005305,,,,,,,,,,,,,,,,,,,,,,,,,,0.0,0.0,0.0,0.0,90480000000.0,120000.0,,0.029998779296875,,,,,,,,
2015-01-15,011170,,,,,,,,,,,,,,,,,,,,,,,,,,17.32,0.81,8546.0,182525.0,5072762012000.0,34275419.0,,0.029998779296875,,,,,,,,
2015-01-15,002270,,,,,,,,,,,,,,,,,,,,,,,,,,7.51,1.11,83209.0,564019.0,855897500000.0,1369436.0,,0.029998779296875,,,,,,,,
2015-01-15,071840,,,,,,,,,,,,,,,,,,,,,,,,,,10.0,0.81,5469.0,67564.0,1291341846400.0,23607712.0,,0.029998779296875,,,,,,,,
2015-01-15,038060,,,,,,,,,,,,,,,,,,,,,,,,,,9.34,1.55,762.0,4606.0,336610702080.0,47276784.0,,0.029998779296875,,,,,,,,
2015-01-15,082800,,,,,,,,,,,,,,,,,,,,,,,,,,0.0,1.55,0.0,933.0,54819687500.0,37937500.0,,0.029998779296875,,,,,,,,
2015-01-15,051170,,,,,,,,,,,,,,,,,,,,,,,,,,0.0,0.57,0.0,1542.0,18484759125.0,21125439.0,,0.029998779296875,,,,,,,,
2015-01-15,085370,,,,,,,,,,,,,,,,,,,,,,,,,,0.0,8.0,0.0,3227.0,268501657800.0,10407041.0,,0.029998779296875,,,,,,,,
2015-01-15,042940,,,,,,,,,,,,,,,,,,,,,,,,,,13.11,0.7,37.0,688.0,9750557370.0,20104242.0,,0.029998779296875,,,,,,,,
2015-01-15,058470,,,,,,,,,,,,,,,,,,,,,,,,,,23.54,4.42,1718.0,9148.0,616553866500.0,15242370.0,,0.029998779296875,,,,,,,,
2015-01-15,039980,,,,,,,,,,,,,,,,,,,,,,,,,,33.98,2.25,83.0,1251.0,101509151460.0,35996153.0,,0.029998779296875,,,,,,,,
2015-01-15,197210,,,,,,,,,,,,,,,,,,,,,,,,,,,,,,,,,0.029998779296875,,,,,,,,
2015-01-15,012700,,,,,,,,,,,,,,,,,,,,,,,,,,12.97,2.53,1307.0,6707.0,453399448500.0,26749230.0,,0.029998779296875,,,,,,,,
2015-01-15,038340,,,,,,,,,,,,,,,,,,,,,,,,,,0.0,5.0,0.0,443.0,88040603965.0,39747451.0,,0.029998779296875,,,,,,,,
2015-01-15,131100,,,,,,,,,,,,,,,,,,,,,,,,,,0.0,0.49,0.0,4995.0,19188000000.0,7800000.0,,0.029998779296875,,,,,,,,
2015-01-15,014470,,,,,,,,,,,,,,,,,,,,,,,,,,21.82,2.65,543.0,4470.0,415211676000.0,35038960.0,,0.029998779296875,,,,,,,,
2015-01-15,042500,,,,,,,,,,,,,,,,,,,,,,,,,,13.15,2.3,457.0,2608.0,87667136780.0,14586878.0,,0.029998779296875,,,,,,,,
2015-01-15,027740,,,,,,,,,,,,,,,,,,,,,,,,,,0.0,0.56,0.0,1068.0,43344644140.0,72001070.0,,0.029998779296875,,,,,,,,
2015-01-15,098120,,,,,,,,,,,,,,,,,,,,,,,,,,19.53,3.32,653.0,3840.0,105987766500.0,8312766.0,,0.029998779296875,,,,,,,,
2015-01-15,038290,,,,,,,,,,,,,,,,,,,,,,,,,,44.4,4.85,1124.0,10281.0,294127416300.0,5894337.0,,0.029998779296875,,,,,,,,
2015-01-15,204320,,,,,,,,,,,,,,,,,,,,,,,,,,0.0,0.0,0.0,0.0,1582454944000.0,9391424.0,,0.029998779296875,,,,,,,,
2015-01-15,001080,,,,,,,,,,,,,,,,,,,,,,,,,,9.87,0.31,1671.0,52485.0,68475000000.0,4150000.0,,0.029998779296875,,,,,,,,
2015-01-15,005990,,,,,,,,,,,,,,,,,,,,,,,,,,19.7,1.35,1703.0,24775.0,449570000000.0,13400000.0,,0.029998779296875,,,,,,,,
2015-01-15,127160,,,,,,,,,,,,,,,,,,,,,,,,,,,,,,,,,0.029998779296875,,,,,,,,
2015-01-15,093520,,,,,,,,,,,,,,,,,,,,,,,,,,8.21,1.21,302.0,2055.0,40010068160.0,16133092.0,,0.029998779296875,,,,,,,,
2015-01-15,141070,,,,,,,,,,,,,,,,,,,,,,,,,,0.0,1.11,0.0,4045.0,25542831600.0,5714280.0,,0.029998779296875,,,,,,,,
2015-01-15,088980,,,,,,,,,,,,,,,,,,,,,,,,,,,,,,,,,0.029998779296875,,,,,,,,
2015-01-15,094800,,,,,,,,,,,,,,,,,,,,,,,,,,,,,,,,,0.029998779296875,,,,,,,,
2015-01-15,072870,,,,,,,,,,,,,,,,,,,,,,,,,,9.14,0.94,6093.0,59228.0,353175151900.0,6340667.0,,0.029998779296875,,,,,,,,
2015-01-15,041920,,,,,,,,,,,,,,,,,,,,,,,,,,25.31,5.27,559.0,2685.0,102174037000.0,7220780.0,,0.029998779296875,,,,,,,,
2015-01-15,086900,,,,,,,,,,,,,,,,,,,,,,,,,,135.74,33.31,2633.0,10728.0,2021645609000.0,5656535.0,,0.029998779296875,,,,,,,,
2015-01-15,078160,,,,,,,,,,,,,,,,,,,,,,,,,,353.19,3.07,141.0,16247.0,358861339800.0,7206051.0,,0.029998779296875,,,,,,,,
2015-01-15,065650,,,,,,,,,,,,,,,,,,,,,,,,,,0.0,2.06,0.0,1357.0,69088188400.0,24674353.0,,0.029998779296875,,,,,,,,
2015-01-15,138040,,,,,,,,,,,,,,,,,,,,,,,,,,14.89,1.2,628.0,7776.0,1335982398300.0,142885818.0,,0.029998779296875,,,,,,,,
2015-01-15,008560,,,,,,,,,,,,,,,,,,,,,,,,,,22.46,1.64,169.0,2309.0,1183214120715.0,311782377.0,,0.029998779296875,,,,,,,,
2015-01-15,000060,,,,,,,,,,,,,,,,,,,,,,,,,,9.46,1.23,1332.0,10231.0,1335133800000.0,105963000.0,,0.029998779296875,,,,,,,,
2015-01-15,140410,,,,,,,,,,,,,,,,,,,,,,,,,,0.0,4.45,0.0,7696.0,278041500000.0,8118000.0,,0.029998779296875,,,,,,,,
2015-01-15,059210,,,,,,,,,,,,,,,,,,,,,,,,,,21.8,1.1,128.0,2543.0,52834481100.0,18937090.0,,0.029998779296875,,,,,,,,
2015-01-15,096640,,,,,,,,,,,,,,,,,,,,,,,,,,0.0,0.77,0.0,8132.0,111997650730.0,17977151.0,,0.029998779296875,,,,,,,,
2015-01-15,017180,,,,,,,,,,,,,,,,,,,,,,,,,,42.88,0.65,59.0,3901.0,44300300000.0,17510000.0,,0.029998779296875,,,,,,,,
2015-01-15,012690,,,,,,,,,,,,,,,,,,,,,,,,,,17.01,1.85,162.0,1489.0,100753807525.0,36571255.0,,0.029998779296875,,,,,,,,
2015-01-15,005360,,,,,,,,,,,,,,,,,,,,,,,,,,0.0,0.89,0.0,3708.0,45722140030.0,13897307.0,,0.029998779296875,,,,,,,,
2015-01-15,149940,,,,,,,,,,,,,,,,,,,,,,,,,,96.3,3.19,73.0,2203.0,69006480000.0,9816000.0,,0.029998779296875,,,,,,,,
2015-01-15,080160,,,,,,,,,,,,,,,,,,,,,,,,,,19.18,3.61,1335.0,7094.0,322560000000.0,12600000.0,,0.029998779296875,,,,,,,,
2015-01-15,100030,,,,,,,,,,,,,,,,,,,,,,,,,,6.82,0.97,1288.0,9092.0,28831008920.0,3283714.0,,0.029998779296875,,,,,,,,
2015-01-15,101330,,,,,,,,,,,,,,,,,,,,,,,,,,4.99,1.14,2705.0,11884.0,145800000000.0,10800000.0,,0.029998779296875,,,,,,,,
2015-01-15,033200,,,,,,,,,,,,,,,,,,,,,,,,,,0.0,0.4,0.0,7674.0,43781770175.0,14331185.0,,0.029998779296875,,,,,,,,
2015-01-15,009680,,,,,,,,,,,,,,,,,,,,,,,,,,16.0,1.22,844.0,11036.0,445500000000.0,33000000.0,,0.029998779296875,,,,,,,,
2015-01-15,006920,,,,,,,,,,,,,,,,,,,,,,,,,,22.81,3.47,183.0,1202.0,45591000000.0,10920000.0,,0.029998779296875,,,,,,,,
2015-01-15,009580,,,,,,,,,,,,,,,,,,,,,,,,,,8.13,0.43,484.0,9215.0,245419354940.0,62368324.0,,0.029998779296875,,,,,,,,
2015-01-15,001810,,,,,,,,,,,,,,,,,,,,,,,,,,5.95,0.33,437.0,7892.0,57557500000.0,22137500.0,,0.029998779296875,,,,,,,,
2015-01-15,009200,,,,,,,,,,,,,,,,,,,,,,,,,,10.44,0.25,206.0,8500.0,89460016500.0,41609310.0,,0.029998779296875,,,,,,,,
2015-01-15,033920,,,,,,,,,,,,,,,,,,,,,,,,,,17.93,2.87,2008.0,12558.0,990000000000.0,27500000.0,,0.029998779296875,,,,,,,,
2015-01-15,008420,,,,,,,,,,,,,,,,,,,,,,,,,,7.82,0.46,241.0,4090.0,38649106925.0,20503505.0,,0.029998779296875,,,,,,,,
2015-01-15,161570,,,,,,,,,,,,,,,,,,,,,,,,,,10.33,1.5,518.0,3570.0,48150000000.0,9000000.0,,0.029998779296875,,,,,,,,
2015-01-15,086980,,,,,,,,,,,,,,,,,,,,,,,,,,72.5,3.62,84.0,1681.0,381234000000.0,62600000.0,,0.029998779296875,,,,,,,,
2015-01-15,095500,,,,,,,,,,,,,,,,,,,,,,,,,,0.0,0.82,0.0,7609.0,144860895260.0,23289533.0,,0.029998779296875,,,,,,,,
2015-01-15,025560,,,,,,,,,,,,,,,,,,,,,,,,,,0.0,1.71,0.0,94.0,71656590229.0,445071989.0,,0.029998779296875,,,,,,,,
2015-01-15,200130,,,,,,,,,,,,,,,,,,,,,,,,,,0.0,0.0,0.0,0.0,92400000000.0,7000000.0,,0.029998779296875,,,,,,,,
2015-01-15,037620,,,,,,,,,,,,,,,,,,,,,,,,,,27.55,0.92,1588.0,47548.0,1832785018750.0,41892229.0,,0.029998779296875,,,,,,,,
2015-01-15,049950,,,,,,,,,,,,,,,,,,,,,,,,,,0.0,0.8,0.0,9017.0,55311178160.0,7660828.0,,0.029998779296875,,,,,,,,
2015-01-15,002840,,,,,,,,,,,,,,,,,,,,,,,,,,10.17,1.17,15731.0,136726.0,144421920000.0,902637.0,,0.029998779296875,,,,,,,,
2015-01-15,107590,,,,,,,,,,,,,,,,,,,,,,,,,,6.66,1.37,43293.0,210065.0,209015076500.0,724489.0,,0.029998779296875,,,,,,,,
2015-01-15,134380,,,,,,,,,,,,,,,,,,,,,,,,,,8.17,1.41,4526.0,26331.0,86855095000.0,2347435.0,,0.029998779296875,,,,,,,,
2015-01-15,003650,,,,,,,,,,,,,,,,,,,,,,,,,,6.79,0.66,10119.0,104447.0,119515466400.0,1739672.0,,0.029998779296875,,,,,,,,
2015-01-15,059090,,,,,,,,,,,,,,,,,,,,,,,,,,0.0,0.96,0.0,1661.0,38139311430.0,23911794.0,,0.029998779296875,,,,,,,,
2015-01-15,155900,,,,,,,,,,,,,,,,,,,,,,,,,,,,,,,,,0.029998779296875,,,,,,,,
2015-01-15,092630,,,,,,,,,,,,,,,,,,,,,,,,,,,,,,,,,0.029998779296875,,,,,,,,
2015-01-15,018700,,,,,,,,,,,,,,,,,,,,,,,,,,0.0,1.6,0.0,851.0,45545368050.0,33366570.0,,0.029998779296875,,,,,,,,
2015-01-15,035620,,,,,,,,,,,,,,,,,,,,,,,,,,0.0,1.78,0.0,688.0,74600633100.0,60898476.0,,0.029998779296875,,,,,,,,
2015-01-15,064520,,,,,,,,,,,,,,,,,,,,,,,,,,15.0,2.03,84.0,620.0,50164119180.0,39812793.0,,0.029998779296875,,,,,,,,
2015-01-15,053030,,,,,,,,,,,,,,,,,,,,,,,,,,0.0,2.38,0.0,3825.0,241449053180.0,26503738.0,,0.029998779296875,,,,,,,,
2015-01-15,084990,,,,,,,,,,,,,,,,,,,,,,,,,,2968.42,11.96,19.0,4717.0,800760262800.0,14197877.0,,0.029998779296875,,,,,,,,
2015-01-15,064550,,,,,,,,,,,,,,,,,,,,,,,,,,0.0,3.21,0.0,2271.0,102294958400.0,14013008.0,,0.029998779296875,,,,,,,,
2015-01-15,052260,,,,,,,,,,,,,,,,,,,,,,,,,,34.51,3.13,649.0,7160.0,336000000000.0,15000000.0,,0.029998779296875,,,,,,,,
2015-01-15,142760,,,,,,,,,,,,,,,,,,,,,,,,,,,,,,,,,0.029998779296875,,,,,,,,
2015-01-15,038460,,,,,,,,,,,,,,,,,,,,,,,,,,7.56,0.66,318.0,3650.0,34571918290.0,14375018.0,,0.029998779296875,,,,,,,,
2015-01-15,043220,,,,,,,,,,,,,,,,,,,,,,,,,,0.0,2.63,0.0,887.0,33836842255.0,14491153.0,,0.029998779296875,,,,,,,,
2015-01-15,086040,,,,,,,,,,,,,,,,,,,,,,,,,,0.0,1.71,0.0,1989.0,49170914430.0,14419623.0,,0.029998779296875,,,,,,,,
2015-01-15,043150,,,,,,,,,,,,,,,,,,,,,,,,,,72.42,5.03,388.0,5582.0,417404593600.0,14854256.0,,0.029998779296875,,,,,,,,
2015-01-15,003610,,,,,,,,,,,,,,,,,,,,,,,,,,59.3,0.54,371.0,40488.0,93090998000.0,4231409.0,,0.029998779296875,,,,,,,,
2015-01-15,001340,,,,,,,,,,,,,,,,,,,,,,,,,,0.0,0.45,0.0,5230.0,74126697375.0,31211241.0,,0.029998779296875,,,,,,,,
2015-01-15,014580,,,,,,,,,,,,,,,,,,,,,,,,,,10.29,0.59,2312.0,40674.0,65647778000.0,2758310.0,,0.029998779296875,,,,,,,,
2015-01-15,046310,,,,,,,,,,,,,,,,,,,,,,,,,,0.0,0.46,0.0,2600.0,13626690000.0,11451000.0,,0.029998779296875,,,,,,,,
2015-01-15,035150,,,,,,,,,,,,,,,,,,,,,,,,,,13.59,1.1,320.0,3944.0,105270000000.0,24200000.0,,0.029998779296875,,,,,,,,
2015-01-15,066110,,,,,,,,,,,,,,,,,,,,,,,,,,0.0,1.5,0.0,812.0,18666000000.0,15300000.0,,0.029998779296875,,,,,,,,
2015-01-15,036620,,,,,,,,,,,,,,,,,,,,,,,,,,0.0,0.65,0.0,2098.0,19374995640.0,14194136.0,,0.029998779296875,,,,,,,,
2015-01-15,002410,,,,,,,,,,,,,,,,,,,,,,,,,,0.0,1.9,0.0,7176.0,36223219200.0,2663472.0,,0.029998779296875,,,,,,,,
2015-01-15,019660,,,,,,,,,,,,,,,,,,,,,,,,,,0.0,5.98,0.0,259.0,26972338950.0,17401509.0,,0.029998779296875,,,,,,,,
2015-01-15,177350,,,,,,,,,,,,,,,,,,,,,,,,,,,,,,,,,0.029998779296875,,,,,,,,
2015-01-15,084870,,,,,,,,,,,,,,,,,,,,,,,,,,8.39,1.26,1580.0,10511.0,276352851750.0,20856819.0,,0.029998779296875,,,,,,,,
2015-01-15,096300,,,,,,,,,,,,,,,,,,,,,,,,,,,,,,,,,0.029998779296875,,,,,,,,
2015-01-15,007210,,,,,,,,,,,,,,,,,,,,,,,,,,33.12,2.45,189.0,2560.0,429185600000.0,68560000.0,,0.029998779296875,,,,,,,,
2015-01-15,002760,,,,,,,,,,,,,,,,,,,,,,,,,,53.17,0.97,60.0,3276.0,38216200000.0,11980000.0,,0.029998779296875,,,,,,,,
2015-01-15,014100,,,,,,,,,,,,,,,,,,,,,,,,,,0.0,2.84,0.0,2969.0,89358000000.0,10600000.0,,0.029998779296875,,,,,,,,
2015-01-15,003850,,,,,,,,,,,,,,,,,,,,,,,,,,21.49,1.87,1815.0,20882.0,299052000000.0,7668000.0,,0.029998779296875,,,,,,,,
2015-01-15,004740,,,,,,,,,,,,,,,,,,,,,,,,,,0.0,0.84,0.0,1524.0,28855857920.0,22543639.0,,0.029998779296875,,,,,,,,
2015-01-15,006910,,,,,,,,,,,,,,,,,,,,,,,,,,0.0,3.95,0.0,1157.0,146909783100.0,32111428.0,,0.029998779296875,,,,,,,,
2015-01-15,026260,,,,,,,,,,,,,,,,,,,,,,,,,,0.0,6.11,0.0,663.0,86855797800.0,21445876.0,,0.029998779296875,,,,,,,,
2015-01-15,000890,,,,,,,,,,,,,,,,,,,,,,,,,,18.25,1.02,60.0,1078.0,90642432315.0,82778477.0,,0.029998779296875,,,,,,,,
2015-01-15,000895,,,,,,,,,,,,,,,,,,,,,,,,,,0.0,0.0,0.0,0.0,610964500.0,25510.0,,0.029998779296875,,,,,,,,
2015-01-15,003000,,,,,,,,,,,,,,,,,,,,,,,,,,30.17,3.09,633.0,6185.0,593952910100.0,31097011.0,,0.029998779296875,,,,,,,,
2015-01-15,001270,,,,,,,,,,,,,,,,,,,,,,,,,,32.75,0.56,484.0,28144.0,164362693100.0,10369886.0,,0.029998779296875,,,,,,,,
2015-01-15,001275,,,,,,,,,,,,,,,,,,,,,,,,,,0.0,0.0,0.0,0.0,38700000000.0,3000000.0,,0.029998779296875,,,,,,,,
2015-01-15,026940,,,,,,,,,,,,,,,,,,,,,,,,,,12.43,0.4,173.0,5334.0,43000000000.0,20000000.0,,0.029998779296875,,,,,,,,
2015-01-15,015350,,,,,,,,,,,,,,,,,,,,,,,,,,9.62,0.89,3680.0,39688.0,389400000000.0,11000000.0,,0.029998779296875,,,,,,,,
2015-01-15,025270,,,,,,,,,,,,,,,,,,,,,,,,,,16.96,0.81,2247.0,47323.0,30480000000.0,800000.0,,0.029998779296875,,,,,,,,
2015-01-15,011390,,,,,,,,,,,,,,,,,,,,,,,,,,5.84,0.74,4121.0,32507.0,25396800000.0,1056000.0,,0.029998779296875,,,,,,,,
2015-01-15,005030,,,,,,,,,,,,,,,,,,,,,,,,,,0.0,0.59,0.0,3285.0,25256770000.0,13120400.0,,0.029998779296875,,,,,,,,
2015-01-15,008470,,,,,,,,,,,,,,,,,,,,,,,,,,10.04,0.8,512.0,6441.0,42875824000.0,8341600.0,,0.029998779296875,,,,,,,,
2015-01-15,100120,,,,,,,,,,,,,,,,,,,,,,,,,,35.52,5.43,946.0,6184.0,336062664000.0,10001865.0,,0.029998779296875,,,,,,,,
2015-01-15,064480,,,,,,,,,,,,,,,,,,,,,,,,,,8.41,1.48,532.0,3026.0,53487437500.0,11952500.0,,0.029998779296875,,,,,,,,
2015-01-15,033560,,,,,,,,,,,,,,,,,,,,,,,,,,20.63,2.31,647.0,5773.0,256320000000.0,19200000.0,,0.029998779296875,,,,,,,,
2015-01-15,126340,,,,,,,,,,,,,,,,,,,,,,,,,,,,,,,,,0.029998779296875,,,,,,,,
2015-01-15,100220,,,,,,,,,,,,,,,,,,,,,,,,,,7.22,0.67,1092.0,11723.0,102414319080.0,12996741.0,,0.029998779296875,,,,,,,,
2015-01-15,200780,,,,,,,,,,,,,,,,,,,,,,,,,,24.88,3.2,804.0,6246.0,133476960000.0,6673848.0,,0.029998779296875,,,,,,,,
2015-01-15,052900,,,,,,,,,,,,,,,,,,,,,,,,,,0.0,3.25,0.0,402.0,47062151055.0,36062951.0,,0.029998779296875,,,,,,,,
2015-01-15,141000,,,,,,,,,,,,,,,,,,,,,,,,,,23.53,1.64,374.0,5350.0,95246166400.0,10823428.0,,0.029998779296875,,,,,,,,
2015-01-15,156170,,,,,,,,,,,,,,,,,,,,,,,,,,,,,,,,,0.029998779296875,,,,,,,,
2015-01-15,045970,,,,,,,,,,,,,,,,,,,,,,,,,,0.0,0.68,0.0,7299.0,65318799260.0,13222429.0,,0.029998779296875,,,,,,,,
2015-01-15,090460,,,,,,,,,,,,,,,,,,,,,,,,,,5.68,1.52,1524.0,5699.0,135241781200.0,15634888.0,,0.029998779296875,,,,,,,,
2015-01-15,083650,,,,,,,,,,,,,,,,,,,,,,,,,,7.91,0.91,1365.0,11873.0,141264000000.0,13080000.0,,0.029998779296875,,,,,,,,
2015-01-15,086670,,,,,,,,,,,,,,,,,,,,,,,,,,11.71,0.86,479.0,6516.0,45702027690.0,8146529.0,,0.029998779296875,,,,,,,,
2015-01-15,179440,,,,,,,,,,,,,,,,,,,,,,,,,,,,,,,,,0.029998779296875,,,,,,,,
2015-01-15,082920,,,,,,,,,,,,,,,,,,,,,,,,,,124.58,1.8,72.0,4990.0,115328850780.0,12857174.0,,0.029998779296875,,,,,,,,
2015-01-15,054220,,,,,,,,,,,,,,,,,,,,,,,,,,0.0,0.69,0.0,2011.0,56189383560.0,40279128.0,,0.029998779296875,,,,,,,,
2015-01-15,042370,,,,,,,,,,,,,,,,,,,,,,,,,,120.69,0.88,29.0,3969.0,47184609500.0,13481317.0,,0.029998779296875,,,,,,,,
2015-01-15,032850,,,,,,,,,,,,,,,,,,,,,,,,,,0.0,2.89,0.0,1805.0,86607356530.0,16623293.0,,0.029998779296875,,,,,,,,
2015-01-15,093190,,,,,,,,,,,,,,,,,,,,,,,,,,6.25,1.34,1799.0,8411.0,114750000000.0,10200000.0,,0.029998779296875,,,,,,,,
2015-01-15,065450,,,,,,,,,,,,,,,,,,,,,,,,,,32.5,1.23,48.0,1264.0,38220000000.0,24500000.0,,0.029998779296875,,,,,,,,
2015-01-15,005180,,,,,,,,,,,,,,,,,,,,,,,,,,15.69,1.43,4289.0,47174.0,662988519300.0,9851241.0,,0.029998779296875,,,,,,,,
2015-01-15,069540,,,,,,,,,,,,,,,,,,,,,,,,,,9.39,0.71,433.0,5735.0,25674995280.0,6316112.0,,0.029998779296875,,,,,,,,
2015-01-15,072950,,,,,,,,,,,,,,,,,,,,,,,,,,13.46,0.52,224.0,5809.0,18090000000.0,6000000.0,,0.029998779296875,,,,,,,,
2015-01-15,143240,,,,,,,,,,,,,,,,,,,,,,,,,,23.33,2.06,465.0,5262.0,126231753550.0,11634263.0,,0.029998779296875,,,,,,,,
2015-01-15,003960,,,,,,,,,,,,,,,,,,,,,,,,,,0.0,0.48,0.0,23341.0,67056468750.0,5960575.0,,0.029998779296875,,,,,,,,
2015-01-15,007160,,,,,,,,,,,,,,,,,,,,,,,,,,0.0,0.84,0.0,50664.0,212500000000.0,5000000.0,,0.029998779296875,,,,,,,,
2015-01-15,014710,,,,,,,,,,,,,,,,,,,,,,,,,,21.48,0.7,298.0,9083.0,110198675200.0,17218543.0,,0.029998779296875,,,,,,,,
2015-01-15,006090,,,,,,,,,,,,,,,,,,,,,,,,,,8.44,0.47,962.0,17420.0,35403200000.0,4360000.0,,0.029998779296875,,,,,,,,
2015-01-15,079660,,,,,,,,,,,,,,,,,,,,,,,,,,0.0,0.92,0.0,13384.0,88068000000.0,7160000.0,,0.029998779296875,,,,,,,,
2015-01-15,123260,,,,,,,,,,,,,,,,,,,,,,,,,,0.0,1.11,0.0,11303.0,102643801950.0,8178789.0,,0.029998779296875,,,,,,,,
2015-01-15,016100,,,,,,,,,,,,,,,,,,,,,,,,,,0.0,14.21,0.0,2392.0,609943578000.0,17939517.0,,0.029998779296875,,,,,,,,
2015-01-15,100090,,,,,,,,,,,,,,,,,,,,,,,,,,0.0,1.13,0.0,3260.0,47296000000.0,12800000.0,,0.029998779296875,,,,,,,,
2015-01-15,005090,,,,,,,,,,,,,,,,,,,,,,,,,,31.91,1.25,1937.0,49480.0,300003032400.0,4854418.0,,0.029998779296875,,,,,,,,
2015-01-15,122350,,,,,,,,,,,,,,,,,,,,,,,,,,10.25,1.71,407.0,2438.0,128549657520.0,30827256.0,,0.029998779296875,,,,,,,,
2015-01-15,014970,,,,,,,,,,,,,,,,,,,,,,,,,,10.55,0.88,292.0,3482.0,46585000000.0,15125000.0,,0.029998779296875,,,,,,,,
2015-01-15,005610,,,,,,,,,,,,,,,,,,,,,,,,,,60.58,7.01,2633.0,22758.0,1376326935500.0,8629009.0,,0.029998779296875,,,,,,,,
2015-01-15,158380,,,,,,,,,,,,,,,,,,,,,,,,,,7.4,0.56,385.0,5099.0,29070000000.0,10200000.0,,0.029998779296875,,,,,,,,
2015-01-15,018310,,,,,,,,,,,,,,,,,,,,,,,,,,12.9,2.37,2214.0,12052.0,279790000000.0,9800000.0,,0.029998779296875,,,,,,,,
2015-01-15,053700,,,,,,,,,,,,,,,,,,,,,,,,,,2.07,0.93,3931.0,8791.0,87822077250.0,10775715.0,,0.029998779296875,,,,,,,,
2015-01-15,009620,,,,,,,,,,,,,,,,,,,,,,,,,,4.85,0.79,3765.0,22964.0,25550000000.0,1400000.0,,0.029998779296875,,,,,,,,
2015-01-15,023600,,,,,,,,,,,,,,,,,,,,,,,,,,9.9,0.46,840.0,18197.0,116480000000.0,14000000.0,,0.029998779296875,,,,,,,,
2015-01-15,111870,,,,,,,,,,,,,,,,,,,,,,,,,,12.69,0.93,620.0,8492.0,74765000000.0,9500000.0,,0.029998779296875,,,,,,,,
2015-01-15,001470,,,,,,,,,,,,,,,,,,,,,,,,,,0.0,0.38,0.0,13810.0,42094133620.0,8002687.0,,0.029998779296875,,,,,,,,
2015-01-15,006400,,,,,,,,,,,,,,,,,,,,,,,,,,38.38,0.73,2957.0,156394.0,7804774155000.0,68764530.0,,0.029998779296875,,,,,,,,
2015-01-15,006405,,,,,,,,,,,,,,,,,,,,,,,,,,0.0,0.0,0.0,0.0,113738088800.0,1617896.0,,0.029998779296875,,,,,,,,
2015-01-15,006660,,,,,,,,,,,,,,,,,,,,,,,,,,7.11,0.51,1561.0,21651.0,90202085400.0,8126314.0,,0.029998779296875,,,,,,,,
2015-01-15,000830,,,,,,,,,,,,,,,,,,,,,,,,,,36.09,0.86,1632.0,68268.0,9201226299600.0,156217764.0,,0.029998779296875,,,,,,,,
2015-01-15,000835,,,,,,,,,,,,,,,,,,,,,,,,,,0.0,0.0,0.0,0.0,147827165400.0,4648653.0,,0.029998779296875,,,,,,,,
2015-01-15,032830,,,,,,,,,,,,,,,,,,,,,,,,,,37.3,1.2,3056.0,94850.0,22800000000000.0,200000000.0,,0.029998779296875,,,,,,,,
2015-01-15,018260,,,,,,,,,,,,,,,,,,,,,,,,,,66.26,5.44,4037.0,49145.0,20698561500000.0,77377800.0,,0.029998779296875,,,,,,,,
2015-01-15,028050,,,,,,,,,,,,,,,,,,,,,,,,,,0.0,1.37,0.0,22663.0,1238000000000.0,40000000.0,,0.029998779296875,,,,,,,,
2015-01-15,009150,,,,,,,,,,,,,,,,,,,,,,,,,,14.92,1.18,4257.0,53789.0,4743049696000.0,74693696.0,,0.029998779296875,,,,,,,,
2015-01-15,009155,,,,,,,,,,,,,,,,,,,,,,,,,,0.0,0.0,0.0,0.0,86046726400.0,2906984.0,,0.029998779296875,,,,,,,,
2015-01-15,005930,,,,,,,,,,,,,,,,,,,,,,,,,,6.74,1.57,197841.0,848999.0,196497315558000.0,147299337.0,,0.029998779296875,,,,,,,,
2015-01-15,005935,,,,,,,,,,,,,,,,,,,,,,,,,,0.0,0.0,0.0,0.0,23472762956000.0,22833427.0,,0.029998779296875,,,,,,,,
2015-01-15,004000,,,,,,,,,,,,,,,,,,,,,,,,,,233.21,0.7,131.0,43663.0,788190000000.0,25800000.0,,0.029998779296875,,,,,,,,
2015-01-15,001360,,,,,,,,,,,,,,,,,,,,,,,,,,0.0,1.47,0.0,1610.0,53732324790.0,22671867.0,,0.029998779296875,,,,,,,,
2015-01-15,010140,,,,,,,,,,,,,,,,,,,,,,,,,,6.18,0.71,2914.0,25308.0,4155756948000.0,230875386.0,,0.029998779296875,,,,,,,,
2015-01-15,010145,,,,,,,,,,,,,,,,,,,,,,,,,,0.0,0.0,0.0,0.0,2675888500.0,114845.0,,0.029998779296875,,,,,,,,
2015-01-15,016360,,,,,,,,,,,,,,,,,,,,,,,,,,292.23,1.0,148.0,43119.0,3305820886250.0,76435165.0,,0.029998779296875,,,,,,,,
2015-01-15,068290,,,,,,,,,,,,,,,,,,,,,,,,,,25.0,1.02,304.0,7421.0,76000000000.0,10000000.0,,0.029998779296875,,,,,,,,
2015-01-15,029780,,,,,,,,,,,,,,,,,,,,,,,,,,15.86,0.7,2368.0,53536.0,4350501357050.0,115858891.0,,0.029998779296875,,,,,,,,
2015-01-15,012450,,,,,,,,,,,,,,,,,,,,,,,,,,9.04,0.7,2494.0,32056.0,1198081500000.0,53130000.0,,0.029998779296875,,,,,,,,
2015-01-15,000810,,,,,,,,,,,,,,,,,,,,,,,,,,24.89,1.92,11994.0,155587.0,14141388844500.0,47374837.0,,0.029998779296875,,,,,,,,
2015-01-15,000815,,,,,,,,,,,,,,,,,,,,,,,,,,0.0,0.0,0.0,0.0,539448000000.0,3192000.0,,0.029998779296875,,,,,,,,
2015-01-15,006110,,,,,,,,,,,,,,,,,,,,,,,,,,84.41,0.29,34.0,9940.0,31570000000.0,11000000.0,,0.029998779296875,,,,,,,,
2015-01-15,009300,,,,,,,,,,,,,,,,,,,,,,,,,,9.93,0.59,1178.0,19987.0,74529000000.0,6370000.0,,0.029998779296875,,,,,,,,
2015-01-15,145990,,,,,,,,,,,,,,,,,,,,,,,,,,13.34,0.66,4521.0,91120.0,370038125700.0,6136619.0,,0.029998779296875,,,,,,,,
2015-01-15,145995,,,,,,,,,,,,,,,,,,,,,,,,,,0.0,0.0,0.0,0.0,5352100000.0,164680.0,,0.029998779296875,,,,,,,,
2015-01-15,003230,,,,,,,,,,,,,,,,,,,,,,,,,,42.59,0.96,486.0,21486.0,155933410500.0,7533015.0,,0.029998779296875,,,,,,,,
2015-01-15,003940,,,,,,,,,,,,,,,,,,,,,,,,,,7.33,0.61,13388.0,160154.0,187160067400.0,1905907.0,,0.029998779296875,,,,,,,,
2015-01-15,003945,,,,,,,,,,,,,,,,,,,,,,,,,,0.0,0.0,0.0,0.0,9322604100.0,171687.0,,0.029998779296875,,,,,,,,
2015-01-15,002170,,,,,,,,,,,,,,,,,,,,,,,,,,84.07,1.33,1130.0,71450.0,285000000000.0,3000000.0,,0.029998779296875,,,,,,,,
2015-01-15,000070,,,,,,,,,,,,,,,,,,,,,,,,,,0.0,0.58,0.0,152650.0,761363691900.0,8564271.0,,0.029998779296875,,,,,,,,
2015-01-15,000075,,,,,,,,,,,,,,,,,,,,,,,,,,0.0,0.0,0.0,0.0,12192725800.0,304058.0,,0.029998779296875,,,,,,,,
2015-01-15,002810,,,,,,,,,,,,,,,,,,,,,,,,,,18.29,1.68,1255.0,13666.0,377908997850.0,16466623.0,,0.029998779296875,,,,,,,,
2015-01-15,054540,,,,,,,,,,,,,,,,,,,,,,,,,,20.55,0.57,154.0,5527.0,42869377455.0,13544827.0,,0.029998779296875,,,,,,,,
2015-01-15,065570,,,,,,,,,,,,,,,,,,,,,,,,,,10.37,1.15,893.0,8060.0,81488000000.0,8800000.0,,0.029998779296875,,,,,,,,
2015-01-15,005680,,,,,,,,,,,,,,,,,,,,,,,,,,18.63,0.55,644.0,21858.0,240000000000.0,20000000.0,,0.029998779296875,,,,,,,,
2015-01-15,004920,,,,,,,,,,,,,,,,,,,,,,,,,,0.0,0.66,0.0,965.0,15540916800.0,24244800.0,,0.029998779296875,,,,,,,,
2015-01-15,003720,,,,,,,,,,,,,,,,,,,,,,,,,,0.0,0.44,0.0,3387.0,50150000000.0,34000000.0,,0.029998779296875,,,,,,,,
2015-01-15,082660,,,,,,,,,,,,,,,,,,,,,,,,,,5.17,0.85,639.0,3880.0,36507664560.0,11046192.0,,0.029998779296875,,,,,,,,
2015-01-15,023000,,,,,,,,,,,,,,,,,,,,,,,,,,10.51,0.98,375.0,4019.0,157600000000.0,40000000.0,,0.029998779296875,,,,,,,,
2015-01-15,073640,,,,,,,,,,,,,,,,,,,,,,,,,,0.0,0.25,0.0,3027.0,20417100000.0,26900000.0,,0.029998779296875,,,,,,,,
2015-01-15,004380,,,,,,,,,,,,,,,,,,,,,,,,,,10.29,1.38,836.0,6210.0,180600000000.0,21000000.0,,0.029998779296875,,,,,,,,
2015-01-15,002450,,,,,,,,,,,,,,,,,,,,,,,,,,5.28,1.37,668.0,2573.0,295621477725.0,83864249.0,,0.029998779296875,,,,,,,,
2015-01-15,032280,,,,,,,,,,,,,,,,,,,,,,,,,,7.47,1.17,346.0,2204.0,37995464815.0,14698439.0,,0.029998779296875,,,,,,,,
2015-01-15,002290,,,,,,,,,,,,,,,,,,,,,,,,,,15.09,0.44,114.0,3879.0,21328000000.0,12400000.0,,0.029998779296875,,,,,,,,
2015-01-15,000520,,,,,,,,,,,,,,,,,,,,,,,,,,3.67,0.44,1521.0,12732.0,30690000000.0,5500000.0,,0.029998779296875,,,,,,,,
2015-01-15,009770,,,,,,,,,,,,,,,,,,,,,,,,,,7.48,0.65,5293.0,60990.0,98998851600.0,2499971.0,,0.029998779296875,,,,,,,,
2015-01-15,037460,,,,,,,,,,,,,,,,,,,,,,,,,,0.0,0.52,0.0,5166.0,34657136745.0,12859791.0,,0.029998779296875,,,,,,,,
2015-01-15,032750,,,,,,,,,,,,,,,,,,,,,,,,,,10.23,0.78,601.0,7851.0,36900000000.0,6000000.0,,0.029998779296875,,,,,,,,
2015-01-15,054090,,,,,,,,,,,,,,,,,,,,,,,,,,23.1,0.51,105.0,4788.0,52267368450.0,21553554.0,,0.029998779296875,,,,,,,,
2015-01-15,005500,,,,,,,,,,,,,,,,,,,,,,,,,,38.12,2.94,627.0,8128.0,332210000000.0,13900000.0,,0.029998779296875,,,,,,,,
2015-01-15,000250,,,,,,,,,,,,,,,,,,,,,,,,,,23.34,2.27,452.0,4656.0,222108168850.0,21052907.0,,0.029998779296875,,,,,,,,
2015-01-15,004690,,,,,,,,,,,,,,,,,,,,,,,,,,10.88,0.46,12459.0,291532.0,549455887500.0,4055025.0,,0.029998779296875,,,,,,,,
2015-01-15,024950,,,,,,,,,,,,,,,,,,,,,,,,,,28.24,3.2,710.0,6269.0,266135218850.0,13273577.0,,0.029998779296875,,,,,,,,
2015-01-15,017480,,,,,,,,,,,,,,,,,,,,,,,,,,7.86,0.49,483.0,7737.0,59592467550.0,15702890.0,,0.029998779296875,,,,,,,,
2015-01-15,001880,,,,,,,,,,,,,,,,,,,,,,,,,,9.83,2.03,1556.0,7536.0,232250419800.0,15179766.0,,0.029998779296875,,,,,,,,
2015-01-15,010960,,,,,,,,,,,,,,,,,,,,,,,,,,12.89,0.59,223.0,4868.0,71875000000.0,25000000.0,,0.029998779296875,,,,,,,,
2015-01-15,046390,,,,,,,,,,,,,,,,,,,,,,,,,,20.67,2.34,90.0,795.0,79576255380.0,42782933.0,,0.029998779296875,,,,,,,,
2015-01-15,004450,,,,,,,,,,,,,,,,,,,,,,,,,,8.33,0.66,3962.0,49895.0,71094507000.0,2154379.0,,0.029998779296875,,,,,,,,
2015-01-15,009470,,,,,,,,,,,,,,,,,,,,,,,,,,0.0,1.38,0.0,3702.0,33862758400.0,6613820.0,,0.029998779296875,,,,,,,,
2015-01-15,011230,,,,,,,,,,,,,,,,,,,,,,,,,,0.0,2.39,0.0,539.0,14986962000.0,11617800.0,,0.029998779296875,,,,,,,,
2015-01-15,001820,,,,,,,,,,,,,,,,,,,,,,,,,,153.6,0.76,25.0,5063.0,39916800000.0,10395000.0,,0.029998779296875,,,,,,,,
2015-01-15,000390,,,,,,,,,,,,,,,,,,,,,,,,,,10.65,1.31,1375.0,11194.0,328160000000.0,22400000.0,,0.029998779296875,,,,,,,,
2015-01-15,000360,,,,,,,,,,,,,,,,,,,,,,,,,,0.0,0.27,0.0,5280.0,12858650750.0,8868035.0,,0.029998779296875,,,,,,,,
2015-01-15,000365,,,,,,,,,,,,,,,,,,,,,,,,,,0.0,0.0,0.0,0.0,1152680040.0,1087434.0,,0.029998779296875,,,,,,,,
2015-01-15,013700,,,,,,,,,,,,,,,,,,,,,,,,,,0.0,0.85,0.0,7467.0,28671697800.0,4515228.0,,0.029998779296875,,,,,,,,
2015-01-15,027580,,,,,,,,,,,,,,,,,,,,,,,,,,11.64,1.43,617.0,5027.0,103619785500.0,14431725.0,,0.029998779296875,,,,,,,,
2015-01-15,041650,,,,,,,,,,,,,,,,,,,,,,,,,,7.74,1.51,875.0,4475.0,145361716500.0,21471450.0,,0.029998779296875,,,,,,,,
2015-01-15,091580,,,,,,,,,,,,,,,,,,,,,,,,,,93.33,1.16,45.0,3626.0,47439210000.0,11295050.0,,0.029998779296875,,,,,,,,
2015-01-15,089980,,,,,,,,,,,,,,,,,,,,,,,,,,11.04,0.96,568.0,6554.0,78597045780.0,12535414.0,,0.029998779296875,,,,,,,,
2015-01-15,042600,,,,,,,,,,,,,,,,,,,,,,,,,,0.0,0.91,0.0,3541.0,40190261890.0,12423574.0,,0.029998779296875,,,,,,,,
2015-01-15,075180,,,,,,,,,,,,,,,,,,,,,,,,,,9.81,1.34,1111.0,8138.0,209280000000.0,19200000.0,,0.029998779296875,,,,,,,,
2015-01-15,007540,,,,,,,,,,,,,,,,,,,,,,,,,,13.52,0.99,2367.0,32178.0,142208000000.0,4444000.0,,0.029998779296875,,,,,,,,
2015-01-15,038070,,,,,,,,,,,,,,,,,,,,,,,,,,11.72,1.19,787.0,7775.0,47944000000.0,5200000.0,,0.029998779296875,,,,,,,,
2015-01-15,006730,,,,,,,,,,,,,,,,,,,,,,,,,,0.0,1.29,0.0,13179.0,534235134950.0,31333439.0,,0.029998779296875,,,,,,,,
2015-01-15,079650,,,,,,,,,,,,,,,,,,,,,,,,,,6.17,0.74,13738.0,114816.0,33920000000.0,400000.0,,0.029998779296875,,,,,,,,
2015-01-15,100660,,,,,,,,,,,,,,,,,,,,,,,,,,16.0,0.74,200.0,4296.0,40320000000.0,12600000.0,,0.029998779296875,,,,,,,,
2015-01-15,007860,,,,,,,,,,,,,,,,,,,,,,,,,,6.49,1.04,2205.0,13741.0,321535557200.0,22485004.0,,0.029998779296875,,,,,,,,
2015-01-15,017390,,,,,,,,,,,,,,,,,,,,,,,,,,8.25,0.91,17274.0,155818.0,712500000000.0,5000000.0,,0.029998779296875,,,,,,,,
2015-01-15,046890,,,,,,,,,,,,,,,,,,,,,,,,,,32.23,2.03,619.0,9811.0,1163192730000.0,58305400.0,,0.029998779296875,,,,,,,,
2015-01-15,004410,,,,,,,,,,,,,,,,,,,,,,,,,,33.44,1.16,64.0,1842.0,28283096000.0,13216400.0,,0.029998779296875,,,,,,,,
2015-01-15,004415,,,,,,,,,,,,,,,,,,,,,,,,,,0.0,0.0,0.0,0.0,1014372000.0,88980.0,,0.029998779296875,,,,,,,,
2015-01-15,036120,,,,,,,,,,,,,,,,,,,,,,,,,,42.5,1.83,16.0,372.0,24140000000.0,35500000.0,,0.029998779296875,,,,,,,,
2015-01-15,063170,,,,,,,,,,,,,,,,,,,,,,,,,,41.27,1.75,134.0,3154.0,93553775000.0,16917500.0,,0.029998779296875,,,,,,,,
2015-01-15,027040,,,,,,,,,,,,,,,,,,,,,,,,,,41.83,0.85,12.0,592.0,30391902276.0,60541638.0,,0.029998779296875,,,,,,,,
2015-01-15,018680,,,,,,,,,,,,,,,,,,,,,,,,,,101.51,2.01,93.0,4703.0,64737339360.0,6857769.0,,0.029998779296875,,,,,,,,
2015-01-15,021050,,,,,,,,,,,,,,,,,,,,,,,,,,0.0,0.31,0.0,3694.0,32310651450.0,27974590.0,,0.029998779296875,,,,,,,,
2015-01-15,093920,,,,,,,,,,,,,,,,,,,,,,,,,,8.06,1.82,1439.0,6376.0,215760000000.0,18600000.0,,0.029998779296875,,,,,,,,
2015-01-15,189860,,,,,,,,,,,,,,,,,,,,,,,,,,5.28,2.03,1584.0,4110.0,40540900400.0,4849390.0,,0.029998779296875,,,,,,,,
2015-01-15,122690,,,,,,,,,,,,,,,,,,,,,,,,,,11.9,0.59,321.0,6481.0,61244054500.0,16032475.0,,0.029998779296875,,,,,,,,
2015-01-15,011370,,,,,,,,,,,,,,,,,,,,,,,,,,13.87,2.23,146.0,909.0,204312101625.0,100894865.0,,0.029998779296875,,,,,,,,
2015-01-15,065710,,,,,,,,,,,,,,,,,,,,,,,,,,23.68,0.82,321.0,9258.0,39140000000.0,5150000.0,,0.029998779296875,,,,,,,,
2015-01-15,033790,,,,,,,,,,,,,,,,,,,,,,,,,,0.0,0.84,0.0,2024.0,19513494000.0,11411400.0,,0.029998779296875,,,,,,,,
2015-01-15,008490,,,,,,,,,,,,,,,,,,,,,,,,,,46.69,2.99,1073.0,16781.0,579612561300.0,11569113.0,,0.029998779296875,,,,,,,,
2015-01-15,035890,,,,,,,,,,,,,,,,,,,,,,,,,,0.0,0.62,0.0,1100.0,109397044800.0,159937200.0,,0.029998779296875,,,,,,,,
2015-01-15,003100,,,,,,,,,,,,,,,,,,,,,,,,,,11.07,0.37,1653.0,49243.0,120780000000.0,6600000.0,,0.029998779296875,,,,,,,,
2015-01-15,123420,,,,,,,,,,,,,,,,,,,,,,,,,,9.46,13.55,1872.0,1306.0,570892932600.0,32253838.0,,0.029998779296875,,,,,,,,
2015-01-15,007610,,,,,,,,,,,,,,,,,,,,,,,,,,29.49,0.54,79.0,4294.0,41940000000.0,18000000.0,,0.029998779296875,,,,,,,,
2015-01-15,136490,,,,,,,,,,,,,,,,,,,,,,,,,,8.47,1.71,3601.0,17834.0,248270000000.0,8140000.0,,0.029998779296875,,,,,,,,
2015-01-15,002820,,,,,,,,,,,,,,,,,,,,,,,,,,28.01,0.27,236.0,24890.0,80979043900.0,12250990.0,,0.029998779296875,,,,,,,,
2015-01-15,014620,,,,,,,,,,,,,,,,,,,,,,,,,,5.18,0.83,2386.0,14804.0,353210000000.0,28600000.0,,0.029998779296875,,,,,,,,
2015-01-15,037350,,,,,,,,,,,,,,,,,,,,,,,,,,3.82,0.6,1386.0,8874.0,81196000000.0,15320000.0,,0.029998779296875,,,,,,,,
2015-01-15,014910,,,,,,,,,,,,,,,,,,,,,,,,,,0.0,0.69,0.0,2099.0,19683444645.0,13621761.0,,0.029998779296875,,,,,,,,
2015-01-15,014915,,,,,,,,,,,,,,,,,,,,,,,,,,0.0,0.0,0.0,0.0,1290000000.0,600000.0,,0.029998779296875,,,,,,,,
2015-01-15,003080,,,,,,,,,,,,,,,,,,,,,,,,,,26.39,1.04,1743.0,44428.0,92092000000.0,2002000.0,,0.029998779296875,,,,,,,,
2015-01-15,004980,,,,,,,,,,,,,,,,,,,,,,,,,,63.97,0.81,179.0,14071.0,269402882200.0,23528636.0,,0.029998779296875,,,,,,,,
2015-01-15,004987,,,,,,,,,,,,,,,,,,,,,,,,,,0.0,0.0,0.0,0.0,2180446840.0,220693.0,,0.029998779296875,,,,,,,,
2015-01-15,004989,,,,,,,,,,,,,,,,,,,,,,,,,,0.0,0.0,0.0,0.0,2768565700.0,286898.0,,0.029998779296875,,,,,,,,
2015-01-15,004985,,,,,,,,,,,,,,,,,,,,,,,,,,0.0,0.0,0.0,0.0,3593625825.0,735645.0,,0.029998779296875,,,,,,,,
2015-01-15,011300,,,,,,,,,,,,,,,,,,,,,,,,,,10.0,0.49,72.0,1483.0,40937659200.0,56857860.0,,0.029998779296875,,,,,,,,
2015-01-15,081580,,,,,,,,,,,,,,,,,,,,,,,,,,7.85,0.9,506.0,4407.0,57962000000.0,14600000.0,,0.029998779296875,,,,,,,,
2015-01-15,045300,,,,,,,,,,,,,,,,,,,,,,,,,,19.35,0.4,93.0,4506.0,13707772200.0,7615429.0,,0.029998779296875,,,,,,,,
2015-01-15,015750,,,,,,,,,,,,,,,,,,,,,,,,,,5.79,0.92,2184.0,13794.0,759000000000.0,60000000.0,,0.029998779296875,,,,,,,,
2015-01-15,005980,,,,,,,,,,,,,,,,,,,,,,,,,,15.5,0.75,329.0,6767.0,49707762000.0,9746620.0,,0.029998779296875,,,,,,,,
2015-01-15,000180,,,,,,,,,,,,,,,,,,,,,,,,,,0.0,0.44,0.0,43882.0,110305556000.0,5775160.0,,0.029998779296875,,,,,,,,
2015-01-15,080470,,,,,,,,,,,,,,,,,,,,,,,,,,6.8,0.69,566.0,5610.0,28105000000.0,7300000.0,,0.029998779296875,,,,,,,,
2015-01-15,043260,,,,,,,,,,,,,,,,,,,,,,,,,,0.0,0.61,0.0,1633.0,29181574438.0,29506142.0,,0.029998779296875,,,,,,,,
2015-01-15,002420,,,,,,,,,,,,,,,,,,,,,,,,,,0.0,0.46,0.0,69490.0,12961425600.0,407592.0,,0.029998779296875,,,,,,,,
2015-01-15,053060,,,,,,,,,,,,,,,,,,,,,,,,,,4.74,0.29,233.0,3850.0,14883068200.0,13468840.0,,0.029998779296875,,,,,,,,
2015-01-15,017510,,,,,,,,,,,,,,,,,,,,,,,,,,11.05,1.0,338.0,3717.0,56943810000.0,15246000.0,,0.029998779296875,,,,,,,,
2015-01-15,004360,,,,,,,,,,,,,,,,,,,,,,,,,,12.87,0.69,1492.0,27913.0,322560000000.0,16800000.0,,0.029998779296875,,,,,,,,
2015-01-15,004367,,,,,,,,,,,,,,,,,,,,,,,,,,0.0,0.0,0.0,0.0,46410765000.0,2508690.0,,0.029998779296875,,,,,,,,
2015-01-15,004365,,,,,,,,,,,,,,,,,,,,,,,,,,0.0,0.0,0.0,0.0,28665472500.0,3689250.0,,0.029998779296875,,,,,,,,
2015-01-15,004490,,,,,,,,,,,,,,,,,,,,,,,,,,8.05,0.87,5007.0,46289.0,564200000000.0,14000000.0,,0.029998779296875,,,,,,,,
2015-01-15,011560,,,,,,,,,,,,,,,,,,,,,,,,,,9.49,0.64,548.0,8073.0,54756000000.0,10530000.0,,0.029998779296875,,,,,,,,
2015-01-15,110660,,,,,,,,,,,,,,,,,,,,,,,,,,,,,,,,,0.029998779296875,,,,,,,,
2015-01-15,001430,,,,,,,,,,,,,,,,,,,,,,,,,,9.65,0.71,2922.0,39683.0,1011311755800.0,35862119.0,,0.029998779296875,,,,,,,,
2015-01-15,003030,,,,,,,,,,,,,,,,,,,,,,,,,,3.97,0.43,19512.0,179326.0,465000000000.0,6000000.0,,0.029998779296875,,,,,,,,
2015-01-15,019440,,,,,,,,,,,,,,,,,,,,,,,,,,6.0,0.83,3860.0,27768.0,198395500000.0,8570000.0,,0.029998779296875,,,,,,,,
2015-01-15,058650,,,,,,,,,,,,,,,,,,,,,,,,,,0.0,0.46,0.0,348750.0,644000000000.0,4000000.0,,0.029998779296875,,,,,,,,
2015-01-15,013000,,,,,,,,,,,,,,,,,,,,,,,,,,23.23,0.87,48.0,1277.0,26415136075.0,23690705.0,,0.029998779296875,,,,,,,,
2015-01-15,096690,,,,,,,,,,,,,,,,,,,,,,,,,,6.2,0.67,393.0,3642.0,24350000000.0,10000000.0,,0.029998779296875,,,,,,,,
2015-01-15,100700,,,,,,,,,,,,,,,,,,,,,,,,,,32.89,4.91,197.0,1320.0,283824000000.0,43800000.0,,0.029998779296875,,,,,,,,
2015-01-15,024830,,,,,,,,,,,,,,,,,,,,,,,,,,25.15,0.39,305.0,19779.0,64044500000.0,8350000.0,,0.029998779296875,,,,,,,,
2015-01-15,091090,,,,,,,,,,,,,,,,,,,,,,,,,,0.0,1.05,0.0,2525.0,106834649300.0,40314962.0,,0.029998779296875,,,,,,,,
2015-01-15,021820,,,,,,,,,,,,,,,,,,,,,,,,,,5.69,0.76,4634.0,34482.0,263500000000.0,10000000.0,,0.029998779296875,,,,,,,,
2015-01-15,067830,,,,,,,,,,,,,,,,,,,,,,,,,,10.14,0.83,571.0,7002.0,237626782050.0,41040895.0,,0.029998779296875,,,,,,,,
2015-01-15,033530,,,,,,,,,,,,,,,,,,,,,,,,,,5.78,0.77,2334.0,17555.0,270734805000.0,20054430.0,,0.029998779296875,,,,,,,,
2015-01-15,135270,,,,,,,,,,,,,,,,,,,,,,,,,,,,,,,,,0.029998779296875,,,,,,,,
2015-01-15,039310,,,,,,,,,,,,,,,,,,,,,,,,,,7.56,1.04,535.0,3883.0,73302143015.0,18121667.0,,0.029998779296875,,,,,,,,
2015-01-15,080440,,,,,,,,,,,,,,,,,,,,,,,,,,0.0,0.3,0.0,1991.0,10126260867.0,16961911.0,,0.029998779296875,,,,,,,,
2015-01-15,067770,,,,,,,,,,,,,,,,,,,,,,,,,,0.0,0.37,0.0,5917.0,18220606810.0,8396593.0,,0.029998779296875,,,,,,,,
2015-01-15,053450,,,,,,,,,,,,,,,,,,,,,,,,,,7.65,1.46,2757.0,14478.0,164420062000.0,7792420.0,,0.029998779296875,,,,,,,,
2015-01-15,027970,,,,,,,,,,,,,,,,,,,,,,,,,,0.0,0.78,0.0,521.0,25849274110.0,63511730.0,,0.029998779296875,,,,,,,,
2015-01-15,158310,,,,,,,,,,,,,,,,,,,,,,,,,,4.48,0.77,1127.0,6543.0,21316050000.0,4221000.0,,0.029998779296875,,,,,,,,
2015-01-15,085980,,,,,,,,,,,,,,,,,,,,,,,,,,,,,,,,,0.029998779296875,,,,,,,,
2015-01-15,049180,,,,,,,,,,,,,,,,,,,,,,,,,,0.0,1.54,0.0,1951.0,85876821020.0,28673396.0,,0.029998779296875,,,,,,,,
2015-01-15,068270,,,,,,,,,,,,,,,,,,,,,,,,,,41.52,3.99,991.0,10310.0,4261896076650.0,103569771.0,,0.029998779296875,,,,,,,,
2015-01-15,068760,,,,,,,,,,,,,,,,,,,,,,,,,,56.9,0.89,174.0,11141.0,187008624000.0,18889760.0,,0.029998779296875,,,,,,,,
2015-01-15,053110,,,,,,,,,,,,,,,,,,,,,,,,,,0.0,8.86,0.0,634.0,176470781900.0,31400495.0,,0.029998779296875,,,,,,,,
2015-01-15,064820,,,,,,,,,,,,,,,,,,,,,,,,,,0.0,0.37,0.0,5009.0,34209830490.0,18294027.0,,0.029998779296875,,,,,,,,
2015-01-15,052190,,,,,,,,,,,,,,,,,,,,,,,,,,33.21,3.98,548.0,4577.0,113022000000.0,6210000.0,,0.029998779296875,,,,,,,,
2015-01-15,032680,,,,,,,,,,,,,,,,,,,,,,,,,,39.91,2.73,53.0,774.0,61473712275.0,29065585.0,,0.029998779296875,,,,,,,,
2015-01-15,032685,,,,,,,,,,,,,,,,,,,,,,,,,,0.0,0.0,0.0,0.0,1327141530.0,142857.0,,0.029998779296875,,,,,,,,
2015-01-15,210610,,,,,,,,,,,,,,,,,,,,,,,,,,,,,,,,,0.029998779296875,,,,,,,,
2015-01-15,054920,,,,,,,,,,,,,,,,,,,,,,,,,,164.21,0.68,19.0,4604.0,36940800000.0,11840000.0,,0.029998779296875,,,,,,,,
2015-01-15,066910,,,,,,,,,,,,,,,,,,,,,,,,,,0.0,3.27,0.0,1067.0,76308121085.0,21896161.0,,0.029998779296875,,,,,,,,
2015-01-15,043100,,,,,,,,,,,,,,,,,,,,,,,,,,0.0,1.14,0.0,515.0,36742221360.0,62807216.0,,0.029998779296875,,,,,,,,
2015-01-15,070300,,,,,,,,,,,,,,,,,,,,,,,,,,13.14,1.16,338.0,3834.0,27377368560.0,6166074.0,,0.029998779296875,,,,,,,,
2015-01-15,154040,,,,,,,,,,,,,,,,,,,,,,,,,,3.36,1.61,2796.0,5839.0,103649250400.0,11026516.0,,0.029998779296875,,,,,,,,
2015-01-15,035610,,,,,,,,,,,,,,,,,,,,,,,,,,40.84,1.11,119.0,4391.0,132901545420.0,27345997.0,,0.029998779296875,,,,,,,,
2015-01-15,036830,,,,,,,,,,,,,,,,,,,,,,,,,,8.93,1.45,3885.0,23973.0,570886135000.0,16452050.0,,0.029998779296875,,,,,,,,
2015-01-15,039230,,,,,,,,,,,,,,,,,,,,,,,,,,160.71,1.16,7.0,968.0,40980873375.0,36427443.0,,0.029998779296875,,,,,,,,
2015-01-15,004430,,,,,,,,,,,,,,,,,,,,,,,,,,9.64,0.76,1000.0,12756.0,231360000000.0,24000000.0,,0.029998779296875,,,,,,,,
2015-01-15,017550,,,,,,,,,,,,,,,,,,,,,,,,,,20.13,0.97,77.0,1605.0,78198414500.0,50450590.0,,0.029998779296875,,,,,,,,
2015-01-15,084180,,,,,,,,,,,,,,,,,,,,,,,,,,13.08,1.17,266.0,2964.0,28536000000.0,8200000.0,,0.029998779296875,,,,,,,,
2015-01-15,002200,,,,,,,,,,,,,,,,,,,,,,,,,,7.93,0.4,2794.0,54864.0,88600000000.0,4000000.0,,0.029998779296875,,,,,,,,
2015-01-15,185190,,,,,,,,,,,,,,,,,,,,,,,,,,,,,,,,,0.029998779296875,,,,,,,,
2015-01-15,003060,,,,,,,,,,,,,,,,,,,,,,,,,,0.0,1.18,0.0,417.0,75842148060.0,154779894.0,,0.029998779296875,,,,,,,,
2015-01-15,094840,,,,,,,,,,,,,,,,,,,,,,,,,,31.53,3.2,877.0,8635.0,407229200000.0,14728000.0,,0.029998779296875,,,,,,,,
2015-01-15,192440,,,,,,,,,,,,,,,,,,,,,,,,,,34.03,10.37,2771.0,9092.0,586203030900.0,6216363.0,,0.029998779296875,,,,,,,,
2015-01-15,099440,,,,,,,,,,,,,,,,,,,,,,,,,,14.17,1.42,355.0,3544.0,110154887400.0,21899580.0,,0.029998779296875,,,,,,,,
2015-01-15,053210,,,,,,,,,,,,,,,,,,,,,,,,,,11.17,2.05,1527.0,8320.0,815364520300.0,47821966.0,,0.029998779296875,,,,,,,,
2015-01-15,115570,,,,,,,,,,,,,,,,,,,,,,,,,,0.0,0.51,0.0,10679.0,30553183800.0,5657997.0,,0.029998779296875,,,,,,,,
2015-01-15,179280,,,,,,,,,,,,,,,,,,,,,,,,,,,,,,,,,0.029998779296875,,,,,,,,
2015-01-15,032860,,,,,,,,,,,,,,,,,,,,,,,,,,0.0,0.5,0.0,717.0,26827955595.0,75148335.0,,0.029998779296875,,,,,,,,
2015-01-15,087220,,,,,,,,,,,,,,,,,,,,,,,,,,0.0,0.6,0.0,7515.0,65627000000.0,14600000.0,,0.029998779296875,,,,,,,,
2015-01-15,013810,,,,,,,,,,,,,,,,,,,,,,,,,,0.0,2.12,0.0,2148.0,59198421600.0,12982110.0,,0.029998779296875,,,,,,,,
2015-01-15,039670,,,,,,,,,,,,,,,,,,,,,,,,,,0.0,0.0,0.0,0.0,14510848120.0,15772661.0,,0.029998779296875,,,,,,,,
2015-01-15,049830,,,,,,,,,,,,,,,,,,,,,,,,,,10.24,0.73,1328.0,18755.0,83396723200.0,6132112.0,,0.029998779296875,,,,,,,,
2015-01-15,111610,,,,,,,,,,,,,,,,,,,,,,,,,,0.0,0.22,0.0,664.0,4264451305.0,29410009.0,,0.029998779296875,,,,,,,,
2015-01-15,020710,,,,,,,,,,,,,,,,,,,,,,,,,,0.0,1.06,0.0,3870.0,82397156700.0,20047970.0,,0.029998779296875,,,,,,,,
2015-01-15,033170,,,,,,,,,,,,,,,,,,,,,,,,,,16.0,0.79,105.0,2121.0,144023575920.0,85728319.0,,0.029998779296875,,,,,,,,
2015-01-15,025320,,,,,,,,,,,,,,,,,,,,,,,,,,18.39,1.1,93.0,1557.0,99520288290.0,58198999.0,,0.029998779296875,,,,,,,,
2015-01-15,131090,,,,,,,,,,,,,,,,,,,,,,,,,,17.28,1.4,274.0,3387.0,29357000000.0,6200000.0,,0.029998779296875,,,,,,,,
2015-01-15,016590,,,,,,,,,,,,,,,,,,,,,,,,,,9.18,0.47,3433.0,67115.0,115473109500.0,3665813.0,,0.029998779296875,,,,,,,,
2015-01-15,029530,,,,,,,,,,,,,,,,,,,,,,,,,,26.49,0.87,2676.0,81711.0,714674056100.0,10080029.0,,0.029998779296875,,,,,,,,
2015-01-15,004970,,,,,,,,,,,,,,,,,,,,,,,,,,12.42,0.79,1642.0,25740.0,326400000000.0,16000000.0,,0.029998779296875,,,,,,,,
2015-01-15,001000,,,,,,,,,,,,,,,,,,,,,,,,,,40.37,2.01,161.0,3233.0,31560802000.0,4855508.0,,0.029998779296875,,,,,,,,
2015-01-15,025870,,,,,,,,,,,,,,,,,,,,,,,,,,45.45,0.84,89.0,4820.0,16180000000.0,4000000.0,,0.029998779296875,,,,,,,,
2015-01-15,065350,,,,,,,,,,,,,,,,,,,,,,,,,,6.89,0.46,339.0,5030.0,46700000000.0,20000000.0,,0.029998779296875,,,,,,,,
2015-01-15,011930,,,,,,,,,,,,,,,,,,,,,,,,,,0.0,1.38,0.0,770.0,76131516100.0,71822185.0,,0.029998779296875,,,,,,,,
2015-01-15,104120,,,,,,,,,,,,,,,,,,,,,,,,,,8.35,0.91,182.0,1664.0,26791918240.0,17626262.0,,0.029998779296875,,,,,,,,
2015-01-15,104110,,,,,,,,,,,,,,,,,,,,,,,,,,3.2,0.55,444.0,2568.0,25029292040.0,17626262.0,,0.029998779296875,,,,,,,,
2015-01-15,005390,,,,,,,,,,,,,,,,,,,,,,,,,,88.0,0.95,15.0,1395.0,189695074800.0,143708390.0,,0.029998779296875,,,,,,,,
2015-01-15,004170,,,,,,,,,,,,,,,,,,,,,,,,,,10.86,0.71,16024.0,244816.0,1713061494000.0,9845181.0,,0.029998779296875,,,,,,,,
2015-01-15,035510,,,,,,,,,,,,,,,,,,,,,,,,,,14.91,1.25,7445.0,88989.0,190920000000.0,1720000.0,,0.029998779296875,,,,,,,,
2015-01-15,034300,,,,,,,,,,,,,,,,,,,,,,,,,,0.0,4.53,0.0,6993.0,126800000000.0,4000000.0,,0.029998779296875,,,,,,,,
2015-01-15,031430,,,,,,,,,,,,,,,,,,,,,,,,,,22.59,1.68,4537.0,61007.0,731850000000.0,7140000.0,,0.029998779296875,,,,,,,,
2015-01-15,031440,,,,,,,,,,,,,,,,,,,,,,,,,,21.85,1.93,5630.0,63886.0,476315040000.0,3872480.0,,0.029998779296875,,,,,,,,
2015-01-15,006880,,,,,,,,,,,,,,,,,,,,,,,,,,7.79,0.64,1084.0,13286.0,99835561520.0,11828858.0,,0.029998779296875,,,,,,,,
2015-01-15,086830,,,,,,,,,,,,,,,,,,,,,,,,,,0.0,1.25,0.0,676.0,16615394277.0,19709839.0,,0.029998779296875,,,,,,,,
2015-01-15,005800,,,,,,,,,,,,,,,,,,,,,,,,,,8.52,0.36,12679.0,298262.0,97200000000.0,900000.0,,0.029998779296875,,,,,,,,
2015-01-15,001720,,,,,,,,,,,,,,,,,,,,,,,,,,8.8,0.95,6071.0,56361.0,501225055800.0,9386237.0,,0.029998779296875,,,,,,,,
2015-01-15,001725,,,,,,,,,,,,,,,,,,,,,,,,,,0.0,0.0,0.0,0.0,347397827750.0,7053763.0,,0.029998779296875,,,,,,,,
2015-01-15,025620,,,,,,,,,,,,,,,,,,,,,,,,,,0.0,0.0,0.0,0.0,150777348300.0,61291605.0,,0.029998779296875,,,,,,,,
2015-01-15,009270,,,,,,,,,,,,,,,,,,,,,,,,,,0.0,0.75,0.0,2736.0,129771908500.0,63303370.0,,0.029998779296875,,,,,,,,
2015-01-15,009275,,,,,,,,,,,,,,,,,,,,,,,,,,0.0,0.0,0.0,0.0,1234064000.0,90740.0,,0.029998779296875,,,,,,,,
2015-01-15,017000,,,,,,,,,,,,,,,,,,,,,,,,,,5.73,0.59,51.0,497.0,29398641176.0,100680278.0,,0.029998779296875,,,,,,,,
2015-01-15,014350,,,,,,,,,,,,,,,,,,,,,,,,,,0.0,1.78,0.0,8141.0,21381337500.0,1474575.0,,0.029998779296875,,,,,,,,
2015-01-15,002700,,,,,,,,,,,,,,,,,,,,,,,,,,11.69,2.39,127.0,621.0,102845641140.0,69256324.0,,0.029998779296875,,,,,,,,
2015-01-15,012790,,,,,,,,,,,,,,,,,,,,,,,,,,12.96,1.61,976.0,7870.0,99935000000.0,7900000.0,,0.029998779296875,,,,,,,,
2015-01-15,138070,,,,,,,,,,,,,,,,,,,,,,,,,,40.97,3.42,515.0,6178.0,189313061300.0,8972183.0,,0.029998779296875,,,,,,,,
2015-01-15,019170,,,,,,,,,,,,,,,,,,,,,,,,,,31.01,1.0,134.0,4159.0,181134316500.0,43594300.0,,0.029998779296875,,,,,,,,
2015-01-15,019175,,,,,,,,,,,,,,,,,,,,,,,,,,0.0,0.0,0.0,0.0,6380000000.0,2200000.0,,0.029998779296875,,,,,,,,
2015-01-15,002870,,,,,,,,,,,,,,,,,,,,,,,,,,0.0,0.31,0.0,23377.0,25275140100.0,3495870.0,,0.029998779296875,,,,,,,,
2015-01-15,005450,,,,,,,,,,,,,,,,,,,,,,,,,,0.0,0.31,0.0,12144.0,26616559810.0,7022839.0,,0.029998779296875,,,,,,,,
2015-01-15,203650,,,,,,,,,,,,,,,,,,,,,,,,,,0.0,0.0,0.0,0.0,11247500000.0,5500000.0,,0.029998779296875,,,,,,,,
2015-01-15,055550,,,,,,,,,,,,,,,,,,,,,,,,,,11.34,0.76,3819.0,56754.0,20532842117100.0,474199587.0,,0.029998779296875,,,,,,,,
2015-01-15,001770,,,,,,,,,,,,,,,,,,,,,,,,,,0.0,0.44,0.0,31045.0,16765316400.0,1214878.0,,0.029998779296875,,,,,,,,
2015-01-15,056700,,,,,,,,,,,,,,,,,,,,,,,,,,69.33,0.96,45.0,3236.0,75830208480.0,24304554.0,,0.029998779296875,,,,,,,,
2015-01-15,187270,,,,,,,,,,,,,,,,,,,,,,,,,,4.87,2.61,1231.0,2299.0,44817966000.0,7469661.0,,0.029998779296875,,,,,,,,
2015-01-15,004080,,,,,,,,,,,,,,,,,,,,,,,,,,57.67,1.04,146.0,8063.0,80832000000.0,9600000.0,,0.029998779296875,,,,,,,,
2015-01-15,007820,,,,,,,,,,,,,,,,,,,,,,,,,,20.97,2.13,677.0,6661.0,103665807800.0,7300409.0,,0.029998779296875,,,,,,,,
2015-01-15,108320,,,,,,,,,,,,,,,,,,,,,,,,,,14.21,1.73,2048.0,16843.0,473291130000.0,16264300.0,,0.029998779296875,,,,,,,,
2015-01-15,036710,,,,,,,,,,,,,,,,,,,,,,,,,,0.0,2.04,0.0,5315.0,363195460600.0,33474236.0,,0.029998779296875,,,,,,,,
2015-01-15,102280,,,,,,,,,,,,,,,,,,,,,,,,,,0.0,1.13,0.0,899.0,89372104200.0,87619710.0,,0.029998779296875,,,,,,,,
2015-01-15,047400,,,,,,,,,,,,,,,,,,,,,,,,,,18.13,1.08,128.0,2158.0,97440000000.0,42000000.0,,0.029998779296875,,,,,,,,
2015-01-15,003410,,,,,,,,,,,,,,,,,,,,,,,,,,27.79,0.99,502.0,14140.0,1041513082200.0,74660436.0,,0.029998779296875,,,,,,,,
2015-01-15,003419,,,,,,,,,,,,,,,,,,,,,,,,,,0.0,0.0,0.0,0.0,1746855000.0,158805.0,,0.029998779296875,,,,,,,,
2015-01-15,003415,,,,,,,,,,,,,,,,,,,,,,,,,,0.0,0.0,0.0,0.0,1784499860.0,308737.0,,0.029998779296875,,,,,,,,
2015-01-15,010280,,,,,,,,,,,,,,,,,,,,,,,,,,13.22,0.86,76.0,1167.0,40666354170.0,40464034.0,,0.029998779296875,,,,,,,,
2015-01-15,003620,,,,,,,,,,,,,,,,,,,,,,,,,,0.0,1.3,0.0,6444.0,1149904404480.0,137220096.0,,0.029998779296875,,,,,,,,
2015-01-15,004770,,,,,,,,,,,,,,,,,,,,,,,,,,0.0,3.34,0.0,684.0,60461100000.0,26460000.0,,0.029998779296875,,,,,,,,
2015-01-15,037760,,,,,,,,,,,,,,,,,,,,,,,,,,12.16,1.02,88.0,1052.0,34651877240.0,32384932.0,,0.029998779296875,,,,,,,,
2015-01-15,136510,,,,,,,,,,,,,,,,,,,,,,,,,,16.66,0.82,250.0,5062.0,22491000000.0,5400000.0,,0.029998779296875,,,,,,,,
2015-01-15,099320,,,,,,,,,,,,,,,,,,,,,,,,,,21.3,1.56,866.0,11795.0,67526815500.0,3659990.0,,0.029998779296875,,,,,,,,
2015-01-15,049960,,,,,,,,,,,,,,,,,,,,,,,,,,59.5,13.12,1010.0,4580.0,564940000000.0,9400000.0,,0.029998779296875,,,,,,,,
2015-01-15,050890,,,,,,,,,,,,,,,,,,,,,,,,,,9.99,2.07,811.0,3910.0,173950788600.0,21475406.0,,0.029998779296875,,,,,,,,
2015-01-15,099830,,,,,,,,,,,,,,,,,,,,,,,,,,0.0,0.66,0.0,1536.0,36898240190.0,36352946.0,,0.029998779296875,,,,,,,,
2015-01-15,066790,,,,,,,,,,,,,,,,,,,,,,,,,,0.0,1.15,0.0,510.0,43370917785.0,74138321.0,,0.029998779296875,,,,,,,,
2015-01-15,144630,,,,,,,,,,,,,,,,,,,,,,,,,,,,,,,,,0.029998779296875,,,,,,,,
2015-01-15,086200,,,,,,,,,,,,,,,,,,,,,,,,,,0.0,0.53,0.0,5990.0,32523262700.0,10341260.0,,0.029998779296875,,,,,,,,
2015-01-15,039530,,,,,,,,,,,,,,,,,,,,,,,,,,0.0,5.55,0.0,311.0,93859740900.0,54411444.0,,0.029998779296875,,,,,,,,
2015-01-15,112610,,,,,,,,,,,,,,,,,,,,,,,,,,13.83,2.73,1880.0,9533.0,449428590000.0,17285715.0,,0.029998779296875,,,,,,,,
2015-01-15,021880,,,,,,,,,,,,,,,,,,,,,,,,,,0.72,0.43,698.0,1177.0,10441246244.0,20634874.0,,0.029998779296875,,,,,,,,
2015-01-15,115530,,,,,,,,,,,,,,,,,,,,,,,,,,412.5,0.41,8.0,8020.0,15585933000.0,4723010.0,,0.029998779296875,,,,,,,,
2015-01-15,115480,,,,,,,,,,,,,,,,,,,,,,,,,,238.33,1.25,30.0,5702.0,47290972300.0,6614122.0,,0.029998779296875,,,,,,,,
2015-01-15,189330,,,,,,,,,,,,,,,,,,,,,,,,,,,,,,,,,0.029998779296875,,,,,,,,
2015-01-15,096530,,,,,,,,,,,,,,,,,,,,,,,,,,82.4,9.63,392.0,3355.0,817355343700.0,25305119.0,,0.029998779296875,,,,,,,,
2015-01-15,900120,,,,,,,,,,,,,,,,,,,,,,,,,,,,,,,,,0.029998779296875,,,,,,,,
2015-01-15,101240,,,,,,,,,,,,,,,,,,,,,,,,,,13.7,1.23,478.0,5340.0,44868567650.0,6850163.0,,0.029998779296875,,,,,,,,
2015-01-15,189540,,,,,,,,,,,,,,,,,,,,,,,,,,,,,,,,,0.029998779296875,,,,,,,,
2015-01-15,060590,,,,,,,,,,,,,,,,,,,,,,,,,,327.45,3.16,51.0,5291.0,290999721100.0,17425133.0,,0.029998779296875,,,,,,,,
2015-01-15,036170,,,,,,,,,,,,,,,,,,,,,,,,,,0.0,0.67,0.0,1900.0,38324073675.0,30058097.0,,0.029998779296875,,,,,,,,
2015-01-15,013990,,,,,,,,,,,,,,,,,,,,,,,,,,85.57,1.41,88.0,5355.0,246682800000.0,32760000.0,,0.029998779296875,,,,,,,,
2015-01-15,123860,,,,,,,,,,,,,,,,,,,,,,,,,,45.7,1.6,302.0,8642.0,139762260000.0,10127700.0,,0.029998779296875,,,,,,,,
2015-01-15,008700,,,,,,,,,,,,,,,,,,,,,,,,,,16.15,0.92,53.0,928.0,66018845920.0,77124820.0,,0.029998779296875,,,,,,,,
2015-01-15,008705,,,,,,,,,,,,,,,,,,,,,,,,,,0.0,0.0,0.0,0.0,409812000.0,27690.0,,0.029998779296875,,,,,,,,
2015-01-15,050320,,,,,,,,,,,,,,,,,,,,,,,,,,0.0,1.22,0.0,940.0,8506777500.0,7429500.0,,0.029998779296875,,,,,,,,
2015-01-15,072770,,,,,,,,,,,,,,,,,,,,,,,,,,55.42,1.56,24.0,853.0,21213078390.0,15949683.0,,0.029998779296875,,,,,,,,
2015-01-15,058220,,,,,,,,,,,,,,,,,,,,,,,,,,8.78,0.57,180.0,2780.0,15797946000.0,9998700.0,,0.029998779296875,,,,,,,,
2015-01-15,002790,,,,,,,,,,,,,,,,,,,,,,,,,,54.52,4.58,20102.0,239095.0,8745091408000.0,7979098.0,,0.029998779296875,,,,,,,,
2015-01-15,002795,,,,,,,,,,,,,,,,,,,,,,,,,,0.0,0.0,0.0,0.0,319933180500.0,644377.0,,0.029998779296875,,,,,,,,
2015-01-15,090430,,,,,,,,,,,,,,,,,,,,,,,,,,61.07,6.41,38842.0,370116.0,13866353828000.0,5845849.0,,0.029998779296875,,,,,,,,
2015-01-15,090435,,,,,,,,,,,,,,,,,,,,,,,,,,0.0,0.0,0.0,0.0,1156082385000.0,1055783.0,,0.029998779296875,,,,,,,,
2015-01-15,052710,,,,,,,,,,,,,,,,,,,,,,,,,,14.25,1.47,1393.0,13530.0,193406609100.0,9743406.0,,0.029998779296875,,,,,,,,
2015-01-15,074430,,,,,,,,,,,,,,,,,,,,,,,,,,0.0,2.15,0.0,552.0,86803999200.0,73252320.0,,0.029998779296875,,,,,,,,
2015-01-15,092040,,,,,,,,,,,,,,,,,,,,,,,,,,45.16,9.51,1034.0,4910.0,401851165000.0,8604950.0,,0.029998779296875,,,,,,,,
2015-01-15,083930,,,,,,,,,,,,,,,,,,,,,,,,,,0.0,0.82,0.0,4909.0,64465915150.0,15996505.0,,0.029998779296875,,,,,,,,
2015-01-15,149950,,,,,,,,,,,,,,,,,,,,,,,,,,14.29,2.34,983.0,6005.0,229120375000.0,16307500.0,,0.029998779296875,,,,,,,,
2015-01-15,090370,,,,,,,,,,,,,,,,,,,,,,,,,,0.0,1.44,0.0,3709.0,83136324000.0,15568600.0,,0.029998779296875,,,,,,,,
2015-01-15,036010,,,,,,,,,,,,,,,,,,,,,,,,,,21.06,1.28,292.0,4821.0,71838150000.0,11681000.0,,0.029998779296875,,,,,,,,
2015-01-15,002030,,,,,,,,,,,,,,,,,,,,,,,,,,12.31,0.48,11699.0,299998.0,315507456000.0,2191024.0,,0.029998779296875,,,,,,,,
2015-01-15,183190,,,,,,,,,,,,,,,,,,,,,,,,,,34.13,0.64,3311.0,177159.0,372426417000.0,3295809.0,,0.029998779296875,,,,,,,,
2015-01-15,002310,,,,,,,,,,,,,,,,,,,,,,,,,,10.36,0.43,2153.0,52361.0,199729994600.0,8956502.0,,0.029998779296875,,,,,,,,
2015-01-15,050860,,,,,,,,,,,,,,,,,,,,,,,,,,19.21,0.6,151.0,4867.0,50750000000.0,17500000.0,,0.029998779296875,,,,,,,,
2015-01-15,067390,,,,,,,,,,,,,,,,,,,,,,,,,,0.0,2.56,0.0,3716.0,118904783500.0,12516293.0,,0.029998779296875,,,,,,,,
2015-01-15,083570,,,,,,,,,,,,,,,,,,,,,,,,,,,,,,,,,0.029998779296875,,,,,,,,
2015-01-15,083580,,,,,,,,,,,,,,,,,,,,,,,,,,,,,,,,,0.029998779296875,,,,,,,,
2015-01-15,083590,,,,,,,,,,,,,,,,,,,,,,,,,,,,,,,,,0.029998779296875,,,,,,,,
2015-01-15,083600,,,,,,,,,,,,,,,,,,,,,,,,,,,,,,,,,0.029998779296875,,,,,,,,
2015-01-15,083610,,,,,,,,,,,,,,,,,,,,,,,,,,,,,,,,,0.029998779296875,,,,,,,,
2015-01-15,083620,,,,,,,,,,,,,,,,,,,,,,,,,,,,,,,,,0.029998779296875,,,,,,,,
2015-01-15,081210,,,,,,,,,,,,,,,,,,,,,,,,,,,,,,,,,0.029998779296875,,,,,,,,
2015-01-15,082240,,,,,,,,,,,,,,,,,,,,,,,,,,,,,,,,,0.029998779296875,,,,,,,,
2015-01-15,082250,,,,,,,,,,,,,,,,,,,,,,,,,,,,,,,,,0.029998779296875,,,,,,,,
2015-01-15,082260,,,,,,,,,,,,,,,,,,,,,,,,,,,,,,,,,0.029998779296875,,,,,,,,
2015-01-15,081930,,,,,,,,,,,,,,,,,,,,,,,,,,,,,,,,,0.029998779296875,,,,,,,,
2015-01-15,020560,,,,,,,,,,,,,,,,,,,,,,,,,,0.0,1.65,0.0,4613.0,1480819360350.0,195101365.0,,0.029998779296875,,,,,,,,
2015-01-15,154030,,,,,,,,,,,,,,,,,,,,,,,,,,,,,,,,,0.029998779296875,,,,,,,,
2015-01-15,060240,,,,,,,,,,,,,,,,,,,,,,,,,,0.0,1.53,0.0,1231.0,15679200000.0,8340000.0,,0.029998779296875,,,,,,,,
2015-01-15,143160,,,,,,,,,,,,,,,,,,,,,,,,,,6.8,1.05,1956.0,12618.0,142527987000.0,10716390.0,,0.029998779296875,,,,,,,,
2015-01-15,054800,,,,,,,,,,,,,,,,,,,,,,,,,,13.84,0.77,1019.0,18381.0,145903359600.0,10347756.0,,0.029998779296875,,,,,,,,
2015-01-15,078780,,,,,,,,,,,,,,,,,,,,,,,,,,0.0,0.57,0.0,1355.0,18613521198.0,24048477.0,,0.029998779296875,,,,,,,,
2015-01-15,060570,,,,,,,,,,,,,,,,,,,,,,,,,,0.0,8.05,0.0,711.0,177580237120.0,31045496.0,,0.029998779296875,,,,,,,,
2015-01-15,122900,,,,,,,,,,,,,,,,,,,,,,,,,,23.22,2.6,1081.0,9648.0,902177834000.0,35943340.0,,0.029998779296875,,,,,,,,
2015-01-15,099190,,,,,,,,,,,,,,,,,,,,,,,,,,30.01,5.5,2086.0,11391.0,569615491400.0,9099289.0,,0.029998779296875,,,,,,,,
2015-01-15,040910,,,,,,,,,,,,,,,,,,,,,,,,,,17.15,1.19,459.0,6589.0,129414783680.0,16444064.0,,0.029998779296875,,,,,,,,
2015-01-15,068940,,,,,,,,,,,,,,,,,,,,,,,,,,137.22,2.03,36.0,2439.0,61611131660.0,12471889.0,,0.029998779296875,,,,,,,,
2015-01-15,052860,,,,,,,,,,,,,,,,,,,,,,,,,,0.0,0.55,0.0,5109.0,38658384800.0,13806566.0,,0.029998779296875,,,,,,,,
2015-01-15,010780,,,,,,,,,,,,,,,,,,,,,,,,,,66.35,3.72,835.0,14876.0,1414557617400.0,25533531.0,,0.029998779296875,,,,,,,,
2015-01-15,069920,,,,,,,,,,,,,,,,,,,,,,,,,,0.0,4.67,0.0,526.0,34922006750.0,14224850.0,,0.029998779296875,,,,,,,,
2015-01-15,038880,,,,,,,,,,,,,,,,,,,,,,,,,,0.0,7.19,0.0,434.0,94481630880.0,30282574.0,,0.029998779296875,,,,,,,,
2015-01-15,101390,,,,,,,,,,,,,,,,,,,,,,,,,,0.0,1.02,0.0,3501.0,65212112040.0,18318009.0,,0.029998779296875,,,,,,,,
2015-01-15,114810,,,,,,,,,,,,,,,,,,,,,,,,,,20.47,3.28,750.0,4674.0,146848323100.0,9566666.0,,0.029998779296875,,,,,,,,
2015-01-15,031310,,,,,,,,,,,,,,,,,,,,,,,,,,9.47,0.7,303.0,4080.0,45267287380.0,15772574.0,,0.029998779296875,,,,,,,,
2015-01-15,185490,,,,,,,,,,,,,,,,,,,,,,,,,,,,,,,,,0.029998779296875,,,,,,,,
2015-01-15,059100,,,,,,,,,,,,,,,,,,,,,,,,,,0.0,4.93,0.0,3770.0,123911581800.0,6661913.0,,0.029998779296875,,,,,,,,
2015-01-15,149010,,,,,,,,,,,,,,,,,,,,,,,,,,,,,,,,,0.029998779296875,,,,,,,,
2015-01-15,052460,,,,,,,,,,,,,,,,,,,,,,,,,,14.13,0.75,206.0,3898.0,23437046880.0,8053968.0,,0.029998779296875,,,,,,,,
2015-01-15,119830,,,,,,,,,,,,,,,,,,,,,,,,,,182.86,0.58,14.0,4451.0,13335157760.0,5209046.0,,0.029998779296875,,,,,,,,
2015-01-15,124500,,,,,,,,,,,,,,,,,,,,,,,,,,5.83,1.9,1852.0,5675.0,46564416000.0,4311520.0,,0.029998779296875,,,,,,,,
2015-01-15,033660,,,,,,,,,,,,,,,,,,,,,,,,,,23.44,0.59,285.0,11396.0,384406545200.0,57545890.0,,0.029998779296875,,,,,,,,
2015-01-15,032080,,,,,,,,,,,,,,,,,,,,,,,,,,0.0,0.44,0.0,4595.0,32805825480.0,16081287.0,,0.029998779296875,,,,,,,,
2015-01-15,059120,,,,,,,,,,,,,,,,,,,,,,,,,,6.65,1.39,713.0,3421.0,26686200000.0,5630000.0,,0.029998779296875,,,,,,,,
2015-01-15,056730,,,,,,,,,,,,,,,,,,,,,,,,,,0.0,3.1,0.0,503.0,42138315960.0,27011741.0,,0.029998779296875,,,,,,,,
2015-01-15,023890,,,,,,,,,,,,,,,,,,,,,,,,,,6.77,1.04,5902.0,38552.0,365542500000.0,9150000.0,,0.029998779296875,,,,,,,,
2015-01-15,101140,,,,,,,,,,,,,,,,,,,,,,,,,,0.0,4.25,0.0,327.0,18745634520.0,13486068.0,,0.029998779296875,,,,,,,,
2015-01-15,067160,,,,,,,,,,,,,,,,,,,,,,,,,,810.29,7.56,34.0,3645.0,284284785850.0,10318867.0,,0.029998779296875,,,,,,,,
2015-01-15,001540,,,,,,,,,,,,,,,,,,,,,,,,,,19.57,1.26,631.0,9826.0,159673322900.0,12929014.0,,0.029998779296875,,,,,,,,
2015-01-15,053800,,,,,,,,,,,,,,,,,,,,,,,,,,59.48,3.08,744.0,14372.0,443113083750.0,10013855.0,,0.029998779296875,,,,,,,,
2015-01-15,131370,,,,,,,,,,,,,,,,,,,,,,,,,,51.82,3.32,66.0,1029.0,182173423860.0,53267083.0,,0.029998779296875,,,,,,,,
2015-01-15,096610,,,,,,,,,,,,,,,,,,,,,,,,,,12.14,1.36,677.0,6046.0,66754373400.0,8120970.0,,0.029998779296875,,,,,,,,
2015-01-15,061040,,,,,,,,,,,,,,,,,,,,,,,,,,19.95,0.93,415.0,8882.0,87457500000.0,10562500.0,,0.029998779296875,,,,,,,,
2015-01-15,148250,,,,,,,,,,,,,,,,,,,,,,,,,,,,,,,,,0.029998779296875,,,,,,,,
2015-01-15,196170,,,,,,,,,,,,,,,,,,,,,,,,,,42.51,14.85,694.0,1987.0,164590323500.0,5579333.0,,0.029998779296875,,,,,,,,
2015-01-15,123750,,,,,,,,,,,,,,,,,,,,,,,,,,47.84,3.07,255.0,3977.0,140986823400.0,11556297.0,,0.029998779296875,,,,,,,,
2015-01-15,085810,,,,,,,,,,,,,,,,,,,,,,,,,,11.96,2.61,920.0,4208.0,233454760000.0,21223160.0,,0.029998779296875,,,,,,,,
2015-01-15,117670,,,,,,,,,,,,,,,,,,,,,,,,,,14.39,1.72,460.0,3848.0,53177771520.0,8032896.0,,0.029998779296875,,,,,,,,
2015-01-15,022220,,,,,,,,,,,,,,,,,,,,,,,,,,0.0,1.87,0.0,1279.0,124048016705.0,51794579.0,,0.029998779296875,,,,,,,,
2015-01-15,161000,,,,,,,,,,,,,,,,,,,,,,,,,,7.28,1.21,8480.0,51014.0,197686800000.0,3204000.0,,0.029998779296875,,,,,,,,
2015-01-15,052790,,,,,,,,,,,,,,,,,,,,,,,,,,25.27,2.21,1472.0,16860.0,421027293600.0,11317938.0,,0.029998779296875,,,,,,,,
2015-01-15,131400,,,,,,,,,,,,,,,,,,,,,,,,,,15.55,0.62,110.0,2774.0,25650000000.0,15000000.0,,0.029998779296875,,,,,,,,
2015-01-15,030960,,,,,,,,,,,,,,,,,,,,,,,,,,32.74,0.52,62.0,3916.0,32439400000.0,15980000.0,,0.029998779296875,,,,,,,,
2015-01-15,102120,,,,,,,,,,,,,,,,,,,,,,,,,,13.29,1.9,520.0,3643.0,120646202230.0,17459653.0,,0.029998779296875,,,,,,,,
2015-01-15,067630,,,,,,,,,,,,,,,,,,,,,,,,,,0.0,1.72,0.0,880.0,20171016390.0,13358289.0,,0.029998779296875,,,,,,,,
2015-01-15,019990,,,,,,,,,,,,,,,,,,,,,,,,,,11.44,1.03,341.0,3782.0,30438993000.0,7804870.0,,0.029998779296875,,,,,,,,
2015-01-15,011090,,,,,,,,,,,,,,,,,,,,,,,,,,23.55,2.06,62.0,710.0,87587795860.0,59991641.0,,0.029998779296875,,,,,,,,
2015-01-15,035290,,,,,,,,,,,,,,,,,,,,,,,,,,0.0,3.43,0.0,987.0,39196878390.0,11562501.0,,0.029998779296875,,,,,,,,
2015-01-15,208890,,,,,,,,,,,,,,,,,,,,,,,,,,,,,,,,,0.029998779296875,,,,,,,,
2015-01-15,093240,,,,,,,,,,,,,,,,,,,,,,,,,,9.77,0.47,219.0,4595.0,29781521860.0,13916599.0,,0.029998779296875,,,,,,,,
2015-01-15,025980,,,,,,,,,,,,,,,,,,,,,,,,,,0.0,4.76,0.0,2449.0,128045278150.0,10991011.0,,0.029998779296875,,,,,,,,
2015-01-15,041440,,,,,,,,,,,,,,,,,,,,,,,,,,4.62,0.96,1564.0,7514.0,129532275120.0,17915944.0,,0.029998779296875,,,,,,,,
2015-01-15,038680,,,,,,,,,,,,,,,,,,,,,,,,,,37.5,2.31,252.0,4090.0,151910781750.0,16075215.0,,0.029998779296875,,,,,,,,
2015-01-15,121890,,,,,,,,,,,,,,,,,,,,,,,,,,0.0,0.64,0.0,6588.0,15979000000.0,3800000.0,,0.029998779296875,,,,,,,,
2015-01-15,097780,,,,,,,,,,,,,,,,,,,,,,,,,,3.25,0.68,1610.0,7724.0,94936119200.0,18117580.0,,0.029998779296875,,,,,,,,
2015-01-15,042110,,,,,,,,,,,,,,,,,,,,,,,,,,12.31,1.36,154.0,1392.0,91584523780.0,48329564.0,,0.029998779296875,,,,,,,,
2015-01-15,065420,,,,,,,,,,,,,,,,,,,,,,,,,,260.0,1.64,3.0,475.0,46838934480.0,60049916.0,,0.029998779296875,,,,,,,,
2015-01-15,103230,,,,,,,,,,,,,,,,,,,,,,,,,,26.52,0.27,79.0,7689.0,15084000000.0,7200000.0,,0.029998779296875,,,,,,,,
2015-01-15,900080,,,,,,,,,,,,,,,,,,,,,,,,,,,,,,,,,0.029998779296875,,,,,,,,
2015-01-15,101490,,,,,,,,,,,,,,,,,,,,,,,,,,0.0,1.01,0.0,3227.0,52092072645.0,15954693.0,,0.029998779296875,,,,,,,,
2015-01-15,095910,,,,,,,,,,,,,,,,,,,,,,,,,,8.85,0.98,853.0,7698.0,82961604600.0,10988292.0,,0.029998779296875,,,,,,,,
2015-01-15,031330,,,,,,,,,,,,,,,,,,,,,,,,,,10.39,2.17,180.0,860.0,149593630780.0,79996594.0,,0.029998779296875,,,,,,,,
2015-01-15,060540,,,,,,,,,,,,,,,,,,,,,,,,,,0.0,0.53,0.0,2889.0,27521195240.0,17870906.0,,0.029998779296875,,,,,,,,
2015-01-15,158300,,,,,,,,,,,,,,,,,,,,,,,,,,,,,,,,,0.029998779296875,,,,,,,,
2015-01-15,112240,,,,,,,,,,,,,,,,,,,,,,,,,,7.22,0.63,325.0,3706.0,38608537275.0,16464195.0,,0.029998779296875,,,,,,,,
2015-01-15,056190,,,,,,,,,,,,,,,,,,,,,,,,,,13.29,1.86,3609.0,25714.0,860912521000.0,17954380.0,,0.029998779296875,,,,,,,,
2015-01-15,080000,,,,,,,,,,,,,,,,,,,,,,,,,,10.83,1.08,397.0,3969.0,87863921000.0,20433470.0,,0.029998779296875,,,,,,,,
2015-01-15,086460,,,,,,,,,,,,,,,,,,,,,,,,,,,,,,,,,0.029998779296875,,,,,,,,
2015-01-15,005850,,,,,,,,,,,,,,,,,,,,,,,,,,8.5,0.94,2158.0,19422.0,621424401500.0,33865090.0,,0.029998779296875,,,,,,,,
2015-01-15,041510,,,,,,,,,,,,,,,,,,,,,,,,,,42.79,3.52,916.0,11134.0,809411948800.0,20648264.0,,0.029998779296875,,,,,,,,
2015-01-15,012750,,,,,,,,,,,,,,,,,,,,,,,,,,28.81,3.14,2343.0,21493.0,2564944515000.0,37999178.0,,0.029998779296875,,,,,,,,
2015-01-15,096630,,,,,,,,,,,,,,,,,,,,,,,,,,7.21,1.21,165.0,981.0,76502966330.0,64288207.0,,0.029998779296875,,,,,,,,
2015-01-15,069510,,,,,,,,,,,,,,,,,,,,,,,,,,8.08,1.17,1199.0,8271.0,105717900000.0,10910000.0,,0.029998779296875,,,,,,,,
2015-01-15,041910,,,,,,,,,,,,,,,,,,,,,,,,,,18.66,1.07,359.0,6241.0,72954377100.0,10888713.0,,0.029998779296875,,,,,,,,
2015-01-15,039440,,,,,,,,,,,,,,,,,,,,,,,,,,15.8,2.24,374.0,2643.0,71101259700.0,12030670.0,,0.029998779296875,,,,,,,,
2015-01-15,098660,,,,,,,,,,,,,,,,,,,,,,,,,,0.0,0.54,0.0,3382.0,15368172710.0,8375026.0,,0.029998779296875,,,,,,,,
2015-01-15,052020,,,,,,,,,,,,,,,,,,,,,,,,,,0.0,2.59,0.0,784.0,43880065880.0,21615796.0,,0.029998779296875,,,,,,,,
2015-01-15,050760,,,,,,,,,,,,,,,,,,,,,,,,,,20.11,0.57,89.0,3125.0,29239073620.0,16334678.0,,0.029998779296875,,,,,,,,
2015-01-15,058610,,,,,,,,,,,,,,,,,,,,,,,,,,18.46,1.22,305.0,4623.0,91104806380.0,16182026.0,,0.029998779296875,,,,,,,,
2015-01-15,043340,,,,,,,,,,,,,,,,,,,,,,,,,,25.76,1.53,17.0,287.0,31536000000.0,72000000.0,,0.029998779296875,,,,,,,,
2015-01-15,023960,,,,,,,,,,,,,,,,,,,,,,,,,,0.0,0.5,0.0,3082.0,15774322100.0,10176982.0,,0.029998779296875,,,,,,,,
2015-01-15,054630,,,,,,,,,,,,,,,,,,,,,,,,,,0.0,2.18,0.0,845.0,15676448400.0,8496720.0,,0.029998779296875,,,,,,,,
2015-01-15,200710,,,,,,,,,,,,,,,,,,,,,,,,,,17.34,5.87,1240.0,3665.0,86601892500.0,4027995.0,,0.029998779296875,,,,,,,,
2015-01-15,031860,,,,,,,,,,,,,,,,,,,,,,,,,,0.0,0.78,0.0,1832.0,18993820600.0,13375930.0,,0.029998779296875,,,,,,,,
2015-01-15,078520,,,,,,,,,,,,,,,,,,,,,,,,,,22.07,1.7,1015.0,13209.0,285670649600.0,12753154.0,,0.029998779296875,,,,,,,,
2015-01-15,203400,,,,,,,,,,,,,,,,,,,,,,,,,,,,,,,,,0.029998779296875,,,,,,,,
2015-01-15,003800,,,,,,,,,,,,,,,,,,,,,,,,,,7.85,0.86,15130.0,137655.0,263276600000.0,2218000.0,,0.029998779296875,,,,,,,,
2015-01-15,088800,,,,,,,,,,,,,,,,,,,,,,,,,,8.34,0.87,522.0,5030.0,99079847230.0,22750826.0,,0.029998779296875,,,,,,,,
2015-01-15,071930,,,,,,,,,,,,,,,,,,,,,,,,,,0.0,1.29,0.0,452.0,23613896920.0,40434755.0,,0.029998779296875,,,,,,,,
2015-01-15,138360,,,,,,,,,,,,,,,,,,,,,,,,,,19.69,2.61,795.0,6000.0,95699750000.0,6115000.0,,0.029998779296875,,,,,,,,
2015-01-15,015260,,,,,,,,,,,,,,,,,,,,,,,,,,0.0,0.68,0.0,1461.0,41495938000.0,41495938.0,,0.029998779296875,,,,,,,,
2015-01-15,028300,,,,,,,,,,,,,,,,,,,,,,,,,,0.0,12.73,0.0,652.0,232885267800.0,28058466.0,,0.029998779296875,,,,,,,,
2015-01-15,071670,,,,,,,,,,,,,,,,,,,,,,,,,,0.0,0.68,0.0,6851.0,46850000000.0,10000000.0,,0.029998779296875,,,,,,,,
2015-01-15,045660,,,,,,,,,,,,,,,,,,,,,,,,,,10.32,1.23,526.0,4429.0,73848000000.0,13600000.0,,0.029998779296875,,,,,,,,
2015-01-15,021080,,,,,,,,,,,,,,,,,,,,,,,,,,17.59,1.39,79.0,1002.0,66720000000.0,48000000.0,,0.029998779296875,,,,,,,,
2015-01-15,089530,,,,,,,,,,,,,,,,,,,,,,,,,,0.0,1.21,0.0,1464.0,89713287210.0,50685473.0,,0.029998779296875,,,,,,,,
2015-01-15,073570,,,,,,,,,,,,,,,,,,,,,,,,,,0.0,0.91,0.0,1588.0,20253232800.0,14064745.0,,0.029998779296875,,,,,,,,
2015-01-15,043580,,,,,,,,,,,,,,,,,,,,,,,,,,167.2,0.65,5.0,1296.0,12123309176.0,14501566.0,,0.029998779296875,,,,,,,,
2015-01-15,038870,,,,,,,,,,,,,,,,,,,,,,,,,,16.85,1.38,620.0,7590.0,93182033450.0,8916941.0,,0.029998779296875,,,,,,,,
2015-01-15,086520,,,,,,,,,,,,,,,,,,,,,,,,,,0.0,1.49,0.0,5055.0,105869958050.0,14022511.0,,0.029998779296875,,,,,,,,
2015-01-15,038110,,,,,,,,,,,,,,,,,,,,,,,,,,16.31,0.46,164.0,5804.0,57812426350.0,21612122.0,,0.029998779296875,,,,,,,,
2015-01-15,073540,,,,,,,,,,,,,,,,,,,,,,,,,,3.43,0.75,736.0,3388.0,28785000000.0,11400000.0,,0.029998779296875,,,,,,,,
2015-01-15,064850,,,,,,,,,,,,,,,,,,,,,,,,,,,,,,,,,0.029998779296875,,,,,,,,
2015-01-15,036810,,,,,,,,,,,,,,,,,,,,,,,,,,14.34,0.93,197.0,3049.0,40670064475.0,14396483.0,,0.029998779296875,,,,,,,,
2015-01-15,173940,,,,,,,,,,,,,,,,,,,,,,,,,,38.4,13.84,698.0,1936.0,168918122000.0,6302915.0,,0.029998779296875,,,,,,,,
2015-01-15,065160,,,,,,,,,,,,,,,,,,,,,,,,,,0.0,1.29,0.0,1334.0,73709451480.0,42979272.0,,0.029998779296875,,,,,,,,
2015-01-15,054940,,,,,,,,,,,,,,,,,,,,,,,,,,0.0,1.15,0.0,1602.0,61205196060.0,33173548.0,,0.029998779296875,,,,,,,,
2015-01-15,950130,,,,,,,,,,,,,,,,,,,,,,,,,,,,,,,,,0.029998779296875,,,,,,,,
2015-01-15,092870,,,,,,,,,,,,,,,,,,,,,,,,,,,,,,,,,0.029998779296875,,,,,,,,
2015-01-15,067570,,,,,,,,,,,,,,,,,,,,,,,,,,4.62,0.77,829.0,4980.0,110006110260.0,28722222.0,,0.029998779296875,,,,,,,,
2015-01-15,036570,,,,,,,,,,,,,,,,,,,,,,,,,,24.12,3.69,7961.0,52076.0,4210372224000.0,21929022.0,,0.029998779296875,,,,,,,,
2015-01-15,065170,,,,,,,,,,,,,,,,,,,,,,,,,,0.0,1.25,0.0,945.0,40841386425.0,34465305.0,,0.029998779296875,,,,,,,,
2015-01-15,095300,,,,,,,,,,,,,,,,,,,,,,,,,,0.0,0.81,0.0,2218.0,15891514200.0,8828619.0,,0.029998779296875,,,,,,,,
2015-01-15,206640,,,,,,,,,,,,,,,,,,,,,,,,,,0.0,0.0,0.0,0.0,9637000000.0,4600000.0,,0.029998779296875,,,,,,,,
2015-01-15,183490,,,,,,,,,,,,,,,,,,,,,,,,,,,,,,,,,0.029998779296875,,,,,,,,
2015-01-15,085310,,,,,,,,,,,,,,,,,,,,,,,,,,0.0,1.14,0.0,3453.0,180110205520.0,45946481.0,,0.029998779296875,,,,,,,,
2015-01-15,069410,,,,,,,,,,,,,,,,,,,,,,,,,,18.94,3.33,1043.0,5938.0,136259733250.0,6899227.0,,0.029998779296875,,,,,,,,
2015-01-15,068150,,,,,,,,,,,,,,,,,,,,,,,,,,0.0,2.36,0.0,545.0,64068775165.0,49858969.0,,0.029998779296875,,,,,,,,
2015-01-15,048830,,,,,,,,,,,,,,,,,,,,,,,,,,9.88,0.91,217.0,2351.0,27721814835.0,12923923.0,,0.029998779296875,,,,,,,,
2015-01-15,060900,,,,,,,,,,,,,,,,,,,,,,,,,,0.0,3.49,0.0,340.0,48025711995.0,40528027.0,,0.029998779296875,,,,,,,,
2015-01-15,096870,,,,,,,,,,,,,,,,,,,,,,,,,,0.0,0.65,0.0,2919.0,12622176000.0,6678400.0,,0.029998779296875,,,,,,,,
2015-01-15,061970,,,,,,,,,,,,,,,,,,,,,,,,,,551.67,0.78,3.0,2126.0,72463499760.0,43784592.0,,0.029998779296875,,,,,,,,
2015-01-15,150440,,,,,,,,,,,,,,,,,,,,,,,,,,,,,,,,,0.029998779296875,,,,,,,,
2015-01-15,208140,,,,,,,,,,,,,,,,,,,,,,,,,,0.0,0.0,0.0,0.0,6151700000.0,2710000.0,,0.029998779296875,,,,,,,,
2015-01-15,066970,,,,,,,,,,,,,,,,,,,,,,,,,,0.0,1.37,0.0,3980.0,77720478590.0,14208497.0,,0.029998779296875,,,,,,,,
2015-01-15,156100,,,,,,,,,,,,,,,,,,,,,,,,,,,,,,,,,0.029998779296875,,,,,,,,
2015-01-15,073110,,,,,,,,,,,,,,,,,,,,,,,,,,10.27,1.91,1957.0,10536.0,178804675500.0,8895755.0,,0.029998779296875,,,,,,,,
2015-01-15,083310,,,,,,,,,,,,,,,,,,,,,,,,,,16.34,0.87,287.0,5375.0,52165580250.0,11122725.0,,0.029998779296875,,,,,,,,
2015-01-15,037950,,,,,,,,,,,,,,,,,,,,,,,,,,0.0,0.0,0.0,0.0,116739116095.0,77567519.0,,0.029998779296875,,,,,,,,
2015-01-15,170920,,,,,,,,,,,,,,,,,,,,,,,,,,4.86,1.41,3222.0,11065.0,106894007200.0,6830288.0,,0.029998779296875,,,,,,,,
2015-01-15,138690,,,,,,,,,,,,,,,,,,,,,,,,,,0.0,2.64,0.0,2956.0,59126963940.0,7570674.0,,0.029998779296875,,,,,,,,
2015-01-15,183350,,,,,,,,,,,,,,,,,,,,,,,,,,,,,,,,,0.029998779296875,,,,,,,,
2015-01-15,058630,,,,,,,,,,,,,,,,,,,,,,,,,,0.0,10.52,0.0,554.0,103883691450.0,17818815.0,,0.029998779296875,,,,,,,,
2015-01-15,019590,,,,,,,,,,,,,,,,,,,,,,,,,,125.67,1.06,3.0,356.0,26041584140.0,69075820.0,,0.029998779296875,,,,,,,,
2015-01-15,097520,,,,,,,,,,,,,,,,,,,,,,,,,,14.83,1.94,1372.0,10487.0,122496397650.0,6019479.0,,0.029998779296875,,,,,,,,
2015-01-15,009780,,,,,,,,,,,,,,,,,,,,,,,,,,11.68,0.95,3723.0,45703.0,38280000000.0,880000.0,,0.029998779296875,,,,,,,,
2015-01-15,123040,,,,,,,,,,,,,,,,,,,,,,,,,,0.0,2.57,0.0,2415.0,87247491200.0,14072176.0,,0.029998779296875,,,,,,,,
2015-01-15,074150,,,,,,,,,,,,,,,,,,,,,,,,,,0.0,0.5,0.0,1588.0,21446998364.0,27217003.0,,0.029998779296875,,,,,,,,
2015-01-15,180400,,,,,,,,,,,,,,,,,,,,,,,,,,,,,,,,,0.029998779296875,,,,,,,,
2015-01-15,033160,,,,,,,,,,,,,,,,,,,,,,,,,,6.71,1.0,841.0,5653.0,122995365960.0,21807689.0,,0.029998779296875,,,,,,,,
2015-01-15,069640,,,,,,,,,,,,,,,,,,,,,,,,,,16.62,1.05,758.0,11967.0,159383889000.0,12649515.0,,0.029998779296875,,,,,,,,
2015-01-15,050540,,,,,,,,,,,,,,,,,,,,,,,,,,0.0,0.94,0.0,1965.0,37529360850.0,20286141.0,,0.029998779296875,,,,,,,,
2015-01-15,090740,,,,,,,,,,,,,,,,,,,,,,,,,,6.42,0.56,401.0,4599.0,41200000000.0,16000000.0,,0.029998779296875,,,,,,,,
2015-01-15,002680,,,,,,,,,,,,,,,,,,,,,,,,,,0.0,0.78,0.0,2280.0,36816000000.0,20800000.0,,0.029998779296875,,,,,,,,
2015-01-15,193250,,,,,,,,,,,,,,,,,,,,,,,,,,3.32,1.8,2588.0,4766.0,23165863000.0,2693705.0,,0.029998779296875,,,,,,,,
2015-01-15,014440,,,,,,,,,,,,,,,,,,,,,,,,,,8.36,0.76,432.0,4769.0,72200000000.0,20000000.0,,0.029998779296875,,,,,,,,
2015-01-15,007530,,,,,,,,,,,,,,,,,,,,,,,,,,4.92,0.38,389.0,5033.0,12051033720.0,6292968.0,,0.029998779296875,,,,,,,,
2015-01-15,143540,,,,,,,,,,,,,,,,,,,,,,,,,,2.75,1.83,2403.0,3608.0,33611506280.0,5084948.0,,0.029998779296875,,,,,,,,
2015-01-15,051390,,,,,,,,,,,,,,,,,,,,,,,,,,10.03,0.68,440.0,6452.0,50133949720.0,11355368.0,,0.029998779296875,,,,,,,,
2015-01-15,111770,,,,,,,,,,,,,,,,,,,,,,,,,,21.41,2.8,2513.0,19215.0,2383956978400.0,44311468.0,,0.029998779296875,,,,,,,,
2015-01-15,009970,,,,,,,,,,,,,,,,,,,,,,,,,,13.79,2.11,6706.0,43904.0,1261292260000.0,13635592.0,,0.029998779296875,,,,,,,,
2015-01-15,036180,,,,,,,,,,,,,,,,,,,,,,,,,,46.95,2.2,41.0,874.0,33880656425.0,17600341.0,,0.029998779296875,,,,,,,,
2015-01-15,003520,,,,,,,,,,,,,,,,,,,,,,,,,,20.0,2.29,66.0,577.0,234458400000.0,177620000.0,,0.029998779296875,,,,,,,,
2015-01-15,053330,,,,,,,,,,,,,,,,,,,,,,,,,,0.0,0.33,0.0,661.0,5042478960.0,23344810.0,,0.029998779296875,,,,,,,,
2015-01-15,000670,,,,,,,,,,,,,,,,,,,,,,,,,,10.82,1.07,125105.0,1263020.0,2494122160000.0,1842040.0,,0.029998779296875,,,,,,,,
2015-01-15,036560,,,,,,,,,,,,,,,,,,,,,,,,,,17.12,0.61,584.0,16386.0,157500000000.0,15750000.0,,0.029998779296875,,,,,,,,
2015-01-15,006740,,,,,,,,,,,,,,,,,,,,,,,,,,10.96,0.48,1999.0,45981.0,48618000000.0,2220000.0,,0.029998779296875,,,,,,,,
2015-01-15,012280,,,,,,,,,,,,,,,,,,,,,,,,,,12.18,1.27,108.0,1035.0,62060985790.0,47194666.0,,0.029998779296875,,,,,,,,
2015-01-15,012160,,,,,,,,,,,,,,,,,,,,,,,,,,13.53,0.89,129.0,1962.0,136789157490.0,78389202.0,,0.029998779296875,,,,,,,,
2015-01-15,036000,,,,,,,,,,,,,,,,,,,,,,,,,,22.1,2.23,319.0,3155.0,162391652850.0,23034277.0,,0.029998779296875,,,,,,,,
2015-01-15,053280,,,,,,,,,,,,,,,,,,,,,,,,,,32.67,1.93,217.0,3673.0,121948000000.0,17200000.0,,0.029998779296875,,,,,,,,
2015-01-15,015360,,,,,,,,,,,,,,,,,,,,,,,,,,11.86,0.35,2892.0,96920.0,205800000000.0,6000000.0,,0.029998779296875,,,,,,,,
2015-01-15,122640,,,,,,,,,,,,,,,,,,,,,,,,,,,,,,,,,0.029998779296875,,,,,,,,
2015-01-15,179720,,,,,,,,,,,,,,,,,,,,,,,,,,,,,,,,,0.029998779296875,,,,,,,,
2015-01-15,045060,,,,,,,,,,,,,,,,,,,,,,,,,,18.9,1.09,228.0,3945.0,49659707940.0,11521974.0,,0.029998779296875,,,,,,,,
2015-01-15,080520,,,,,,,,,,,,,,,,,,,,,,,,,,10.48,1.26,945.0,7862.0,116291429100.0,11746609.0,,0.029998779296875,,,,,,,,
2015-01-15,007310,,,,,,,,,,,,,,,,,,,,,,,,,,17.6,2.22,27053.0,214130.0,1637440000000.0,3440000.0,,0.029998779296875,,,,,,,,
2015-01-15,039830,,,,,,,,,,,,,,,,,,,,,,,,,,22.09,1.96,593.0,6694.0,140993859000.0,10762890.0,,0.029998779296875,,,,,,,,
2015-01-15,046120,,,,,,,,,,,,,,,,,,,,,,,,,,0.0,0.93,0.0,2178.0,16443583475.0,8080385.0,,0.029998779296875,,,,,,,,
2015-01-15,014940,,,,,,,,,,,,,,,,,,,,,,,,,,1.97,1.93,311.0,318.0,110747041808.0,180664016.0,,0.029998779296875,,,,,,,,
2015-01-15,002630,,,,,,,,,,,,,,,,,,,,,,,,,,0.0,1.46,0.0,549.0,80540526605.0,100299535.0,,0.029998779296875,,,,,,,,
2015-01-15,065500,,,,,,,,,,,,,,,,,,,,,,,,,,0.0,1.31,0.0,498.0,14481932058.0,22143627.0,,0.029998779296875,,,,,,,,
2015-01-15,001800,,,,,,,,,,,,,,,,,,,,,,,,,,36.21,5.33,27698.0,188018.0,5992893907000.0,5974969.0,,0.029998779296875,,,,,,,,
2015-01-15,010470,,,,,,,,,,,,,,,,,,,,,,,,,,16.67,0.86,294.0,5675.0,53042745000.0,10825050.0,,0.029998779296875,,,,,,,,
2015-01-15,053980,,,,,,,,,,,,,,,,,,,,,,,,,,54.17,3.79,240.0,3434.0,218173488000.0,16782576.0,,0.029998779296875,,,,,,,,
2015-01-15,052420,,,,,,,,,,,,,,,,,,,,,,,,,,0.0,0.0,0.0,0.0,84041878494.0,123955573.0,,0.029998779296875,,,,,,,,
2015-01-15,039200,,,,,,,,,,,,,,,,,,,,,,,,,,0.0,2.17,0.0,988.0,48415221855.0,22571199.0,,0.029998779296875,,,,,,,,
2015-01-15,031510,,,,,,,,,,,,,,,,,,,,,,,,,,5.38,0.58,423.0,3902.0,59150000000.0,26000000.0,,0.029998779296875,,,,,,,,
2015-01-15,048260,,,,,,,,,,,,,,,,,,,,,,,,,,56.94,6.8,699.0,5853.0,565239600000.0,14202000.0,,0.029998779296875,,,,,,,,
2015-01-15,138080,,,,,,,,,,,,,,,,,,,,,,,,,,14.22,6.17,1716.0,3953.0,126382484000.0,5179610.0,,0.029998779296875,,,,,,,,
2015-01-15,080580,,,,,,,,,,,,,,,,,,,,,,,,,,27.45,1.95,501.0,7046.0,85250000000.0,6200000.0,,0.029998779296875,,,,,,,,
2015-01-15,067170,,,,,,,,,,,,,,,,,,,,,,,,,,176.47,0.88,34.0,6783.0,68569284000.0,11428214.0,,0.029998779296875,,,,,,,,
2015-01-15,049480,,,,,,,,,,,,,,,,,,,,,,,,,,17.34,1.35,111.0,1429.0,60488087275.0,31422383.0,,0.029998779296875,,,,,,,,
2015-01-15,036630,,,,,,,,,,,,,,,,,,,,,,,,,,0.0,0.86,0.0,399.0,68511535092.0,200326126.0,,0.029998779296875,,,,,,,,
2015-01-15,057540,,,,,,,,,,,,,,,,,,,,,,,,,,0.0,0.93,0.0,1313.0,49831793375.0,40679015.0,,0.029998779296875,,,,,,,,
2015-01-15,057680,,,,,,,,,,,,,,,,,,,,,,,,,,0.0,4.08,0.0,772.0,49005409950.0,15557273.0,,0.029998779296875,,,,,,,,
2015-01-15,123010,,,,,,,,,,,,,,,,,,,,,,,,,,,,,,,,,0.029998779296875,,,,,,,,
2015-01-15,082210,,,,,,,,,,,,,,,,,,,,,,,,,,8.12,1.22,770.0,5119.0,126054675000.0,20168748.0,,0.029998779296875,,,,,,,,
2015-01-15,109080,,,,,,,,,,,,,,,,,,,,,,,,,,15.59,1.28,363.0,4433.0,31899760000.0,5636000.0,,0.029998779296875,,,,,,,,
2015-01-15,052770,,,,,,,,,,,,,,,,,,,,,,,,,,90.47,6.71,53.0,715.0,105785851500.0,22061700.0,,0.029998779296875,,,,,,,,
2015-01-15,010600,,,,,,,,,,,,,,,,,,,,,,,,,,10.7,0.7,186.0,2849.0,30347269160.0,15249884.0,,0.029998779296875,,,,,,,,
2015-01-15,122990,,,,,,,,,,,,,,,,,,,,,,,,,,10.55,1.81,805.0,4690.0,145130301360.0,17094264.0,,0.029998779296875,,,,,,,,
2015-01-15,067900,,,,,,,,,,,,,,,,,,,,,,,,,,10.11,0.7,356.0,5176.0,50621659200.0,14061572.0,,0.029998779296875,,,,,,,,
2015-01-15,155650,,,,,,,,,,,,,,,,,,,,,,,,,,6.89,0.86,516.0,4116.0,35070405615.0,9865093.0,,0.029998779296875,,,,,,,,
2015-01-15,040670,,,,,,,,,,,,,,,,,,,,,,,,,,0.0,8.52,0.0,27.0,21579108530.0,93822211.0,,0.029998779296875,,,,,,,,
2015-01-15,019210,,,,,,,,,,,,,,,,,,,,,,,,,,30.6,1.13,299.0,8124.0,219721054500.0,24013230.0,,0.029998779296875,,,,,,,,
2015-01-15,122870,,,,,,,,,,,,,,,,,,,,,,,,,,44.33,6.24,1119.0,7944.0,746539718400.0,15051204.0,,0.029998779296875,,,,,,,,
2015-01-15,079000,,,,,,,,,,,,,,,,,,,,,,,,,,20.84,1.08,583.0,11201.0,63180000000.0,5200000.0,,0.029998779296875,,,,,,,,
2015-01-15,900180,,,,,,,,,,,,,,,,,,,,,,,,,,,,,,,,,0.029998779296875,,,,,,,,
2015-01-15,089230,,,,,,,,,,,,,,,,,,,,,,,,,,0.0,0.34,0.0,2896.0,40680940262.0,41895922.0,,0.029998779296875,,,,,,,,
2015-01-15,114630,,,,,,,,,,,,,,,,,,,,,,,,,,18.73,0.76,181.0,4478.0,44116744710.0,13013789.0,,0.029998779296875,,,,,,,,
2015-01-15,207720,,,,,,,,,,,,,,,,,,,,,,,,,,0.0,0.0,0.0,0.0,5623725000.0,2505000.0,,0.029998779296875,,,,,,,,
2015-01-15,032820,,,,,,,,,,,,,,,,,,,,,,,,,,0.0,0.77,0.0,620.0,31777949760.0,66204062.0,,0.029998779296875,,,,,,,,
2015-01-15,041190,,,,,,,,,,,,,,,,,,,,,,,,,,17.67,0.53,18.0,599.0,26712000000.0,84000000.0,,0.029998779296875,,,,,,,,
2015-01-15,115440,,,,,,,,,,,,,,,,,,,,,,,,,,6.04,0.63,628.0,5970.0,24126040900.0,6365710.0,,0.029998779296875,,,,,,,,
2015-01-15,004720,,,,,,,,,,,,,,,,,,,,,,,,,,0.0,1.76,0.0,3000.0,43099523820.0,8147358.0,,0.029998779296875,,,,,,,,
2015-01-15,118000,,,,,,,,,,,,,,,,,,,,,,,,,,0.0,2.05,0.0,1970.0,34195890630.0,8474818.0,,0.029998779296875,,,,,,,,
2015-01-15,046970,,,,,,,,,,,,,,,,,,,,,,,,,,0.0,1.15,0.0,4036.0,32340400000.0,6940000.0,,0.029998779296875,,,,,,,,
2015-01-15,072470,,,,,,,,,,,,,,,,,,,,,,,,,,12.36,2.22,833.0,4631.0,161188315300.0,15649351.0,,0.029998779296875,,,,,,,,
2015-01-15,182360,,,,,,,,,,,,,,,,,,,,,,,,,,442.0,1.15,5.0,1924.0,15470000000.0,7000000.0,,0.029998779296875,,,,,,,,
2015-01-15,198440,,,,,,,,,,,,,,,,,,,,,,,,,,0.0,0.0,0.0,0.0,14595000000.0,7000000.0,,0.029998779296875,,,,,,,,
2015-01-15,000030,,,,,,,,,,,,,,,,,,,,,,,,,,16.79,0.29,539.0,30742.0,6120319257550.0,676278371.0,,0.029998779296875,,,,,,,,
2015-01-15,153490,,,,,,,,,,,,,,,,,,,,,,,,,,0.0,0.92,0.0,2410.0,70720000000.0,32000000.0,,0.029998779296875,,,,,,,,
2015-01-15,082850,,,,,,,,,,,,,,,,,,,,,,,,,,0.0,0.45,0.0,4432.0,83526430845.0,41452323.0,,0.029998779296875,,,,,,,,
2015-01-15,037400,,,,,,,,,,,,,,,,,,,,,,,,,,0.0,0.43,0.0,4194.0,42865200000.0,23814000.0,,0.029998779296875,,,,,,,,
2015-01-15,010050,,,,,,,,,,,,,,,,,,,,,,,,,,0.0,2.0,0.0,200.0,189681362400.0,474203406.0,,0.029998779296875,,,,,,,,
2015-01-15,005940,,,,,,,,,,,,,,,,,,,,,,,,,,152.11,0.68,71.0,15770.0,2151941720400.0,199253863.0,,0.029998779296875,,,,,,,,
2015-01-15,005945,,,,,,,,,,,,,,,,,,,,,,,,,,0.0,0.0,0.0,0.0,116245162880.0,18870968.0,,0.029998779296875,,,,,,,,
2015-01-15,101170,,,,,,,,,,,,,,,,,,,,,,,,,,36.65,0.73,118.0,5953.0,58387500000.0,13500000.0,,0.029998779296875,,,,,,,,
2015-01-15,011080,,,,,,,,,,,,,,,,,,,,,,,,,,17.07,0.99,75.0,1295.0,41812951040.0,32666368.0,,0.029998779296875,,,,,,,,
2015-01-15,006980,,,,,,,,,,,,,,,,,,,,,,,,,,24.51,0.54,122.0,5567.0,92391000000.0,30900000.0,,0.029998779296875,,,,,,,,
2015-01-15,066590,,,,,,,,,,,,,,,,,,,,,,,,,,11.4,1.16,164.0,1612.0,31779900130.0,16994599.0,,0.029998779296875,,,,,,,,
2015-01-15,017370,,,,,,,,,,,,,,,,,,,,,,,,,,8.36,0.46,304.0,5554.0,37291307180.0,14681617.0,,0.029998779296875,,,,,,,,
2015-01-15,101970,,,,,,,,,,,,,,,,,,,,,,,,,,4.97,0.49,663.0,6661.0,84799022765.0,25735667.0,,0.029998779296875,,,,,,,,
2015-01-15,046940,,,,,,,,,,,,,,,,,,,,,,,,,,0.0,0.63,0.0,2878.0,26664077440.0,14650592.0,,0.029998779296875,,,,,,,,
2015-01-15,052270,,,,,,,,,,,,,,,,,,,,,,,,,,9.51,0.45,283.0,6016.0,77279078580.0,28728282.0,,0.029998779296875,,,,,,,,
2015-01-15,065680,,,,,,,,,,,,,,,,,,,,,,,,,,11.37,0.94,1390.0,16738.0,156960676000.0,9934220.0,,0.029998779296875,,,,,,,,
2015-01-15,105840,,,,,,,,,,,,,,,,,,,,,,,,,,59.19,1.51,148.0,5797.0,152073600000.0,17360000.0,,0.029998779296875,,,,,,,,
2015-01-15,018620,,,,,,,,,,,,,,,,,,,,,,,,,,41.33,1.42,75.0,2183.0,29663893800.0,9568998.0,,0.029998779296875,,,,,,,,
2015-01-15,049800,,,,,,,,,,,,,,,,,,,,,,,,,,6.46,0.53,678.0,8318.0,43800000000.0,10000000.0,,0.029998779296875,,,,,,,,
2015-01-15,004320,,,,,,,,,,,,,,,,,,,,,,,,,,1.31,0.14,933.0,8928.0,8151589820.0,6681631.0,,0.029998779296875,,,,,,,,
2015-01-15,004325,,,,,,,,,,,,,,,,,,,,,,,,,,0.0,0.0,0.0,0.0,917000000.0,1400000.0,,0.029998779296875,,,,,,,,
2015-01-15,095720,,,,,,,,,,,,,,,,,,,,,,,,,,65.96,1.06,109.0,6773.0,248926176350.0,34621165.0,,0.029998779296875,,,,,,,,
2015-01-15,103130,,,,,,,,,,,,,,,,,,,,,,,,,,0.0,1.05,0.0,1383.0,107646105990.0,73983578.0,,0.029998779296875,,,,,,,,
2015-01-15,016880,,,,,,,,,,,,,,,,,,,,,,,,,,0.3,0.47,6174.0,3987.0,98596572675.0,52866795.0,,0.029998779296875,,,,,,,,
2015-01-15,005820,,,,,,,,,,,,,,,,,,,,,,,,,,4.74,0.54,3858.0,33788.0,40260000000.0,2200000.0,,0.029998779296875,,,,,,,,
2015-01-15,032940,,,,,,,,,,,,,,,,,,,,,,,,,,4.12,0.77,730.0,3880.0,36304123195.0,12081239.0,,0.029998779296875,,,,,,,,
2015-01-15,030530,,,,,,,,,,,,,,,,,,,,,,,,,,33.54,3.38,401.0,3976.0,1082733419700.0,80500626.0,,0.029998779296875,,,,,,,,
2015-01-15,074600,,,,,,,,,,,,,,,,,,,,,,,,,,20.52,1.71,524.0,6271.0,140126250000.0,13035000.0,,0.029998779296875,,,,,,,,
2015-01-15,104830,,,,,,,,,,,,,,,,,,,,,,,,,,15.4,1.96,3149.0,24754.0,298808500000.0,6161000.0,,0.029998779296875,,,,,,,,
2015-01-15,014190,,,,,,,,,,,,,,,,,,,,,,,,,,31.49,1.01,84.0,2624.0,72472751370.0,27399906.0,,0.029998779296875,,,,,,,,
2015-01-15,012620,,,,,,,,,,,,,,,,,,,,,,,,,,6.64,0.49,1334.0,18045.0,38984000000.0,4400000.0,,0.029998779296875,,,,,,,,
2015-01-15,008370,,,,,,,,,,,,,,,,,,,,,,,,,,7.96,0.57,382.0,5301.0,36480000000.0,12000000.0,,0.029998779296875,,,,,,,,
2015-01-15,008290,,,,,,,,,,,,,,,,,,,,,,,,,,1397.5,3.99,2.0,701.0,93984960680.0,33626104.0,,0.029998779296875,,,,,,,,
2015-01-15,101160,,,,,,,,,,,,,,,,,,,,,,,,,,0.0,0.48,0.0,4675.0,30172500000.0,13500000.0,,0.029998779296875,,,,,,,,
2015-01-15,095270,,,,,,,,,,,,,,,,,,,,,,,,,,0.0,2.7,0.0,2440.0,69711810000.0,10594500.0,,0.029998779296875,,,,,,,,
2015-01-15,900130,,,,,,,,,,,,,,,,,,,,,,,,,,,,,,,,,0.029998779296875,,,,,,,,
2015-01-15,036260,,,,,,,,,,,,,,,,,,,,,,,,,,0.0,4.12,0.0,815.0,44395087825.0,13232515.0,,0.029998779296875,,,,,,,,
2015-01-15,065950,,,,,,,,,,,,,,,,,,,,,,,,,,0.0,1.0,0.0,2293.0,54195010765.0,23717729.0,,0.029998779296875,,,,,,,,
2015-01-15,114190,,,,,,,,,,,,,,,,,,,,,,,,,,7.03,0.63,323.0,3622.0,32667483740.0,14390962.0,,0.029998779296875,,,,,,,,
2015-01-15,076080,,,,,,,,,,,,,,,,,,,,,,,,,,5.5,0.67,496.0,4063.0,48384420630.0,17723231.0,,0.029998779296875,,,,,,,,
2015-01-15,160350,,,,,,,,,,,,,,,,,,,,,,,,,,,,,,,,,0.029998779296875,,,,,,,,
2015-01-15,069080,,,,,,,,,,,,,,,,,,,,,,,,,,541.53,8.7,59.0,3673.0,1128182743800.0,35310884.0,,0.029998779296875,,,,,,,,
2015-01-15,039790,,,,,,,,,,,,,,,,,,,,,,,,,,0.0,1.15,0.0,525.0,33659533820.0,55727705.0,,0.029998779296875,,,,,,,,
2015-01-15,044340,,,,,,,,,,,,,,,,,,,,,,,,,,14.51,2.83,1175.0,6033.0,278914829050.0,16358641.0,,0.029998779296875,,,,,,,,
2015-01-15,112040,,,,,,,,,,,,,,,,,,,,,,,,,,0.0,2.49,0.0,16324.0,682920000000.0,16800000.0,,0.029998779296875,,,,,,,,
2015-01-15,140660,,,,,,,,,,,,,,,,,,,,,,,,,,,,,,,,,0.029998779296875,,,,,,,,
2015-01-15,038620,,,,,,,,,,,,,,,,,,,,,,,,,,0.0,0.67,0.0,1157.0,21182370584.0,27402808.0,,0.029998779296875,,,,,,,,
2015-01-15,036090,,,,,,,,,,,,,,,,,,,,,,,,,,15.67,2.37,58.0,383.0,56121217317.0,61739513.0,,0.029998779296875,,,,,,,,
2015-01-15,136540,,,,,,,,,,,,,,,,,,,,,,,,,,7.92,1.59,1199.0,5990.0,107399694500.0,11305231.0,,0.029998779296875,,,,,,,,
2015-01-15,097800,,,,,,,,,,,,,,,,,,,,,,,,,,0.0,0.83,0.0,3135.0,36920000000.0,14200000.0,,0.029998779296875,,,,,,,,
2015-01-15,083640,,,,,,,,,,,,,,,,,,,,,,,,,,28.44,3.85,661.0,4888.0,120223424400.0,6394863.0,,0.029998779296875,,,,,,,,
2015-01-15,192390,,,,,,,,,,,,,,,,,,,,,,,,,,6.15,1.91,1462.0,4716.0,59336697000.0,6600300.0,,0.029998779296875,,,,,,,,
2015-01-15,008600,,,,,,,,,,,,,,,,,,,,,,,,,,0.0,0.62,0.0,2176.0,76380000000.0,57000000.0,,0.029998779296875,,,,,,,,
2015-01-15,033270,,,,,,,,,,,,,,,,,,,,,,,,,,20.58,1.75,775.0,9133.0,258506785900.0,16207322.0,,0.029998779296875,,,,,,,,
2015-01-15,044480,,,,,,,,,,,,,,,,,,,,,,,,,,246.67,0.73,9.0,3031.0,19092000000.0,8600000.0,,0.029998779296875,,,,,,,,
2015-01-15,014830,,,,,,,,,,,,,,,,,,,,,,,,,,8.45,0.75,6662.0,74727.0,370739384700.0,6585069.0,,0.029998779296875,,,,,,,,
2015-01-15,036200,,,,,,,,,,,,,,,,,,,,,,,,,,13.32,0.52,173.0,4471.0,32857692020.0,14254964.0,,0.029998779296875,,,,,,,,
2015-01-15,018000,,,,,,,,,,,,,,,,,,,,,,,,,,0.0,1.77,0.0,1351.0,100242097510.0,41854738.0,,0.029998779296875,,,,,,,,
2015-01-15,000910,,,,,,,,,,,,,,,,,,,,,,,,,,0.0,0.31,0.0,13165.0,63617347425.0,15611619.0,,0.029998779296875,,,,,,,,
2015-01-15,003640,,,,,,,,,,,,,,,,,,,,,,,,,,0.0,0.16,0.0,63884.0,108732561000.0,10355482.0,,0.029998779296875,,,,,,,,
2015-01-15,203450,,,,,,,,,,,,,,,,,,,,,,,,,,,,,,,,,0.029998779296875,,,,,,,,
2015-01-15,011330,,,,,,,,,,,,,,,,,,,,,,,,,,0.0,1.61,0.0,378.0,25054281120.0,41072592.0,,0.029998779296875,,,,,,,,
2015-01-15,077500,,,,,,,,,,,,,,,,,,,,,,,,,,4.45,0.86,2112.0,10878.0,126628685370.0,13485483.0,,0.029998779296875,,,,,,,,
2015-01-15,011320,,,,,,,,,,,,,,,,,,,,,,,,,,5.19,1.35,876.0,3367.0,87812558775.0,19320695.0,,0.029998779296875,,,,,,,,
2015-01-15,086390,,,,,,,,,,,,,,,,,,,,,,,,,,0.0,6.46,0.0,1703.0,203579948000.0,18507268.0,,0.029998779296875,,,,,,,,
2015-01-15,121060,,,,,,,,,,,,,,,,,,,,,,,,,,,,,,,,,0.029998779296875,,,,,,,,
2015-01-15,091270,,,,,,,,,,,,,,,,,,,,,,,,,,,,,,,,,0.029998779296875,,,,,,,,
2015-01-15,048430,,,,,,,,,,,,,,,,,,,,,,,,,,6.73,1.36,1240.0,6132.0,96192000000.0,11520000.0,,0.029998779296875,,,,,,,,
2015-01-15,089850,,,,,,,,,,,,,,,,,,,,,,,,,,0.0,1.28,0.0,11426.0,88653801100.0,6051454.0,,0.029998779296875,,,,,,,,
2015-01-15,084440,,,,,,,,,,,,,,,,,,,,,,,,,,,,,,,,,0.029998779296875,,,,,,,,
2015-01-15,032620,,,,,,,,,,,,,,,,,,,,,,,,,,0.0,2.55,0.0,1094.0,112197818950.0,40286470.0,,0.029998779296875,,,,,,,,
2015-01-15,078070,,,,,,,,,,,,,,,,,,,,,,,,,,8.48,1.23,1095.0,7537.0,196948000000.0,21200000.0,,0.029998779296875,,,,,,,,
2015-01-15,002920,,,,,,,,,,,,,,,,,,,,,,,,,,6.29,0.58,825.0,8900.0,134667525000.0,25947500.0,,0.029998779296875,,,,,,,,
2015-01-15,024800,,,,,,,,,,,,,,,,,,,,,,,,,,0.0,0.44,0.0,5078.0,50218349350.0,22723235.0,,0.029998779296875,,,,,,,,
2015-01-15,000700,,,,,,,,,,,,,,,,,,,,,,,,,,0.0,6.2,0.0,1564.0,252345158280.0,26041812.0,,0.029998779296875,,,,,,,,
2015-01-15,054930,,,,,,,,,,,,,,,,,,,,,,,,,,29.53,0.27,277.0,29820.0,24540000000.0,3000000.0,,0.029998779296875,,,,,,,,
2015-01-15,069330,,,,,,,,,,,,,,,,,,,,,,,,,,3.71,1.1,1286.0,4333.0,56645328880.0,11887792.0,,0.029998779296875,,,,,,,,
2015-01-15,049520,,,,,,,,,,,,,,,,,,,,,,,,,,8.06,1.29,1707.0,10696.0,156646462500.0,11392470.0,,0.029998779296875,,,,,,,,
2015-01-15,204620,,,,,,,,,,,,,,,,,,,,,,,,,,0.0,0.0,0.0,0.0,12420000000.0,6000000.0,,0.029998779296875,,,,,,,,
2015-01-15,003470,,,,,,,,,,,,,,,,,,,,,,,,,,0.0,0.59,0.0,6510.0,749538988900.0,196214395.0,,0.029998779296875,,,,,,,,
2015-01-15,003475,,,,,,,,,,,,,,,,,,,,,,,,,,0.0,0.0,0.0,0.0,28019500040.0,12912212.0,,0.029998779296875,,,,,,,,
2015-01-15,011690,,,,,,,,,,,,,,,,,,,,,,,,,,0.0,1.38,0.0,896.0,46154839900.0,37372340.0,,0.029998779296875,,,,,,,,
2015-01-15,072130,,,,,,,,,,,,,,,,,,,,,,,,,,0.0,0.94,0.0,4869.0,60699088400.0,13195454.0,,0.029998779296875,,,,,,,,
2015-01-15,036500,,,,,,,,,,,,,,,,,,,,,,,,,,0.0,1.9,0.0,3486.0,112027596640.0,16871626.0,,0.029998779296875,,,,,,,,
2015-01-15,000220,,,,,,,,,,,,,,,,,,,,,,,,,,23.06,0.82,356.0,10012.0,49136176780.0,5984918.0,,0.029998779296875,,,,,,,,
2015-01-15,000225,,,,,,,,,,,,,,,,,,,,,,,,,,0.0,0.0,0.0,0.0,4460184775.0,1133465.0,,0.029998779296875,,,,,,,,
2015-01-15,000227,,,,,,,,,,,,,,,,,,,,,,,,,,0.0,0.0,0.0,0.0,1105899200.0,164080.0,,0.029998779296875,,,,,,,,
2015-01-15,023410,,,,,,,,,,,,,,,,,,,,,,,,,,2.35,0.42,1358.0,7584.0,238875000000.0,75000000.0,,0.029998779296875,,,,,,,,
2015-01-15,056080,,,,,,,,,,,,,,,,,,,,,,,,,,0.0,6.24,0.0,800.0,110450012290.0,22134271.0,,0.029998779296875,,,,,,,,
2015-01-15,187790,,,,,,,,,,,,,,,,,,,,,,,,,,0.0,0.0,0.0,0.0,12622500000.0,5500000.0,,0.029998779296875,,,,,,,,
2015-01-15,084370,,,,,,,,,,,,,,,,,,,,,,,,,,7.85,1.9,1783.0,7371.0,304152044000.0,21725146.0,,0.029998779296875,,,,,,,,
2015-01-15,001200,,,,,,,,,,,,,,,,,,,,,,,,,,12.2,0.25,157.0,7525.0,185499190470.0,96866418.0,,0.029998779296875,,,,,,,,
2015-01-15,000100,,,,,,,,,,,,,,,,,,,,,,,,,,20.15,1.54,8261.0,107847.0,1856898909000.0,11152546.0,,0.029998779296875,,,,,,,,
2015-01-15,000105,,,,,,,,,,,,,,,,,,,,,,,,,,0.0,0.0,0.0,0.0,21729296000.0,236188.0,,0.029998779296875,,,,,,,,
2015-01-15,003460,,,,,,,,,,,,,,,,,,,,,,,,,,14.55,0.47,1010.0,31072.0,166705100100.0,11340483.0,,0.029998779296875,,,,,,,,
2015-01-15,003465,,,,,,,,,,,,,,,,,,,,,,,,,,0.0,0.0,0.0,0.0,48409697250.0,3495285.0,,0.029998779296875,,,,,,,,
2015-01-15,008730,,,,,,,,,,,,,,,,,,,,,,,,,,10.15,0.87,1108.0,12859.0,279000000000.0,24800000.0,,0.029998779296875,,,,,,,,
2015-01-15,044960,,,,,,,,,,,,,,,,,,,,,,,,,,52.84,2.15,88.0,2163.0,51838581300.0,11148082.0,,0.029998779296875,,,,,,,,
2015-01-15,008250,,,,,,,,,,,,,,,,,,,,,,,,,,12.13,0.95,1204.0,15309.0,136549872600.0,9352731.0,,0.029998779296875,,,,,,,,
2015-01-15,039020,,,,,,,,,,,,,,,,,,,,,,,,,,0.0,0.47,0.0,6952.0,47064451230.0,14327078.0,,0.029998779296875,,,,,,,,
2015-01-15,025820,,,,,,,,,,,,,,,,,,,,,,,,,,0.0,0.36,0.0,3193.0,38959930000.0,33442000.0,,0.029998779296875,,,,,,,,
2015-01-15,060230,,,,,,,,,,,,,,,,,,,,,,,,,,4.79,1.42,642.0,2172.0,26720824425.0,8689699.0,,0.029998779296875,,,,,,,,
2015-01-15,067920,,,,,,,,,,,,,,,,,,,,,,,,,,172.68,0.86,28.0,5651.0,49453579080.0,10228248.0,,0.029998779296875,,,,,,,,
2015-01-15,210120,,,,,,,,,,,,,,,,,,,,,,,,,,,,,,,,,0.029998779296875,,,,,,,,
2015-01-15,109960,,,,,,,,,,,,,,,,,,,,,,,,,,0.0,1.86,0.0,1160.0,8178225000.0,3795000.0,,0.029998779296875,,,,,,,,
2015-01-15,073490,,,,,,,,,,,,,,,,,,,,,,,,,,15.07,0.88,763.0,13135.0,69028750000.0,6002500.0,,0.029998779296875,,,,,,,,
2015-01-15,080420,,,,,,,,,,,,,,,,,,,,,,,,,,10.02,2.28,1557.0,6830.0,232560790800.0,14907743.0,,0.029998779296875,,,,,,,,
2015-01-15,088390,,,,,,,,,,,,,,,,,,,,,,,,,,6.66,1.72,2636.0,10196.0,216009647100.0,12308242.0,,0.029998779296875,,,,,,,,
2015-01-15,053350,,,,,,,,,,,,,,,,,,,,,,,,,,7.57,1.03,667.0,4882.0,99944125800.0,19790916.0,,0.029998779296875,,,,,,,,
2015-01-15,033110,,,,,,,,,,,,,,,,,,,,,,,,,,283.75,2.76,12.0,1235.0,85545793305.0,25123581.0,,0.029998779296875,,,,,,,,
2015-01-15,041520,,,,,,,,,,,,,,,,,,,,,,,,,,4.79,1.07,3009.0,13438.0,175517712000.0,12188730.0,,0.029998779296875,,,,,,,,
2015-01-15,054210,,,,,,,,,,,,,,,,,,,,,,,,,,5.91,0.7,867.0,7284.0,79874048000.0,15600400.0,,0.029998779296875,,,,,,,,
2015-01-15,065440,,,,,,,,,,,,,,,,,,,,,,,,,,22.12,1.8,153.0,1876.0,32692668500.0,9658100.0,,0.029998779296875,,,,,,,,
2015-01-15,139480,,,,,,,,,,,,,,,,,,,,,,,,,,12.76,0.91,16769.0,235616.0,5965425266000.0,27875819.0,,0.029998779296875,,,,,,,,
2015-01-15,115610,,,,,,,,,,,,,,,,,,,,,,,,,,16.01,1.15,263.0,3655.0,32287028880.0,7669128.0,,0.029998779296875,,,,,,,,
2015-01-15,080010,,,,,,,,,,,,,,,,,,,,,,,,,,15.91,0.57,230.0,6463.0,32940000000.0,9000000.0,,0.029998779296875,,,,,,,,
2015-01-15,086890,,,,,,,,,,,,,,,,,,,,,,,,,,0.0,4.28,0.0,1742.0,103383880950.0,13877031.0,,0.029998779296875,,,,,,,,
2015-01-15,007660,,,,,,,,,,,,,,,,,,,,,,,,,,7.25,1.23,821.0,4832.0,245546968100.0,41268398.0,,0.029998779296875,,,,,,,,
2015-01-15,005950,,,,,,,,,,,,,,,,,,,,,,,,,,0.0,0.33,0.0,25616.0,129863000000.0,15278000.0,,0.029998779296875,,,,,,,,
2015-01-15,015020,,,,,,,,,,,,,,,,,,,,,,,,,,5.39,2.1,470.0,1206.0,108628806000.0,42851600.0,,0.029998779296875,,,,,,,,
2015-01-15,047560,,,,,,,,,,,,,,,,,,,,,,,,,,0.0,6.3,0.0,5521.0,172249560000.0,4949700.0,,0.029998779296875,,,,,,,,
2015-01-15,900110,,,,,,,,,,,,,,,,,,,,,,,,,,,,,,,,,0.029998779296875,,,,,,,,
2015-01-15,067010,,,,,,,,,,,,,,,,,,,,,,,,,,7.87,1.21,680.0,4437.0,40125000000.0,7500000.0,,0.029998779296875,,,,,,,,
2015-01-15,101360,,,,,,,,,,,,,,,,,,,,,,,,,,,,,,,,,0.029998779296875,,,,,,,,
2015-01-15,074610,,,,,,,,,,,,,,,,,,,,,,,,,,0.0,1.83,0.0,428.0,12657681908.0,16186294.0,,0.029998779296875,,,,,,,,
2015-01-15,102710,,,,,,,,,,,,,,,,,,,,,,,,,,15.1,1.04,482.0,7032.0,103376000000.0,14200000.0,,0.029998779296875,,,,,,,,
2015-01-15,094190,,,,,,,,,,,,,,,,,,,,,,,,,,0.0,0.93,0.0,5383.0,88504690980.0,17595366.0,,0.029998779296875,,,,,,,,
2015-01-15,123570,,,,,,,,,,,,,,,,,,,,,,,,,,13.0,1.02,450.0,5714.0,32175000000.0,5500000.0,,0.029998779296875,,,,,,,,
2015-01-15,095190,,,,,,,,,,,,,,,,,,,,,,,,,,47.1,1.4,107.0,3603.0,107926292880.0,21413947.0,,0.029998779296875,,,,,,,,
2015-01-15,091120,,,,,,,,,,,,,,,,,,,,,,,,,,7.44,2.03,1735.0,6356.0,175797072000.0,13627680.0,,0.029998779296875,,,,,,,,
2015-01-15,102460,,,,,,,,,,,,,,,,,,,,,,,,,,23.37,1.88,875.0,10883.0,263805000000.0,12900000.0,,0.029998779296875,,,,,,,,
2015-01-15,039030,,,,,,,,,,,,,,,,,,,,,,,,,,46.48,6.76,2784.0,19142.0,1587819004400.0,12270626.0,,0.029998779296875,,,,,,,,
2015-01-15,088290,,,,,,,,,,,,,,,,,,,,,,,,,,0.0,1.61,0.0,1018.0,20547017160.0,12528669.0,,0.029998779296875,,,,,,,,
2015-01-15,084680,,,,,,,,,,,,,,,,,,,,,,,,,,0.0,1.91,0.0,942.0,156570354080.0,87225824.0,,0.029998779296875,,,,,,,,
2015-01-15,033600,,,,,,,,,,,,,,,,,,,,,,,,,,0.0,0.48,0.0,2415.0,13340000000.0,11500000.0,,0.029998779296875,,,,,,,,
2015-01-15,035810,,,,,,,,,,,,,,,,,,,,,,,,,,23.12,1.32,263.0,4614.0,307186898880.0,50524161.0,,0.029998779296875,,,,,,,,
2015-01-15,090850,,,,,,,,,,,,,,,,,,,,,,,,,,25.18,4.4,417.0,2384.0,103876500000.0,9893000.0,,0.029998779296875,,,,,,,,
2015-01-15,138440,,,,,,,,,,,,,,,,,,,,,,,,,,,,,,,,,0.029998779296875,,,,,,,,
2015-01-15,058530,,,,,,,,,,,,,,,,,,,,,,,,,,50.81,2.0,31.0,787.0,43141587300.0,27391484.0,,0.029998779296875,,,,,,,,
2015-01-15,092130,,,,,,,,,,,,,,,,,,,,,,,,,,16.46,3.71,495.0,2199.0,98155340000.0,12043600.0,,0.029998779296875,,,,,,,,
2015-01-15,016250,,,,,,,,,,,,,,,,,,,,,,,,,,0.0,2.02,0.0,56075.0,317800000000.0,2800000.0,,0.029998779296875,,,,,,,,
2015-01-15,078020,,,,,,,,,,,,,,,,,,,,,,,,,,136.16,1.3,73.0,7640.0,402383028600.0,40481190.0,,0.029998779296875,,,,,,,,
2015-01-15,096040,,,,,,,,,,,,,,,,,,,,,,,,,,5.77,0.67,105.0,910.0,33643094748.0,55516658.0,,0.029998779296875,,,,,,,,
2015-01-15,185280,,,,,,,,,,,,,,,,,,,,,,,,,,,,,,,,,0.029998779296875,,,,,,,,
2015-01-15,134060,,,,,,,,,,,,,,,,,,,,,,,,,,17.2,0.82,166.0,3496.0,13616208750.0,4769250.0,,0.029998779296875,,,,,,,,
2015-01-15,093230,,,,,,,,,,,,,,,,,,,,,,,,,,0.0,1.67,0.0,734.0,45443995275.0,37097139.0,,0.029998779296875,,,,,,,,
2015-01-15,001840,,,,,,,,,,,,,,,,,,,,,,,,,,83.33,2.16,48.0,1851.0,79223040000.0,19805760.0,,0.029998779296875,,,,,,,,
2015-01-15,000760,,,,,,,,,,,,,,,,,,,,,,,,,,0.0,0.36,0.0,36828.0,36820000000.0,2800000.0,,0.029998779296875,,,,,,,,
2015-01-15,024810,,,,,,,,,,,,,,,,,,,,,,,,,,0.0,1.2,0.0,325.0,57037102200.0,146248980.0,,0.029998779296875,,,,,,,,
2015-01-15,014990,,,,,,,,,,,,,,,,,,,,,,,,,,0.0,0.96,0.0,1527.0,86631502650.0,58932995.0,,0.029998779296875,,,,,,,,
2015-01-15,041830,,,,,,,,,,,,,,,,,,,,,,,,,,87.14,10.52,455.0,3768.0,542561956300.0,13683782.0,,0.029998779296875,,,,,,,,
2015-01-15,060150,,,,,,,,,,,,,,,,,,,,,,,,,,93.33,1.08,45.0,3903.0,143325000000.0,34125000.0,,0.029998779296875,,,,,,,,
2015-01-15,033230,,,,,,,,,,,,,,,,,,,,,,,,,,13.18,1.96,428.0,2881.0,95686096800.0,16965620.0,,0.029998779296875,,,,,,,,
2015-01-15,037330,,,,,,,,,,,,,,,,,,,,,,,,,,0.0,0.5,0.0,3900.0,69782166160.0,35603146.0,,0.029998779296875,,,,,,,,
2015-01-15,023800,,,,,,,,,,,,,,,,,,,,,,,,,,33.0,0.4,150.0,12310.0,75042633600.0,15160128.0,,0.029998779296875,,,,,,,,
2015-01-15,034590,,,,,,,,,,,,,,,,,,,,,,,,,,13.07,1.03,2510.0,31706.0,131200000000.0,4000000.0,,0.029998779296875,,,,,,,,
2015-01-15,049070,,,,,,,,,,,,,,,,,,,,,,,,,,4.99,0.53,4466.0,41760.0,191780000000.0,8600000.0,,0.029998779296875,,,,,,,,
2015-01-15,119610,,,,,,,,,,,,,,,,,,,,,,,,,,22.39,3.67,844.0,5155.0,202230000000.0,10700000.0,,0.029998779296875,,,,,,,,
2015-01-15,017250,,,,,,,,,,,,,,,,,,,,,,,,,,35.99,0.67,71.0,3812.0,48358449230.0,18926986.0,,0.029998779296875,,,,,,,,
2015-01-15,129260,,,,,,,,,,,,,,,,,,,,,,,,,,0.0,0.65,0.0,11360.0,109304650350.0,14871381.0,,0.029998779296875,,,,,,,,
2015-01-15,035080,,,,,,,,,,,,,,,,,,,,,,,,,,64.35,1.36,138.0,6515.0,532800000000.0,60000000.0,,0.029998779296875,,,,,,,,
2015-01-15,108790,,,,,,,,,,,,,,,,,,,,,,,,,,46.1,5.95,487.0,3770.0,731198767450.0,32570101.0,,0.029998779296875,,,,,,,,
2015-01-15,051370,,,,,,,,,,,,,,,,,,,,,,,,,,0.0,0.84,0.0,22558.0,311232768000.0,16380672.0,,0.029998779296875,,,,,,,,
2015-01-15,023430,,,,,,,,,,,,,,,,,,,,,,,,,,0.0,1.05,0.0,394.0,44440479756.0,107344154.0,,0.029998779296875,,,,,,,,
2015-01-15,064290,,,,,,,,,,,,,,,,,,,,,,,,,,0.0,1.21,0.0,2483.0,28001308995.0,9287333.0,,0.029998779296875,,,,,,,,
2015-01-15,150840,,,,,,,,,,,,,,,,,,,,,,,,,,33.56,6.0,441.0,2466.0,104505434400.0,7061178.0,,0.029998779296875,,,,,,,,
2015-01-15,048530,,,,,,,,,,,,,,,,,,,,,,,,,,657.69,13.66,26.0,1252.0,238879185300.0,13969543.0,,0.029998779296875,,,,,,,,
2015-01-15,023810,,,,,,,,,,,,,,,,,,,,,,,,,,4.82,1.02,1715.0,8096.0,82600000000.0,10000000.0,,0.029998779296875,,,,,,,,
2015-01-15,115310,,,,,,,,,,,,,,,,,,,,,,,,,,5.15,1.39,4575.0,16893.0,72180750000.0,3065000.0,,0.029998779296875,,,,,,,,
2015-01-15,039290,,,,,,,,,,,,,,,,,,,,,,,,,,0.0,1.03,0.0,5910.0,53033265800.0,8693978.0,,0.029998779296875,,,,,,,,
2015-01-15,036220,,,,,,,,,,,,,,,,,,,,,,,,,,0.0,1.8,0.0,7267.0,113388252750.0,8688755.0,,0.029998779296875,,,,,,,,
2015-01-15,041020,,,,,,,,,,,,,,,,,,,,,,,,,,21.46,1.6,363.0,4875.0,145035466400.0,18618160.0,,0.029998779296875,,,,,,,,
2015-01-15,071200,,,,,,,,,,,,,,,,,,,,,,,,,,20.52,3.43,367.0,2193.0,183555669990.0,24376583.0,,0.029998779296875,,,,,,,,
2015-01-15,101930,,,,,,,,,,,,,,,,,,,,,,,,,,4.99,0.37,1052.0,14058.0,48991451250.0,9331705.0,,0.029998779296875,,,,,,,,
2015-01-15,078940,,,,,,,,,,,,,,,,,,,,,,,,,,0.0,0.6,0.0,1587.0,10980903780.0,11620004.0,,0.029998779296875,,,,,,,,
2015-01-15,000230,,,,,,,,,,,,,,,,,,,,,,,,,,59.89,1.23,268.0,12996.0,402342443250.0,25068065.0,,0.029998779296875,,,,,,,,
2015-01-15,013360,,,,,,,,,,,,,,,,,,,,,,,,,,0.0,0.24,0.0,23618.0,30707093000.0,5340364.0,,0.029998779296875,,,,,,,,
2015-01-15,013367,,,,,,,,,,,,,,,,,,,,,,,,,,0.0,0.0,0.0,0.0,1254904800.0,62124.0,,0.029998779296875,,,,,,,,
2015-01-15,003120,,,,,,,,,,,,,,,,,,,,,,,,,,21.78,1.05,5877.0,121332.0,340480000000.0,2660000.0,,0.029998779296875,,,,,,,,
2015-01-15,068330,,,,,,,,,,,,,,,,,,,,,,,,,,35.87,1.64,23.0,502.0,36478315500.0,44216140.0,,0.029998779296875,,,,,,,,
2015-01-15,003200,,,,,,,,,,,,,,,,,,,,,,,,,,11.81,0.62,13800.0,263822.0,391200000000.0,2400000.0,,0.029998779296875,,,,,,,,
2015-01-15,007110,,,,,,,,,,,,,,,,,,,,,,,,,,302.5,1.68,4.0,722.0,93722498100.0,77456610.0,,0.029998779296875,,,,,,,,
2015-01-15,058450,,,,,,,,,,,,,,,,,,,,,,,,,,14.57,1.48,161.0,1589.0,22934100000.0,9780000.0,,0.029998779296875,,,,,,,,
2015-01-15,007570,,,,,,,,,,,,,,,,,,,,,,,,,,113.95,2.65,233.0,10026.0,475119046800.0,17895256.0,,0.029998779296875,,,,,,,,
2015-01-15,007575,,,,,,,,,,,,,,,,,,,,,,,,,,0.0,0.0,0.0,0.0,6676200000.0,445080.0,,0.029998779296875,,,,,,,,
2015-01-15,008500,,,,,,,,,,,,,,,,,,,,,,,,,,13.82,0.51,1563.0,42353.0,25920000000.0,1200000.0,,0.029998779296875,,,,,,,,
2015-01-15,019540,,,,,,,,,,,,,,,,,,,,,,,,,,13.55,2.09,867.0,5623.0,158783625000.0,13513500.0,,0.029998779296875,,,,,,,,
2015-01-15,081000,,,,,,,,,,,,,,,,,,,,,,,,,,24.75,1.18,295.0,6175.0,82329217500.0,11277975.0,,0.029998779296875,,,,,,,,
2015-01-15,020760,,,,,,,,,,,,,,,,,,,,,,,,,,4.1,1.31,1703.0,5312.0,197634791200.0,28314440.0,,0.029998779296875,,,,,,,,
2015-01-15,020150,,,,,,,,,,,,,,,,,,,,,,,,,,0.0,0.99,0.0,6861.0,265776000000.0,39200000.0,,0.029998779296875,,,,,,,,
2015-01-15,103590,,,,,,,,,,,,,,,,,,,,,,,,,,65.37,1.01,134.0,8659.0,324824216400.0,37080390.0,,0.029998779296875,,,,,,,,
2015-01-15,094820,,,,,,,,,,,,,,,,,,,,,,,,,,16.25,1.26,301.0,3894.0,73734887010.0,15078709.0,,0.029998779296875,,,,,,,,
2015-01-15,015860,,,,,,,,,,,,,,,,,,,,,,,,,,114.85,1.52,66.0,4976.0,374053921140.0,49347483.0,,0.029998779296875,,,,,,,,
2015-01-15,049550,,,,,,,,,,,,,,,,,,,,,,,,,,244.23,2.16,52.0,5890.0,110214029000.0,8678270.0,,0.029998779296875,,,,,,,,
2015-01-15,043910,,,,,,,,,,,,,,,,,,,,,,,,,,0.0,0.41,0.0,3690.0,17813035500.0,11875357.0,,0.029998779296875,,,,,,,,
2015-01-15,033240,,,,,,,,,,,,,,,,,,,,,,,,,,5.52,1.12,2607.0,12881.0,257760000000.0,17900000.0,,0.029998779296875,,,,,,,,
2015-01-15,090120,,,,,,,,,,,,,,,,,,,,,,,,,,25.74,0.28,19.0,1746.0,15749935473.0,32208457.0,,0.029998779296875,,,,,,,,
2015-01-15,049630,,,,,,,,,,,,,,,,,,,,,,,,,,0.0,1.77,0.0,960.0,54010234275.0,31864445.0,,0.029998779296875,,,,,,,,
2015-01-15,000950,,,,,,,,,,,,,,,,,,,,,,,,,,83.77,0.3,419.0,115819.0,58968000000.0,1680000.0,,0.029998779296875,,,,,,,,
2015-01-15,065530,,,,,,,,,,,,,,,,,,,,,,,,,,9.2,1.39,1783.0,11784.0,86690400000.0,5286000.0,,0.029998779296875,,,,,,,,
2015-01-15,040420,,,,,,,,,,,,,,,,,,,,,,,,,,13.81,1.57,436.0,3829.0,94378863040.0,15677552.0,,0.029998779296875,,,,,,,,
2015-01-15,045510,,,,,,,,,,,,,,,,,,,,,,,,,,0.0,1.27,0.0,634.0,21321713272.0,26388259.0,,0.029998779296875,,,,,,,,
2015-01-15,065620,,,,,,,,,,,,,,,,,,,,,,,,,,0.0,8.79,0.0,1070.0,198008043000.0,21042300.0,,0.029998779296875,,,,,,,,
2015-01-15,095700,,,,,,,,,,,,,,,,,,,,,,,,,,0.0,9.42,0.0,6093.0,423564817200.0,7379178.0,,0.029998779296875,,,,,,,,
2015-01-15,123330,,,,,,,,,,,,,,,,,,,,,,,,,,44.49,2.89,599.0,9227.0,159900000000.0,6000000.0,,0.029998779296875,,,,,,,,
2015-01-15,159580,,,,,,,,,,,,,,,,,,,,,,,,,,21.26,1.41,333.0,5018.0,87013200000.0,12290000.0,,0.029998779296875,,,,,,,,
2015-01-15,147830,,,,,,,,,,,,,,,,,,,,,,,,,,6.58,1.28,753.0,3874.0,39304645600.0,7932320.0,,0.029998779296875,,,,,,,,
2015-01-15,033100,,,,,,,,,,,,,,,,,,,,,,,,,,9.27,1.03,315.0,2826.0,46902234280.0,16062409.0,,0.029998779296875,,,,,,,,
2015-01-15,019570,,,,,,,,,,,,,,,,,,,,,,,,,,0.0,0.99,0.0,359.0,8715644490.0,24413570.0,,0.029998779296875,,,,,,,,
2015-01-15,079370,,,,,,,,,,,,,,,,,,,,,,,,,,10.03,1.64,1784.0,10903.0,168976000000.0,9440000.0,,0.029998779296875,,,,,,,,
2015-01-15,054950,,,,,,,,,,,,,,,,,,,,,,,,,,25.66,4.29,2381.0,14235.0,386818478800.0,6330908.0,,0.029998779296875,,,,,,,,
2015-01-15,035480,,,,,,,,,,,,,,,,,,,,,,,,,,0.0,12.91,0.0,495.0,164826452430.0,25794437.0,,0.029998779296875,,,,,,,,
2015-01-15,137950,,,,,,,,,,,,,,,,,,,,,,,,,,18.92,0.81,139.0,3244.0,35084200000.0,13340000.0,,0.029998779296875,,,,,,,,
2015-01-15,033320,,,,,,,,,,,,,,,,,,,,,,,,,,31.38,1.26,120.0,2996.0,71965836480.0,19114432.0,,0.029998779296875,,,,,,,,
2015-01-15,126880,,,,,,,,,,,,,,,,,,,,,,,,,,360.77,0.52,13.0,9050.0,37520000000.0,8000000.0,,0.029998779296875,,,,,,,,
2015-01-15,033050,,,,,,,,,,,,,,,,,,,,,,,,,,0.0,0.75,0.0,1609.0,39258107110.0,32579342.0,,0.029998779296875,,,,,,,,
2015-01-15,094970,,,,,,,,,,,,,,,,,,,,,,,,,,8.48,0.98,277.0,2398.0,39358364000.0,16748240.0,,0.029998779296875,,,,,,,,
2015-01-15,058420,,,,,,,,,,,,,,,,,,,,,,,,,,0.0,2.62,0.0,1101.0,23153957500.0,8011750.0,,0.029998779296875,,,,,,,,
2015-01-15,036420,,,,,,,,,,,,,,,,,,,,,,,,,,0.0,2.7,0.0,1319.0,235281820440.0,66090399.0,,0.029998779296875,,,,,,,,
2015-01-15,089790,,,,,,,,,,,,,,,,,,,,,,,,,,0.0,1.81,0.0,3005.0,38014333760.0,6987929.0,,0.029998779296875,,,,,,,,
2015-01-15,030000,,,,,,,,,,,,,,,,,,,,,,,,,,17.38,2.94,975.0,5759.0,1949948763750.0,115041225.0,,0.029998779296875,,,,,,,,
2015-01-15,028260,,,,,,,,,,,,,,,,,,,,,,,,,,332.94,4.45,422.0,31593.0,18967500000000.0,135000000.0,,0.029998779296875,,,,,,,,
2015-01-15,052670,,,,,,,,,,,,,,,,,,,,,,,,,,150.0,3.26,37.0,1703.0,53280000000.0,9600000.0,,0.029998779296875,,,,,,,,
2015-01-15,002620,,,,,,,,,,,,,,,,,,,,,,,,,,612.16,1.42,37.0,16000.0,336352500000.0,14850000.0,,0.029998779296875,,,,,,,,
2015-01-15,001560,,,,,,,,,,,,,,,,,,,,,,,,,,9.72,1.21,772.0,6217.0,75000000000.0,10000000.0,,0.029998779296875,,,,,,,,
2015-01-15,023440,,,,,,,,,,,,,,,,,,,,,,,,,,0.0,0.48,0.0,4203.0,28028110000.0,14014055.0,,0.029998779296875,,,,,,,,
2015-01-15,038010,,,,,,,,,,,,,,,,,,,,,,,,,,6.68,1.0,6395.0,42585.0,38430000000.0,900000.0,,0.029998779296875,,,,,,,,
2015-01-15,080220,,,,,,,,,,,,,,,,,,,,,,,,,,0.0,1.68,0.0,1687.0,66303291750.0,23428725.0,,0.029998779296875,,,,,,,,
2015-01-15,006220,,,,,,,,,,,,,,,,,,,,,,,,,,7.94,0.56,926.0,13200.0,162646488900.0,22128774.0,,0.029998779296875,,,,,,,,
2015-01-15,083660,,,,,,,,,,,,,,,,,,,,,,,,,,0.0,1.58,0.0,1008.0,13881473210.0,8703118.0,,0.029998779296875,,,,,,,,
2015-01-15,082270,,,,,,,,,,,,,,,,,,,,,,,,,,330.0,9.81,50.0,1682.0,444864354000.0,26961476.0,,0.029998779296875,,,,,,,,
2015-01-15,041590,,,,,,,,,,,,,,,,,,,,,,,,,,27.56,1.35,82.0,1673.0,47050017920.0,20818592.0,,0.029998779296875,,,,,,,,
2015-01-15,044060,,,,,,,,,,,,,,,,,,,,,,,,,,9.79,0.67,268.0,3892.0,21760932375.0,8289879.0,,0.029998779296875,,,,,,,,
2015-01-15,004910,,,,,,,,,,,,,,,,,,,,,,,,,,10.55,1.11,1119.0,10677.0,151040000000.0,12800000.0,,0.029998779296875,,,,,,,,
2015-01-15,004700,,,,,,,,,,,,,,,,,,,,,,,,,,45.81,6.14,3056.0,22784.0,930879320000.0,6649138.0,,0.029998779296875,,,,,,,,
2015-01-15,001550,,,,,,,,,,,,,,,,,,,,,,,,,,34.55,1.51,343.0,7825.0,46530541800.0,3926628.0,,0.029998779296875,,,,,,,,
2015-01-15,000480,,,,,,,,,,,,,,,,,,,,,,,,,,8.93,0.76,12204.0,143083.0,436000000000.0,4000000.0,,0.029998779296875,,,,,,,,
2015-01-15,120030,,,,,,,,,,,,,,,,,,,,,,,,,,8.64,1.63,7257.0,38456.0,78854717700.0,1257651.0,,0.029998779296875,,,,,,,,
2015-01-15,034940,,,,,,,,,,,,,,,,,,,,,,,,,,57.66,2.04,64.0,1808.0,104464752390.0,28310231.0,,0.029998779296875,,,,,,,,
2015-01-15,101730,,,,,,,,,,,,,,,,,,,,,,,,,,27.43,2.11,1059.0,13761.0,247077047700.0,8505234.0,,0.029998779296875,,,,,,,,
2015-01-15,067000,,,,,,,,,,,,,,,,,,,,,,,,,,0.0,4.4,0.0,5168.0,267595578250.0,11762443.0,,0.029998779296875,,,,,,,,
2015-01-15,018470,,,,,,,,,,,,,,,,,,,,,,,,,,28.61,0.42,36.0,2481.0,71688000000.0,69600000.0,,0.029998779296875,,,,,,,,
2015-01-15,002600,,,,,,,,,,,,,,,,,,,,,,,,,,13.06,0.62,7657.0,162441.0,60000000000.0,600000.0,,0.029998779296875,,,,,,,,
2015-01-15,185750,,,,,,,,,,,,,,,,,,,,,,,,,,125.96,1.87,470.0,31685.0,557015760000.0,9409050.0,,0.029998779296875,,,,,,,,
2015-01-15,063160,,,,,,,,,,,,,,,,,,,,,,,,,,71.83,0.98,323.0,23688.0,121324144800.0,5229489.0,,0.029998779296875,,,,,,,,
2015-01-15,001630,,,,,,,,,,,,,,,,,,,,,,,,,,1.65,1.47,36365.0,40865.0,218457000000.0,3640950.0,,0.029998779296875,,,,,,,,
2015-01-15,033340,,,,,,,,,,,,,,,,,,,,,,,,,,40.0,0.42,34.0,3209.0,35006586320.0,25740137.0,,0.029998779296875,,,,,,,,
2015-01-15,036930,,,,,,,,,,,,,,,,,,,,,,,,,,0.0,1.51,0.0,2311.0,168148503820.0,48249212.0,,0.029998779296875,,,,,,,,
2015-01-15,044380,,,,,,,,,,,,,,,,,,,,,,,,,,0.0,0.86,0.0,613.0,22737000000.0,42900000.0,,0.029998779296875,,,,,,,,
2015-01-15,900050,,,,,,,,,,,,,,,,,,,,,,,,,,,,,,,,,0.029998779296875,,,,,,,,
2015-01-15,072020,,,,,,,,,,,,,,,,,,,,,,,,,,26.23,2.43,608.0,6574.0,116754000000.0,7320000.0,,0.029998779296875,,,,,,,,
2015-01-15,000440,,,,,,,,,,,,,,,,,,,,,,,,,,12.61,0.64,1824.0,36044.0,28644798000.0,1245426.0,,0.029998779296875,,,,,,,,
2015-01-15,054180,,,,,,,,,,,,,,,,,,,,,,,,,,20.52,2.02,77.0,782.0,34538800000.0,21860000.0,,0.029998779296875,,,,,,,,
2015-01-15,155960,,,,,,,,,,,,,,,,,,,,,,,,,,4.98,0.64,1352.0,10496.0,121818249400.0,18100780.0,,0.029998779296875,,,,,,,,
2015-01-15,114570,,,,,,,,,,,,,,,,,,,,,,,,,,0.0,3.8,0.0,1297.0,78456934350.0,15930342.0,,0.029998779296875,,,,,,,,
2015-01-15,032790,,,,,,,,,,,,,,,,,,,,,,,,,,0.0,2.06,0.0,1865.0,30669823215.0,7976547.0,,0.029998779296875,,,,,,,,
2015-01-15,051160,,,,,,,,,,,,,,,,,,,,,,,,,,0.0,0.7,0.0,1124.0,9615589795.0,12156245.0,,0.029998779296875,,,,,,,,
2015-01-15,053050,,,,,,,,,,,,,,,,,,,,,,,,,,11.27,1.03,157.0,1717.0,48653055540.0,27487602.0,,0.029998779296875,,,,,,,,
2015-01-15,007630,,,,,,,,,,,,,,,,,,,,,,,,,,0.0,2.81,0.0,956.0,31648626630.0,11787198.0,,0.029998779296875,,,,,,,,
2015-01-15,119850,,,,,,,,,,,,,,,,,,,,,,,,,,12.93,1.37,584.0,5503.0,64633118900.0,8560678.0,,0.029998779296875,,,,,,,,
2015-01-15,065060,,,,,,,,,,,,,,,,,,,,,,,,,,42.68,0.54,28.0,2208.0,54325689460.0,45460828.0,,0.029998779296875,,,,,,,,
2015-01-15,013870,,,,,,,,,,,,,,,,,,,,,,,,,,5.87,0.62,1043.0,9909.0,116722353600.0,19072280.0,,0.029998779296875,,,,,,,,
2015-01-15,018290,,,,,,,,,,,,,,,,,,,,,,,,,,30.26,1.51,19.0,380.0,35303586650.0,61397542.0,,0.029998779296875,,,,,,,,
2015-01-15,071320,,,,,,,,,,,,,,,,,,,,,,,,,,5.19,0.37,9931.0,138186.0,596305316000.0,11578744.0,,0.029998779296875,,,,,,,,
2015-01-15,010580,,,,,,,,,,,,,,,,,,,,,,,,,,0.0,0.83,0.0,636.0,14576869680.0,27712680.0,,0.029998779296875,,,,,,,,
2015-01-15,115450,,,,,,,,,,,,,,,,,,,,,,,,,,0.0,2.94,0.0,1021.0,56859059420.0,18921484.0,,0.029998779296875,,,,,,,,
2015-01-15,088790,,,,,,,,,,,,,,,,,,,,,,,,,,154.29,0.48,21.0,6788.0,32478793560.0,10024319.0,,0.029998779296875,,,,,,,,
2015-01-15,018120,,,,,,,,,,,,,,,,,,,,,,,,,,15.96,4.02,1876.0,7443.0,225343800000.0,7524000.0,,0.029998779296875,,,,,,,,
2015-01-15,109820,,,,,,,,,,,,,,,,,,,,,,,,,,0.0,1.01,0.0,2637.0,22452309880.0,8440718.0,,0.029998779296875,,,,,,,,
2015-01-15,086060,,,,,,,,,,,,,,,,,,,,,,,,,,96.61,0.88,31.0,3398.0,21015666415.0,7016917.0,,0.029998779296875,,,,,,,,
2015-01-15,036890,,,,,,,,,,,,,,,,,,,,,,,,,,50.18,1.85,113.0,3066.0,113400000000.0,20000000.0,,0.029998779296875,,,,,,,,
2015-01-15,003780,,,,,,,,,,,,,,,,,,,,,,,,,,10.39,1.02,244.0,2480.0,32955000000.0,13000000.0,,0.029998779296875,,,,,,,,
2015-01-15,007370,,,,,,,,,,,,,,,,,,,,,,,,,,11.72,0.87,367.0,4918.0,51600000000.0,12000000.0,,0.029998779296875,,,,,,,,
2015-01-15,010640,,,,,,,,,,,,,,,,,,,,,,,,,,16.97,1.31,127.0,1645.0,21550000000.0,10000000.0,,0.029998779296875,,,,,,,,
2015-01-15,100250,,,,,,,,,,,,,,,,,,,,,,,,,,13.75,0.85,321.0,5164.0,246777714180.0,55895292.0,,0.029998779296875,,,,,,,,
2015-01-15,051630,,,,,,,,,,,,,,,,,,,,,,,,,,13.64,1.79,298.0,2277.0,48780000000.0,12000000.0,,0.029998779296875,,,,,,,,
2015-01-15,011000,,,,,,,,,,,,,,,,,,,,,,,,,,0.0,4.06,0.0,390.0,123511895310.0,77925486.0,,0.029998779296875,,,,,,,,
2015-01-15,002780,,,,,,,,,,,,,,,,,,,,,,,,,,0.0,3.95,0.0,371.0,136974846885.0,93498189.0,,0.029998779296875,,,,,,,,
2015-01-15,002787,,,,,,,,,,,,,,,,,,,,,,,,,,0.0,0.0,0.0,0.0,658895880.0,294808.0,,0.029998779296875,,,,,,,,
2015-01-15,002785,,,,,,,,,,,,,,,,,,,,,,,,,,0.0,0.0,0.0,0.0,972942430.0,857218.0,,0.029998779296875,,,,,,,,
2015-01-15,196450,,,,,,,,,,,,,,,,,,,,,,,,,,0.0,0.0,0.0,0.0,59825932780.0,18872534.0,,0.029998779296875,,,,,,,,
2015-01-15,085660,,,,,,,,,,,,,,,,,,,,,,,,,,34.66,2.4,401.0,5789.0,697801336500.0,50201535.0,,0.029998779296875,,,,,,,,
2015-01-15,900040,,,,,,,,,,,,,,,,,,,,,,,,,,,,,,,,,0.029998779296875,,,,,,,,
2015-01-15,900090,,,,,,,,,,,,,,,,,,,,,,,,,,,,,,,,,0.029998779296875,,,,,,,,
2015-01-15,009310,,,,,,,,,,,,,,,,,,,,,,,,,,5.67,0.56,252.0,2553.0,46674972630.0,32639841.0,,0.029998779296875,,,,,,,,
2015-01-15,094850,,,,,,,,,,,,,,,,,,,,,,,,,,25.03,2.33,358.0,3848.0,125440000000.0,14000000.0,,0.029998779296875,,,,,,,,
2015-01-15,004650,,,,,,,,,,,,,,,,,,,,,,,,,,3.71,1.43,5015.0,12964.0,122674347000.0,6595395.0,,0.029998779296875,,,,,,,,
2015-01-15,111820,,,,,,,,,,,,,,,,,,,,,,,,,,20.86,1.31,325.0,5190.0,46202764260.0,6814567.0,,0.029998779296875,,,,,,,,
2015-01-15,000650,,,,,,,,,,,,,,,,,,,,,,,,,,12.59,1.66,4122.0,31189.0,74176518000.0,1429220.0,,0.029998779296875,,,,,,,,
2015-01-15,140290,,,,,,,,,,,,,,,,,,,,,,,,,,,,,,,,,0.029998779296875,,,,,,,,
2015-01-15,096240,,,,,,,,,,,,,,,,,,,,,,,,,,7.37,1.06,1533.0,10625.0,70213115000.0,6213550.0,,0.029998779296875,,,,,,,,
2015-01-15,013720,,,,,,,,,,,,,,,,,,,,,,,,,,11.63,0.67,156.0,2702.0,10966284450.0,6042030.0,,0.029998779296875,,,,,,,,
2015-01-15,012600,,,,,,,,,,,,,,,,,,,,,,,,,,0.0,0.37,0.0,8385.0,19051680960.0,6106308.0,,0.029998779296875,,,,,,,,
2015-01-15,033250,,,,,,,,,,,,,,,,,,,,,,,,,,0.0,0.58,0.0,1518.0,14632843050.0,16590525.0,,0.029998779296875,,,,,,,,
2015-01-15,047820,,,,,,,,,,,,,,,,,,,,,,,,,,0.0,2.54,0.0,908.0,59036074900.0,25612180.0,,0.029998779296875,,,,,,,,
2015-01-15,094360,,,,,,,,,,,,,,,,,,,,,,,,,,,,,,,,,0.029998779296875,,,,,,,,
2015-01-15,016920,,,,,,,,,,,,,,,,,,,,,,,,,,10.69,0.67,175.0,2773.0,30245589440.0,16174112.0,,0.029998779296875,,,,,,,,
2015-01-15,006380,,,,,,,,,,,,,,,,,,,,,,,,,,0.0,0.35,0.0,8969.0,126800000000.0,40000000.0,,0.029998779296875,,,,,,,,
2015-01-15,071850,,,,,,,,,,,,,,,,,,,,,,,,,,7.65,1.04,967.0,7082.0,91560858600.0,12373089.0,,0.029998779296875,,,,,,,,
2015-01-15,066410,,,,,,,,,,,,,,,,,,,,,,,,,,0.0,1.87,0.0,402.0,46253199750.0,61670933.0,,0.029998779296875,,,,,,,,
2015-01-15,050110,,,,,,,,,,,,,,,,,,,,,,,,,,8.03,1.0,259.0,2086.0,87195307680.0,41920821.0,,0.029998779296875,,,,,,,,
2015-01-15,078340,,,,,,,,,,,,,,,,,,,,,,,,,,83.16,15.66,2013.0,10692.0,1688521280400.0,10086746.0,,0.029998779296875,,,,,,,,
2015-01-15,063440,,,,,,,,,,,,,,,,,,,,,,,,,,0.0,0.87,0.0,1542.0,19550437860.0,14589879.0,,0.029998779296875,,,,,,,,
2015-01-15,029480,,,,,,,,,,,,,,,,,,,,,,,,,,0.0,1.77,0.0,466.0,15516336678.0,18853386.0,,0.029998779296875,,,,,,,,
2015-01-15,043290,,,,,,,,,,,,,,,,,,,,,,,,,,8.66,1.01,666.0,5721.0,39455346550.0,6838015.0,,0.029998779296875,,,,,,,,
2015-01-15,149130,,,,,,,,,,,,,,,,,,,,,,,,,,,,,,,,,0.029998779296875,,,,,,,,
2015-01-15,203690,,,,,,,,,,,,,,,,,,,,,,,,,,0.0,0.0,0.0,0.0,21460800000.0,10520000.0,,0.029998779296875,,,,,,,,
2015-01-15,205500,,,,,,,,,,,,,,,,,,,,,,,,,,0.0,0.0,0.0,0.0,21408200000.0,10520000.0,,0.029998779296875,,,,,,,,
2015-01-15,208350,,,,,,,,,,,,,,,,,,,,,,,,,,0.0,0.0,0.0,0.0,10596600000.0,5220000.0,,0.029998779296875,,,,,,,,
2015-01-15,208640,,,,,,,,,,,,,,,,,,,,,,,,,,0.0,0.0,0.0,0.0,44960000000.0,16000000.0,,0.029998779296875,,,,,,,,
2015-01-15,021960,,,,,,,,,,,,,,,,,,,,,,,,,,8.2,1.08,2519.0,19182.0,443812443200.0,21492128.0,,0.029998779296875,,,,,,,,
2015-01-15,192250,,,,,,,,,,,,,,,,,,,,,,,,,,0.0,0.0,0.0,0.0,167964554450.0,58524235.0,,0.029998779296875,,,,,,,,
2015-01-15,115500,,,,,,,,,,,,,,,,,,,,,,,,,,23.29,1.88,117.0,1446.0,32700000000.0,12000000.0,,0.029998779296875,,,,,,,,
2015-01-15,029460,,,,,,,,,,,,,,,,,,,,,,,,,,9.92,1.19,796.0,6633.0,263807733600.0,33393384.0,,0.029998779296875,,,,,,,,
2015-01-15,089150,,,,,,,,,,,,,,,,,,,,,,,,,,15.21,0.94,141.0,2282.0,36786750000.0,17150000.0,,0.029998779296875,,,,,,,,
2015-01-15,025880,,,,,,,,,,,,,,,,,,,,,,,,,,39.51,0.41,41.0,3980.0,20126253060.0,12423613.0,,0.029998779296875,,,,,,,,
2015-01-15,093320,,,,,,,,,,,,,,,,,,,,,,,,,,14.89,1.88,1011.0,8016.0,73218250000.0,4865000.0,,0.029998779296875,,,,,,,,
2015-01-15,065940,,,,,,,,,,,,,,,,,,,,,,,,,,0.0,0.85,0.0,2967.0,35598066460.0,14070382.0,,0.029998779296875,,,,,,,,
2015-01-15,073010,,,,,,,,,,,,,,,,,,,,,,,,,,12.71,0.3,177.0,7446.0,21249083250.0,9444037.0,,0.029998779296875,,,,,,,,
2015-01-15,105330,,,,,,,,,,,,,,,,,,,,,,,,,,0.0,0.89,0.0,7022.0,35213578340.0,5661347.0,,0.029998779296875,,,,,,,,
2015-01-15,039420,,,,,,,,,,,,,,,,,,,,,,,,,,49.41,2.66,59.0,1097.0,70411037950.0,24154730.0,,0.029998779296875,,,,,,,,
2015-01-15,053810,,,,,,,,,,,,,,,,,,,,,,,,,,0.0,0.48,0.0,846.0,18577767070.0,45311627.0,,0.029998779296875,,,,,,,,
2015-01-15,083550,,,,,,,,,,,,,,,,,,,,,,,,,,15.26,0.63,249.0,6064.0,37159888400.0,9778918.0,,0.029998779296875,,,,,,,,
2015-01-15,032500,,,,,,,,,,,,,,,,,,,,,,,,,,5.79,3.09,2799.0,5249.0,260820000000.0,16100000.0,,0.029998779296875,,,,,,,,
2015-01-15,066430,,,,,,,,,,,,,,,,,,,,,,,,,,6.27,0.45,118.0,1630.0,9552810960.0,12909204.0,,0.029998779296875,,,,,,,,
2015-01-15,145270,,,,,,,,,,,,,,,,,,,,,,,,,,,,,,,,,0.029998779296875,,,,,,,,
2015-01-15,122800,,,,,,,,,,,,,,,,,,,,,,,,,,0.0,0.89,0.0,4360.0,16380000000.0,4200000.0,,0.029998779296875,,,,,,,,
2015-01-15,204650,,,,,,,,,,,,,,,,,,,,,,,,,,0.0,0.0,0.0,0.0,11880000000.0,5500000.0,,0.029998779296875,,,,,,,,
2015-01-15,058860,,,,,,,,,,,,,,,,,,,,,,,,,,8.1,0.96,449.0,3781.0,126505270000.0,34802000.0,,0.029998779296875,,,,,,,,
2015-01-15,024880,,,,,,,,,,,,,,,,,,,,,,,,,,373.0,0.39,10.0,9677.0,55527174660.0,14886642.0,,0.029998779296875,,,,,,,,
2015-01-15,042040,,,,,,,,,,,,,,,,,,,,,,,,,,0.0,3.82,0.0,484.0,14820527600.0,8011096.0,,0.029998779296875,,,,,,,,
2015-01-15,054410,,,,,,,,,,,,,,,,,,,,,,,,,,43.96,0.78,77.0,4336.0,17128100000.0,5060000.0,,0.029998779296875,,,,,,,,
2015-01-15,089010,,,,,,,,,,,,,,,,,,,,,,,,,,3.77,0.88,2465.0,10552.0,82533827820.0,8884158.0,,0.029998779296875,,,,,,,,
2015-01-15,052400,,,,,,,,,,,,,,,,,,,,,,,,,,23.46,3.68,1562.0,9969.0,439676232950.0,11996623.0,,0.029998779296875,,,,,,,,
2015-01-15,094860,,,,,,,,,,,,,,,,,,,,,,,,,,0.0,0.6,0.0,861.0,20890723360.0,40174468.0,,0.029998779296875,,,,,,,,
2015-01-15,046070,,,,,,,,,,,,,,,,,,,,,,,,,,9.88,1.03,253.0,2424.0,70538387500.0,28215355.0,,0.029998779296875,,,,,,,,
2015-01-15,047770,,,,,,,,,,,,,,,,,,,,,,,,,,0.0,1.04,0.0,543.0,28664971595.0,50734463.0,,0.029998779296875,,,,,,,,
2015-01-15,080530,,,,,,,,,,,,,,,,,,,,,,,,,,219.64,1.16,14.0,2652.0,36928477575.0,12009261.0,,0.029998779296875,,,,,,,,
2015-01-15,900140,,,,,,,,,,,,,,,,,,,,,,,,,,,,,,,,,0.029998779296875,,,,,,,,
2015-01-15,078650,,,,,,,,,,,,,,,,,,,,,,,,,,3.62,0.88,1229.0,5052.0,38371210800.0,8622744.0,,0.029998779296875,,,,,,,,
2015-01-15,104540,,,,,,,,,,,,,,,,,,,,,,,,,,44.03,3.41,419.0,5409.0,156497457150.0,8482247.0,,0.029998779296875,,,,,,,,
2015-01-15,090970,,,,,,,,,,,,,,,,,,,,,,,,,,,,,,,,,0.029998779296875,,,,,,,,
2015-01-15,090980,,,,,,,,,,,,,,,,,,,,,,,,,,,,,,,,,0.029998779296875,,,,,,,,
2015-01-15,090990,,,,,,,,,,,,,,,,,,,,,,,,,,,,,,,,,0.029998779296875,,,,,,,,
2015-01-15,091000,,,,,,,,,,,,,,,,,,,,,,,,,,,,,,,,,0.029998779296875,,,,,,,,
2015-01-15,027050,,,,,,,,,,,,,,,,,,,,,,,,,,335.56,1.66,9.0,1820.0,120800000000.0,40000000.0,,0.029998779296875,,,,,,,,
2015-01-15,007815,,,,,,,,,,,,,,,,,,,,,,,,,,0.0,0.0,0.0,0.0,12451698000.0,2964690.0,,0.029998779296875,,,,,,,,
2015-01-15,007810,,,,,,,,,,,,,,,,,,,,,,,,,,9.4,0.98,1378.0,13216.0,305888725450.0,23620751.0,,0.029998779296875,,,,,,,,
2015-01-15,00781K,,,,,,,,,,,,,,,,,,,,,,,,,,0.0,0.0,0.0,0.0,3342476235.0,783699.0,,0.029998779296875,,,,,,,,
2015-01-15,101670,,,,,,,,,,,,,,,,,,,,,,,,,,11.44,0.51,174.0,3922.0,15044400000.0,7560000.0,,0.029998779296875,,,,,,,,
2015-01-15,123410,,,,,,,,,,,,,,,,,,,,,,,,,,8.45,1.81,691.0,3234.0,162591813760.0,27841064.0,,0.029998779296875,,,,,,,,
2015-01-15,003690,,,,,,,,,,,,,,,,,,,,,,,,,,9.55,0.85,1100.0,12284.0,1263875718000.0,120369116.0,,0.029998779296875,,,,,,,,
2015-01-15,036690,,,,,,,,,,,,,,,,,,,,,,,,,,10.34,1.98,580.0,3032.0,79250850000.0,13208475.0,,0.029998779296875,,,,,,,,
2015-01-15,049430,,,,,,,,,,,,,,,,,,,,,,,,,,11.02,0.7,579.0,9149.0,57726240000.0,9048000.0,,0.029998779296875,,,,,,,,
2015-01-15,041960,,,,,,,,,,,,,,,,,,,,,,,,,,0.0,10.18,0.0,888.0,467364926400.0,51699660.0,,0.029998779296875,,,,,,,,
2015-01-15,009730,,,,,,,,,,,,,,,,,,,,,,,,,,65.26,2.06,19.0,601.0,41117269120.0,33159088.0,,0.029998779296875,,,,,,,,
2015-01-15,189350,,,,,,,,,,,,,,,,,,,,,,,,,,,,,,,,,0.029998779296875,,,,,,,,
2015-01-15,192820,,,,,,,,,,,,,,,,,,,,,,,,,,0.0,0.0,0.0,0.0,989945990000.0,8999509.0,,0.029998779296875,,,,,,,,
2015-01-15,044820,,,,,,,,,,,,,,,,,,,,,,,,,,30.05,7.01,1629.0,6980.0,470111932950.0,9603921.0,,0.029998779296875,,,,,,,,
2015-01-15,005070,,,,,,,,,,,,,,,,,,,,,,,,,,0.0,0.45,0.0,6652.0,44888964160.0,14987968.0,,0.029998779296875,,,,,,,,
2015-01-15,005420,,,,,,,,,,,,,,,,,,,,,,,,,,0.0,0.26,0.0,18608.0,63742003535.0,13102159.0,,0.029998779296875,,,,,,,,
2015-01-15,069110,,,,,,,,,,,,,,,,,,,,,,,,,,0.0,19.18,0.0,735.0,219782974500.0,15587445.0,,0.029998779296875,,,,,,,,
2015-01-15,048870,,,,,,,,,,,,,,,,,,,,,,,,,,0.0,0.52,0.0,2644.0,21741612750.0,15812082.0,,0.029998779296875,,,,,,,,
2015-01-15,071950,,,,,,,,,,,,,,,,,,,,,,,,,,0.0,1.41,0.0,1424.0,57476098740.0,28595074.0,,0.029998779296875,,,,,,,,
2015-01-15,038530,,,,,,,,,,,,,,,,,,,,,,,,,,0.0,2.06,0.0,630.0,45639711000.0,35107470.0,,0.029998779296875,,,,,,,,
2015-01-15,029960,,,,,,,,,,,,,,,,,,,,,,,,,,15.36,1.7,181.0,1640.0,139000000000.0,50000000.0,,0.029998779296875,,,,,,,,
2015-01-15,002020,,,,,,,,,,,,,,,,,,,,,,,,,,0.0,0.5,0.0,49570.0,298514328750.0,12061185.0,,0.029998779296875,,,,,,,,
2015-01-15,003070,,,,,,,,,,,,,,,,,,,,,,,,,,0.0,0.3,0.0,22348.0,109151706400.0,16438510.0,,0.029998779296875,,,,,,,,
2015-01-15,003075,,,,,,,,,,,,,,,,,,,,,,,,,,0.0,0.0,0.0,0.0,1998811170.0,312803.0,,0.029998779296875,,,,,,,,
2015-01-15,144620,,,,,,,,,,,,,,,,,,,,,,,,,,10.33,0.41,910.0,22763.0,84600000000.0,9000000.0,,0.029998779296875,,,,,,,,
2015-01-15,102940,,,,,,,,,,,,,,,,,,,,,,,,,,14.34,2.03,3313.0,23419.0,317817275000.0,6690890.0,,0.029998779296875,,,,,,,,
2015-01-15,002025,,,,,,,,,,,,,,,,,,,,,,,,,,0.0,0.0,0.0,0.0,12432304500.0,1076390.0,,0.029998779296875,,,,,,,,
2015-01-15,120110,,,,,,,,,,,,,,,,,,,,,,,,,,11.57,0.79,4451.0,65243.0,1292853476500.0,25103951.0,,0.029998779296875,,,,,,,,
2015-01-15,120115,,,,,,,,,,,,,,,,,,,,,,,,,,0.0,0.0,0.0,0.0,53281305000.0,2767860.0,,0.029998779296875,,,,,,,,
2015-01-15,138490,,,,,,,,,,,,,,,,,,,,,,,,,,0.0,1.78,0.0,3051.0,157180000000.0,29000000.0,,0.029998779296875,,,,,,,,
2015-01-15,056000,,,,,,,,,,,,,,,,,,,,,,,,,,0.0,0.46,0.0,2715.0,13477500000.0,10782000.0,,0.029998779296875,,,,,,,,
2015-01-15,021240,,,,,,,,,,,,,,,,,,,,,,,,,,25.16,6.77,3283.0,12200.0,6370508149600.0,77124796.0,,0.029998779296875,,,,,,,,
2015-01-15,056360,,,,,,,,,,,,,,,,,,,,,,,,,,6.3,0.67,711.0,6708.0,43889664000.0,9796800.0,,0.029998779296875,,,,,,,,
2015-01-15,121850,,,,,,,,,,,,,,,,,,,,,,,,,,0.0,0.75,0.0,4622.0,22819947280.0,6548048.0,,0.029998779296875,,,,,,,,
2015-01-15,015710,,,,,,,,,,,,,,,,,,,,,,,,,,51.75,2.57,200.0,4026.0,181440675000.0,17530500.0,,0.029998779296875,,,,,,,,
2015-01-15,121550,,,,,,,,,,,,,,,,,,,,,,,,,,,,,,,,,0.029998779296875,,,,,,,,
2015-01-15,090540,,,,,,,,,,,,,,,,,,,,,,,,,,,,,,,,,0.029998779296875,,,,,,,,
2015-01-15,052330,,,,,,,,,,,,,,,,,,,,,,,,,,8.72,0.92,1342.0,12671.0,151851889800.0,12978794.0,,0.029998779296875,,,,,,,,
2015-01-15,126600,,,,,,,,,,,,,,,,,,,,,,,,,,14.16,2.18,819.0,5318.0,102726212800.0,8855708.0,,0.029998779296875,,,,,,,,
2015-01-15,031820,,,,,,,,,,,,,,,,,,,,,,,,,,20.7,0.85,71.0,1727.0,46821655020.0,31851466.0,,0.029998779296875,,,,,,,,
2015-01-15,192400,,,,,,,,,,,,,,,,,,,,,,,,,,24.98,4.72,7046.0,37323.0,1725391360000.0,9803360.0,,0.029998779296875,,,,,,,,
2015-01-15,060280,,,,,,,,,,,,,,,,,,,,,,,,,,0.0,4.42,0.0,1130.0,134774330000.0,26954866.0,,0.029998779296875,,,,,,,,
2015-01-15,040350,,,,,,,,,,,,,,,,,,,,,,,,,,0.0,1.82,0.0,602.0,96498286455.0,88126289.0,,0.029998779296875,,,,,,,,
2015-01-15,051780,,,,,,,,,,,,,,,,,,,,,,,,,,0.0,0.82,0.0,857.0,15902780930.0,22621310.0,,0.029998779296875,,,,,,,,
2015-01-15,065560,,,,,,,,,,,,,,,,,,,,,,,,,,0.0,3.94,0.0,453.0,31129477155.0,17439483.0,,0.029998779296875,,,,,,,,
2015-01-15,066310,,,,,,,,,,,,,,,,,,,,,,,,,,11.67,0.9,449.0,5829.0,43377925200.0,8278230.0,,0.029998779296875,,,,,,,,
2015-01-15,136660,,,,,,,,,,,,,,,,,,,,,,,,,,,,,,,,,0.029998779296875,,,,,,,,
2015-01-15,016600,,,,,,,,,,,,,,,,,,,,,,,,,,40.0,0.47,8.0,682.0,25546678400.0,79833370.0,,0.029998779296875,,,,,,,,
2015-01-15,005740,,,,,,,,,,,,,,,,,,,,,,,,,,17.52,1.65,11986.0,126987.0,309440040000.0,1473524.0,,0.029998779296875,,,,,,,,
2015-01-15,005745,,,,,,,,,,,,,,,,,,,,,,,,,,0.0,0.0,0.0,0.0,7891000500.0,91015.0,,0.029998779296875,,,,,,,,
2015-01-15,067280,,,,,,,,,,,,,,,,,,,,,,,,,,45.41,2.71,1090.0,18233.0,293375560500.0,5926779.0,,0.029998779296875,,,,,,,,
2015-01-15,043590,,,,,,,,,,,,,,,,,,,,,,,,,,0.0,1.13,0.0,3100.0,45565000000.0,13000000.0,,0.029998779296875,,,,,,,,
2015-01-15,114120,,,,,,,,,,,,,,,,,,,,,,,,,,0.0,3.25,0.0,3436.0,277067911000.0,24849140.0,,0.029998779296875,,,,,,,,
2015-01-15,083790,,,,,,,,,,,,,,,,,,,,,,,,,,0.0,7.22,0.0,1869.0,305059135500.0,22596973.0,,0.029998779296875,,,,,,,,
2015-01-15,045520,,,,,,,,,,,,,,,,,,,,,,,,,,19.56,1.36,205.0,2946.0,26065000000.0,6500000.0,,0.029998779296875,,,,,,,,
2015-01-15,012170,,,,,,,,,,,,,,,,,,,,,,,,,,0.0,1.8,0.0,762.0,98814271875.0,71864925.0,,0.029998779296875,,,,,,,,
2015-01-15,184230,,,,,,,,,,,,,,,,,,,,,,,,,,134.0,1.04,15.0,1941.0,14070000000.0,7000000.0,,0.029998779296875,,,,,,,,
2015-01-15,039490,,,,,,,,,,,,,,,,,,,,,,,,,,36.46,1.56,1640.0,38413.0,1321564452000.0,22099740.0,,0.029998779296875,,,,,,,,
2015-01-15,054780,,,,,,,,,,,,,,,,,,,,,,,,,,0.0,10.69,0.0,290.0,235586803300.0,75995743.0,,0.029998779296875,,,,,,,,
2015-01-15,019770,,,,,,,,,,,,,,,,,,,,,,,,,,7.77,0.83,656.0,6118.0,59415000000.0,11650000.0,,0.029998779296875,,,,,,,,
2015-01-15,065130,,,,,,,,,,,,,,,,,,,,,,,,,,17.59,0.54,261.0,8548.0,68224750200.0,14863780.0,,0.029998779296875,,,,,,,,
2015-01-15,015890,,,,,,,,,,,,,,,,,,,,,,,,,,72.63,0.83,80.0,7027.0,169819037500.0,29228750.0,,0.029998779296875,,,,,,,,
2015-01-15,006890,,,,,,,,,,,,,,,,,,,,,,,,,,15.04,0.72,359.0,7464.0,62640000000.0,11600000.0,,0.029998779296875,,,,,,,,
2015-01-15,023160,,,,,,,,,,,,,,,,,,,,,,,,,,9.77,0.68,1121.0,16144.0,281962500000.0,25750000.0,,0.029998779296875,,,,,,,,
2015-01-15,003240,,,,,,,,,,,,,,,,,,,,,,,,,,12.54,0.52,90772.0,2204750.0,1267049200000.0,1113400.0,,0.029998779296875,,,,,,,,
2015-01-15,011280,,,,,,,,,,,,,,,,,,,,,,,,,,10.94,0.43,202.0,5140.0,156481127400.0,70805940.0,,0.029998779296875,,,,,,,,
2015-01-15,053620,,,,,,,,,,,,,,,,,,,,,,,,,,9.83,0.7,1017.0,14252.0,86000000000.0,8600000.0,,0.029998779296875,,,,,,,,
2015-01-15,004100,,,,,,,,,,,,,,,,,,,,,,,,,,25.38,0.44,400.0,22952.0,37250500000.0,3670000.0,,0.029998779296875,,,,,,,,
2015-01-15,004105,,,,,,,,,,,,,,,,,,,,,,,,,,0.0,0.0,0.0,0.0,2121900000.0,330000.0,,0.029998779296875,,,,,,,,
2015-01-15,116100,,,,,,,,,,,,,,,,,,,,,,,,,,,,,,,,,0.029998779296875,,,,,,,,
2015-01-15,072520,,,,,,,,,,,,,,,,,,,,,,,,,,0.0,0.59,0.0,6957.0,30900000000.0,7500000.0,,0.029998779296875,,,,,,,,
2015-01-15,009410,,,,,,,,,,,,,,,,,,,,,,,,,,26.7,0.45,188.0,11055.0,383528000000.0,76400000.0,,0.029998779296875,,,,,,,,
2015-01-15,009415,,,,,,,,,,,,,,,,,,,,,,,,,,0.0,0.0,0.0,0.0,7033070000.0,2557480.0,,0.029998779296875,,,,,,,,
2015-01-15,044490,,,,,,,,,,,,,,,,,,,,,,,,,,43.9,0.55,344.0,27653.0,274297056800.0,18165368.0,,0.029998779296875,,,,,,,,
2015-01-15,001420,,,,,,,,,,,,,,,,,,,,,,,,,,8.35,0.55,281.0,4259.0,17822000000.0,7600000.0,,0.029998779296875,,,,,,,,
2015-01-15,039850,,,,,,,,,,,,,,,,,,,,,,,,,,0.0,1.91,0.0,344.0,16151866047.0,24584271.0,,0.029998779296875,,,,,,,,
2015-01-15,007980,,,,,,,,,,,,,,,,,,,,,,,,,,60.1,1.33,96.0,4335.0,226519473570.0,39258141.0,,0.029998779296875,,,,,,,,
2015-01-15,032420,,,,,,,,,,,,,,,,,,,,,,,,,,0.0,0.36,0.0,1880.0,5818139975.0,8493635.0,,0.029998779296875,,,,,,,,
2015-01-15,191420,,,,,,,,,,,,,,,,,,,,,,,,,,59.06,6.93,530.0,4519.0,115899424100.0,3702857.0,,0.029998779296875,,,,,,,,
2015-01-15,123100,,,,,,,,,,,,,,,,,,,,,,,,,,384.04,3.08,47.0,5860.0,180003444500.0,9972490.0,,0.029998779296875,,,,,,,,
2015-01-15,182690,,,,,,,,,,,,,,,,,,,,,,,,,,6.56,2.92,451.0,1014.0,41340366400.0,13966340.0,,0.029998779296875,,,,,,,,
2015-01-15,066700,,,,,,,,,,,,,,,,,,,,,,,,,,93.67,1.72,49.0,2665.0,127487690640.0,27775096.0,,0.029998779296875,,,,,,,,
2015-01-15,151750,,,,,,,,,,,,,,,,,,,,,,,,,,,,,,,,,0.029998779296875,,,,,,,,
2015-01-15,095610,,,,,,,,,,,,,,,,,,,,,,,,,,33.56,2.64,526.0,6691.0,181168972150.0,10264531.0,,0.029998779296875,,,,,,,,
2015-01-15,131970,,,,,,,,,,,,,,,,,,,,,,,,,,10.77,2.29,1810.0,8528.0,133575000000.0,6850000.0,,0.029998779296875,,,,,,,,
2015-01-15,089030,,,,,,,,,,,,,,,,,,,,,,,,,,15.14,2.19,568.0,3925.0,148602969000.0,17279415.0,,0.029998779296875,,,,,,,,
2015-01-15,038540,,,,,,,,,,,,,,,,,,,,,,,,,,20.3,2.79,115.0,838.0,216893715835.0,92888101.0,,0.029998779296875,,,,,,,,
2015-01-15,054450,,,,,,,,,,,,,,,,,,,,,,,,,,0.0,0.76,0.0,6488.0,52251256870.0,10630978.0,,0.029998779296875,,,,,,,,
2015-01-15,091440,,,,,,,,,,,,,,,,,,,,,,,,,,43.85,0.66,52.0,3431.0,15862051200.0,6957040.0,,0.029998779296875,,,,,,,,
2015-01-15,078000,,,,,,,,,,,,,,,,,,,,,,,,,,6.17,1.24,2002.0,9944.0,119828419100.0,9702706.0,,0.029998779296875,,,,,,,,
2015-01-15,200230,,,,,,,,,,,,,,,,,,,,,,,,,,6.72,2.8,2343.0,5627.0,79096500000.0,5022000.0,,0.029998779296875,,,,,,,,
2015-01-15,051360,,,,,,,,,,,,,,,,,,,,,,,,,,23.83,3.59,728.0,4839.0,290040956300.0,16717058.0,,0.029998779296875,,,,,,,,
2015-01-15,045340,,,,,,,,,,,,,,,,,,,,,,,,,,0.0,2.65,0.0,584.0,13264962000.0,8558040.0,,0.029998779296875,,,,,,,,
2015-01-15,057880,,,,,,,,,,,,,,,,,,,,,,,,,,0.0,0.31,0.0,5453.0,22173289875.0,13237785.0,,0.029998779296875,,,,,,,,
2015-01-15,108230,,,,,,,,,,,,,,,,,,,,,,,,,,19.68,2.09,691.0,6494.0,221552921600.0,16290656.0,,0.029998779296875,,,,,,,,
2015-01-15,079970,,,,,,,,,,,,,,,,,,,,,,,,,,13.16,1.73,421.0,3211.0,42227132040.0,7622226.0,,0.029998779296875,,,,,,,,
2015-01-15,199800,,,,,,,,,,,,,,,,,,,,,,,,,,,,,,,,,0.029998779296875,,,,,,,,
2015-01-15,140890,,,,,,,,,,,,,,,,,,,,,,,,,,,,,,,,,0.029998779296875,,,,,,,,
2015-01-15,052290,,,,,,,,,,,,,,,,,,,,,,,,,,0.0,1.95,0.0,1321.0,73564275300.0,28513285.0,,0.029998779296875,,,,,,,,
2015-01-15,105550,,,,,,,,,,,,,,,,,,,,,,,,,,6.35,3.94,1306.0,2102.0,61672526520.0,7439388.0,,0.029998779296875,,,,,,,,
2015-01-15,026150,,,,,,,,,,,,,,,,,,,,,,,,,,0.0,0.41,0.0,7308.0,30134364210.0,9994814.0,,0.029998779296875,,,,,,,,
2015-01-15,121800,,,,,,,,,,,,,,,,,,,,,,,,,,33.49,0.63,76.0,4013.0,27048769000.0,10628200.0,,0.029998779296875,,,,,,,,
2015-01-15,064760,,,,,,,,,,,,,,,,,,,,,,,,,,50.43,1.24,164.0,6676.0,96552250000.0,11675000.0,,0.029998779296875,,,,,,,,
2015-01-15,066350,,,,,,,,,,,,,,,,,,,,,,,,,,0.0,0.38,0.0,6180.0,25576898840.0,10837669.0,,0.029998779296875,,,,,,,,
2015-01-15,131290,,,,,,,,,,,,,,,,,,,,,,,,,,0.0,1.33,0.0,10785.0,156260651400.0,10889244.0,,0.029998779296875,,,,,,,,
2015-01-15,019180,,,,,,,,,,,,,,,,,,,,,,,,,,0.0,1.22,0.0,1102.0,24120000000.0,18000000.0,,0.029998779296875,,,,,,,,
2015-01-15,062860,,,,,,,,,,,,,,,,,,,,,,,,,,0.0,0.74,0.0,10810.0,79130026850.0,9829817.0,,0.029998779296875,,,,,,,,
2015-01-15,004870,,,,,,,,,,,,,,,,,,,,,,,,,,31.54,7.57,447.0,1863.0,222558982500.0,15784325.0,,0.029998779296875,,,,,,,,
2015-01-15,008900,,,,,,,,,,,,,,,,,,,,,,,,,,0.0,2.38,0.0,560.0,6972148610.0,5242217.0,,0.029998779296875,,,,,,,,
2015-01-15,104480,,,,,,,,,,,,,,,,,,,,,,,,,,13.6,0.84,136.0,2205.0,166500000000.0,90000000.0,,0.029998779296875,,,,,,,,
2015-01-15,081150,,,,,,,,,,,,,,,,,,,,,,,,,,41.86,0.47,35.0,3143.0,24649294505.0,16825457.0,,0.029998779296875,,,,,,,,
2015-01-15,130740,,,,,,,,,,,,,,,,,,,,,,,,,,16.6,0.63,163.0,4284.0,25562250000.0,9450000.0,,0.029998779296875,,,,,,,,
2015-01-15,134790,,,,,,,,,,,,,,,,,,,,,,,,,,0.0,1.14,0.0,11132.0,25400000000.0,2000000.0,,0.029998779296875,,,,,,,,
2015-01-15,084730,,,,,,,,,,,,,,,,,,,,,,,,,,0.0,0.66,0.0,12767.0,67162225200.0,7995503.0,,0.029998779296875,,,,,,,,
2015-01-15,046210,,,,,,,,,,,,,,,,,,,,,,,,,,0.0,15.81,0.0,332.0,140734996500.0,26806666.0,,0.029998779296875,,,,,,,,
2015-01-15,034230,,,,,,,,,,,,,,,,,,,,,,,,,,19.66,3.17,1297.0,8034.0,2319038136000.0,90942672.0,,0.029998779296875,,,,,,,,
2015-01-15,033540,,,,,,,,,,,,,,,,,,,,,,,,,,11.84,0.81,404.0,5885.0,53209200000.0,11120000.0,,0.029998779296875,,,,,,,,
2015-01-15,043200,,,,,,,,,,,,,,,,,,,,,,,,,,0.0,3.1,0.0,1353.0,73199679260.0,17449268.0,,0.029998779296875,,,,,,,,
2015-01-15,005690,,,,,,,,,,,,,,,,,,,,,,,,,,0.0,1.8,0.0,1900.0,180356020100.0,52658692.0,,0.029998779296875,,,,,,,,
2015-01-15,177830,,,,,,,,,,,,,,,,,,,,,,,,,,4.7,1.13,1748.0,7278.0,44023327920.0,5355636.0,,0.029998779296875,,,,,,,,
2015-01-15,037070,,,,,,,,,,,,,,,,,,,,,,,,,,10.7,1.45,611.0,4508.0,86328000000.0,13200000.0,,0.029998779296875,,,,,,,,
2015-01-15,150900,,,,,,,,,,,,,,,,,,,,,,,,,,43.96,3.98,273.0,3015.0,95996340000.0,7999695.0,,0.029998779296875,,,,,,,,
2015-01-15,047310,,,,,,,,,,,,,,,,,,,,,,,,,,29.79,1.03,141.0,4085.0,119127590400.0,28363712.0,,0.029998779296875,,,,,,,,
2015-01-15,170790,,,,,,,,,,,,,,,,,,,,,,,,,,17.15,2.67,965.0,6195.0,87488761500.0,5286330.0,,0.029998779296875,,,,,,,,
2015-01-15,049120,,,,,,,,,,,,,,,,,,,,,,,,,,0.0,0.69,0.0,3034.0,38982972000.0,18563320.0,,0.029998779296875,,,,,,,,
2015-01-15,038950,,,,,,,,,,,,,,,,,,,,,,,,,,10.14,0.83,711.0,8660.0,73475415650.0,10190765.0,,0.029998779296875,,,,,,,,
2015-01-15,106240,,,,,,,,,,,,,,,,,,,,,,,,,,0.0,1.11,0.0,2598.0,90146128125.0,31355175.0,,0.029998779296875,,,,,,,,
2015-01-15,028040,,,,,,,,,,,,,,,,,,,,,,,,,,0.0,0.58,0.0,648.0,14100100846.0,37400798.0,,0.029998779296875,,,,,,,,
2015-01-15,091700,,,,,,,,,,,,,,,,,,,,,,,,,,6.94,2.59,1966.0,5261.0,739234996500.0,54156410.0,,0.029998779296875,,,,,,,,
2015-01-15,194510,,,,,,,,,,,,,,,,,,,,,,,,,,13.5,8.78,2840.0,4369.0,176118540000.0,4592400.0,,0.029998779296875,,,,,,,,
2015-01-15,202960,,,,,,,,,,,,,,,,,,,,,,,,,,,,,,,,,0.029998779296875,,,,,,,,
2015-01-15,032800,,,,,,,,,,,,,,,,,,,,,,,,,,0.0,2.04,0.0,566.0,56420592690.0,48848998.0,,0.029998779296875,,,,,,,,
2015-01-15,043090,,,,,,,,,,,,,,,,,,,,,,,,,,718.75,11.73,8.0,490.0,114989805250.0,19998227.0,,0.029998779296875,,,,,,,,
2015-01-15,036580,,,,,,,,,,,,,,,,,,,,,,,,,,44.21,2.12,311.0,6471.0,505009216250.0,36727943.0,,0.029998779296875,,,,,,,,
2015-01-15,027710,,,,,,,,,,,,,,,,,,,,,,,,,,12.5,0.88,104.0,1478.0,104269059700.0,80206969.0,,0.029998779296875,,,,,,,,
2015-01-15,068050,,,,,,,,,,,,,,,,,,,,,,,,,,0.0,1.35,0.0,4519.0,56386295500.0,9243655.0,,0.029998779296875,,,,,,,,
2015-01-15,028670,,,,,,,,,,,,,,,,,,,,,,,,,,0.0,1.41,0.0,1925.0,580326642500.0,214538500.0,,0.029998779296875,,,,,,,,
2015-01-15,010820,,,,,,,,,,,,,,,,,,,,,,,,,,41.67,1.44,51.0,1476.0,99375285000.0,46764840.0,,0.029998779296875,,,,,,,,
2015-01-15,016800,,,,,,,,,,,,,,,,,,,,,,,,,,15.26,1.17,2068.0,26896.0,362825000000.0,11500000.0,,0.029998779296875,,,,,,,,
2015-01-15,001020,,,,,,,,,,,,,,,,,,,,,,,,,,0.0,0.72,0.0,1033.0,95649891420.0,128389116.0,,0.029998779296875,,,,,,,,
2015-01-15,950010,,,,,,,,,,,,,,,,,,,,,,,,,,,,,,,,,0.029998779296875,,,,,,,,
2015-01-15,090080,,,,,,,,,,,,,,,,,,,,,,,,,,20.33,1.08,61.0,1148.0,46380766560.0,37403844.0,,0.029998779296875,,,,,,,,
2015-01-15,043370,,,,,,,,,,,,,,,,,,,,,,,,,,7.69,0.95,2256.0,18203.0,364350000000.0,21000000.0,,0.029998779296875,,,,,,,,
2015-01-15,010770,,,,,,,,,,,,,,,,,,,,,,,,,,13.84,0.29,211.0,10070.0,42706360720.0,14625466.0,,0.029998779296875,,,,,,,,
2015-01-15,119500,,,,,,,,,,,,,,,,,,,,,,,,,,23.25,0.87,117.0,3129.0,32707129600.0,12024680.0,,0.029998779296875,,,,,,,,
2015-01-15,016670,,,,,,,,,,,,,,,,,,,,,,,,,,10.21,2.21,190.0,879.0,77513574940.0,39955451.0,,0.029998779296875,,,,,,,,
2015-01-15,022100,,,,,,,,,,,,,,,,,,,,,,,,,,29.23,2.21,182.0,2407.0,808824758280.0,152034729.0,,0.029998779296875,,,,,,,,
2015-01-15,058430,,,,,,,,,,,,,,,,,,,,,,,,,,0.0,0.48,0.0,28258.0,81300000000.0,6000000.0,,0.029998779296875,,,,,,,,
2015-01-15,009520,,,,,,,,,,,,,,,,,,,,,,,,,,0.0,0.84,0.0,3601.0,125760963060.0,41642703.0,,0.029998779296875,,,,,,,,
2015-01-15,003670,,,,,,,,,,,,,,,,,,,,,,,,,,13.78,1.82,9941.0,75101.0,809259000000.0,5907000.0,,0.029998779296875,,,,,,,,
2015-01-15,051310,,,,,,,,,,,,,,,,,,,,,,,,,,0.0,1.47,0.0,2172.0,578671827200.0,180834946.0,,0.029998779296875,,,,,,,,
2015-01-15,078860,,,,,,,,,,,,,,,,,,,,,,,,,,0.0,4.77,0.0,828.0,39438360250.0,9984395.0,,0.029998779296875,,,,,,,,
2015-01-15,141020,,,,,,,,,,,,,,,,,,,,,,,,,,0.0,4.08,0.0,1468.0,118621227900.0,19803210.0,,0.029998779296875,,,,,,,,
2015-01-15,032980,,,,,,,,,,,,,,,,,,,,,,,,,,0.0,1.77,0.0,1290.0,42909196440.0,18819823.0,,0.029998779296875,,,,,,,,
2015-01-15,005670,,,,,,,,,,,,,,,,,,,,,,,,,,27.44,0.6,117.0,5365.0,25680000000.0,8000000.0,,0.029998779296875,,,,,,,,
2015-01-15,094940,,,,,,,,,,,,,,,,,,,,,,,,,,4.32,0.61,849.0,5999.0,14995308050.0,4085915.0,,0.029998779296875,,,,,,,,
2015-01-15,007330,,,,,,,,,,,,,,,,,,,,,,,,,,111.91,0.37,34.0,10310.0,57390054000.0,15082800.0,,0.029998779296875,,,,,,,,
2015-01-15,017810,,,,,,,,,,,,,,,,,,,,,,,,,,0.0,1.86,0.0,55973.0,396145880000.0,3809095.0,,0.029998779296875,,,,,,,,
2015-01-15,093380,,,,,,,,,,,,,,,,,,,,,,,,,,5.53,0.45,477.0,5861.0,26081386320.0,9879313.0,,0.029998779296875,,,,,,,,
2015-01-15,023900,,,,,,,,,,,,,,,,,,,,,,,,,,10.87,0.87,866.0,10876.0,79044000000.0,8400000.0,,0.029998779296875,,,,,,,,
2015-01-15,103140,,,,,,,,,,,,,,,,,,,,,,,,,,10.9,0.67,2156.0,35334.0,658570533000.0,28024278.0,,0.029998779296875,,,,,,,,
2015-01-15,005810,,,,,,,,,,,,,,,,,,,,,,,,,,7.85,0.65,5417.0,65422.0,333386355850.0,7835167.0,,0.029998779296875,,,,,,,,
2015-01-15,035200,,,,,,,,,,,,,,,,,,,,,,,,,,6.83,0.93,479.0,3498.0,20143200000.0,6160000.0,,0.029998779296875,,,,,,,,
2015-01-15,082220,,,,,,,,,,,,,,,,,,,,,,,,,,,,,,,,,0.029998779296875,,,,,,,,
2015-01-15,053610,,,,,,,,,,,,,,,,,,,,,,,,,,11.09,1.0,845.0,9340.0,84330000000.0,9000000.0,,0.029998779296875,,,,,,,,
2015-01-15,053160,,,,,,,,,,,,,,,,,,,,,,,,,,6.25,0.64,552.0,5427.0,20700000000.0,6000000.0,,0.029998779296875,,,,,,,,
2015-01-15,060910,,,,,,,,,,,,,,,,,,,,,,,,,,38.33,0.67,24.0,1372.0,4904031480.0,5330469.0,,0.029998779296875,,,,,,,,
2015-01-15,075130,,,,,,,,,,,,,,,,,,,,,,,,,,10.48,0.77,587.0,8008.0,55104000000.0,8960000.0,,0.029998779296875,,,,,,,,
2015-01-15,023770,,,,,,,,,,,,,,,,,,,,,,,,,,0.0,23.5,0.0,340.0,22977897680.0,2875832.0,,0.029998779296875,,,,,,,,
2015-01-15,043710,,,,,,,,,,,,,,,,,,,,,,,,,,0.0,12.43,0.0,265.0,53995326455.0,16387049.0,,0.029998779296875,,,,,,,,
2015-01-15,065270,,,,,,,,,,,,,,,,,,,,,,,,,,3.7,0.7,1652.0,8690.0,75867877440.0,12396712.0,,0.029998779296875,,,,,,,,
2015-01-15,032580,,,,,,,,,,,,,,,,,,,,,,,,,,7.41,1.03,266.0,1910.0,35986527810.0,18267273.0,,0.029998779296875,,,,,,,,
2015-01-15,051380,,,,,,,,,,,,,,,,,,,,,,,,,,0.0,0.89,0.0,3332.0,20478239040.0,6918324.0,,0.029998779296875,,,,,,,,
2015-01-15,131390,,,,,,,,,,,,,,,,,,,,,,,,,,28.67,0.89,169.0,5466.0,34593300000.0,7140000.0,,0.029998779296875,,,,,,,,
2015-01-15,054340,,,,,,,,,,,,,,,,,,,,,,,,,,0.0,0.31,0.0,4759.0,24696000000.0,16800000.0,,0.029998779296875,,,,,,,,
2015-01-15,024850,,,,,,,,,,,,,,,,,,,,,,,,,,0.0,0.34,0.0,1030.0,13428940000.0,37828000.0,,0.029998779296875,,,,,,,,
2015-01-15,031980,,,,,,,,,,,,,,,,,,,,,,,,,,16.3,1.83,856.0,7631.0,283597975800.0,20329604.0,,0.029998779296875,,,,,,,,
2015-01-15,002230,,,,,,,,,,,,,,,,,,,,,,,,,,2.8,0.7,1752.0,6963.0,77842125200.0,15886148.0,,0.029998779296875,,,,,,,,
2015-01-15,137400,,,,,,,,,,,,,,,,,,,,,,,,,,20.37,1.41,437.0,6318.0,67640000000.0,7600000.0,,0.029998779296875,,,,,,,,
2015-01-15,082390,,,,,,,,,,,,,,,,,,,,,,,,,,0.0,1.49,0.0,625.0,43778583430.0,46872145.0,,0.029998779296875,,,,,,,,
2015-01-15,144740,,,,,,,,,,,,,,,,,,,,,,,,,,,,,,,,,0.029998779296875,,,,,,,,
2015-01-15,128660,,,,,,,,,,,,,,,,,,,,,,,,,,16.88,1.68,112.0,1123.0,41521627350.0,21969115.0,,0.029998779296875,,,,,,,,
2015-01-15,006140,,,,,,,,,,,,,,,,,,,,,,,,,,8.28,0.93,927.0,8250.0,76800000000.0,10000000.0,,0.029998779296875,,,,,,,,
2015-01-15,033180,,,,,,,,,,,,,,,,,,,,,,,,,,12.85,0.92,172.0,2390.0,55933418190.0,25309239.0,,0.029998779296875,,,,,,,,
2015-01-15,064800,,,,,,,,,,,,,,,,,,,,,,,,,,0.0,1.22,0.0,3920.0,34084800000.0,7101000.0,,0.029998779296875,,,,,,,,
2015-01-15,033290,,,,,,,,,,,,,,,,,,,,,,,,,,0.0,0.3,0.0,3070.0,26950846992.0,28886224.0,,0.029998779296875,,,,,,,,
2015-01-15,086790,,,,,,,,,,,,,,,,,,,,,,,,,,9.58,0.47,3399.0,68756.0,9436051718100.0,289894062.0,,0.029998779296875,,,,,,,,
2015-01-15,099340,,,,,,,,,,,,,,,,,,,,,,,,,,,,,,,,,0.029998779296875,,,,,,,,
2015-01-15,099350,,,,,,,,,,,,,,,,,,,,,,,,,,,,,,,,,0.029998779296875,,,,,,,,
2015-01-15,067310,,,,,,,,,,,,,,,,,,,,,,,,,,0.0,2.06,0.0,5240.0,241600816800.0,22370446.0,,0.029998779296875,,,,,,,,
2015-01-15,208370,,,,,,,,,,,,,,,,,,,,,,,,,,0.0,0.0,0.0,0.0,11178000000.0,5400000.0,,0.029998779296875,,,,,,,,
2015-01-15,208870,,,,,,,,,,,,,,,,,,,,,,,,,,0.0,0.0,0.0,0.0,5428000000.0,2360000.0,,0.029998779296875,,,,,,,,
2015-01-15,194610,,,,,,,,,,,,,,,,,,,,,,,,,,0.0,0.0,0.0,0.0,6463350000.0,2710000.0,,0.029998779296875,,,,,,,,
2015-01-15,103650,,,,,,,,,,,,,,,,,,,,,,,,,,,,,,,,,0.029998779296875,,,,,,,,
2015-01-15,039130,,,,,,,,,,,,,,,,,,,,,,,,,,28.1,5.24,2989.0,16026.0,975759540000.0,11616185.0,,0.029998779296875,,,,,,,,
2015-01-15,136480,,,,,,,,,,,,,,,,,,,,,,,,,,15.52,1.17,288.0,3832.0,241138342860.0,53945938.0,,0.029998779296875,,,,,,,,
2015-01-15,024660,,,,,,,,,,,,,,,,,,,,,,,,,,15.64,1.74,342.0,3079.0,476990966500.0,89157190.0,,0.029998779296875,,,,,,,,
2015-01-15,172580,,,,,,,,,,,,,,,,,,,,,,,,,,,,,,,,,0.029998779296875,,,,,,,,
2015-01-15,139200,,,,,,,,,,,,,,,,,,,,,,,,,,,,,,,,,0.029998779296875,,,,,,,,
2015-01-15,153360,,,,,,,,,,,,,,,,,,,,,,,,,,,,,,,,,0.029998779296875,,,,,,,,
2015-01-15,159650,,,,,,,,,,,,,,,,,,,,,,,,,,,,,,,,,0.029998779296875,,,,,,,,
2015-01-15,149980,,,,,,,,,,,,,,,,,,,,,,,,,,90.37,35.21,1548.0,3973.0,388184587100.0,2774729.0,,0.029998779296875,,,,,,,,
2015-01-15,013030,,,,,,,,,,,,,,,,,,,,,,,,,,11.66,1.79,2401.0,15682.0,381170496000.0,13613232.0,,0.029998779296875,,,,,,,,
2015-01-15,126700,,,,,,,,,,,,,,,,,,,,,,,,,,12.86,2.23,789.0,4547.0,151662436800.0,14942112.0,,0.029998779296875,,,,,,,,
2015-01-15,200470,,,,,,,,,,,,,,,,,,,,,,,,,,12.67,0.73,163.0,2838.0,36248349200.0,17553680.0,,0.029998779296875,,,,,,,,
2015-01-15,106080,,,,,,,,,,,,,,,,,,,,,,,,,,0.0,1.34,0.0,2569.0,36721492950.0,10643911.0,,0.029998779296875,,,,,,,,
2015-01-15,071090,,,,,,,,,,,,,,,,,,,,,,,,,,0.0,0.24,0.0,66067.0,32299095600.0,1999944.0,,0.029998779296875,,,,,,,,
2015-01-15,066980,,,,,,,,,,,,,,,,,,,,,,,,,,16.35,1.43,74.0,846.0,84970185740.0,70223294.0,,0.029998779296875,,,,,,,,
2015-01-15,205470,,,,,,,,,,,,,,,,,,,,,,,,,,0.0,0.0,0.0,0.0,11467500000.0,5500000.0,,0.029998779296875,,,,,,,,
2015-01-15,106190,,,,,,,,,,,,,,,,,,,,,,,,,,9.46,1.15,1475.0,12108.0,98888508900.0,7088782.0,,0.029998779296875,,,,,,,,
2015-01-15,019490,,,,,,,,,,,,,,,,,,,,,,,,,,0.0,0.5,0.0,9080.0,25164844250.0,5530735.0,,0.029998779296875,,,,,,,,
2015-01-15,000080,,,,,,,,,,,,,,,,,,,,,,,,,,19.59,1.18,1169.0,19400.0,1606059691900.0,70133611.0,,0.029998779296875,,,,,,,,
2015-01-15,000087,,,,,,,,,,,,,,,,,,,,,,,,,,0.0,0.0,0.0,0.0,20116456400.0,1130138.0,,0.029998779296875,,,,,,,,
2015-01-15,000140,,,,,,,,,,,,,,,,,,,,,,,,,,0.0,0.47,0.0,24627.0,269198474000.0,23206765.0,,0.029998779296875,,,,,,,,
2015-01-15,000145,,,,,,,,,,,,,,,,,,,,,,,,,,0.0,0.0,0.0,0.0,4143128000.0,470810.0,,0.029998779296875,,,,,,,,
2015-01-15,066130,,,,,,,,,,,,,,,,,,,,,,,,,,0.0,0.81,0.0,5327.0,55296000000.0,12800000.0,,0.029998779296875,,,,,,,,
2015-01-15,044780,,,,,,,,,,,,,,,,,,,,,,,,,,7.29,0.75,231.0,2254.0,31013751095.0,18405787.0,,0.029998779296875,,,,,,,,
2015-01-15,206400,,,,,,,,,,,,,,,,,,,,,,,,,,0.0,0.0,0.0,0.0,11550000000.0,5500000.0,,0.029998779296875,,,,,,,,
2015-01-15,152550,,,,,,,,,,,,,,,,,,,,,,,,,,,,,,,,,0.029998779296875,,,,,,,,
2015-01-15,004590,,,,,,,,,,,,,,,,,,,,,,,,,,11.38,0.46,1832.0,44877.0,31275000000.0,1500000.0,,0.029998779296875,,,,,,,,
2015-01-15,036460,,,,,,,,,,,,,,,,,,,,,,,,,,0.0,0.48,0.0,96766.0,4251013650000.0,92313000.0,,0.029998779296875,,,,,,,,
2015-01-15,039340,,,,,,,,,,,,,,,,,,,,,,,,,,61.11,0.8,36.0,2748.0,50600000000.0,23000000.0,,0.029998779296875,,,,,,,,
2015-01-15,005430,,,,,,,,,,,,,,,,,,,,,,,,,,0.0,0.51,0.0,76968.0,123171209500.0,3166355.0,,0.029998779296875,,,,,,,,
2015-01-15,071050,,,,,,,,,,,,,,,,,,,,,,,,,,48.4,1.12,1000.0,43233.0,2697138012800.0,55725992.0,,0.029998779296875,,,,,,,,
2015-01-15,071055,,,,,,,,,,,,,,,,,,,,,,,,,,0.0,0.0,0.0,0.0,151142875800.0,5858251.0,,0.029998779296875,,,,,,,,
2015-01-15,034950,,,,,,,,,,,,,,,,,,,,,,,,,,13.21,2.19,2736.0,16507.0,164139581100.0,4540514.0,,0.029998779296875,,,,,,,,
2015-01-15,010040,,,,,,,,,,,,,,,,,,,,,,,,,,9.33,0.74,334.0,4229.0,71220213680.0,22863632.0,,0.029998779296875,,,,,,,,
2015-01-15,025540,,,,,,,,,,,,,,,,,,,,,,,,,,15.04,1.48,4130.0,42081.0,646771500000.0,10415000.0,,0.029998779296875,,,,,,,,
2015-01-15,060250,,,,,,,,,,,,,,,,,,,,,,,,,,67.24,12.88,525.0,2740.0,597184855400.0,16917418.0,,0.029998779296875,,,,,,,,
2015-01-15,004090,,,,,,,,,,,,,,,,,,,,,,,,,,5.77,0.4,11731.0,169465.0,44357040000.0,655200.0,,0.029998779296875,,,,,,,,
2015-01-15,025550,,,,,,,,,,,,,,,,,,,,,,,,,,11.18,0.58,157.0,3050.0,43036555770.0,24522254.0,,0.029998779296875,,,,,,,,
2015-01-15,002960,,,,,,,,,,,,,,,,,,,,,,,,,,20.79,6.84,22775.0,69257.0,615550000000.0,1300000.0,,0.029998779296875,,,,,,,,
2015-01-15,017890,,,,,,,,,,,,,,,,,,,,,,,,,,18.0,0.59,268.0,8200.0,104247792000.0,21605760.0,,0.029998779296875,,,,,,,,
2015-01-15,002000,,,,,,,,,,,,,,,,,,,,,,,,,,0.0,0.52,0.0,46243.0,242919806000.0,10079660.0,,0.029998779296875,,,,,,,,
2015-01-15,002005,,,,,,,,,,,,,,,,,,,,,,,,,,0.0,0.0,0.0,0.0,6776028300.0,454767.0,,0.029998779296875,,,,,,,,
2015-01-15,033430,,,,,,,,,,,,,,,,,,,,,,,,,,0.0,1.89,0.0,308.0,68735776056.0,118102708.0,,0.029998779296875,,,,,,,,
2015-01-15,015760,,,,,,,,,,,,,,,,,,,,,,,,,,415.1,0.51,96.0,78290.0,25582268468450.0,641964077.0,,0.029998779296875,,,,,,,,
2015-01-15,063570,,,,,,,,,,,,,,,,,,,,,,,,,,13.68,0.9,212.0,3240.0,75443526100.0,26015009.0,,0.029998779296875,,,,,,,,
2015-01-15,041460,,,,,,,,,,,,,,,,,,,,,,,,,,26.77,4.22,172.0,1091.0,98819841645.0,21459249.0,,0.029998779296875,,,,,,,,
2015-01-15,006200,,,,,,,,,,,,,,,,,,,,,,,,,,0.0,0.28,0.0,4356.0,35419311640.0,28563961.0,,0.029998779296875,,,,,,,,
2015-01-15,101680,,,,,,,,,,,,,,,,,,,,,,,,,,0.0,0.33,0.0,18092.0,50508040000.0,8404000.0,,0.029998779296875,,,,,,,,
2015-01-15,039740,,,,,,,,,,,,,,,,,,,,,,,,,,62.17,0.57,69.0,7493.0,34398923130.0,8018397.0,,0.029998779296875,,,,,,,,
2015-01-15,053300,,,,,,,,,,,,,,,,,,,,,,,,,,21.38,2.79,189.0,1446.0,108938600000.0,26965000.0,,0.029998779296875,,,,,,,,
2015-01-15,025770,,,,,,,,,,,,,,,,,,,,,,,,,,21.1,4.15,417.0,2120.0,341552138400.0,38812743.0,,0.029998779296875,,,,,,,,
2015-01-15,002300,,,,,,,,,,,,,,,,,,,,,,,,,,15.52,0.32,1956.0,96203.0,151900202150.0,5004949.0,,0.029998779296875,,,,,,,,
2015-01-15,023350,,,,,,,,,,,,,,,,,,,,,,,,,,9.81,0.43,495.0,11233.0,53162250000.0,10950000.0,,0.029998779296875,,,,,,,,
2015-01-15,025890,,,,,,,,,,,,,,,,,,,,,,,,,,20.78,0.37,116.0,6438.0,27255314190.0,11309259.0,,0.029998779296875,,,,,,,,
2015-01-15,000970,,,,,,,,,,,,,,,,,,,,,,,,,,19.77,0.53,258.0,9537.0,116282550000.0,22800500.0,,0.029998779296875,,,,,,,,
2015-01-15,104700,,,,,,,,,,,,,,,,,,,,,,,,,,31.29,0.43,1021.0,74562.0,294259500000.0,9210000.0,,0.029998779296875,,,,,,,,
2015-01-15,017960,,,,,,,,,,,,,,,,,,,,,,,,,,13.25,0.89,418.0,6224.0,227122753980.0,40996887.0,,0.029998779296875,,,,,,,,
2015-01-15,023760,,,,,,,,,,,,,,,,,,,,,,,,,,9.44,0.48,63.0,1228.0,72589319320.0,121998856.0,,0.029998779296875,,,,,,,,
2015-01-15,054040,,,,,,,,,,,,,,,,,,,,,,,,,,4.17,0.67,805.0,4996.0,53919177950.0,16071290.0,,0.029998779296875,,,,,,,,
2015-01-15,161890,,,,,,,,,,,,,,,,,,,,,,,,,,69.39,8.57,722.0,5846.0,1057117565100.0,21100151.0,,0.029998779296875,,,,,,,,
2015-01-15,024720,,,,,,,,,,,,,,,,,,,,,,,,,,92.29,4.55,538.0,10906.0,813859324500.0,16391930.0,,0.029998779296875,,,,,,,,
2015-01-15,021650,,,,,,,,,,,,,,,,,,,,,,,,,,61.6,0.8,47.0,3616.0,28631550000.0,9890000.0,,0.029998779296875,,,,,,,,
2015-01-15,161390,,,,,,,,,,,,,,,,,,,,,,,,,,8.51,1.6,5958.0,31625.0,6280465998300.0,123875069.0,,0.029998779296875,,,,,,,,
2015-01-15,000240,,,,,,,,,,,,,,,,,,,,,,,,,,9.08,1.01,2727.0,24418.0,2302249281750.0,93020173.0,,0.029998779296875,,,,,,,,
2015-01-15,053590,,,,,,,,,,,,,,,,,,,,,,,,,,0.0,2.26,0.0,842.0,51857540430.0,27221806.0,,0.029998779296875,,,,,,,,
2015-01-15,053595,,,,,,,,,,,,,,,,,,,,,,,,,,0.0,0.0,0.0,0.0,543257300.0,38666.0,,0.029998779296875,,,,,,,,
2015-01-15,034830,,,,,,,,,,,,,,,,,,,,,,,,,,18.43,2.57,210.0,1507.0,977133320100.0,252489230.0,,0.029998779296875,,,,,,,,
2015-01-15,007280,,,,,,,,,,,,,,,,,,,,,,,,,,0.0,0.24,0.0,107125.0,26150000000.0,1000000.0,,0.029998779296875,,,,,,,,
2015-01-15,168490,,,,,,,,,,,,,,,,,,,,,,,,,,,,,,,,,0.029998779296875,,,,,,,,
2015-01-15,037230,,,,,,,,,,,,,,,,,,,,,,,,,,0.0,0.61,0.0,1496.0,23000000000.0,25000000.0,,0.029998779296875,,,,,,,,
2015-01-15,010100,,,,,,,,,,,,,,,,,,,,,,,,,,14.41,0.47,1138.0,34844.0,99877377600.0,6090084.0,,0.029998779296875,,,,,,,,
2015-01-15,047810,,,,,,,,,,,,,,,,,,,,,,,,,,42.21,3.95,924.0,9864.0,3801529173000.0,97475107.0,,0.029998779296875,,,,,,,,
2015-01-15,123690,,,,,,,,,,,,,,,,,,,,,,,,,,0.0,3.5,0.0,1487.0,83553600000.0,16068000.0,,0.029998779296875,,,,,,,,
2015-01-15,003350,,,,,,,,,,,,,,,,,,,,,,,,,,0.0,1.71,0.0,5615.0,43461880000.0,4532000.0,,0.029998779296875,,,,,,,,
2015-01-15,030520,,,,,,,,,,,,,,,,,,,,,,,,,,23.65,3.41,873.0,6062.0,476647657150.0,23082211.0,,0.029998779296875,,,,,,,,
2015-01-15,052600,,,,,,,,,,,,,,,,,,,,,,,,,,17.57,0.81,138.0,2989.0,28041972500.0,11563700.0,,0.029998779296875,,,,,,,,
2015-01-15,011500,,,,,,,,,,,,,,,,,,,,,,,,,,6.8,0.67,510.0,5166.0,54260535740.0,15637042.0,,0.029998779296875,,,,,,,,
2015-01-15,002390,,,,,,,,,,,,,,,,,,,,,,,,,,18.47,0.77,1061.0,25369.0,246843968000.0,12594080.0,,0.029998779296875,,,,,,,,
2015-01-15,014790,,,,,,,,,,,,,,,,,,,,,,,,,,0.0,0.42,0.0,14158.0,193841353160.0,32414942.0,,0.029998779296875,,,,,,,,
2015-01-15,092460,,,,,,,,,,,,,,,,,,,,,,,,,,44.14,0.84,116.0,6098.0,47204341760.0,9219598.0,,0.029998779296875,,,,,,,,
2015-01-15,018880,,,,,,,,,,,,,,,,,,,,,,,,,,16.8,3.33,2776.0,13995.0,4980354000000.0,106760000.0,,0.029998779296875,,,,,,,,
2015-01-15,060980,,,,,,,,,,,,,,,,,,,,,,,,,,7.4,0.81,9269.0,85140.0,741064602600.0,10802691.0,,0.029998779296875,,,,,,,,
2015-01-15,053690,,,,,,,,,,,,,,,,,,,,,,,,,,9.23,1.1,910.0,7671.0,61340361600.0,7302424.0,,0.029998779296875,,,,,,,,
2015-01-15,042700,,,,,,,,,,,,,,,,,,,,,,,,,,35.02,2.33,474.0,7122.0,422185160600.0,25432841.0,,0.029998779296875,,,,,,,,
2015-01-15,008930,,,,,,,,,,,,,,,,,,,,,,,,,,89.08,2.07,174.0,7476.0,845602174500.0,54554979.0,,0.029998779296875,,,,,,,,
2015-01-15,128940,,,,,,,,,,,,,,,,,,,,,,,,,,20.15,2.17,5063.0,47110.0,993941244000.0,9744522.0,,0.029998779296875,,,,,,,,
2015-01-15,047080,,,,,,,,,,,,,,,,,,,,,,,,,,0.0,9.22,0.0,781.0,166458931200.0,23119296.0,,0.029998779296875,,,,,,,,
2015-01-15,009240,,,,,,,,,,,,,,,,,,,,,,,,,,41.15,12.47,3402.0,11224.0,3294749920000.0,23533928.0,,0.029998779296875,,,,,,,,
2015-01-15,020000,,,,,,,,,,,,,,,,,,,,,,,,,,14.66,0.98,1998.0,29847.0,721659000000.0,24630000.0,,0.029998779296875,,,,,,,,
2015-01-15,003680,,,,,,,,,,,,,,,,,,,,,,,,,,13.87,0.55,465.0,11822.0,35332783950.0,5477951.0,,0.029998779296875,,,,,,,,
2015-01-15,105630,,,,,,,,,,,,,,,,,,,,,,,,,,34.79,5.45,1065.0,6802.0,1482000000000.0,40000000.0,,0.029998779296875,,,,,,,,
2015-01-15,016450,,,,,,,,,,,,,,,,,,,,,,,,,,22.82,2.42,482.0,4553.0,440000000000.0,40000000.0,,0.029998779296875,,,,,,,,
2015-01-15,010420,,,,,,,,,,,,,,,,,,,,,,,,,,18.57,0.81,63.0,1437.0,32281466490.0,27590997.0,,0.029998779296875,,,,,,,,
2015-01-15,081970,,,,,,,,,,,,,,,,,,,,,,,,,,15.64,0.72,265.0,5796.0,23875200000.0,5760000.0,,0.029998779296875,,,,,,,,
2015-01-15,009180,,,,,,,,,,,,,,,,,,,,,,,,,,0.0,1.04,0.0,2227.0,111368008640.0,48003452.0,,0.029998779296875,,,,,,,,
2015-01-15,099660,,,,,,,,,,,,,,,,,,,,,,,,,,0.0,0.74,0.0,2610.0,51293247775.0,26645843.0,,0.029998779296875,,,,,,,,
2015-01-15,007190,,,,,,,,,,,,,,,,,,,,,,,,,,173.57,0.21,7.0,5871.0,46750868415.0,38478081.0,,0.029998779296875,,,,,,,,
2015-01-15,007197,,,,,,,,,,,,,,,,,,,,,,,,,,0.0,0.0,0.0,0.0,1723529775.0,467715.0,,0.029998779296875,,,,,,,,
2015-01-15,070590,,,,,,,,,,,,,,,,,,,,,,,,,,15.28,1.08,142.0,2005.0,29921090570.0,13788521.0,,0.029998779296875,,,,,,,,
2015-01-15,004150,,,,,,,,,,,,,,,,,,,,,,,,,,48.63,0.61,219.0,17448.0,464600605500.0,43624470.0,,0.029998779296875,,,,,,,,
2015-01-15,014680,,,,,,,,,,,,,,,,,,,,,,,,,,25.44,2.65,1830.0,17545.0,525791327250.0,11295195.0,,0.029998779296875,,,,,,,,
2015-01-15,004710,,,,,,,,,,,,,,,,,,,,,,,,,,0.0,1.57,0.0,9891.0,326347183500.0,21054657.0,,0.029998779296875,,,,,,,,
2015-01-15,025750,,,,,,,,,,,,,,,,,,,,,,,,,,18.13,0.85,83.0,1777.0,113671634125.0,75529325.0,,0.029998779296875,,,,,,,,
2015-01-15,042520,,,,,,,,,,,,,,,,,,,,,,,,,,47.6,6.34,416.0,3121.0,195185568600.0,9857857.0,,0.029998779296875,,,,,,,,
2015-01-15,004960,,,,,,,,,,,,,,,,,,,,,,,,,,9.31,0.34,1487.0,41194.0,137231215350.0,9908391.0,,0.029998779296875,,,,,,,,
2015-01-15,011700,,,,,,,,,,,,,,,,,,,,,,,,,,7.64,0.88,212.0,1834.0,52562764620.0,32446151.0,,0.029998779296875,,,,,,,,
2015-01-15,078350,,,,,,,,,,,,,,,,,,,,,,,,,,18.34,0.98,187.0,3517.0,34300000000.0,10000000.0,,0.029998779296875,,,,,,,,
2015-01-15,045100,,,,,,,,,,,,,,,,,,,,,,,,,,9.72,1.25,830.0,6434.0,145260000000.0,18000000.0,,0.029998779296875,,,,,,,,
2015-01-15,001750,,,,,,,,,,,,,,,,,,,,,,,,,,19.35,0.35,353.0,19320.0,86935887220.0,12728534.0,,0.029998779296875,,,,,,,,
2015-01-15,001755,,,,,,,,,,,,,,,,,,,,,,,,,,0.0,0.0,0.0,0.0,3538500000.0,525000.0,,0.029998779296875,,,,,,,,
2015-01-15,009420,,,,,,,,,,,,,,,,,,,,,,,,,,0.0,2.7,0.0,1426.0,160944391300.0,41803738.0,,0.029998779296875,,,,,,,,
2015-01-15,014130,,,,,,,,,,,,,,,,,,,,,,,,,,8.56,1.82,4925.0,23213.0,50580000000.0,1200000.0,,0.029998779296875,,,,,,,,
2015-01-15,046110,,,,,,,,,,,,,,,,,,,,,,,,,,17.39,0.74,113.0,2648.0,23490056055.0,11954227.0,,0.029998779296875,,,,,,,,
2015-01-15,024740,,,,,,,,,,,,,,,,,,,,,,,,,,0.0,0.37,0.0,6026.0,29065920000.0,13152000.0,,0.029998779296875,,,,,,,,
2015-01-15,005860,,,,,,,,,,,,,,,,,,,,,,,,,,46.17,0.81,30.0,1711.0,44223998725.0,31930685.0,,0.029998779296875,,,,,,,,
2015-01-15,003300,,,,,,,,,,,,,,,,,,,,,,,,,,13.93,0.93,11346.0,169797.0,1192159454000.0,7545313.0,,0.029998779296875,,,,,,,,
2015-01-15,200880,,,,,,,,,,,,,,,,,,,,,,,,,,0.0,0.0,0.0,0.0,378398118000.0,27028437.0,,0.029998779296875,,,,,,,,
2015-01-15,123840,,,,,,,,,,,,,,,,,,,,,,,,,,9.6,0.79,124.0,1500.0,36406430410.0,30593639.0,,0.029998779296875,,,,,,,,
2015-01-15,002220,,,,,,,,,,,,,,,,,,,,,,,,,,6.94,0.18,2155.0,81125.0,30498000000.0,2040000.0,,0.029998779296875,,,,,,,,
2015-01-15,007770,,,,,,,,,,,,,,,,,,,,,,,,,,118.86,0.4,79.0,23477.0,32958900000.0,3510000.0,,0.029998779296875,,,,,,,,
2015-01-15,051600,,,,,,,,,,,,,,,,,,,,,,,,,,24.27,5.93,3379.0,13824.0,3690000000000.0,45000000.0,,0.029998779296875,,,,,,,,
2015-01-15,052690,,,,,,,,,,,,,,,,,,,,,,,,,,53.17,4.79,900.0,9996.0,1828827000000.0,38220000.0,,0.029998779296875,,,,,,,,
2015-01-15,130660,,,,,,,,,,,,,,,,,,,,,,,,,,19.74,2.8,308.0,2172.0,198208000000.0,32600000.0,,0.029998779296875,,,,,,,,
2015-01-15,198940,,,,,,,,,,,,,,,,,,,,,,,,,,,,,,,,,0.029998779296875,,,,,,,,
2015-01-15,107640,,,,,,,,,,,,,,,,,,,,,,,,,,,,,,,,,0.029998779296875,,,,,,,,
2015-01-15,002320,,,,,,,,,,,,,,,,,,,,,,,,,,0.0,1.01,0.0,57852.0,700517376000.0,11974656.0,,0.029998779296875,,,,,,,,
2015-01-15,097230,,,,,,,,,,,,,,,,,,,,,,,,,,0.0,0.17,0.0,21467.0,375398666550.0,102288465.0,,0.029998779296875,,,,,,,,
2015-01-15,003480,,,,,,,,,,,,,,,,,,,,,,,,,,0.0,0.21,0.0,34232.0,211433453920.0,29529812.0,,0.029998779296875,,,,,,,,
2015-01-15,180640,,,,,,,,,,,,,,,,,,,,,,,,,,62.99,1.52,489.0,20300.0,1616476246000.0,52482995.0,,0.029998779296875,,,,,,,,
2015-01-15,18064K,,,,,,,,,,,,,,,,,,,,,,,,,,0.0,0.0,0.0,0.0,7112149500.0,536766.0,,0.029998779296875,,,,,,,,
2015-01-15,061460,,,,,,,,,,,,,,,,,,,,,,,,,,0.0,8.31,0.0,181.0,121114707945.0,80474889.0,,0.029998779296875,,,,,,,,
2015-01-15,117930,,,,,,,,,,,,,,,,,,,,,,,,,,0.0,1.15,0.0,5046.0,1422531745200.0,245264094.0,,0.029998779296875,,,,,,,,
2015-01-15,005110,,,,,,,,,,,,,,,,,,,,,,,,,,71.67,3.32,30.0,647.0,74085966350.0,34458589.0,,0.029998779296875,,,,,,,,
2015-01-15,079170,,,,,,,,,,,,,,,,,,,,,,,,,,12.05,0.43,354.0,9986.0,22178000000.0,5200000.0,,0.029998779296875,,,,,,,,
2015-01-15,009460,,,,,,,,,,,,,,,,,,,,,,,,,,0.0,1.08,0.0,622.0,34582619676.0,51693004.0,,0.029998779296875,,,,,,,,
2015-01-15,000880,,,,,,,,,,,,,,,,,,,,,,,,,,15.84,0.52,1869.0,57001.0,2218778556000.0,74958735.0,,0.029998779296875,,,,,,,,
2015-01-15,027390,,,,,,,,,,,,,,,,,,,,,,,,,,31.07,1.51,2095.0,43008.0,390600000000.0,6000000.0,,0.029998779296875,,,,,,,,
2015-01-15,088350,,,,,,,,,,,,,,,,,,,,,,,,,,18.72,0.98,422.0,8043.0,6861387000000.0,868530000.0,,0.029998779296875,,,,,,,,
2015-01-15,000370,,,,,,,,,,,,,,,,,,,,,,,,,,0.0,0.73,0.0,6029.0,399251226000.0,90738915.0,,0.029998779296875,,,,,,,,
2015-01-15,000885,,,,,,,,,,,,,,,,,,,,,,,,,,0.0,0.0,0.0,0.0,6782010100.0,479294.0,,0.029998779296875,,,,,,,,
2015-01-15,009830,,,,,,,,,,,,,,,,,,,,,,,,,,194.83,0.39,58.0,28692.0,1829917152300.0,161939571.0,,0.029998779296875,,,,,,,,
2015-01-15,009835,,,,,,,,,,,,,,,,,,,,,,,,,,0.0,0.0,0.0,0.0,7236866280.0,1123737.0,,0.029998779296875,,,,,,,,
2015-01-15,003530,,,,,,,,,,,,,,,,,,,,,,,,,,0.0,0.43,0.0,8588.0,310916578230.0,83355651.0,,0.029998779296875,,,,,,,,
2015-01-15,003535,,,,,,,,,,,,,,,,,,,,,,,,,,0.0,0.0,0.0,0.0,10896000000.0,4800000.0,,0.029998779296875,,,,,,,,
2015-01-15,025850,,,,,,,,,,,,,,,,,,,,,,,,,,0.0,0.73,0.0,23596.0,65360000000.0,3800000.0,,0.029998779296875,,,,,,,,
2015-01-15,015540,,,,,,,,,,,,,,,,,,,,,,,,,,0.0,3.84,0.0,795.0,62907811600.0,20625512.0,,0.029998779296875,,,,,,,,
2015-01-15,102210,,,,,,,,,,,,,,,,,,,,,,,,,,13.97,0.61,473.0,10777.0,65723230000.0,9943000.0,,0.029998779296875,,,,,,,,
2015-01-15,034810,,,,,,,,,,,,,,,,,,,,,,,,,,36.53,1.7,620.0,13302.0,221517000000.0,9780000.0,,0.029998779296875,,,,,,,,
2015-01-15,076610,,,,,,,,,,,,,,,,,,,,,,,,,,6.43,1.81,1040.0,3688.0,111555750000.0,16675000.0,,0.029998779296875,,,,,,,,
2015-01-15,065180,,,,,,,,,,,,,,,,,,,,,,,,,,0.0,0.72,0.0,606.0,16800633165.0,38270235.0,,0.029998779296875,,,,,,,,
2015-01-15,008800,,,,,,,,,,,,,,,,,,,,,,,,,,29.39,0.65,106.0,4809.0,18811416470.0,6038978.0,,0.029998779296875,,,,,,,,
2015-01-15,054300,,,,,,,,,,,,,,,,,,,,,,,,,,0.0,8.46,0.0,353.0,50869140180.0,17041588.0,,0.029998779296875,,,,,,,,
2015-01-15,089470,,,,,,,,,,,,,,,,,,,,,,,,,,11.04,1.63,694.0,4697.0,244354000000.0,31900000.0,,0.029998779296875,,,,,,,,
2015-01-15,000720,,,,,,,,,,,,,,,,,,,,,,,,,,8.43,0.87,4522.0,43818.0,4242654646500.0,111355765.0,,0.029998779296875,,,,,,,,
2015-01-15,000725,,,,,,,,,,,,,,,,,,,,,,,,,,0.0,0.0,0.0,0.0,3034879200.0,98856.0,,0.029998779296875,,,,,,,,
2015-01-15,170030,,,,,,,,,,,,,,,,,,,,,,,,,,6.57,1.66,1427.0,5661.0,94168500000.0,10050000.0,,0.029998779296875,,,,,,,,
2015-01-15,005440,,,,,,,,,,,,,,,,,,,,,,,,,,17.05,1.22,1041.0,14507.0,1734254555500.0,97704482.0,,0.029998779296875,,,,,,,,
2015-01-15,086280,,,,,,,,,,,,,,,,,,,,,,,,,,18.51,3.82,12834.0,62236.0,8906250000000.0,37500000.0,,0.029998779296875,,,,,,,,
2015-01-15,204630,,,,,,,,,,,,,,,,,,,,,,,,,,0.0,0.0,0.0,0.0,13936675000.0,6815000.0,,0.029998779296875,,,,,,,,
2015-01-15,064350,,,,,,,,,,,,,,,,,,,,,,,,,,10.4,0.91,1754.0,20159.0,1551250000000.0,85000000.0,,0.029998779296875,,,,,,,,
2015-01-15,079430,,,,,,,,,,,,,,,,,,,,,,,,,,74.31,2.87,432.0,11177.0,554098965000.0,17261650.0,,0.029998779296875,,,,,,,,
2015-01-15,012330,,,,,,,,,,,,,,,,,,,,,,,,,,7.23,1.25,35804.0,206427.0,25212060517000.0,97343863.0,,0.029998779296875,,,,,,,,
2015-01-15,012335,,,,,,,,,,,,,,,,,,,,,,,,,,0.0,0.0,0.0,0.0,560334000.0,3974.0,,0.029998779296875,,,,,,,,
2015-01-15,010620,,,,,,,,,,,,,,,,,,,,,,,,,,0.0,0.44,0.0,154631.0,1358000000000.0,20000000.0,,0.029998779296875,,,,,,,,
2015-01-15,069960,,,,,,,,,,,,,,,,,,,,,,,,,,9.36,0.94,12975.0,129092.0,2843396581500.0,23402441.0,,0.029998779296875,,,,,,,,
2015-01-15,004560,,,,,,,,,,,,,,,,,,,,,,,,,,7.48,0.75,1945.0,19471.0,219396700050.0,15078811.0,,0.029998779296875,,,,,,,,
2015-01-15,004565,,,,,,,,,,,,,,,,,,,,,,,,,,0.0,0.0,0.0,0.0,2625462800.0,109852.0,,0.029998779296875,,,,,,,,
2015-01-15,012630,,,,,,,,,,,,,,,,,,,,,,,,,,0.0,1.47,0.0,28145.0,3109597425000.0,75384180.0,,0.029998779296875,,,,,,,,
2015-01-15,011760,,,,,,,,,,,,,,,,,,,,,,,,,,5.97,1.09,4867.0,26591.0,648680748100.0,22329802.0,,0.029998779296875,,,,,,,,
2015-01-15,011200,,,,,,,,,,,,,,,,,,,,,,,,,,0.0,3.7,0.0,2756.0,1726586935800.0,169273229.0,,0.029998779296875,,,,,,,,
2015-01-15,006390,,,,,,,,,,,,,,,,,,,,,,,,,,0.0,0.0,0.0,0.0,99368727900.0,8754954.0,,0.029998779296875,,,,,,,,
2015-01-15,048410,,,,,,,,,,,,,,,,,,,,,,,,,,0.0,8.11,0.0,734.0,180271630350.0,30297753.0,,0.029998779296875,,,,,,,,
2015-01-15,004310,,,,,,,,,,,,,,,,,,,,,,,,,,42.83,0.71,60.0,3597.0,71960000000.0,28000000.0,,0.029998779296875,,,,,,,,
2015-01-15,204760,,,,,,,,,,,,,,,,,,,,,,,,,,0.0,0.0,0.0,0.0,11298625000.0,5525000.0,,0.029998779296875,,,,,,,,
2015-01-15,126560,,,,,,,,,,,,,,,,,,,,,,,,,,9.17,0.94,477.0,4670.0,472030825000.0,107892760.0,,0.029998779296875,,,,,,,,
2015-01-15,017800,,,,,,,,,,,,,,,,,,,,,,,,,,0.0,5.1,0.0,11680.0,1170097774800.0,19632513.0,,0.029998779296875,,,,,,,,
2015-01-15,011210,,,,,,,,,,,,,,,,,,,,,,,,,,11.43,2.12,16224.0,87626.0,5044687896500.0,27195083.0,,0.029998779296875,,,,,,,,
2015-01-15,026180,,,,,,,,,,,,,,,,,,,,,,,,,,0.0,2.35,0.0,678.0,80029994700.0,50333330.0,,0.029998779296875,,,,,,,,
2015-01-15,004020,,,,,,,,,,,,,,,,,,,,,,,,,,8.13,0.59,8193.0,113168.0,7762215614400.0,116549784.0,,0.029998779296875,,,,,,,,
2015-01-15,009540,,,,,,,,,,,,,,,,,,,,,,,,,,19.16,0.43,5047.0,226968.0,7349200000000.0,76000000.0,,0.029998779296875,,,,,,,,
2015-01-15,003450,,,,,,,,,,,,,,,,,,,,,,,,,,0.0,0.59,0.0,12331.0,1732003719600.0,236612530.0,,0.029998779296875,,,,,,,,
2015-01-15,005380,,,,,,,,,,,,,,,,,,,,,,,,,,5.55,0.96,31441.0,181909.0,38438245585500.0,220276479.0,,0.029998779296875,,,,,,,,
2015-01-15,005387,,,,,,,,,,,,,,,,,,,,,,,,,,0.0,0.0,0.0,0.0,4965030180000.0,37613865.0,,0.029998779296875,,,,,,,,
2015-01-15,005389,,,,,,,,,,,,,,,,,,,,,,,,,,0.0,0.0,0.0,0.0,299874179000.0,2478299.0,,0.029998779296875,,,,,,,,
2015-01-15,005385,,,,,,,,,,,,,,,,,,,,,,,,,,0.0,0.0,0.0,0.0,3101082777000.0,25109982.0,,0.029998779296875,,,,,,,,
2015-01-15,039010,,,,,,,,,,,,,,,,,,,,,,,,,,0.0,1.88,0.0,2677.0,43383750000.0,8625000.0,,0.029998779296875,,,,,,,,
2015-01-15,011720,,,,,,,,,,,,,,,,,,,,,,,,,,0.0,0.0,0.0,0.0,77740586320.0,25741916.0,,0.029998779296875,,,,,,,,
2015-01-15,010520,,,,,,,,,,,,,,,,,,,,,,,,,,3.61,2.39,20288.0,30646.0,1671822735000.0,22807950.0,,0.029998779296875,,,,,,,,
2015-01-15,001450,,,,,,,,,,,,,,,,,,,,,,,,,,10.17,1.16,2595.0,22751.0,2360160000000.0,89400000.0,,0.029998779296875,,,,,,,,
2015-01-15,057050,,,,,,,,,,,,,,,,,,,,,,,,,,7.92,1.34,16290.0,96266.0,1548000000000.0,12000000.0,,0.029998779296875,,,,,,,,
2015-01-15,092300,,,,,,,,,,,,,,,,,,,,,,,,,,0.0,0.29,0.0,5907.0,17150000000.0,10000000.0,,0.029998779296875,,,,,,,,
2015-01-15,053660,,,,,,,,,,,,,,,,,,,,,,,,,,0.0,0.33,0.0,12075.0,62895600510.0,15943118.0,,0.029998779296875,,,,,,,,
2015-01-15,003010,,,,,,,,,,,,,,,,,,,,,,,,,,0.0,0.42,0.0,8135.0,43223339800.0,12712747.0,,0.029998779296875,,,,,,,,
2015-01-15,008770,,,,,,,,,,,,,,,,,,,,,,,,,,370.44,5.98,274.0,16964.0,3983684281500.0,39248121.0,,0.029998779296875,,,,,,,,
2015-01-15,008775,,,,,,,,,,,,,,,,,,,,,,,,,,0.0,0.0,0.0,0.0,48345819700.0,751879.0,,0.029998779296875,,,,,,,,
2015-01-15,060560,,,,,,,,,,,,,,,,,,,,,,,,,,19.8,0.56,126.0,4417.0,67720702170.0,27142566.0,,0.029998779296875,,,,,,,,
2015-01-15,064240,,,,,,,,,,,,,,,,,,,,,,,,,,0.0,2.91,0.0,2761.0,193688562540.0,24120618.0,,0.029998779296875,,,,,,,,
2015-01-15,039610,,,,,,,,,,,,,,,,,,,,,,,,,,7.81,0.77,648.0,6570.0,36836800000.0,7280000.0,,0.029998779296875,,,,,,,,
2015-01-15,002460,,,,,,,,,,,,,,,,,,,,,,,,,,9.32,0.7,1432.0,19091.0,166218180000.0,12450800.0,,0.029998779296875,,,,,,,,
2015-01-15,013520,,,,,,,,,,,,,,,,,,,,,,,,,,0.0,1.05,0.0,30247.0,205304647800.0,6456121.0,,0.029998779296875,,,,,,,,
2015-01-15,006060,,,,,,,,,,,,,,,,,,,,,,,,,,0.0,0.5,0.0,1999.0,55043400000.0,55320000.0,,0.029998779296875,,,,,,,,
2015-01-15,010690,,,,,,,,,,,,,,,,,,,,,,,,,,229.67,0.72,30.0,9528.0,240601624900.0,34920410.0,,0.029998779296875,,,,,,,,
2015-01-15,126640,,,,,,,,,,,,,,,,,,,,,,,,,,8.72,0.61,156.0,2243.0,49468486320.0,36373887.0,,0.029998779296875,,,,,,,,
2015-01-15,086250,,,,,,,,,,,,,,,,,,,,,,,,,,2.65,0.6,982.0,4365.0,25268500000.0,9700000.0,,0.029998779296875,,,,,,,,
2015-01-15,133820,,,,,,,,,,,,,,,,,,,,,,,,,,7.02,2.61,668.0,1800.0,150549000000.0,32100000.0,,0.029998779296875,,,,,,,,
2015-01-15,061250,,,,,,,,,,,,,,,,,,,,,,,,,,20.9,1.09,312.0,5989.0,93959446160.0,14410958.0,,0.029998779296875,,,,,,,,
2015-01-15,134780,,,,,,,,,,,,,,,,,,,,,,,,,,5.51,1.2,1174.0,5411.0,79775100000.0,12330000.0,,0.029998779296875,,,,,,,,
2015-01-15,010660,,,,,,,,,,,,,,,,,,,,,,,,,,6.71,0.53,4411.0,55583.0,65120000000.0,2200000.0,,0.029998779296875,,,,,,,,
2015-01-15,000850,,,,,,,,,,,,,,,,,,,,,,,,,,9.6,0.63,6826.0,104493.0,144100000000.0,2200000.0,,0.029998779296875,,,,,,,,
2015-01-15,016580,,,,,,,,,,,,,,,,,,,,,,,,,,20.42,2.09,955.0,9312.0,362701365000.0,18600070.0,,0.029998779296875,,,,,,,,
2015-01-15,032560,,,,,,,,,,,,,,,,,,,,,,,,,,10.74,0.41,445.0,11537.0,66920000000.0,14000000.0,,0.029998779296875,,,,,,,,
2015-01-15,004800,,,,,,,,,,,,,,,,,,,,,,,,,,0.0,0.92,0.0,74004.0,2402033922000.0,35117455.0,,0.029998779296875,,,,,,,,
2015-01-15,094280,,,,,,,,,,,,,,,,,,,,,,,,,,27.03,7.91,679.0,2321.0,212092970000.0,11558200.0,,0.029998779296875,,,,,,,,
2015-01-15,097870,,,,,,,,,,,,,,,,,,,,,,,,,,21.82,2.93,1171.0,8717.0,148190000000.0,5800000.0,,0.029998779296875,,,,,,,,
2015-01-15,093370,,,,,,,,,,,,,,,,,,,,,,,,,,0.0,2.31,0.0,1411.0,276526086780.0,84823953.0,,0.029998779296875,,,,,,,,
2015-01-15,050090,,,,,,,,,,,,,,,,,,,,,,,,,,0.0,1.8,0.0,790.0,77372321550.0,54296366.0,,0.029998779296875,,,,,,,,
2015-01-15,037270,,,,,,,,,,,,,,,,,,,,,,,,,,0.0,3.39,0.0,2385.0,227176406420.0,28081138.0,,0.029998779296875,,,,,,,,
2015-01-15,081660,,,,,,,,,,,,,,,,,,,,,,,,,,12.18,2.35,9730.0,50489.0,1238089659000.0,10448014.0,,0.029998779296875,,,,,,,,
2015-01-15,005870,,,,,,,,,,,,,,,,,,,,,,,,,,0.0,0.83,0.0,5981.0,52860994550.0,10636015.0,,0.029998779296875,,,,,,,,
2015-01-15,115160,,,,,,,,,,,,,,,,,,,,,,,,,,13.2,0.86,1197.0,18449.0,361601280600.0,22886157.0,,0.029998779296875,,,,,,,,
2015-01-15,028080,,,,,,,,,,,,,,,,,,,,,,,,,,18.02,0.61,605.0,17812.0,137094815400.0,12577506.0,,0.029998779296875,,,,,,,,
2015-01-15,200670,,,,,,,,,,,,,,,,,,,,,,,,,,24.83,20.37,2316.0,2823.0,363262287500.0,6317605.0,,0.029998779296875,,,,,,,,
2015-01-15,064090,,,,,,,,,,,,,,,,,,,,,,,,,,0.0,1.32,0.0,389.0,11463077030.0,22258402.0,,0.029998779296875,,,,,,,,
2015-01-15,079980,,,,,,,,,,,,,,,,,,,,,,,,,,10.57,1.1,1107.0,10589.0,403650000000.0,34500000.0,,0.029998779296875,,,,,,,,
2015-01-15,065510,,,,,,,,,,,,,,,,,,,,,,,,,,0.0,3.0,0.0,5829.0,184096727500.0,10519813.0,,0.029998779296875,,,,,,,,
2015-01-15,005010,,,,,,,,,,,,,,,,,,,,,,,,,,19.57,0.3,894.0,58687.0,121075797500.0,6918617.0,,0.029998779296875,,,,,,,,
2015-01-15,084110,,,,,,,,,,,,,,,,,,,,,,,,,,34.87,5.49,1695.0,10762.0,667848202800.0,11300308.0,,0.029998779296875,,,,,,,,
2015-01-15,069260,,,,,,,,,,,,,,,,,,,,,,,,,,19.56,2.36,1352.0,11231.0,1081238652600.0,40878588.0,,0.029998779296875,,,,,,,,
2015-01-15,024060,,,,,,,,,,,,,,,,,,,,,,,,,,44.0,0.51,50.0,4315.0,33000000000.0,15000000.0,,0.029998779296875,,,,,,,,
2015-01-15,010240,,,,,,,,,,,,,,,,,,,,,,,,,,6.63,0.48,528.0,7304.0,21564718000.0,6161348.0,,0.029998779296875,,,,,,,,
2015-01-15,000540,,,,,,,,,,,,,,,,,,,,,,,,,,22.69,0.95,186.0,4462.0,271103961900.0,64242645.0,,0.029998779296875,,,,,,,,
2015-01-15,000547,,,,,,,,,,,,,,,,,,,,,,,,,,0.0,0.0,0.0,0.0,936960000.0,153600.0,,0.029998779296875,,,,,,,,
2015-01-15,000545,,,,,,,,,,,,,,,,,,,,,,,,,,0.0,0.0,0.0,0.0,1885440000.0,768000.0,,0.029998779296875,,,,,,,,
2015-01-15,003280,,,,,,,,,,,,,,,,,,,,,,,,,,11.23,1.42,232.0,1834.0,220678485150.0,84713430.0,,0.029998779296875,,,,,,,,
2015-01-15,037440,,,,,,,,,,,,,,,,,,,,,,,,,,43.98,1.1,103.0,4116.0,63068811750.0,13922475.0,,0.029998779296875,,,,,,,,
2015-01-15,181980,,,,,,,,,,,,,,,,,,,,,,,,,,,,,,,,,0.029998779296875,,,,,,,,
